source_sheet,source_row,selection_group,rbd,establishment_name,region,sponsor_name,project,selection_status,waitlist_position,source_page,source_spreadsheet
Seleccionados AC 2025,2,selected,10,ESCUELA REPÚBLICA DE FRANCIA,DE ARICA Y PARINACOTA,SERVICIO LOCAL DE EDUCACIÓN PÚBLICA DE CHINCHORRO,Aulas Conectadas 2025,SELECCIONADO,,https://www.innovacion.mineduc.cl/convocatoria-2025,https://docs.google.com/spreadsheets/d/11EPq1k3dRWyrXfsWJWh405slQ-tyEjJj/edit
Seleccionados AC 2025,3,selected,30,ESCUELA DR. RICARDO OLEA GUERRA,DE ARICA Y PARINACOTA,SERVICIO LOCAL DE EDUCACIÓN PÚBLICA DE CHINCHORRO,Aulas Conectadas 2025,SELECCIONADO,,https://www.innovacion.mineduc.cl/convocatoria-2025,https://docs.google.com/spreadsheets/d/11EPq1k3dRWyrXfsWJWh405slQ-tyEjJj/edit
Seleccionados AC 2025,4,selected,97,INST. COM. DE IQUIQUE BALDOMERO WOLNITZKY,DE TARAPACÁ,SERVICIO LOCAL DE EDUCACION PÚBLICA DE IQUIQUE,Aulas Conectadas 2025,SELECCIONADO,,https://www.innovacion.mineduc.cl/convocatoria-2025,https://docs.google.com/spreadsheets/d/11EPq1k3dRWyrXfsWJWh405slQ-tyEjJj/edit
Seleccionados AC 2025,5,selected,102,ESC..EDUC.ESPECIAL FLOR DEL INCA,DE TARAPACÁ,SERVICIO LOCAL DE EDUCACION PÚBLICA DE IQUIQUE,Aulas Conectadas 2025,SELECCIONADO,,https://www.innovacion.mineduc.cl/convocatoria-2025,https://docs.google.com/spreadsheets/d/11EPq1k3dRWyrXfsWJWh405slQ-tyEjJj/edit
Seleccionados AC 2025,6,selected,108,LICEO POLITEC. JOSÉ GUTIÉRREZ DE LA FUENTE,DE TARAPACÁ,SERVICIO LOCAL DE EDUCACION PÚBLICA DE IQUIQUE,Aulas Conectadas 2025,SELECCIONADO,,https://www.innovacion.mineduc.cl/convocatoria-2025,https://docs.google.com/spreadsheets/d/11EPq1k3dRWyrXfsWJWh405slQ-tyEjJj/edit
Seleccionados AC 2025,7,selected,109,COLEGIO DEPORTIVO TEC. PROF. ELENA DUVAUCHELLE CABEZON,DE TARAPACÁ,SERVICIO LOCAL DE EDUCACION PÚBLICA DE IQUIQUE,Aulas Conectadas 2025,SELECCIONADO,,https://www.innovacion.mineduc.cl/convocatoria-2025,https://docs.google.com/spreadsheets/d/11EPq1k3dRWyrXfsWJWh405slQ-tyEjJj/edit
Seleccionados AC 2025,8,selected,112,ESCUELA EDUARDO LLANOS,DE TARAPACÁ,SERVICIO LOCAL DE EDUCACION PÚBLICA DE IQUIQUE,Aulas Conectadas 2025,SELECCIONADO,,https://www.innovacion.mineduc.cl/convocatoria-2025,https://docs.google.com/spreadsheets/d/11EPq1k3dRWyrXfsWJWh405slQ-tyEjJj/edit
Seleccionados AC 2025,9,selected,119,ESCUELA CENTENARIO,DE TARAPACÁ,SERVICIO LOCAL DE EDUCACION PÚBLICA DE IQUIQUE,Aulas Conectadas 2025,SELECCIONADO,,https://www.innovacion.mineduc.cl/convocatoria-2025,https://docs.google.com/spreadsheets/d/11EPq1k3dRWyrXfsWJWh405slQ-tyEjJj/edit
Seleccionados AC 2025,10,selected,122,ESCUELA THILDA PORTILLO OLIVARES,DE TARAPACÁ,SERVICIO LOCAL DE EDUCACION PÚBLICA DE IQUIQUE,Aulas Conectadas 2025,SELECCIONADO,,https://www.innovacion.mineduc.cl/convocatoria-2025,https://docs.google.com/spreadsheets/d/11EPq1k3dRWyrXfsWJWh405slQ-tyEjJj/edit
Seleccionados AC 2025,11,selected,123,COLEGIO ESPAÑA,DE TARAPACÁ,SERVICIO LOCAL DE EDUCACION PÚBLICA DE IQUIQUE,Aulas Conectadas 2025,SELECCIONADO,,https://www.innovacion.mineduc.cl/convocatoria-2025,https://docs.google.com/spreadsheets/d/11EPq1k3dRWyrXfsWJWh405slQ-tyEjJj/edit
Seleccionados AC 2025,12,selected,161,LICEO DE HUARA,DE TARAPACÁ,ILUSTRE MUNICIPALIDAD DE HUARA,Aulas Conectadas 2025,SELECCIONADO,,https://www.innovacion.mineduc.cl/convocatoria-2025,https://docs.google.com/spreadsheets/d/11EPq1k3dRWyrXfsWJWh405slQ-tyEjJj/edit
Seleccionados AC 2025,13,selected,187,ESCUELA VERTIENTE DEL SABER,DE TARAPACÁ,ILUSTRE MUNICIPALIDAD DE PICA,Aulas Conectadas 2025,SELECCIONADO,,https://www.innovacion.mineduc.cl/convocatoria-2025,https://docs.google.com/spreadsheets/d/11EPq1k3dRWyrXfsWJWh405slQ-tyEjJj/edit
Seleccionados AC 2025,14,selected,188,ESC. MATILLA DE NUEVA EXTREMADURA,DE TARAPACÁ,ILUSTRE MUNICIPALIDAD DE PICA,Aulas Conectadas 2025,SELECCIONADO,,https://www.innovacion.mineduc.cl/convocatoria-2025,https://docs.google.com/spreadsheets/d/11EPq1k3dRWyrXfsWJWh405slQ-tyEjJj/edit
Seleccionados AC 2025,15,selected,199,LICEO DOMINGO LATRILLE LASTAUNOU,DE ANTOFAGASTA,SERVICIO LOCAL DE EDUCACIÓN PÚBLICA LICANCABUR,Aulas Conectadas 2025,SELECCIONADO,,https://www.innovacion.mineduc.cl/convocatoria-2025,https://docs.google.com/spreadsheets/d/11EPq1k3dRWyrXfsWJWh405slQ-tyEjJj/edit
Seleccionados AC 2025,16,selected,201,ESCUELA CARLOS CONDELL DE LA HAZA,DE ANTOFAGASTA,SERVICIO LOCAL DE EDUCACIÓN PÚBLICA LICANCABUR,Aulas Conectadas 2025,SELECCIONADO,,https://www.innovacion.mineduc.cl/convocatoria-2025,https://docs.google.com/spreadsheets/d/11EPq1k3dRWyrXfsWJWh405slQ-tyEjJj/edit
Seleccionados AC 2025,17,selected,204,ESCUELA L. GRAL. BERNARDO O´HIGGINS R.,DE ANTOFAGASTA,SERVICIO LOCAL DE EDUCACIÓN PÚBLICA LICANCABUR,Aulas Conectadas 2025,SELECCIONADO,,https://www.innovacion.mineduc.cl/convocatoria-2025,https://docs.google.com/spreadsheets/d/11EPq1k3dRWyrXfsWJWh405slQ-tyEjJj/edit
Seleccionados AC 2025,18,selected,205,ESCUELA ARTURO PRAT CHACÓN,DE ANTOFAGASTA,SERVICIO LOCAL DE EDUCACIÓN PÚBLICA LICANCABUR,Aulas Conectadas 2025,SELECCIONADO,,https://www.innovacion.mineduc.cl/convocatoria-2025,https://docs.google.com/spreadsheets/d/11EPq1k3dRWyrXfsWJWh405slQ-tyEjJj/edit
Seleccionados AC 2025,19,selected,210,ESCUELA ARTURO PEREZ CANTO,DE ANTOFAGASTA,SERVICIO LOCAL DE EDUCACIÓN PÚBLICA LICANCABUR,Aulas Conectadas 2025,SELECCIONADO,,https://www.innovacion.mineduc.cl/convocatoria-2025,https://docs.google.com/spreadsheets/d/11EPq1k3dRWyrXfsWJWh405slQ-tyEjJj/edit
Seleccionados AC 2025,20,selected,211,LICEO H.C. T.P. MARÍA ELENA,DE ANTOFAGASTA,SERVICIO LOCAL DE EDUCACIÓN PÚBLICA LICANCABUR,Aulas Conectadas 2025,SELECCIONADO,,https://www.innovacion.mineduc.cl/convocatoria-2025,https://docs.google.com/spreadsheets/d/11EPq1k3dRWyrXfsWJWh405slQ-tyEjJj/edit
Seleccionados AC 2025,21,selected,223,ESCUELA CLAUDIO ARRAU,DE ANTOFAGASTA,SERVICIO LOCAL DE EDUCACIÓN PÚBLICA LICANCABUR,Aulas Conectadas 2025,SELECCIONADO,,https://www.innovacion.mineduc.cl/convocatoria-2025,https://docs.google.com/spreadsheets/d/11EPq1k3dRWyrXfsWJWh405slQ-tyEjJj/edit
Seleccionados AC 2025,22,selected,230,ESCUELA BÁSICA ANDRES BELLO,DE ANTOFAGASTA,SERVICIO LOCAL DE EDUCACIÓN PÚBLICA LICANCABUR,Aulas Conectadas 2025,SELECCIONADO,,https://www.innovacion.mineduc.cl/convocatoria-2025,https://docs.google.com/spreadsheets/d/11EPq1k3dRWyrXfsWJWh405slQ-tyEjJj/edit
Seleccionados AC 2025,23,selected,238,ESCUELA DIFERENCIAL LOA,DE ANTOFAGASTA,SERVICIO LOCAL DE EDUCACIÓN PÚBLICA LICANCABUR,Aulas Conectadas 2025,SELECCIONADO,,https://www.innovacion.mineduc.cl/convocatoria-2025,https://docs.google.com/spreadsheets/d/11EPq1k3dRWyrXfsWJWh405slQ-tyEjJj/edit
Seleccionados AC 2025,24,selected,239,ESCUELA BÁSICA 21 DE MAYO,DE ANTOFAGASTA,SERVICIO LOCAL DE EDUCACIÓN PÚBLICA LICANCABUR,Aulas Conectadas 2025,SELECCIONADO,,https://www.innovacion.mineduc.cl/convocatoria-2025,https://docs.google.com/spreadsheets/d/11EPq1k3dRWyrXfsWJWh405slQ-tyEjJj/edit
Seleccionados AC 2025,25,selected,241,ESCUELA PARVULARIA LAS ARDILLAS,DE ANTOFAGASTA,SERVICIO LOCAL DE EDUCACIÓN PÚBLICA LICANCABUR,Aulas Conectadas 2025,SELECCIONADO,,https://www.innovacion.mineduc.cl/convocatoria-2025,https://docs.google.com/spreadsheets/d/11EPq1k3dRWyrXfsWJWh405slQ-tyEjJj/edit
Seleccionados AC 2025,26,selected,269,ESCUELA BÁSICA SAN PEDRO DE ATACAMA,DE ANTOFAGASTA,SERVICIO LOCAL DE EDUCACIÓN PÚBLICA LICANCABUR,Aulas Conectadas 2025,SELECCIONADO,,https://www.innovacion.mineduc.cl/convocatoria-2025,https://docs.google.com/spreadsheets/d/11EPq1k3dRWyrXfsWJWh405slQ-tyEjJj/edit
Seleccionados AC 2025,27,selected,286,LICEO LA PORTADA,DE ANTOFAGASTA,CORP MUNIC DESARROLLO SOCIAL ANTOFAGASTA,Aulas Conectadas 2025,SELECCIONADO,,https://www.innovacion.mineduc.cl/convocatoria-2025,https://docs.google.com/spreadsheets/d/11EPq1k3dRWyrXfsWJWh405slQ-tyEjJj/edit
Seleccionados AC 2025,28,selected,288,ESCUELA JAPÓN,DE ANTOFAGASTA,CORP MUNIC DESARROLLO SOCIAL ANTOFAGASTA,Aulas Conectadas 2025,SELECCIONADO,,https://www.innovacion.mineduc.cl/convocatoria-2025,https://docs.google.com/spreadsheets/d/11EPq1k3dRWyrXfsWJWh405slQ-tyEjJj/edit
Seleccionados AC 2025,29,selected,297,ESCUELA ALCALDE MAXIMILIANO POBLETE,DE ANTOFAGASTA,CORP MUNIC DESARROLLO SOCIAL ANTOFAGASTA,Aulas Conectadas 2025,SELECCIONADO,,https://www.innovacion.mineduc.cl/convocatoria-2025,https://docs.google.com/spreadsheets/d/11EPq1k3dRWyrXfsWJWh405slQ-tyEjJj/edit
Seleccionados AC 2025,30,selected,301,ESCUELA ROMULO J. PEÑA MATURANA,DE ANTOFAGASTA,CORP MUNIC DESARROLLO SOCIAL ANTOFAGASTA,Aulas Conectadas 2025,SELECCIONADO,,https://www.innovacion.mineduc.cl/convocatoria-2025,https://docs.google.com/spreadsheets/d/11EPq1k3dRWyrXfsWJWh405slQ-tyEjJj/edit
Seleccionados AC 2025,31,selected,303,ESCUELA REPÚBLICA ARGENTINA,DE ANTOFAGASTA,CORP MUNIC DESARROLLO SOCIAL ANTOFAGASTA,Aulas Conectadas 2025,SELECCIONADO,,https://www.innovacion.mineduc.cl/convocatoria-2025,https://docs.google.com/spreadsheets/d/11EPq1k3dRWyrXfsWJWh405slQ-tyEjJj/edit
Seleccionados AC 2025,32,selected,311,ESC. DIFERENCIAL JUAN SANDOVAL CARRASCO,DE ANTOFAGASTA,CORP MUNIC DESARROLLO SOCIAL ANTOFAGASTA,Aulas Conectadas 2025,SELECCIONADO,,https://www.innovacion.mineduc.cl/convocatoria-2025,https://docs.google.com/spreadsheets/d/11EPq1k3dRWyrXfsWJWh405slQ-tyEjJj/edit
Seleccionados AC 2025,33,selected,312,ESCUELA ECUADOR,DE ANTOFAGASTA,CORP MUNIC DESARROLLO SOCIAL ANTOFAGASTA,Aulas Conectadas 2025,SELECCIONADO,,https://www.innovacion.mineduc.cl/convocatoria-2025,https://docs.google.com/spreadsheets/d/11EPq1k3dRWyrXfsWJWh405slQ-tyEjJj/edit
Seleccionados AC 2025,34,selected,315,ESCUELA HÉROES DE LA CONCEPCIÓN,DE ANTOFAGASTA,CORP MUNIC DESARROLLO SOCIAL ANTOFAGASTA,Aulas Conectadas 2025,SELECCIONADO,,https://www.innovacion.mineduc.cl/convocatoria-2025,https://docs.google.com/spreadsheets/d/11EPq1k3dRWyrXfsWJWh405slQ-tyEjJj/edit
Seleccionados AC 2025,35,selected,317,ESCUELA LAS ROCAS,DE ANTOFAGASTA,CORP MUNIC DESARROLLO SOCIAL ANTOFAGASTA,Aulas Conectadas 2025,SELECCIONADO,,https://www.innovacion.mineduc.cl/convocatoria-2025,https://docs.google.com/spreadsheets/d/11EPq1k3dRWyrXfsWJWh405slQ-tyEjJj/edit
Seleccionados AC 2025,36,selected,318,ESCUELA EDDA CUNEO DONNAGIO,DE ANTOFAGASTA,CORP MUNIC DESARROLLO SOCIAL ANTOFAGASTA,Aulas Conectadas 2025,SELECCIONADO,,https://www.innovacion.mineduc.cl/convocatoria-2025,https://docs.google.com/spreadsheets/d/11EPq1k3dRWyrXfsWJWh405slQ-tyEjJj/edit
Seleccionados AC 2025,37,selected,319,ESCUELA LA BANDERA,DE ANTOFAGASTA,CORP MUNIC DESARROLLO SOCIAL ANTOFAGASTA,Aulas Conectadas 2025,SELECCIONADO,,https://www.innovacion.mineduc.cl/convocatoria-2025,https://docs.google.com/spreadsheets/d/11EPq1k3dRWyrXfsWJWh405slQ-tyEjJj/edit
Seleccionados AC 2025,38,selected,320,LICEO ARTISTICO DE ANTOFAGASTA ARMANDO CARRERA GONZÁLEZ,DE ANTOFAGASTA,CORP MUNIC DESARROLLO SOCIAL ANTOFAGASTA,Aulas Conectadas 2025,SELECCIONADO,,https://www.innovacion.mineduc.cl/convocatoria-2025,https://docs.google.com/spreadsheets/d/11EPq1k3dRWyrXfsWJWh405slQ-tyEjJj/edit
Seleccionados AC 2025,39,selected,322,ESCUELA GENERAL MANUEL BAQUEDANO,DE ANTOFAGASTA,CORP MUNIC DESARROLLO SOCIAL ANTOFAGASTA,Aulas Conectadas 2025,SELECCIONADO,,https://www.innovacion.mineduc.cl/convocatoria-2025,https://docs.google.com/spreadsheets/d/11EPq1k3dRWyrXfsWJWh405slQ-tyEjJj/edit
Seleccionados AC 2025,40,selected,324,ESCUELA FUNDACIÓN MINERA ESCONDIDA,DE ANTOFAGASTA,CORP MUNIC DESARROLLO SOCIAL ANTOFAGASTA,Aulas Conectadas 2025,SELECCIONADO,,https://www.innovacion.mineduc.cl/convocatoria-2025,https://docs.google.com/spreadsheets/d/11EPq1k3dRWyrXfsWJWh405slQ-tyEjJj/edit
Seleccionados AC 2025,41,selected,326,ESCUELA SANTIAGO AMENGUAL B.,DE ANTOFAGASTA,CORP MUNIC DESARROLLO SOCIAL ANTOFAGASTA,Aulas Conectadas 2025,SELECCIONADO,,https://www.innovacion.mineduc.cl/convocatoria-2025,https://docs.google.com/spreadsheets/d/11EPq1k3dRWyrXfsWJWh405slQ-tyEjJj/edit
Seleccionados AC 2025,42,selected,329,LICEO BICENTENARIO INSTITUTO JOSÉ MAZA SANCHO,DE ANTOFAGASTA,CORP MUNIC DESARROLLO SOCIAL ANTOFAGASTA,Aulas Conectadas 2025,SELECCIONADO,,https://www.innovacion.mineduc.cl/convocatoria-2025,https://docs.google.com/spreadsheets/d/11EPq1k3dRWyrXfsWJWh405slQ-tyEjJj/edit
Seleccionados AC 2025,43,selected,330,ESCUELA DE PÁRVULOS LOS PINGUINITOS,DE ANTOFAGASTA,CORP MUNIC DESARROLLO SOCIAL ANTOFAGASTA,Aulas Conectadas 2025,SELECCIONADO,,https://www.innovacion.mineduc.cl/convocatoria-2025,https://docs.google.com/spreadsheets/d/11EPq1k3dRWyrXfsWJWh405slQ-tyEjJj/edit
Seleccionados AC 2025,44,selected,333,ESCUELA DE PÁRVULOS BLANCA NIEVES,DE ANTOFAGASTA,CORP MUNIC DESARROLLO SOCIAL ANTOFAGASTA,Aulas Conectadas 2025,SELECCIONADO,,https://www.innovacion.mineduc.cl/convocatoria-2025,https://docs.google.com/spreadsheets/d/11EPq1k3dRWyrXfsWJWh405slQ-tyEjJj/edit
Seleccionados AC 2025,45,selected,367,COMPLEJO EDUCATIVO JUAN JOSÉ LATORRE BENAVENTE,DE ANTOFAGASTA,ILUSTRE MUNICIPALIDAD DE MEJILLONES,Aulas Conectadas 2025,SELECCIONADO,,https://www.innovacion.mineduc.cl/convocatoria-2025,https://docs.google.com/spreadsheets/d/11EPq1k3dRWyrXfsWJWh405slQ-tyEjJj/edit
Seleccionados AC 2025,46,selected,368,ESCUELA BÁSICA JULIA HERRERA VARAS,DE ANTOFAGASTA,ILUSTRE MUNICIPALIDAD DE MEJILLONES,Aulas Conectadas 2025,SELECCIONADO,,https://www.innovacion.mineduc.cl/convocatoria-2025,https://docs.google.com/spreadsheets/d/11EPq1k3dRWyrXfsWJWh405slQ-tyEjJj/edit
Seleccionados AC 2025,47,selected,380,ESCUELA BÁSICA DIEGO PORTALES PALAZUELOS,DE ATACAMA,SERVICIO LOCAL DE EDUCACIÓN PÚBLICA DE ATACAMA,Aulas Conectadas 2025,SELECCIONADO,,https://www.innovacion.mineduc.cl/convocatoria-2025,https://docs.google.com/spreadsheets/d/11EPq1k3dRWyrXfsWJWh405slQ-tyEjJj/edit
Seleccionados AC 2025,48,selected,382,"ESCUELA GASPAR CABRALES, ARTÍSTICA Y DEPORTIVA",DE ATACAMA,SERVICIO LOCAL DE EDUCACIÓN PÚBLICA DE ATACAMA,Aulas Conectadas 2025,SELECCIONADO,,https://www.innovacion.mineduc.cl/convocatoria-2025,https://docs.google.com/spreadsheets/d/11EPq1k3dRWyrXfsWJWh405slQ-tyEjJj/edit
Seleccionados AC 2025,49,selected,386,ESCUELA ALIRO LAMAS CASTILLO,DE ATACAMA,SERVICIO LOCAL DE EDUCACIÓN PÚBLICA DE ATACAMA,Aulas Conectadas 2025,SELECCIONADO,,https://www.innovacion.mineduc.cl/convocatoria-2025,https://docs.google.com/spreadsheets/d/11EPq1k3dRWyrXfsWJWh405slQ-tyEjJj/edit
Seleccionados AC 2025,50,selected,401,ESCUELA BERNARDO O´HIGGINS,DE ATACAMA,SERVICIO LOCAL DE EDUCACIÓN PÚBLICA DE ATACAMA,Aulas Conectadas 2025,SELECCIONADO,,https://www.innovacion.mineduc.cl/convocatoria-2025,https://docs.google.com/spreadsheets/d/11EPq1k3dRWyrXfsWJWh405slQ-tyEjJj/edit
Seleccionados AC 2025,51,selected,403,ESCUELA LAURA ROBLES SILVA,DE ATACAMA,SERVICIO LOCAL DE EDUCACIÓN PÚBLICA DE ATACAMA,Aulas Conectadas 2025,SELECCIONADO,,https://www.innovacion.mineduc.cl/convocatoria-2025,https://docs.google.com/spreadsheets/d/11EPq1k3dRWyrXfsWJWh405slQ-tyEjJj/edit
Seleccionados AC 2025,52,selected,413,ESCUELA LAS BRISAS,DE ATACAMA,SERVICIO LOCAL DE EDUCACIÓN PÚBLICA DE ATACAMA,Aulas Conectadas 2025,SELECCIONADO,,https://www.innovacion.mineduc.cl/convocatoria-2025,https://docs.google.com/spreadsheets/d/11EPq1k3dRWyrXfsWJWh405slQ-tyEjJj/edit
Seleccionados AC 2025,53,selected,419,ESCUELA HERNÁN MÁRQUEZ HUERTA,DE ATACAMA,SERVICIO LOCAL DE EDUCACIÓN PÚBLICA DE ATACAMA,Aulas Conectadas 2025,SELECCIONADO,,https://www.innovacion.mineduc.cl/convocatoria-2025,https://docs.google.com/spreadsheets/d/11EPq1k3dRWyrXfsWJWh405slQ-tyEjJj/edit
Seleccionados AC 2025,54,selected,420,LICEO FERNANDO ARIZTÍA RUIZ,DE ATACAMA,SERVICIO LOCAL DE EDUCACIÓN PÚBLICA DE ATACAMA,Aulas Conectadas 2025,SELECCIONADO,,https://www.innovacion.mineduc.cl/convocatoria-2025,https://docs.google.com/spreadsheets/d/11EPq1k3dRWyrXfsWJWh405slQ-tyEjJj/edit
Seleccionados AC 2025,55,selected,423,ESCUELA SAN PEDRO,DE ATACAMA,SERVICIO LOCAL DE EDUCACIÓN PÚBLICA DE ATACAMA,Aulas Conectadas 2025,SELECCIONADO,,https://www.innovacion.mineduc.cl/convocatoria-2025,https://docs.google.com/spreadsheets/d/11EPq1k3dRWyrXfsWJWh405slQ-tyEjJj/edit
Seleccionados AC 2025,56,selected,438,LICEO MANUEL BLANCO ENCALADA,DE ATACAMA,SERVICIO LOCAL DE EDUCACIÓN PÚBLICA DE ATACAMA,Aulas Conectadas 2025,SELECCIONADO,,https://www.innovacion.mineduc.cl/convocatoria-2025,https://docs.google.com/spreadsheets/d/11EPq1k3dRWyrXfsWJWh405slQ-tyEjJj/edit
Seleccionados AC 2025,57,selected,486,LICEO JAPÓN,DE ATACAMA,SERVICIO LOCAL DE EDUCACIÓN PUBLICA DE HUASCO,Aulas Conectadas 2025,SELECCIONADO,,https://www.innovacion.mineduc.cl/convocatoria-2025,https://docs.google.com/spreadsheets/d/11EPq1k3dRWyrXfsWJWh405slQ-tyEjJj/edit
Seleccionados AC 2025,58,selected,499,ESCUELA RICARDO CAMPILLAY CONTRERAS,DE ATACAMA,SERVICIO LOCAL DE EDUCACIÓN PUBLICA DE HUASCO,Aulas Conectadas 2025,SELECCIONADO,,https://www.innovacion.mineduc.cl/convocatoria-2025,https://docs.google.com/spreadsheets/d/11EPq1k3dRWyrXfsWJWh405slQ-tyEjJj/edit
Seleccionados AC 2025,59,selected,518,LICEO TÉCNICO MARTA BRUNET,DE COQUIMBO,SERVICIO LOCAL DE EDUCACIÓN DEL ELQUI,Aulas Conectadas 2025,SELECCIONADO,,https://www.innovacion.mineduc.cl/convocatoria-2025,https://docs.google.com/spreadsheets/d/11EPq1k3dRWyrXfsWJWh405slQ-tyEjJj/edit
Seleccionados AC 2025,60,selected,532,CEN. ED. INT. DE ADUL.ESTER VILLARREAL CASTILLO,DE COQUIMBO,SERVICIO LOCAL DE EDUCACIÓN DEL ELQUI,Aulas Conectadas 2025,SELECCIONADO,,https://www.innovacion.mineduc.cl/convocatoria-2025,https://docs.google.com/spreadsheets/d/11EPq1k3dRWyrXfsWJWh405slQ-tyEjJj/edit
Seleccionados AC 2025,61,selected,536,COLEGIO DEPORTIVO OLIMPICO,DE COQUIMBO,SERVICIO LOCAL DE EDUCACIÓN DEL ELQUI,Aulas Conectadas 2025,SELECCIONADO,,https://www.innovacion.mineduc.cl/convocatoria-2025,https://docs.google.com/spreadsheets/d/11EPq1k3dRWyrXfsWJWh405slQ-tyEjJj/edit
Seleccionados AC 2025,62,selected,539,COLEGIO DE ALGARROBITO,DE COQUIMBO,SERVICIO LOCAL DE EDUCACIÓN DEL ELQUI,Aulas Conectadas 2025,SELECCIONADO,,https://www.innovacion.mineduc.cl/convocatoria-2025,https://docs.google.com/spreadsheets/d/11EPq1k3dRWyrXfsWJWh405slQ-tyEjJj/edit
Seleccionados AC 2025,63,selected,543,COLEGIO ALTOVALSOL,DE COQUIMBO,SERVICIO LOCAL DE EDUCACIÓN DEL ELQUI,Aulas Conectadas 2025,SELECCIONADO,,https://www.innovacion.mineduc.cl/convocatoria-2025,https://docs.google.com/spreadsheets/d/11EPq1k3dRWyrXfsWJWh405slQ-tyEjJj/edit
Seleccionados AC 2025,64,selected,551,ESCUELA DE LAS ROJAS,DE COQUIMBO,SERVICIO LOCAL DE EDUCACIÓN DEL ELQUI,Aulas Conectadas 2025,SELECCIONADO,,https://www.innovacion.mineduc.cl/convocatoria-2025,https://docs.google.com/spreadsheets/d/11EPq1k3dRWyrXfsWJWh405slQ-tyEjJj/edit
Seleccionados AC 2025,65,selected,557,ESCUELA DE SATURNO,DE COQUIMBO,SERVICIO LOCAL DE EDUCACIÓN DEL ELQUI,Aulas Conectadas 2025,SELECCIONADO,,https://www.innovacion.mineduc.cl/convocatoria-2025,https://docs.google.com/spreadsheets/d/11EPq1k3dRWyrXfsWJWh405slQ-tyEjJj/edit
Seleccionados AC 2025,66,selected,562,COLEGIO CALETA SAN PEDRO,DE COQUIMBO,SERVICIO LOCAL DE EDUCACIÓN DEL ELQUI,Aulas Conectadas 2025,SELECCIONADO,,https://www.innovacion.mineduc.cl/convocatoria-2025,https://docs.google.com/spreadsheets/d/11EPq1k3dRWyrXfsWJWh405slQ-tyEjJj/edit
Seleccionados AC 2025,67,selected,578,LICEO BICENTENARIO DE EXCELENCIA IGNACIO CARRERA PINTO,DE COQUIMBO,SERVICIO LOCAL DE EDUCACIÓN DEL ELQUI,Aulas Conectadas 2025,SELECCIONADO,,https://www.innovacion.mineduc.cl/convocatoria-2025,https://docs.google.com/spreadsheets/d/11EPq1k3dRWyrXfsWJWh405slQ-tyEjJj/edit
Seleccionados AC 2025,68,selected,666,ESCUELA BÁSICA LUCILA GODOY ALCAYAGA,DE COQUIMBO,SERVICIO LOCAL DE EDUCACIÓN DEL ELQUI,Aulas Conectadas 2025,SELECCIONADO,,https://www.innovacion.mineduc.cl/convocatoria-2025,https://docs.google.com/spreadsheets/d/11EPq1k3dRWyrXfsWJWh405slQ-tyEjJj/edit
Seleccionados AC 2025,69,selected,673,ESCUELA JOSÉ ABELARDO NUÑEZ,DE COQUIMBO,SERVICIO LOCAL DE EDUCACIÓN DEL ELQUI,Aulas Conectadas 2025,SELECCIONADO,,https://www.innovacion.mineduc.cl/convocatoria-2025,https://docs.google.com/spreadsheets/d/11EPq1k3dRWyrXfsWJWh405slQ-tyEjJj/edit
Seleccionados AC 2025,70,selected,701,LICEO ESTELA ÁVILA MOLINA,DE COQUIMBO,ILUSTRE MUNICIPALIDAD DE OVALLE,Aulas Conectadas 2025,SELECCIONADO,,https://www.innovacion.mineduc.cl/convocatoria-2025,https://docs.google.com/spreadsheets/d/11EPq1k3dRWyrXfsWJWh405slQ-tyEjJj/edit
Seleccionados AC 2025,71,selected,709,ESCUELA BÁSICA OSCAR ARAYA MOLINA,DE COQUIMBO,ILUSTRE MUNICIPALIDAD DE OVALLE,Aulas Conectadas 2025,SELECCIONADO,,https://www.innovacion.mineduc.cl/convocatoria-2025,https://docs.google.com/spreadsheets/d/11EPq1k3dRWyrXfsWJWh405slQ-tyEjJj/edit
Seleccionados AC 2025,72,selected,711,ESCUELA GUARDIAMARINA ERNESTO RIQUELME V.,DE COQUIMBO,ILUSTRE MUNICIPALIDAD DE OVALLE,Aulas Conectadas 2025,SELECCIONADO,,https://www.innovacion.mineduc.cl/convocatoria-2025,https://docs.google.com/spreadsheets/d/11EPq1k3dRWyrXfsWJWh405slQ-tyEjJj/edit
Seleccionados AC 2025,73,selected,713,ESCUELA ARTURO VILLALÓN SIEULANNE,DE COQUIMBO,ILUSTRE MUNICIPALIDAD DE OVALLE,Aulas Conectadas 2025,SELECCIONADO,,https://www.innovacion.mineduc.cl/convocatoria-2025,https://docs.google.com/spreadsheets/d/11EPq1k3dRWyrXfsWJWh405slQ-tyEjJj/edit
Seleccionados AC 2025,74,selected,715,ESCUELA BÁSICA BERNARDO O´HIGGINS RIQUELME,DE COQUIMBO,ILUSTRE MUNICIPALIDAD DE OVALLE,Aulas Conectadas 2025,SELECCIONADO,,https://www.innovacion.mineduc.cl/convocatoria-2025,https://docs.google.com/spreadsheets/d/11EPq1k3dRWyrXfsWJWh405slQ-tyEjJj/edit
Seleccionados AC 2025,75,selected,718,ESCUELA MARCOS MACUADA OGALDE,DE COQUIMBO,ILUSTRE MUNICIPALIDAD DE OVALLE,Aulas Conectadas 2025,SELECCIONADO,,https://www.innovacion.mineduc.cl/convocatoria-2025,https://docs.google.com/spreadsheets/d/11EPq1k3dRWyrXfsWJWh405slQ-tyEjJj/edit
Seleccionados AC 2025,76,selected,722,ESC. HEBERTO VELÁZQUEZ VELÁZQUEZ,DE COQUIMBO,ILUSTRE MUNICIPALIDAD DE OVALLE,Aulas Conectadas 2025,SELECCIONADO,,https://www.innovacion.mineduc.cl/convocatoria-2025,https://docs.google.com/spreadsheets/d/11EPq1k3dRWyrXfsWJWh405slQ-tyEjJj/edit
Seleccionados AC 2025,77,selected,725,ESCUELA EL CRISOL,DE COQUIMBO,ILUSTRE MUNICIPALIDAD DE OVALLE,Aulas Conectadas 2025,SELECCIONADO,,https://www.innovacion.mineduc.cl/convocatoria-2025,https://docs.google.com/spreadsheets/d/11EPq1k3dRWyrXfsWJWh405slQ-tyEjJj/edit
Seleccionados AC 2025,78,selected,774,COLEGIO PICHASCA,DE COQUIMBO,ILUSTRE MUNICIPALIDAD DE RIO HURTADO,Aulas Conectadas 2025,SELECCIONADO,,https://www.innovacion.mineduc.cl/convocatoria-2025,https://docs.google.com/spreadsheets/d/11EPq1k3dRWyrXfsWJWh405slQ-tyEjJj/edit
Seleccionados AC 2025,79,selected,798,ESCUELA EL PALQUI,DE COQUIMBO,ILUSTRE MUNICIPALIDAD DE MONTE PATRIA,Aulas Conectadas 2025,SELECCIONADO,,https://www.innovacion.mineduc.cl/convocatoria-2025,https://docs.google.com/spreadsheets/d/11EPq1k3dRWyrXfsWJWh405slQ-tyEjJj/edit
Seleccionados AC 2025,80,selected,802,LICEO BICENTENARIO DE EXCELENCIA LICEO PRESIDENTE EDUARDO FREI MONTALVA,DE COQUIMBO,ILUSTRE MUNICIPALIDAD DE MONTE PATRIA,Aulas Conectadas 2025,SELECCIONADO,,https://www.innovacion.mineduc.cl/convocatoria-2025,https://docs.google.com/spreadsheets/d/11EPq1k3dRWyrXfsWJWh405slQ-tyEjJj/edit
Seleccionados AC 2025,81,selected,803,ESC. CONCENTRACIÓN FRONTERIZA DE TULAHUEN,DE COQUIMBO,ILUSTRE MUNICIPALIDAD DE MONTE PATRIA,Aulas Conectadas 2025,SELECCIONADO,,https://www.innovacion.mineduc.cl/convocatoria-2025,https://docs.google.com/spreadsheets/d/11EPq1k3dRWyrXfsWJWh405slQ-tyEjJj/edit
Seleccionados AC 2025,82,selected,804,ESCUELA BÁSICA WENCESLAO VARGAS,DE COQUIMBO,ILUSTRE MUNICIPALIDAD DE MONTE PATRIA,Aulas Conectadas 2025,SELECCIONADO,,https://www.innovacion.mineduc.cl/convocatoria-2025,https://docs.google.com/spreadsheets/d/11EPq1k3dRWyrXfsWJWh405slQ-tyEjJj/edit
Seleccionados AC 2025,83,selected,827,COLEGIO RÍO GRANDE,DE COQUIMBO,ILUSTRE MUNICIPALIDAD DE MONTE PATRIA,Aulas Conectadas 2025,SELECCIONADO,,https://www.innovacion.mineduc.cl/convocatoria-2025,https://docs.google.com/spreadsheets/d/11EPq1k3dRWyrXfsWJWh405slQ-tyEjJj/edit
Seleccionados AC 2025,84,selected,847,ESCUELA BÁSICA AMERICA,DE COQUIMBO,ILUSTRE MUNICIPALIDAD DE COMBARBALA,Aulas Conectadas 2025,SELECCIONADO,,https://www.innovacion.mineduc.cl/convocatoria-2025,https://docs.google.com/spreadsheets/d/11EPq1k3dRWyrXfsWJWh405slQ-tyEjJj/edit
Seleccionados AC 2025,85,selected,848,ESCUELA ALEJANDRO CHELEN ROJAS,DE COQUIMBO,ILUSTRE MUNICIPALIDAD DE MONTE PATRIA,Aulas Conectadas 2025,SELECCIONADO,,https://www.innovacion.mineduc.cl/convocatoria-2025,https://docs.google.com/spreadsheets/d/11EPq1k3dRWyrXfsWJWh405slQ-tyEjJj/edit
Seleccionados AC 2025,86,selected,947,ESCUELA AURORA DE CHILE,DE COQUIMBO,ILUSTRE MUNICIPALIDAD DE OVALLE,Aulas Conectadas 2025,SELECCIONADO,,https://www.innovacion.mineduc.cl/convocatoria-2025,https://docs.google.com/spreadsheets/d/11EPq1k3dRWyrXfsWJWh405slQ-tyEjJj/edit
Seleccionados AC 2025,87,selected,964,ESCUELA BÁSICA MUNICIPAL DE ADULTOS,DE COQUIMBO,ILUSTRE MUNICIPALIDAD DE ILLAPEL,Aulas Conectadas 2025,SELECCIONADO,,https://www.innovacion.mineduc.cl/convocatoria-2025,https://docs.google.com/spreadsheets/d/11EPq1k3dRWyrXfsWJWh405slQ-tyEjJj/edit
Seleccionados AC 2025,88,selected,970,ESCUELA JUAN CARRASCO RISCO,DE COQUIMBO,ILUSTRE MUNICIPALIDAD DE ILLAPEL,Aulas Conectadas 2025,SELECCIONADO,,https://www.innovacion.mineduc.cl/convocatoria-2025,https://docs.google.com/spreadsheets/d/11EPq1k3dRWyrXfsWJWh405slQ-tyEjJj/edit
Seleccionados AC 2025,89,selected,1121,LICEO PULMAHUE DE LA LIGUA,DE VALPARAÍSO,ILUSTRE MUNICIPALIDAD DE LA LIGUA,Aulas Conectadas 2025,SELECCIONADO,,https://www.innovacion.mineduc.cl/convocatoria-2025,https://docs.google.com/spreadsheets/d/11EPq1k3dRWyrXfsWJWh405slQ-tyEjJj/edit
Seleccionados AC 2025,90,selected,1122,ESCUELA REPÚBLICA DE VENEZUELA,DE VALPARAÍSO,ILUSTRE MUNICIPALIDAD DE LA LIGUA,Aulas Conectadas 2025,SELECCIONADO,,https://www.innovacion.mineduc.cl/convocatoria-2025,https://docs.google.com/spreadsheets/d/11EPq1k3dRWyrXfsWJWh405slQ-tyEjJj/edit
Seleccionados AC 2025,91,selected,1123,ESCUELA GABRIELA MISTRAL,DE VALPARAÍSO,ILUSTRE MUNICIPALIDAD DE LA LIGUA,Aulas Conectadas 2025,SELECCIONADO,,https://www.innovacion.mineduc.cl/convocatoria-2025,https://docs.google.com/spreadsheets/d/11EPq1k3dRWyrXfsWJWh405slQ-tyEjJj/edit
Seleccionados AC 2025,92,selected,1198,LICEO REPÚBLICA ARGENTINA,DE VALPARAÍSO,ILUSTRE MUNICIPALIDAD DE LOS ANDES,Aulas Conectadas 2025,SELECCIONADO,,https://www.innovacion.mineduc.cl/convocatoria-2025,https://docs.google.com/spreadsheets/d/11EPq1k3dRWyrXfsWJWh405slQ-tyEjJj/edit
Seleccionados AC 2025,93,selected,1199,LICEO POLITECNICO AMÉRICA,DE VALPARAÍSO,ILUSTRE MUNICIPALIDAD DE LOS ANDES,Aulas Conectadas 2025,SELECCIONADO,,https://www.innovacion.mineduc.cl/convocatoria-2025,https://docs.google.com/spreadsheets/d/11EPq1k3dRWyrXfsWJWh405slQ-tyEjJj/edit
Seleccionados AC 2025,94,selected,1202,ESCUELA FERROVIARIA,DE VALPARAÍSO,ILUSTRE MUNICIPALIDAD DE LOS ANDES,Aulas Conectadas 2025,SELECCIONADO,,https://www.innovacion.mineduc.cl/convocatoria-2025,https://docs.google.com/spreadsheets/d/11EPq1k3dRWyrXfsWJWh405slQ-tyEjJj/edit
Seleccionados AC 2025,95,selected,1204,ESCUELA BÁSICA GRAL. JOSÉ MIGUEL CARRERA,DE VALPARAÍSO,ILUSTRE MUNICIPALIDAD DE LOS ANDES,Aulas Conectadas 2025,SELECCIONADO,,https://www.innovacion.mineduc.cl/convocatoria-2025,https://docs.google.com/spreadsheets/d/11EPq1k3dRWyrXfsWJWh405slQ-tyEjJj/edit
Seleccionados AC 2025,96,selected,1210,ESCUELA EL SAUCE,DE VALPARAÍSO,ILUSTRE MUNICIPALIDAD DE LOS ANDES,Aulas Conectadas 2025,SELECCIONADO,,https://www.innovacion.mineduc.cl/convocatoria-2025,https://docs.google.com/spreadsheets/d/11EPq1k3dRWyrXfsWJWh405slQ-tyEjJj/edit
Seleccionados AC 2025,97,selected,1234,ESC. BÁSICA SILVIO ZENTENO VERGARA,DE VALPARAÍSO,ILUSTRE MUNICIPALIDAD DE SAN ESTEBAN,Aulas Conectadas 2025,SELECCIONADO,,https://www.innovacion.mineduc.cl/convocatoria-2025,https://docs.google.com/spreadsheets/d/11EPq1k3dRWyrXfsWJWh405slQ-tyEjJj/edit
Seleccionados AC 2025,98,selected,1235,ESCUELA LO CALVO,DE VALPARAÍSO,ILUSTRE MUNICIPALIDAD DE SAN ESTEBAN,Aulas Conectadas 2025,SELECCIONADO,,https://www.innovacion.mineduc.cl/convocatoria-2025,https://docs.google.com/spreadsheets/d/11EPq1k3dRWyrXfsWJWh405slQ-tyEjJj/edit
Seleccionados AC 2025,99,selected,1245,ESCUELA EL CORAZÓN,DE VALPARAÍSO,ILUSTRE MUNICIPALIDAD DE SAN ESTEBAN,Aulas Conectadas 2025,SELECCIONADO,,https://www.innovacion.mineduc.cl/convocatoria-2025,https://docs.google.com/spreadsheets/d/11EPq1k3dRWyrXfsWJWh405slQ-tyEjJj/edit
Seleccionados AC 2025,100,selected,1246,ESCUELA BÁSICA LIBERTAD,DE VALPARAÍSO,ILUSTRE MUNICIPALIDAD DE SAN ESTEBAN,Aulas Conectadas 2025,SELECCIONADO,,https://www.innovacion.mineduc.cl/convocatoria-2025,https://docs.google.com/spreadsheets/d/11EPq1k3dRWyrXfsWJWh405slQ-tyEjJj/edit
Seleccionados AC 2025,101,selected,1249,ESCUELA BÁSICA PEDRO AGUIRRE CERDA,DE VALPARAÍSO,ILUSTRE MUNICIPALIDAD DE CALLE LARGA,Aulas Conectadas 2025,SELECCIONADO,,https://www.innovacion.mineduc.cl/convocatoria-2025,https://docs.google.com/spreadsheets/d/11EPq1k3dRWyrXfsWJWh405slQ-tyEjJj/edit
Seleccionados AC 2025,102,selected,1251,ESCUELA BÁSICA CRISTO REDENTOR,DE VALPARAÍSO,ILUSTRE MUNICIPALIDAD DE CALLE LARGA,Aulas Conectadas 2025,SELECCIONADO,,https://www.innovacion.mineduc.cl/convocatoria-2025,https://docs.google.com/spreadsheets/d/11EPq1k3dRWyrXfsWJWh405slQ-tyEjJj/edit
Seleccionados AC 2025,103,selected,1265,ESCUELA BÁSICA BERNARDO O´HIGGINS R.,DE VALPARAÍSO,ILUSTRE MUNICIPALIDAD DE SAN FELIPE,Aulas Conectadas 2025,SELECCIONADO,,https://www.innovacion.mineduc.cl/convocatoria-2025,https://docs.google.com/spreadsheets/d/11EPq1k3dRWyrXfsWJWh405slQ-tyEjJj/edit
Seleccionados AC 2025,104,selected,1274,ESCUELA ALMENDRAL,DE VALPARAÍSO,ILUSTRE MUNICIPALIDAD DE SAN FELIPE,Aulas Conectadas 2025,SELECCIONADO,,https://www.innovacion.mineduc.cl/convocatoria-2025,https://docs.google.com/spreadsheets/d/11EPq1k3dRWyrXfsWJWh405slQ-tyEjJj/edit
Seleccionados AC 2025,105,selected,1279,ESCUELA CARMELA CARVAJAL DE PRAT,DE VALPARAÍSO,ILUSTRE MUNICIPALIDAD DE SAN FELIPE,Aulas Conectadas 2025,SELECCIONADO,,https://www.innovacion.mineduc.cl/convocatoria-2025,https://docs.google.com/spreadsheets/d/11EPq1k3dRWyrXfsWJWh405slQ-tyEjJj/edit
Seleccionados AC 2025,106,selected,1281,ESCUELA REPÚBLICA ARGENTINA,DE VALPARAÍSO,ILUSTRE MUNICIPALIDAD DE SAN FELIPE,Aulas Conectadas 2025,SELECCIONADO,,https://www.innovacion.mineduc.cl/convocatoria-2025,https://docs.google.com/spreadsheets/d/11EPq1k3dRWyrXfsWJWh405slQ-tyEjJj/edit
Seleccionados AC 2025,107,selected,1302,LICEO RINCONADA DE SILVA,DE VALPARAÍSO,ILUSTRE MUNICIPALIDAD DE PUTAENDO,Aulas Conectadas 2025,SELECCIONADO,,https://www.innovacion.mineduc.cl/convocatoria-2025,https://docs.google.com/spreadsheets/d/11EPq1k3dRWyrXfsWJWh405slQ-tyEjJj/edit
Seleccionados AC 2025,108,selected,1328,ESCUELA INDEPENDENCIA,DE VALPARAÍSO,ILUSTRE MUNICIPALIDAD DE PANQUEHUE,Aulas Conectadas 2025,SELECCIONADO,,https://www.innovacion.mineduc.cl/convocatoria-2025,https://docs.google.com/spreadsheets/d/11EPq1k3dRWyrXfsWJWh405slQ-tyEjJj/edit
Seleccionados AC 2025,109,selected,1329,ESCUELA EMA LOBOS REYES,DE VALPARAÍSO,ILUSTRE MUNICIPALIDAD DE PANQUEHUE,Aulas Conectadas 2025,SELECCIONADO,,https://www.innovacion.mineduc.cl/convocatoria-2025,https://docs.google.com/spreadsheets/d/11EPq1k3dRWyrXfsWJWh405slQ-tyEjJj/edit
Seleccionados AC 2025,110,selected,1339,ESCUELA ELISA LATTAPIAT VARGAS,DE VALPARAÍSO,ILUSTRE MUNICIPALIDAD DE LLAY LLAY,Aulas Conectadas 2025,SELECCIONADO,,https://www.innovacion.mineduc.cl/convocatoria-2025,https://docs.google.com/spreadsheets/d/11EPq1k3dRWyrXfsWJWh405slQ-tyEjJj/edit
Seleccionados AC 2025,111,selected,1340,ESCUELA HERMINIA ORTEGA DE CROXATO,DE VALPARAÍSO,ILUSTRE MUNICIPALIDAD DE LLAY LLAY,Aulas Conectadas 2025,SELECCIONADO,,https://www.innovacion.mineduc.cl/convocatoria-2025,https://docs.google.com/spreadsheets/d/11EPq1k3dRWyrXfsWJWh405slQ-tyEjJj/edit
Seleccionados AC 2025,112,selected,1367,COLEGIO ROBERTO MATTA,DE VALPARAÍSO,ILUSTRE MUNICIPALIDAD DE QUILLOTA,Aulas Conectadas 2025,SELECCIONADO,,https://www.innovacion.mineduc.cl/convocatoria-2025,https://docs.google.com/spreadsheets/d/11EPq1k3dRWyrXfsWJWh405slQ-tyEjJj/edit
Seleccionados AC 2025,113,selected,1371,COLEGIO BICENTENARIO ARAUCO,DE VALPARAÍSO,ILUSTRE MUNICIPALIDAD DE QUILLOTA,Aulas Conectadas 2025,SELECCIONADO,,https://www.innovacion.mineduc.cl/convocatoria-2025,https://docs.google.com/spreadsheets/d/11EPq1k3dRWyrXfsWJWh405slQ-tyEjJj/edit
Seleccionados AC 2025,114,selected,1377,ESCUELA NUESTRO MUNDO,DE VALPARAÍSO,ILUSTRE MUNICIPALIDAD DE QUILLOTA,Aulas Conectadas 2025,SELECCIONADO,,https://www.innovacion.mineduc.cl/convocatoria-2025,https://docs.google.com/spreadsheets/d/11EPq1k3dRWyrXfsWJWh405slQ-tyEjJj/edit
Seleccionados AC 2025,115,selected,1384,COLEGIO CUMBRES DE BOCO,DE VALPARAÍSO,ILUSTRE MUNICIPALIDAD DE QUILLOTA,Aulas Conectadas 2025,SELECCIONADO,,https://www.innovacion.mineduc.cl/convocatoria-2025,https://docs.google.com/spreadsheets/d/11EPq1k3dRWyrXfsWJWh405slQ-tyEjJj/edit
Seleccionados AC 2025,116,selected,1385,ESCUELA BÁSICA LA PALMA,DE VALPARAÍSO,ILUSTRE MUNICIPALIDAD DE QUILLOTA,Aulas Conectadas 2025,SELECCIONADO,,https://www.innovacion.mineduc.cl/convocatoria-2025,https://docs.google.com/spreadsheets/d/11EPq1k3dRWyrXfsWJWh405slQ-tyEjJj/edit
Seleccionados AC 2025,117,selected,1416,COLEGIO MARÍA ALONSO CHACÓN,DE VALPARAÍSO,ILUSTRE MUNICIPALIDAD DE LA CRUZ,Aulas Conectadas 2025,SELECCIONADO,,https://www.innovacion.mineduc.cl/convocatoria-2025,https://docs.google.com/spreadsheets/d/11EPq1k3dRWyrXfsWJWh405slQ-tyEjJj/edit
Seleccionados AC 2025,118,selected,1422,LICEO PEDRO DE VALDIVIA,DE VALPARAÍSO,ILUSTRE MUNICIPALIDAD DE LA CALERA,Aulas Conectadas 2025,SELECCIONADO,,https://www.innovacion.mineduc.cl/convocatoria-2025,https://docs.google.com/spreadsheets/d/11EPq1k3dRWyrXfsWJWh405slQ-tyEjJj/edit
Seleccionados AC 2025,119,selected,1424,ESCUELA BÁSICA IRMA SAPIAIN,DE VALPARAÍSO,ILUSTRE MUNICIPALIDAD DE LA CALERA,Aulas Conectadas 2025,SELECCIONADO,,https://www.innovacion.mineduc.cl/convocatoria-2025,https://docs.google.com/spreadsheets/d/11EPq1k3dRWyrXfsWJWh405slQ-tyEjJj/edit
Seleccionados AC 2025,120,selected,1427,ESCUELA BÁSICA PALESTINA,DE VALPARAÍSO,ILUSTRE MUNICIPALIDAD DE LA CALERA,Aulas Conectadas 2025,SELECCIONADO,,https://www.innovacion.mineduc.cl/convocatoria-2025,https://docs.google.com/spreadsheets/d/11EPq1k3dRWyrXfsWJWh405slQ-tyEjJj/edit
Seleccionados AC 2025,121,selected,1431,ESCUELA BÁSICA SANTA ROSA DEL HUERTO,DE VALPARAÍSO,ILUSTRE MUNICIPALIDAD DE LA CALERA,Aulas Conectadas 2025,SELECCIONADO,,https://www.innovacion.mineduc.cl/convocatoria-2025,https://docs.google.com/spreadsheets/d/11EPq1k3dRWyrXfsWJWh405slQ-tyEjJj/edit
Seleccionados AC 2025,122,selected,1455,ESCUELA MÓNICA HURTADO EDWARDS,DE VALPARAÍSO,ILUSTRE MUNICIPALIDAD DE HIJUELAS,Aulas Conectadas 2025,SELECCIONADO,,https://www.innovacion.mineduc.cl/convocatoria-2025,https://docs.google.com/spreadsheets/d/11EPq1k3dRWyrXfsWJWh405slQ-tyEjJj/edit
Seleccionados AC 2025,123,selected,1457,ESCUELA BÁSICA BENJAMÍN MATTE LARRAÍN,DE VALPARAÍSO,ILUSTRE MUNICIPALIDAD DE HIJUELAS,Aulas Conectadas 2025,SELECCIONADO,,https://www.innovacion.mineduc.cl/convocatoria-2025,https://docs.google.com/spreadsheets/d/11EPq1k3dRWyrXfsWJWh405slQ-tyEjJj/edit
Seleccionados AC 2025,124,selected,1459,ESCUELA BÁSICA RABUCO,DE VALPARAÍSO,ILUSTRE MUNICIPALIDAD DE HIJUELAS,Aulas Conectadas 2025,SELECCIONADO,,https://www.innovacion.mineduc.cl/convocatoria-2025,https://docs.google.com/spreadsheets/d/11EPq1k3dRWyrXfsWJWh405slQ-tyEjJj/edit
Seleccionados AC 2025,125,selected,1467,LICEO BICENTENARIO COLEGIO PASIÓN DE JESÚS DE LIMACHE,DE VALPARAÍSO,ILUSTRE MUNICIPALIDAD DE LIMACHE,Aulas Conectadas 2025,SELECCIONADO,,https://www.innovacion.mineduc.cl/convocatoria-2025,https://docs.google.com/spreadsheets/d/11EPq1k3dRWyrXfsWJWh405slQ-tyEjJj/edit
Seleccionados AC 2025,126,selected,1468,COLEGIO BRASILIA,DE VALPARAÍSO,ILUSTRE MUNICIPALIDAD DE LIMACHE,Aulas Conectadas 2025,SELECCIONADO,,https://www.innovacion.mineduc.cl/convocatoria-2025,https://docs.google.com/spreadsheets/d/11EPq1k3dRWyrXfsWJWh405slQ-tyEjJj/edit
Seleccionados AC 2025,127,selected,1471,ESCUELA LIMACHITO,DE VALPARAÍSO,ILUSTRE MUNICIPALIDAD DE LIMACHE,Aulas Conectadas 2025,SELECCIONADO,,https://www.innovacion.mineduc.cl/convocatoria-2025,https://docs.google.com/spreadsheets/d/11EPq1k3dRWyrXfsWJWh405slQ-tyEjJj/edit
Seleccionados AC 2025,128,selected,1472,ESCUELA BÁSICA LOS MAITENES,DE VALPARAÍSO,ILUSTRE MUNICIPALIDAD DE LIMACHE,Aulas Conectadas 2025,SELECCIONADO,,https://www.innovacion.mineduc.cl/convocatoria-2025,https://docs.google.com/spreadsheets/d/11EPq1k3dRWyrXfsWJWh405slQ-tyEjJj/edit
Seleccionados AC 2025,129,selected,1488,ESCUELA MONTEVIDEO,DE VALPARAÍSO,ILUSTRE MUNICIPALIDAD DE OLMUE,Aulas Conectadas 2025,SELECCIONADO,,https://www.innovacion.mineduc.cl/convocatoria-2025,https://docs.google.com/spreadsheets/d/11EPq1k3dRWyrXfsWJWh405slQ-tyEjJj/edit
Seleccionados AC 2025,130,selected,1489,LICEO DE OLMUE,DE VALPARAÍSO,ILUSTRE MUNICIPALIDAD DE OLMUE,Aulas Conectadas 2025,SELECCIONADO,,https://www.innovacion.mineduc.cl/convocatoria-2025,https://docs.google.com/spreadsheets/d/11EPq1k3dRWyrXfsWJWh405slQ-tyEjJj/edit
Seleccionados AC 2025,131,selected,1490,ESCUELA BÁSICA QUEBRADA DE ALVARADO,DE VALPARAÍSO,ILUSTRE MUNICIPALIDAD DE OLMUE,Aulas Conectadas 2025,SELECCIONADO,,https://www.innovacion.mineduc.cl/convocatoria-2025,https://docs.google.com/spreadsheets/d/11EPq1k3dRWyrXfsWJWh405slQ-tyEjJj/edit
Seleccionados AC 2025,132,selected,1491,ESCUELA BÁSICA LO NARVAEZ,DE VALPARAÍSO,ILUSTRE MUNICIPALIDAD DE OLMUE,Aulas Conectadas 2025,SELECCIONADO,,https://www.innovacion.mineduc.cl/convocatoria-2025,https://docs.google.com/spreadsheets/d/11EPq1k3dRWyrXfsWJWh405slQ-tyEjJj/edit
Seleccionados AC 2025,133,selected,1551,ESCUELA MONTEDONICO,DE VALPARAÍSO,SERVICIO LOCAL DE EDUCACIÓN PÚBLICA DE VALPARAÍSO,Aulas Conectadas 2025,SELECCIONADO,,https://www.innovacion.mineduc.cl/convocatoria-2025,https://docs.google.com/spreadsheets/d/11EPq1k3dRWyrXfsWJWh405slQ-tyEjJj/edit
Seleccionados AC 2025,134,selected,1578,ESCUELA TTE. JULIO A. ALLENDE OVALLE,DE VALPARAÍSO,SERVICIO LOCAL DE EDUCACIÓN PÚBLICA DE VALPARAÍSO,Aulas Conectadas 2025,SELECCIONADO,,https://www.innovacion.mineduc.cl/convocatoria-2025,https://docs.google.com/spreadsheets/d/11EPq1k3dRWyrXfsWJWh405slQ-tyEjJj/edit
Seleccionados AC 2025,135,selected,1666,C.E.I.A. LOS CASTAÑOS,DE VALPARAÍSO,SERVICIO LOCAL DE EDUCACION PUBLICA DE COSTA CENTRAL,Aulas Conectadas 2025,SELECCIONADO,,https://www.innovacion.mineduc.cl/convocatoria-2025,https://docs.google.com/spreadsheets/d/11EPq1k3dRWyrXfsWJWh405slQ-tyEjJj/edit
Seleccionados AC 2025,136,selected,1669,ESCUELA ESPECIAL JUANITA DE AGUIRRE CERDA,DE VALPARAÍSO,SERVICIO LOCAL DE EDUCACION PUBLICA DE COSTA CENTRAL,Aulas Conectadas 2025,SELECCIONADO,,https://www.innovacion.mineduc.cl/convocatoria-2025,https://docs.google.com/spreadsheets/d/11EPq1k3dRWyrXfsWJWh405slQ-tyEjJj/edit
Seleccionados AC 2025,137,selected,1688,ESCUELA ALMIRANTE LUIS GÓMEZ CARREÑO,DE VALPARAÍSO,SERVICIO LOCAL DE EDUCACION PUBLICA DE COSTA CENTRAL,Aulas Conectadas 2025,SELECCIONADO,,https://www.innovacion.mineduc.cl/convocatoria-2025,https://docs.google.com/spreadsheets/d/11EPq1k3dRWyrXfsWJWh405slQ-tyEjJj/edit
Seleccionados AC 2025,138,selected,1691,ESCUELA LORD COCHRANE,DE VALPARAÍSO,SERVICIO LOCAL DE EDUCACION PUBLICA DE COSTA CENTRAL,Aulas Conectadas 2025,SELECCIONADO,,https://www.innovacion.mineduc.cl/convocatoria-2025,https://docs.google.com/spreadsheets/d/11EPq1k3dRWyrXfsWJWh405slQ-tyEjJj/edit
Seleccionados AC 2025,139,selected,1696,ESCUELA BÁSICA CHORRILOS,DE VALPARAÍSO,SERVICIO LOCAL DE EDUCACION PUBLICA DE COSTA CENTRAL,Aulas Conectadas 2025,SELECCIONADO,,https://www.innovacion.mineduc.cl/convocatoria-2025,https://docs.google.com/spreadsheets/d/11EPq1k3dRWyrXfsWJWh405slQ-tyEjJj/edit
Seleccionados AC 2025,140,selected,1697,ESCUELA GASTÓN OSSA SAINT MARIE,DE VALPARAÍSO,SERVICIO LOCAL DE EDUCACION PUBLICA DE COSTA CENTRAL,Aulas Conectadas 2025,SELECCIONADO,,https://www.innovacion.mineduc.cl/convocatoria-2025,https://docs.google.com/spreadsheets/d/11EPq1k3dRWyrXfsWJWh405slQ-tyEjJj/edit
Seleccionados AC 2025,141,selected,1698,ESCUELA PAUL HARRIS,DE VALPARAÍSO,SERVICIO LOCAL DE EDUCACION PUBLICA DE COSTA CENTRAL,Aulas Conectadas 2025,SELECCIONADO,,https://www.innovacion.mineduc.cl/convocatoria-2025,https://docs.google.com/spreadsheets/d/11EPq1k3dRWyrXfsWJWh405slQ-tyEjJj/edit
Seleccionados AC 2025,142,selected,1700,ESCUELA DOCTOR ADRIANO MACHADO PARDO,DE VALPARAÍSO,SERVICIO LOCAL DE EDUCACION PUBLICA DE COSTA CENTRAL,Aulas Conectadas 2025,SELECCIONADO,,https://www.innovacion.mineduc.cl/convocatoria-2025,https://docs.google.com/spreadsheets/d/11EPq1k3dRWyrXfsWJWh405slQ-tyEjJj/edit
Seleccionados AC 2025,143,selected,1703,ESCUELA PRESIDENTE JOSÉ MANUEL BALMACEDA,DE VALPARAÍSO,SERVICIO LOCAL DE EDUCACION PUBLICA DE COSTA CENTRAL,Aulas Conectadas 2025,SELECCIONADO,,https://www.innovacion.mineduc.cl/convocatoria-2025,https://docs.google.com/spreadsheets/d/11EPq1k3dRWyrXfsWJWh405slQ-tyEjJj/edit
Seleccionados AC 2025,144,selected,1704,ESCUELA BÁSICA JOHN KENNEDY,DE VALPARAÍSO,SERVICIO LOCAL DE EDUCACION PUBLICA DE COSTA CENTRAL,Aulas Conectadas 2025,SELECCIONADO,,https://www.innovacion.mineduc.cl/convocatoria-2025,https://docs.google.com/spreadsheets/d/11EPq1k3dRWyrXfsWJWh405slQ-tyEjJj/edit
Seleccionados AC 2025,145,selected,1705,ESCUELA PRESIDENTE SALVADOR ALLENDE,DE VALPARAÍSO,SERVICIO LOCAL DE EDUCACION PUBLICA DE COSTA CENTRAL,Aulas Conectadas 2025,SELECCIONADO,,https://www.innovacion.mineduc.cl/convocatoria-2025,https://docs.google.com/spreadsheets/d/11EPq1k3dRWyrXfsWJWh405slQ-tyEjJj/edit
Seleccionados AC 2025,146,selected,1707,ESCUELA MINISTRO ZENTENO,DE VALPARAÍSO,SERVICIO LOCAL DE EDUCACION PUBLICA DE COSTA CENTRAL,Aulas Conectadas 2025,SELECCIONADO,,https://www.innovacion.mineduc.cl/convocatoria-2025,https://docs.google.com/spreadsheets/d/11EPq1k3dRWyrXfsWJWh405slQ-tyEjJj/edit
Seleccionados AC 2025,147,selected,1708,ESCUELA ENRIQUE CARDENAS RIVERA,DE VALPARAÍSO,SERVICIO LOCAL DE EDUCACION PUBLICA DE COSTA CENTRAL,Aulas Conectadas 2025,SELECCIONADO,,https://www.innovacion.mineduc.cl/convocatoria-2025,https://docs.google.com/spreadsheets/d/11EPq1k3dRWyrXfsWJWh405slQ-tyEjJj/edit
Seleccionados AC 2025,148,selected,1712,ESCUELA VILLA MONTE,DE VALPARAÍSO,SERVICIO LOCAL DE EDUCACION PUBLICA DE COSTA CENTRAL,Aulas Conectadas 2025,SELECCIONADO,,https://www.innovacion.mineduc.cl/convocatoria-2025,https://docs.google.com/spreadsheets/d/11EPq1k3dRWyrXfsWJWh405slQ-tyEjJj/edit
Seleccionados AC 2025,149,selected,1718,ESCUELA EDUARDO LEZANA PINCHEIRA,DE VALPARAÍSO,SERVICIO LOCAL DE EDUCACION PUBLICA DE COSTA CENTRAL,Aulas Conectadas 2025,SELECCIONADO,,https://www.innovacion.mineduc.cl/convocatoria-2025,https://docs.google.com/spreadsheets/d/11EPq1k3dRWyrXfsWJWh405slQ-tyEjJj/edit
Seleccionados AC 2025,150,selected,1720,ESCUELA MARCELA PAZ,DE VALPARAÍSO,SERVICIO LOCAL DE EDUCACION PUBLICA DE COSTA CENTRAL,Aulas Conectadas 2025,SELECCIONADO,,https://www.innovacion.mineduc.cl/convocatoria-2025,https://docs.google.com/spreadsheets/d/11EPq1k3dRWyrXfsWJWh405slQ-tyEjJj/edit
Seleccionados AC 2025,151,selected,1721,ESCUELA BÁSICA REPÚBLICA DEL LIBANO,DE VALPARAÍSO,SERVICIO LOCAL DE EDUCACION PUBLICA DE COSTA CENTRAL,Aulas Conectadas 2025,SELECCIONADO,,https://www.innovacion.mineduc.cl/convocatoria-2025,https://docs.google.com/spreadsheets/d/11EPq1k3dRWyrXfsWJWh405slQ-tyEjJj/edit
Seleccionados AC 2025,152,selected,1724,ESCUELA PRESIDENTE EDUARDO FREI MONTALVA,DE VALPARAÍSO,SERVICIO LOCAL DE EDUCACION PUBLICA DE COSTA CENTRAL,Aulas Conectadas 2025,SELECCIONADO,,https://www.innovacion.mineduc.cl/convocatoria-2025,https://docs.google.com/spreadsheets/d/11EPq1k3dRWyrXfsWJWh405slQ-tyEjJj/edit
Seleccionados AC 2025,153,selected,1855,ESCUELA BÁSICA REPÚBLICA DE FRANCIA,DE VALPARAÍSO,SERVICIO LOCAL DE EDUCACION PUBLICA DE COSTA CENTRAL,Aulas Conectadas 2025,SELECCIONADO,,https://www.innovacion.mineduc.cl/convocatoria-2025,https://docs.google.com/spreadsheets/d/11EPq1k3dRWyrXfsWJWh405slQ-tyEjJj/edit
Seleccionados AC 2025,154,selected,1864,COMPLEJO EDUCACIÓNAL SARGENTO ALDEA,DE VALPARAÍSO,SERVICIO LOCAL DE EDUCACION PUBLICA DE COSTA CENTRAL,Aulas Conectadas 2025,SELECCIONADO,,https://www.innovacion.mineduc.cl/convocatoria-2025,https://docs.google.com/spreadsheets/d/11EPq1k3dRWyrXfsWJWh405slQ-tyEjJj/edit
Seleccionados AC 2025,155,selected,1867,COLEGIO LA GREDA,DE VALPARAÍSO,SERVICIO LOCAL DE EDUCACION PUBLICA DE COSTA CENTRAL,Aulas Conectadas 2025,SELECCIONADO,,https://www.innovacion.mineduc.cl/convocatoria-2025,https://docs.google.com/spreadsheets/d/11EPq1k3dRWyrXfsWJWh405slQ-tyEjJj/edit
Seleccionados AC 2025,156,selected,1868,ESCUELA LA CHOCOTA,DE VALPARAÍSO,SERVICIO LOCAL DE EDUCACION PUBLICA DE COSTA CENTRAL,Aulas Conectadas 2025,SELECCIONADO,,https://www.innovacion.mineduc.cl/convocatoria-2025,https://docs.google.com/spreadsheets/d/11EPq1k3dRWyrXfsWJWh405slQ-tyEjJj/edit
Seleccionados AC 2025,157,selected,1873,ESCUELA HORCÓN,DE VALPARAÍSO,SERVICIO LOCAL DE EDUCACION PUBLICA DE COSTA CENTRAL,Aulas Conectadas 2025,SELECCIONADO,,https://www.innovacion.mineduc.cl/convocatoria-2025,https://docs.google.com/spreadsheets/d/11EPq1k3dRWyrXfsWJWh405slQ-tyEjJj/edit
Seleccionados AC 2025,158,selected,1875,COLEGIO MAITENCILLO,DE VALPARAÍSO,SERVICIO LOCAL DE EDUCACION PUBLICA DE COSTA CENTRAL,Aulas Conectadas 2025,SELECCIONADO,,https://www.innovacion.mineduc.cl/convocatoria-2025,https://docs.google.com/spreadsheets/d/11EPq1k3dRWyrXfsWJWh405slQ-tyEjJj/edit
Seleccionados AC 2025,159,selected,1888,ESC. CDTE. ELEUTERIO RAMÍREZ MOLINA,DE VALPARAÍSO,CORP. MUNICIPAL DE EDUCACION DE QUILPUE,Aulas Conectadas 2025,SELECCIONADO,,https://www.innovacion.mineduc.cl/convocatoria-2025,https://docs.google.com/spreadsheets/d/11EPq1k3dRWyrXfsWJWh405slQ-tyEjJj/edit
Seleccionados AC 2025,160,selected,1889,COLEGIO FERNANDO DURAN VILLARREAL,DE VALPARAÍSO,CORP. MUNICIPAL DE EDUCACION DE QUILPUE,Aulas Conectadas 2025,SELECCIONADO,,https://www.innovacion.mineduc.cl/convocatoria-2025,https://docs.google.com/spreadsheets/d/11EPq1k3dRWyrXfsWJWh405slQ-tyEjJj/edit
Seleccionados AC 2025,161,selected,1890,COLEGIO JOSÉ MIGUEL INFANTE,DE VALPARAÍSO,CORP. MUNICIPAL DE EDUCACION DE QUILPUE,Aulas Conectadas 2025,SELECCIONADO,,https://www.innovacion.mineduc.cl/convocatoria-2025,https://docs.google.com/spreadsheets/d/11EPq1k3dRWyrXfsWJWh405slQ-tyEjJj/edit
Seleccionados AC 2025,162,selected,1893,ESCUELA BÁSICA DARÍO SALAS,DE VALPARAÍSO,CORP. MUNICIPAL DE EDUCACION DE QUILPUE,Aulas Conectadas 2025,SELECCIONADO,,https://www.innovacion.mineduc.cl/convocatoria-2025,https://docs.google.com/spreadsheets/d/11EPq1k3dRWyrXfsWJWh405slQ-tyEjJj/edit
Seleccionados AC 2025,163,selected,1898,ESCUELA THEODOR HEUSS,DE VALPARAÍSO,CORP. MUNICIPAL DE EDUCACION DE QUILPUE,Aulas Conectadas 2025,SELECCIONADO,,https://www.innovacion.mineduc.cl/convocatoria-2025,https://docs.google.com/spreadsheets/d/11EPq1k3dRWyrXfsWJWh405slQ-tyEjJj/edit
Seleccionados AC 2025,164,selected,1899,ESCUELA TENIENTE IGNACIO SERRANO MONTANER,DE VALPARAÍSO,CORP. MUNICIPAL DE EDUCACION DE QUILPUE,Aulas Conectadas 2025,SELECCIONADO,,https://www.innovacion.mineduc.cl/convocatoria-2025,https://docs.google.com/spreadsheets/d/11EPq1k3dRWyrXfsWJWh405slQ-tyEjJj/edit
Seleccionados AC 2025,165,selected,1963,ESCUELA BÁSICA DIEGO BARROS ARANA,DE VALPARAÍSO,CORP.MUNICIPAL PARA DES.SOCIAL-V.ALEMANA,Aulas Conectadas 2025,SELECCIONADO,,https://www.innovacion.mineduc.cl/convocatoria-2025,https://docs.google.com/spreadsheets/d/11EPq1k3dRWyrXfsWJWh405slQ-tyEjJj/edit
Seleccionados AC 2025,166,selected,1965,COLEGIO ITALO COMPOSTO SCARPATI,DE VALPARAÍSO,CORP.MUNICIPAL PARA DES.SOCIAL-V.ALEMANA,Aulas Conectadas 2025,SELECCIONADO,,https://www.innovacion.mineduc.cl/convocatoria-2025,https://docs.google.com/spreadsheets/d/11EPq1k3dRWyrXfsWJWh405slQ-tyEjJj/edit
Seleccionados AC 2025,167,selected,1970,ESCUELA DIEGO PORTALES,DE VALPARAÍSO,CORP.MUNICIPAL PARA DES.SOCIAL-V.ALEMANA,Aulas Conectadas 2025,SELECCIONADO,,https://www.innovacion.mineduc.cl/convocatoria-2025,https://docs.google.com/spreadsheets/d/11EPq1k3dRWyrXfsWJWh405slQ-tyEjJj/edit
Seleccionados AC 2025,168,selected,1975,ESCUELA JUAN BAUTISTA ALBERDI,DE VALPARAÍSO,CORP.MUNICIPAL PARA DES.SOCIAL-V.ALEMANA,Aulas Conectadas 2025,SELECCIONADO,,https://www.innovacion.mineduc.cl/convocatoria-2025,https://docs.google.com/spreadsheets/d/11EPq1k3dRWyrXfsWJWh405slQ-tyEjJj/edit
Seleccionados AC 2025,169,selected,2017,ESCUELA VILLA LAS DUNAS,DE VALPARAÍSO,ILUSTRE MUNICIPALIDAD DE SAN ANTONIO,Aulas Conectadas 2025,SELECCIONADO,,https://www.innovacion.mineduc.cl/convocatoria-2025,https://docs.google.com/spreadsheets/d/11EPq1k3dRWyrXfsWJWh405slQ-tyEjJj/edit
Seleccionados AC 2025,170,selected,2022,ESCUELA BÁSICA SAN JOSÉ DE CALASANZ,DE VALPARAÍSO,ILUSTRE MUNICIPALIDAD DE SAN ANTONIO,Aulas Conectadas 2025,SELECCIONADO,,https://www.innovacion.mineduc.cl/convocatoria-2025,https://docs.google.com/spreadsheets/d/11EPq1k3dRWyrXfsWJWh405slQ-tyEjJj/edit
Seleccionados AC 2025,171,selected,2024,PROFESOR PEDRO VIVEROS ORMEÑO,DE VALPARAÍSO,ILUSTRE MUNICIPALIDAD DE SAN ANTONIO,Aulas Conectadas 2025,SELECCIONADO,,https://www.innovacion.mineduc.cl/convocatoria-2025,https://docs.google.com/spreadsheets/d/11EPq1k3dRWyrXfsWJWh405slQ-tyEjJj/edit
Seleccionados AC 2025,172,selected,2027,ESCUELA POETA HUIDOBRO,DE VALPARAÍSO,ILUSTRE MUNICIPALIDAD DE SAN ANTONIO,Aulas Conectadas 2025,SELECCIONADO,,https://www.innovacion.mineduc.cl/convocatoria-2025,https://docs.google.com/spreadsheets/d/11EPq1k3dRWyrXfsWJWh405slQ-tyEjJj/edit
Seleccionados AC 2025,173,selected,2037,EDUARDO FERNÁNDEZ DE ASTURIAS,DE VALPARAÍSO,ILUSTRE MUNICIPALIDAD DE SAN ANTONIO,Aulas Conectadas 2025,SELECCIONADO,,https://www.innovacion.mineduc.cl/convocatoria-2025,https://docs.google.com/spreadsheets/d/11EPq1k3dRWyrXfsWJWh405slQ-tyEjJj/edit
Seleccionados AC 2025,174,selected,2078,COMPLEJO EDUCACIÓNAL CLARA SOLOVERA,DE VALPARAÍSO,ILUSTRE MUNICIPALIDAD DE EL QUISCO,Aulas Conectadas 2025,SELECCIONADO,,https://www.innovacion.mineduc.cl/convocatoria-2025,https://docs.google.com/spreadsheets/d/11EPq1k3dRWyrXfsWJWh405slQ-tyEjJj/edit
Seleccionados AC 2025,175,selected,2081,ESCUELA EL TOTORAL,DE VALPARAÍSO,ILUSTRE MUNICIPALIDAD DE EL QUISCO,Aulas Conectadas 2025,SELECCIONADO,,https://www.innovacion.mineduc.cl/convocatoria-2025,https://docs.google.com/spreadsheets/d/11EPq1k3dRWyrXfsWJWh405slQ-tyEjJj/edit
Seleccionados AC 2025,176,selected,2091,COLEGIO BICENTENARIO PEOPLE HELP PEOPLE,DE VALPARAÍSO,ILUSTRE MUNICIPALIDAD DE SANTO DOMINGO,Aulas Conectadas 2025,SELECCIONADO,,https://www.innovacion.mineduc.cl/convocatoria-2025,https://docs.google.com/spreadsheets/d/11EPq1k3dRWyrXfsWJWh405slQ-tyEjJj/edit
Seleccionados AC 2025,177,selected,2096,ESCUELA BÁSICA CLAUDIO VICUÑA,DE VALPARAÍSO,ILUSTRE MUNICIPALIDAD DE SANTO DOMINGO,Aulas Conectadas 2025,SELECCIONADO,,https://www.innovacion.mineduc.cl/convocatoria-2025,https://docs.google.com/spreadsheets/d/11EPq1k3dRWyrXfsWJWh405slQ-tyEjJj/edit
Seleccionados AC 2025,178,selected,2109,LICEO DE NIÑAS DE RANCAGUA,DEL LIBERTADOR BERNARDO OHIGGINS,CORP MUNICP SERV PUBL TRASP DE RANCAGUA,Aulas Conectadas 2025,SELECCIONADO,,https://www.innovacion.mineduc.cl/convocatoria-2025,https://docs.google.com/spreadsheets/d/11EPq1k3dRWyrXfsWJWh405slQ-tyEjJj/edit
Seleccionados AC 2025,179,selected,2123,INSTITUTO TECNOLÓGICO MINERO BERNARDO O´HIGGINS,DEL LIBERTADOR BERNARDO OHIGGINS,CORP MUNICP SERV PUBL TRASP DE RANCAGUA,Aulas Conectadas 2025,SELECCIONADO,,https://www.innovacion.mineduc.cl/convocatoria-2025,https://docs.google.com/spreadsheets/d/11EPq1k3dRWyrXfsWJWh405slQ-tyEjJj/edit
Seleccionados AC 2025,180,selected,2126,COL. JOSÉ A. MANSO DE VELASCO Y S.,DEL LIBERTADOR BERNARDO OHIGGINS,CORP MUNICP SERV PUBL TRASP DE RANCAGUA,Aulas Conectadas 2025,SELECCIONADO,,https://www.innovacion.mineduc.cl/convocatoria-2025,https://docs.google.com/spreadsheets/d/11EPq1k3dRWyrXfsWJWh405slQ-tyEjJj/edit
Seleccionados AC 2025,181,selected,2140,ESCUELA MUNICIPAL AUGUSTO D´HALMAR,DEL LIBERTADOR BERNARDO OHIGGINS,CORP MUNICP SERV PUBL TRASP DE RANCAGUA,Aulas Conectadas 2025,SELECCIONADO,,https://www.innovacion.mineduc.cl/convocatoria-2025,https://docs.google.com/spreadsheets/d/11EPq1k3dRWyrXfsWJWh405slQ-tyEjJj/edit
Seleccionados AC 2025,182,selected,2146,COLEGIO MANUEL ROJAS,DEL LIBERTADOR BERNARDO OHIGGINS,CORP MUNICP SERV PUBL TRASP DE RANCAGUA,Aulas Conectadas 2025,SELECCIONADO,,https://www.innovacion.mineduc.cl/convocatoria-2025,https://docs.google.com/spreadsheets/d/11EPq1k3dRWyrXfsWJWh405slQ-tyEjJj/edit
Seleccionados AC 2025,183,selected,2147,ESCUELA MUNICIPAL J.M. BALMACEDA,DEL LIBERTADOR BERNARDO OHIGGINS,CORP MUNICP SERV PUBL TRASP DE RANCAGUA,Aulas Conectadas 2025,SELECCIONADO,,https://www.innovacion.mineduc.cl/convocatoria-2025,https://docs.google.com/spreadsheets/d/11EPq1k3dRWyrXfsWJWh405slQ-tyEjJj/edit
Seleccionados AC 2025,184,selected,2210,ESCUELA MUNICIPAL VILLA LA COMPAÑÍA,DEL LIBERTADOR BERNARDO OHIGGINS,ILUSTRE MUNICIPALIDAD DE GRANEROS,Aulas Conectadas 2025,SELECCIONADO,,https://www.innovacion.mineduc.cl/convocatoria-2025,https://docs.google.com/spreadsheets/d/11EPq1k3dRWyrXfsWJWh405slQ-tyEjJj/edit
Seleccionados AC 2025,185,selected,2234,COLEGIO JESÚS ANDINO,DEL LIBERTADOR BERNARDO OHIGGINS,ILUSTRE MUNICIPALIDAD DE CODEGUA,Aulas Conectadas 2025,SELECCIONADO,,https://www.innovacion.mineduc.cl/convocatoria-2025,https://docs.google.com/spreadsheets/d/11EPq1k3dRWyrXfsWJWh405slQ-tyEjJj/edit
Seleccionados AC 2025,186,selected,2265,ESCUELA BERTA SAAVEDRA SEGURA,DEL LIBERTADOR BERNARDO OHIGGINS,ILUSTRE MUNICIPALIDAD DE REQUINOA,Aulas Conectadas 2025,SELECCIONADO,,https://www.innovacion.mineduc.cl/convocatoria-2025,https://docs.google.com/spreadsheets/d/11EPq1k3dRWyrXfsWJWh405slQ-tyEjJj/edit
Seleccionados AC 2025,187,selected,2267,ESC. REPÚBLICA DE FRANCIA,DEL LIBERTADOR BERNARDO OHIGGINS,ILUSTRE MUNICIPALIDAD DE REQUINOA,Aulas Conectadas 2025,SELECCIONADO,,https://www.innovacion.mineduc.cl/convocatoria-2025,https://docs.google.com/spreadsheets/d/11EPq1k3dRWyrXfsWJWh405slQ-tyEjJj/edit
Seleccionados AC 2025,188,selected,2275,ESCUELA DAVID DEL CURTO,DEL LIBERTADOR BERNARDO OHIGGINS,ILUSTRE MUNICIPALIDAD DE REQUINOA,Aulas Conectadas 2025,SELECCIONADO,,https://www.innovacion.mineduc.cl/convocatoria-2025,https://docs.google.com/spreadsheets/d/11EPq1k3dRWyrXfsWJWh405slQ-tyEjJj/edit
Seleccionados AC 2025,189,selected,2279,ESCUELA CANADA,DEL LIBERTADOR BERNARDO OHIGGINS,ILUSTRE MUNICIPALIDAD DE REQUINOA,Aulas Conectadas 2025,SELECCIONADO,,https://www.innovacion.mineduc.cl/convocatoria-2025,https://docs.google.com/spreadsheets/d/11EPq1k3dRWyrXfsWJWh405slQ-tyEjJj/edit
Seleccionados AC 2025,190,selected,2282,COLEGIO MUNICIPAL LO DE LOBO,DEL LIBERTADOR BERNARDO OHIGGINS,ILUSTRE MUNICIPALIDAD DE RENGO,Aulas Conectadas 2025,SELECCIONADO,,https://www.innovacion.mineduc.cl/convocatoria-2025,https://docs.google.com/spreadsheets/d/11EPq1k3dRWyrXfsWJWh405slQ-tyEjJj/edit
Seleccionados AC 2025,191,selected,2286,COLEGIO MUNICIPAL LUIS GALDAMES,DEL LIBERTADOR BERNARDO OHIGGINS,ILUSTRE MUNICIPALIDAD DE RENGO,Aulas Conectadas 2025,SELECCIONADO,,https://www.innovacion.mineduc.cl/convocatoria-2025,https://docs.google.com/spreadsheets/d/11EPq1k3dRWyrXfsWJWh405slQ-tyEjJj/edit
Seleccionados AC 2025,192,selected,2288,ESCUELA CARLOS CONDELL DE LA HAZA,DEL LIBERTADOR BERNARDO OHIGGINS,ILUSTRE MUNICIPALIDAD DE RENGO,Aulas Conectadas 2025,SELECCIONADO,,https://www.innovacion.mineduc.cl/convocatoria-2025,https://docs.google.com/spreadsheets/d/11EPq1k3dRWyrXfsWJWh405slQ-tyEjJj/edit
Seleccionados AC 2025,193,selected,2292,ESCUELA VICENTE HUIDOBRO,DEL LIBERTADOR BERNARDO OHIGGINS,ILUSTRE MUNICIPALIDAD DE RENGO,Aulas Conectadas 2025,SELECCIONADO,,https://www.innovacion.mineduc.cl/convocatoria-2025,https://docs.google.com/spreadsheets/d/11EPq1k3dRWyrXfsWJWh405slQ-tyEjJj/edit
Seleccionados AC 2025,194,selected,2294,COLEGIO MUNICIPAL LA ESMERALDA,DEL LIBERTADOR BERNARDO OHIGGINS,ILUSTRE MUNICIPALIDAD DE RENGO,Aulas Conectadas 2025,SELECCIONADO,,https://www.innovacion.mineduc.cl/convocatoria-2025,https://docs.google.com/spreadsheets/d/11EPq1k3dRWyrXfsWJWh405slQ-tyEjJj/edit
Seleccionados AC 2025,195,selected,2301,COLEGIO MUNICIPAL DE APALTA,DEL LIBERTADOR BERNARDO OHIGGINS,ILUSTRE MUNICIPALIDAD DE RENGO,Aulas Conectadas 2025,SELECCIONADO,,https://www.innovacion.mineduc.cl/convocatoria-2025,https://docs.google.com/spreadsheets/d/11EPq1k3dRWyrXfsWJWh405slQ-tyEjJj/edit
Seleccionados AC 2025,196,selected,2302,ESCUELA BÁSICA VÍCTOR NICOLETTI TAMANINI,DEL LIBERTADOR BERNARDO OHIGGINS,ILUSTRE MUNICIPALIDAD DE RENGO,Aulas Conectadas 2025,SELECCIONADO,,https://www.innovacion.mineduc.cl/convocatoria-2025,https://docs.google.com/spreadsheets/d/11EPq1k3dRWyrXfsWJWh405slQ-tyEjJj/edit
Seleccionados AC 2025,197,selected,2312,ESCUELA MUNICIPAL DE PANQUEHUE,DEL LIBERTADOR BERNARDO OHIGGINS,ILUSTRE MUNICIPALIDAD DE MALLOA,Aulas Conectadas 2025,SELECCIONADO,,https://www.innovacion.mineduc.cl/convocatoria-2025,https://docs.google.com/spreadsheets/d/11EPq1k3dRWyrXfsWJWh405slQ-tyEjJj/edit
Seleccionados AC 2025,198,selected,2329,LICEO IGNACIO CARRERA PINTO,DEL LIBERTADOR BERNARDO OHIGGINS,CORP DESARROLLO DE SAN VICENTE DE T.T.,Aulas Conectadas 2025,SELECCIONADO,,https://www.innovacion.mineduc.cl/convocatoria-2025,https://docs.google.com/spreadsheets/d/11EPq1k3dRWyrXfsWJWh405slQ-tyEjJj/edit
Seleccionados AC 2025,199,selected,2334,ESCUELA MUNICIPAL RASTROJOS,DEL LIBERTADOR BERNARDO OHIGGINS,CORP DESARROLLO DE SAN VICENTE DE T.T.,Aulas Conectadas 2025,SELECCIONADO,,https://www.innovacion.mineduc.cl/convocatoria-2025,https://docs.google.com/spreadsheets/d/11EPq1k3dRWyrXfsWJWh405slQ-tyEjJj/edit
Seleccionados AC 2025,200,selected,2360,CENTRO EDUCATIVO SIGLO XXI,DEL LIBERTADOR BERNARDO OHIGGINS,ILUSTRE MUNICIPALIDAD DE PICHIDEGUA,Aulas Conectadas 2025,SELECCIONADO,,https://www.innovacion.mineduc.cl/convocatoria-2025,https://docs.google.com/spreadsheets/d/11EPq1k3dRWyrXfsWJWh405slQ-tyEjJj/edit
Seleccionados AC 2025,201,selected,2362,ESCUELA AMELIA LYNCH DE LYON,DEL LIBERTADOR BERNARDO OHIGGINS,ILUSTRE MUNICIPALIDAD DE PICHIDEGUA,Aulas Conectadas 2025,SELECCIONADO,,https://www.innovacion.mineduc.cl/convocatoria-2025,https://docs.google.com/spreadsheets/d/11EPq1k3dRWyrXfsWJWh405slQ-tyEjJj/edit
Seleccionados AC 2025,202,selected,2363,ESCUELA MUNICIPAL DE SAN ROBERTO,DEL LIBERTADOR BERNARDO OHIGGINS,ILUSTRE MUNICIPALIDAD DE PICHIDEGUA,Aulas Conectadas 2025,SELECCIONADO,,https://www.innovacion.mineduc.cl/convocatoria-2025,https://docs.google.com/spreadsheets/d/11EPq1k3dRWyrXfsWJWh405slQ-tyEjJj/edit
Seleccionados AC 2025,203,selected,2364,ESCUELA REINO DE DINAMARCA,DEL LIBERTADOR BERNARDO OHIGGINS,ILUSTRE MUNICIPALIDAD DE PICHIDEGUA,Aulas Conectadas 2025,SELECCIONADO,,https://www.innovacion.mineduc.cl/convocatoria-2025,https://docs.google.com/spreadsheets/d/11EPq1k3dRWyrXfsWJWh405slQ-tyEjJj/edit
Seleccionados AC 2025,204,selected,2375,LICEO BICENTENARIO LATINOAMERICANO DE PICHIDEGUA,DEL LIBERTADOR BERNARDO OHIGGINS,ILUSTRE MUNICIPALIDAD DE PICHIDEGUA,Aulas Conectadas 2025,SELECCIONADO,,https://www.innovacion.mineduc.cl/convocatoria-2025,https://docs.google.com/spreadsheets/d/11EPq1k3dRWyrXfsWJWh405slQ-tyEjJj/edit
Seleccionados AC 2025,205,selected,2387,ESCUELA MUNICIPAL OSVALDO RUIZ GARCÍA,DEL LIBERTADOR BERNARDO OHIGGINS,ILUSTRE MUNICIPALIDAD DE COLTAUCO,Aulas Conectadas 2025,SELECCIONADO,,https://www.innovacion.mineduc.cl/convocatoria-2025,https://docs.google.com/spreadsheets/d/11EPq1k3dRWyrXfsWJWh405slQ-tyEjJj/edit
Seleccionados AC 2025,206,selected,2395,ESCUELA MUNICIPAL DE VIÑA LA CRUZ,DEL LIBERTADOR BERNARDO OHIGGINS,ILUSTRE MUNICIPALIDAD DE COLTAUCO,Aulas Conectadas 2025,SELECCIONADO,,https://www.innovacion.mineduc.cl/convocatoria-2025,https://docs.google.com/spreadsheets/d/11EPq1k3dRWyrXfsWJWh405slQ-tyEjJj/edit
Seleccionados AC 2025,207,selected,2409,ESCUELA MUNICIPAL COPEQUEN,DEL LIBERTADOR BERNARDO OHIGGINS,ILUSTRE MUNICIPALIDAD DE COINCO,Aulas Conectadas 2025,SELECCIONADO,,https://www.innovacion.mineduc.cl/convocatoria-2025,https://docs.google.com/spreadsheets/d/11EPq1k3dRWyrXfsWJWh405slQ-tyEjJj/edit
Seleccionados AC 2025,208,selected,2424,ESCUELA OSVALDO CORREA FUENZALIDA,DEL LIBERTADOR BERNARDO OHIGGINS,ILUSTRE MUNICIPALIDAD DE LAS CABRAS,Aulas Conectadas 2025,SELECCIONADO,,https://www.innovacion.mineduc.cl/convocatoria-2025,https://docs.google.com/spreadsheets/d/11EPq1k3dRWyrXfsWJWh405slQ-tyEjJj/edit
Seleccionados AC 2025,209,selected,2425,ESCUELA MUNICIPAL DE LOS AROMOS,DEL LIBERTADOR BERNARDO OHIGGINS,ILUSTRE MUNICIPALIDAD DE LAS CABRAS,Aulas Conectadas 2025,SELECCIONADO,,https://www.innovacion.mineduc.cl/convocatoria-2025,https://docs.google.com/spreadsheets/d/11EPq1k3dRWyrXfsWJWh405slQ-tyEjJj/edit
Seleccionados AC 2025,210,selected,2428,ESCUELA REPÚBLICA DE GRECIA,DEL LIBERTADOR BERNARDO OHIGGINS,ILUSTRE MUNICIPALIDAD DE LAS CABRAS,Aulas Conectadas 2025,SELECCIONADO,,https://www.innovacion.mineduc.cl/convocatoria-2025,https://docs.google.com/spreadsheets/d/11EPq1k3dRWyrXfsWJWh405slQ-tyEjJj/edit
Seleccionados AC 2025,211,selected,2429,COLEGIO INÉS DE SUÁREZ,DEL LIBERTADOR BERNARDO OHIGGINS,ILUSTRE MUNICIPALIDAD DE LAS CABRAS,Aulas Conectadas 2025,SELECCIONADO,,https://www.innovacion.mineduc.cl/convocatoria-2025,https://docs.google.com/spreadsheets/d/11EPq1k3dRWyrXfsWJWh405slQ-tyEjJj/edit
Seleccionados AC 2025,212,selected,2442,LICEO TÉCNICO BICENTENARIO FELISA TOLUP,DEL LIBERTADOR BERNARDO OHIGGINS,FUND. NACIONAL DEL COMERCIO PARA LA EDUCACION,Aulas Conectadas 2025,SELECCIONADO,,https://www.innovacion.mineduc.cl/convocatoria-2025,https://docs.google.com/spreadsheets/d/11EPq1k3dRWyrXfsWJWh405slQ-tyEjJj/edit
Seleccionados AC 2025,213,selected,2444,INSTITUTO COMERCIAL ALBERTO VALENZUELA LLANOS DE SAN FERNANDO,DEL LIBERTADOR BERNARDO OHIGGINS,SERVICIO LOCAL DE EDUCACION DE COLCHAGUA,Aulas Conectadas 2025,SELECCIONADO,,https://www.innovacion.mineduc.cl/convocatoria-2025,https://docs.google.com/spreadsheets/d/11EPq1k3dRWyrXfsWJWh405slQ-tyEjJj/edit
Seleccionados AC 2025,214,selected,2447,LICEO DE HOMBRES NEANDRO SCHILLING,DEL LIBERTADOR BERNARDO OHIGGINS,SERVICIO LOCAL DE EDUCACION DE COLCHAGUA,Aulas Conectadas 2025,SELECCIONADO,,https://www.innovacion.mineduc.cl/convocatoria-2025,https://docs.google.com/spreadsheets/d/11EPq1k3dRWyrXfsWJWh405slQ-tyEjJj/edit
Seleccionados AC 2025,215,selected,2456,ESCUELA OLEGARIO LAZO BAEZA,DEL LIBERTADOR BERNARDO OHIGGINS,SERVICIO LOCAL DE EDUCACION DE COLCHAGUA,Aulas Conectadas 2025,SELECCIONADO,,https://www.innovacion.mineduc.cl/convocatoria-2025,https://docs.google.com/spreadsheets/d/11EPq1k3dRWyrXfsWJWh405slQ-tyEjJj/edit
Seleccionados AC 2025,216,selected,2457,ESCUELA BÁSICA ISABEL LA CATÓLICA,DEL LIBERTADOR BERNARDO OHIGGINS,SERVICIO LOCAL DE EDUCACION DE COLCHAGUA,Aulas Conectadas 2025,SELECCIONADO,,https://www.innovacion.mineduc.cl/convocatoria-2025,https://docs.google.com/spreadsheets/d/11EPq1k3dRWyrXfsWJWh405slQ-tyEjJj/edit
Seleccionados AC 2025,217,selected,2461,ESCUELA VILLA CENTINELA,DEL LIBERTADOR BERNARDO OHIGGINS,SERVICIO LOCAL DE EDUCACION DE COLCHAGUA,Aulas Conectadas 2025,SELECCIONADO,,https://www.innovacion.mineduc.cl/convocatoria-2025,https://docs.google.com/spreadsheets/d/11EPq1k3dRWyrXfsWJWh405slQ-tyEjJj/edit
Seleccionados AC 2025,218,selected,2462,ESCUELA WASHINGTON OMAR VENEGAS,DEL LIBERTADOR BERNARDO OHIGGINS,SERVICIO LOCAL DE EDUCACION DE COLCHAGUA,Aulas Conectadas 2025,SELECCIONADO,,https://www.innovacion.mineduc.cl/convocatoria-2025,https://docs.google.com/spreadsheets/d/11EPq1k3dRWyrXfsWJWh405slQ-tyEjJj/edit
Seleccionados AC 2025,219,selected,2465,ESCUELA CONCENTRAC. RURAL SERGIO VERDUGO HERRERA,DEL LIBERTADOR BERNARDO OHIGGINS,SERVICIO LOCAL DE EDUCACION DE COLCHAGUA,Aulas Conectadas 2025,SELECCIONADO,,https://www.innovacion.mineduc.cl/convocatoria-2025,https://docs.google.com/spreadsheets/d/11EPq1k3dRWyrXfsWJWh405slQ-tyEjJj/edit
Seleccionados AC 2025,220,selected,2469,ESCUELA ABRAHAM LINCOLN DE AGUA BUENA,DEL LIBERTADOR BERNARDO OHIGGINS,SERVICIO LOCAL DE EDUCACION DE COLCHAGUA,Aulas Conectadas 2025,SELECCIONADO,,https://www.innovacion.mineduc.cl/convocatoria-2025,https://docs.google.com/spreadsheets/d/11EPq1k3dRWyrXfsWJWh405slQ-tyEjJj/edit
Seleccionados AC 2025,221,selected,2487,ESCUELA BAS. FERNANDO ARENAS ALMARZA,DEL LIBERTADOR BERNARDO OHIGGINS,SERVICIO LOCAL DE EDUCACION DE COLCHAGUA,Aulas Conectadas 2025,SELECCIONADO,,https://www.innovacion.mineduc.cl/convocatoria-2025,https://docs.google.com/spreadsheets/d/11EPq1k3dRWyrXfsWJWh405slQ-tyEjJj/edit
Seleccionados AC 2025,222,selected,2488,ESCUELA MUNICIPAL E-456,DEL LIBERTADOR BERNARDO OHIGGINS,SERVICIO LOCAL DE EDUCACION DE COLCHAGUA,Aulas Conectadas 2025,SELECCIONADO,,https://www.innovacion.mineduc.cl/convocatoria-2025,https://docs.google.com/spreadsheets/d/11EPq1k3dRWyrXfsWJWh405slQ-tyEjJj/edit
Seleccionados AC 2025,223,selected,2489,ESCUELA BAS. VILLA CONVENTO VIEJO,DEL LIBERTADOR BERNARDO OHIGGINS,SERVICIO LOCAL DE EDUCACION DE COLCHAGUA,Aulas Conectadas 2025,SELECCIONADO,,https://www.innovacion.mineduc.cl/convocatoria-2025,https://docs.google.com/spreadsheets/d/11EPq1k3dRWyrXfsWJWh405slQ-tyEjJj/edit
Seleccionados AC 2025,224,selected,2492,ESCUELA MUNICIPAL F415 LO GONZÁLEZ,DEL LIBERTADOR BERNARDO OHIGGINS,SERVICIO LOCAL DE EDUCACION DE COLCHAGUA,Aulas Conectadas 2025,SELECCIONADO,,https://www.innovacion.mineduc.cl/convocatoria-2025,https://docs.google.com/spreadsheets/d/11EPq1k3dRWyrXfsWJWh405slQ-tyEjJj/edit
Seleccionados AC 2025,225,selected,2495,ESCUELA MUNICIPAL F451 CODEGUA,DEL LIBERTADOR BERNARDO OHIGGINS,SERVICIO LOCAL DE EDUCACION DE COLCHAGUA,Aulas Conectadas 2025,SELECCIONADO,,https://www.innovacion.mineduc.cl/convocatoria-2025,https://docs.google.com/spreadsheets/d/11EPq1k3dRWyrXfsWJWh405slQ-tyEjJj/edit
Seleccionados AC 2025,226,selected,2508,ESCUELA SANTA EUGENIA,DEL LIBERTADOR BERNARDO OHIGGINS,SERVICIO LOCAL DE EDUCACION DE COLCHAGUA,Aulas Conectadas 2025,SELECCIONADO,,https://www.innovacion.mineduc.cl/convocatoria-2025,https://docs.google.com/spreadsheets/d/11EPq1k3dRWyrXfsWJWh405slQ-tyEjJj/edit
Seleccionados AC 2025,227,selected,2518,LICEO SAN FRANCISCO,DEL LIBERTADOR BERNARDO OHIGGINS,SERVICIO LOCAL DE EDUCACION DE COLCHAGUA,Aulas Conectadas 2025,SELECCIONADO,,https://www.innovacion.mineduc.cl/convocatoria-2025,https://docs.google.com/spreadsheets/d/11EPq1k3dRWyrXfsWJWh405slQ-tyEjJj/edit
Seleccionados AC 2025,228,selected,2520,ESCUELA MUNICIPAL LA DEHESA,DEL LIBERTADOR BERNARDO OHIGGINS,SERVICIO LOCAL DE EDUCACION DE COLCHAGUA,Aulas Conectadas 2025,SELECCIONADO,,https://www.innovacion.mineduc.cl/convocatoria-2025,https://docs.google.com/spreadsheets/d/11EPq1k3dRWyrXfsWJWh405slQ-tyEjJj/edit
Seleccionados AC 2025,229,selected,2525,COLEGIO BÁSICO CONSOLIDADO,DEL LIBERTADOR BERNARDO OHIGGINS,SERVICIO LOCAL DE EDUCACION DE COLCHAGUA,Aulas Conectadas 2025,SELECCIONADO,,https://www.innovacion.mineduc.cl/convocatoria-2025,https://docs.google.com/spreadsheets/d/11EPq1k3dRWyrXfsWJWh405slQ-tyEjJj/edit
Seleccionados AC 2025,230,selected,2527,ESCUELA BÁSICA PUQUILLAY,DEL LIBERTADOR BERNARDO OHIGGINS,SERVICIO LOCAL DE EDUCACION DE COLCHAGUA,Aulas Conectadas 2025,SELECCIONADO,,https://www.innovacion.mineduc.cl/convocatoria-2025,https://docs.google.com/spreadsheets/d/11EPq1k3dRWyrXfsWJWh405slQ-tyEjJj/edit
Seleccionados AC 2025,231,selected,2528,ESCUELA BAS. ADRIANA LYON VIAL,DEL LIBERTADOR BERNARDO OHIGGINS,SERVICIO LOCAL DE EDUCACION DE COLCHAGUA,Aulas Conectadas 2025,SELECCIONADO,,https://www.innovacion.mineduc.cl/convocatoria-2025,https://docs.google.com/spreadsheets/d/11EPq1k3dRWyrXfsWJWh405slQ-tyEjJj/edit
Seleccionados AC 2025,232,selected,2530,LICEO MUNICIPAL JUAN PABLO II,DEL LIBERTADOR BERNARDO OHIGGINS,SERVICIO LOCAL DE EDUCACION DE COLCHAGUA,Aulas Conectadas 2025,SELECCIONADO,,https://www.innovacion.mineduc.cl/convocatoria-2025,https://docs.google.com/spreadsheets/d/11EPq1k3dRWyrXfsWJWh405slQ-tyEjJj/edit
Seleccionados AC 2025,233,selected,2636,ESCUELA PUEBLO DE VIUDAS,DEL LIBERTADOR BERNARDO OHIGGINS,ILUSTRE MUNICIPALIDAD DE PICHILEMU,Aulas Conectadas 2025,SELECCIONADO,,https://www.innovacion.mineduc.cl/convocatoria-2025,https://docs.google.com/spreadsheets/d/11EPq1k3dRWyrXfsWJWh405slQ-tyEjJj/edit
Seleccionados AC 2025,234,selected,2650,ESCUELA CAHUIL,DEL LIBERTADOR BERNARDO OHIGGINS,ILUSTRE MUNICIPALIDAD DE PICHILEMU,Aulas Conectadas 2025,SELECCIONADO,,https://www.innovacion.mineduc.cl/convocatoria-2025,https://docs.google.com/spreadsheets/d/11EPq1k3dRWyrXfsWJWh405slQ-tyEjJj/edit
Seleccionados AC 2025,235,selected,2701,LICEO MUNICIPAL INSTITUTO CARDENAL CARO,DEL LIBERTADOR BERNARDO OHIGGINS,ILUSTRE MUNICIPALIDAD DE MARCHIGUE,Aulas Conectadas 2025,SELECCIONADO,,https://www.innovacion.mineduc.cl/convocatoria-2025,https://docs.google.com/spreadsheets/d/11EPq1k3dRWyrXfsWJWh405slQ-tyEjJj/edit
Seleccionados AC 2025,236,selected,2707,ESCUELA MUNICIPAL NÓBELES DE CHILE,DEL LIBERTADOR BERNARDO OHIGGINS,ILUSTRE MUNICIPALIDAD DE MARCHIGUE,Aulas Conectadas 2025,SELECCIONADO,,https://www.innovacion.mineduc.cl/convocatoria-2025,https://docs.google.com/spreadsheets/d/11EPq1k3dRWyrXfsWJWh405slQ-tyEjJj/edit
Seleccionados AC 2025,237,selected,2715,ESC.BÁSICA MERCEDES URZUA DÍAZ,DEL LIBERTADOR BERNARDO OHIGGINS,ILUSTRE MUNICIPALIDAD DE PAREDONES,Aulas Conectadas 2025,SELECCIONADO,,https://www.innovacion.mineduc.cl/convocatoria-2025,https://docs.google.com/spreadsheets/d/11EPq1k3dRWyrXfsWJWh405slQ-tyEjJj/edit
Seleccionados AC 2025,238,selected,2730,CENTRO EDUCATIVO INTEGRAL DE CURICÓ (CEIC),DEL MAULE,ILUSTRE MUNICIPALIDAD DE CURICO,Aulas Conectadas 2025,SELECCIONADO,,https://www.innovacion.mineduc.cl/convocatoria-2025,https://docs.google.com/spreadsheets/d/11EPq1k3dRWyrXfsWJWh405slQ-tyEjJj/edit
Seleccionados AC 2025,239,selected,2732,LICEO FERNANDO LAZCANO,DEL MAULE,ILUSTRE MUNICIPALIDAD DE CURICO,Aulas Conectadas 2025,SELECCIONADO,,https://www.innovacion.mineduc.cl/convocatoria-2025,https://docs.google.com/spreadsheets/d/11EPq1k3dRWyrXfsWJWh405slQ-tyEjJj/edit
Seleccionados AC 2025,240,selected,2737,COLEGIO POLIVALENTE JAPÓN,DEL MAULE,ILUSTRE MUNICIPALIDAD DE CURICO,Aulas Conectadas 2025,SELECCIONADO,,https://www.innovacion.mineduc.cl/convocatoria-2025,https://docs.google.com/spreadsheets/d/11EPq1k3dRWyrXfsWJWh405slQ-tyEjJj/edit
Seleccionados AC 2025,241,selected,2748,ESCUELA REPÚBLICA ARGENTINA,DEL MAULE,ILUSTRE MUNICIPALIDAD DE CURICO,Aulas Conectadas 2025,SELECCIONADO,,https://www.innovacion.mineduc.cl/convocatoria-2025,https://docs.google.com/spreadsheets/d/11EPq1k3dRWyrXfsWJWh405slQ-tyEjJj/edit
Seleccionados AC 2025,242,selected,2756,ESCUELA DIEGO PORTALES P.,DEL MAULE,ILUSTRE MUNICIPALIDAD DE CURICO,Aulas Conectadas 2025,SELECCIONADO,,https://www.innovacion.mineduc.cl/convocatoria-2025,https://docs.google.com/spreadsheets/d/11EPq1k3dRWyrXfsWJWh405slQ-tyEjJj/edit
Seleccionados AC 2025,243,selected,2761,ESCUELA LA OBRA,DEL MAULE,ILUSTRE MUNICIPALIDAD DE CURICO,Aulas Conectadas 2025,SELECCIONADO,,https://www.innovacion.mineduc.cl/convocatoria-2025,https://docs.google.com/spreadsheets/d/11EPq1k3dRWyrXfsWJWh405slQ-tyEjJj/edit
Seleccionados AC 2025,244,selected,2795,ESCUELA TENO,DEL MAULE,ILUSTRE MUNICIPALIDAD DE TENO,Aulas Conectadas 2025,SELECCIONADO,,https://www.innovacion.mineduc.cl/convocatoria-2025,https://docs.google.com/spreadsheets/d/11EPq1k3dRWyrXfsWJWh405slQ-tyEjJj/edit
Seleccionados AC 2025,245,selected,2817,ESCUELA SAN CRISTOBAL,DEL MAULE,ILUSTRE MUNICIPALIDAD DE TENO,Aulas Conectadas 2025,SELECCIONADO,,https://www.innovacion.mineduc.cl/convocatoria-2025,https://docs.google.com/spreadsheets/d/11EPq1k3dRWyrXfsWJWh405slQ-tyEjJj/edit
Seleccionados AC 2025,246,selected,2836,LICEO JUAN AGUSTÍN MORALES GONZÁLEZ,DEL MAULE,ILUSTRE MUNICIPALIDAD DE MOLINA,Aulas Conectadas 2025,SELECCIONADO,,https://www.innovacion.mineduc.cl/convocatoria-2025,https://docs.google.com/spreadsheets/d/11EPq1k3dRWyrXfsWJWh405slQ-tyEjJj/edit
Seleccionados AC 2025,247,selected,2843,ESCUELA EL PROGRESO,DEL MAULE,ILUSTRE MUNICIPALIDAD DE MOLINA,Aulas Conectadas 2025,SELECCIONADO,,https://www.innovacion.mineduc.cl/convocatoria-2025,https://docs.google.com/spreadsheets/d/11EPq1k3dRWyrXfsWJWh405slQ-tyEjJj/edit
Seleccionados AC 2025,248,selected,2882,LICEO BICENTENARIO HUALAÑE,DEL MAULE,ILUSTRE MUNICIPALIDAD DE HUALANE,Aulas Conectadas 2025,SELECCIONADO,,https://www.innovacion.mineduc.cl/convocatoria-2025,https://docs.google.com/spreadsheets/d/11EPq1k3dRWyrXfsWJWh405slQ-tyEjJj/edit
Seleccionados AC 2025,249,selected,2894,ESCUELA AMELIA VIAL DE CONCHA,DEL MAULE,ILUSTRE MUNICIPALIDAD DE HUALANE,Aulas Conectadas 2025,SELECCIONADO,,https://www.innovacion.mineduc.cl/convocatoria-2025,https://docs.google.com/spreadsheets/d/11EPq1k3dRWyrXfsWJWh405slQ-tyEjJj/edit
Seleccionados AC 2025,250,selected,2917,ESCUELA RAUCO,DEL MAULE,ILUSTRE MUNICIPALIDAD DE RAUCO,Aulas Conectadas 2025,SELECCIONADO,,https://www.innovacion.mineduc.cl/convocatoria-2025,https://docs.google.com/spreadsheets/d/11EPq1k3dRWyrXfsWJWh405slQ-tyEjJj/edit
Seleccionados AC 2025,251,selected,2920,ESCUELA LUIS LEYTON RUBIO,DEL MAULE,ILUSTRE MUNICIPALIDAD DE RAUCO,Aulas Conectadas 2025,SELECCIONADO,,https://www.innovacion.mineduc.cl/convocatoria-2025,https://docs.google.com/spreadsheets/d/11EPq1k3dRWyrXfsWJWh405slQ-tyEjJj/edit
Seleccionados AC 2025,252,selected,2927,ESCUELA EL PLUMERO,DEL MAULE,ILUSTRE MUNICIPALIDAD DE RAUCO,Aulas Conectadas 2025,SELECCIONADO,,https://www.innovacion.mineduc.cl/convocatoria-2025,https://docs.google.com/spreadsheets/d/11EPq1k3dRWyrXfsWJWh405slQ-tyEjJj/edit
Seleccionados AC 2025,253,selected,2931,ESCUELA INÉS SYLVESTER DE ARTOZÓN,DEL MAULE,ILUSTRE MUNICIPALIDAD DE TALCA,Aulas Conectadas 2025,SELECCIONADO,,https://www.innovacion.mineduc.cl/convocatoria-2025,https://docs.google.com/spreadsheets/d/11EPq1k3dRWyrXfsWJWh405slQ-tyEjJj/edit
Seleccionados AC 2025,254,selected,2939,LICEO BICENTENARIO DIEGO PORTALES,DEL MAULE,ILUSTRE MUNICIPALIDAD DE TALCA,Aulas Conectadas 2025,SELECCIONADO,,https://www.innovacion.mineduc.cl/convocatoria-2025,https://docs.google.com/spreadsheets/d/11EPq1k3dRWyrXfsWJWh405slQ-tyEjJj/edit
Seleccionados AC 2025,255,selected,2941,ESCUELA HERMANO GUIDO GOOSSENS,DEL MAULE,ILUSTRE MUNICIPALIDAD DE TALCA,Aulas Conectadas 2025,SELECCIONADO,,https://www.innovacion.mineduc.cl/convocatoria-2025,https://docs.google.com/spreadsheets/d/11EPq1k3dRWyrXfsWJWh405slQ-tyEjJj/edit
Seleccionados AC 2025,256,selected,2951,ESCUELA LA FLORIDA,DEL MAULE,ILUSTRE MUNICIPALIDAD DE TALCA,Aulas Conectadas 2025,SELECCIONADO,,https://www.innovacion.mineduc.cl/convocatoria-2025,https://docs.google.com/spreadsheets/d/11EPq1k3dRWyrXfsWJWh405slQ-tyEjJj/edit
Seleccionados AC 2025,257,selected,2955,ESCUELA FELIPE CUBILLOS BRILLA EL SOL,DEL MAULE,ILUSTRE MUNICIPALIDAD DE TALCA,Aulas Conectadas 2025,SELECCIONADO,,https://www.innovacion.mineduc.cl/convocatoria-2025,https://docs.google.com/spreadsheets/d/11EPq1k3dRWyrXfsWJWh405slQ-tyEjJj/edit
Seleccionados AC 2025,258,selected,2959,LORENZO VAROLI GHERARDI,DEL MAULE,ILUSTRE MUNICIPALIDAD DE TALCA,Aulas Conectadas 2025,SELECCIONADO,,https://www.innovacion.mineduc.cl/convocatoria-2025,https://docs.google.com/spreadsheets/d/11EPq1k3dRWyrXfsWJWh405slQ-tyEjJj/edit
Seleccionados AC 2025,259,selected,2966,ESCUELA COSTANERA,DEL MAULE,ILUSTRE MUNICIPALIDAD DE TALCA,Aulas Conectadas 2025,SELECCIONADO,,https://www.innovacion.mineduc.cl/convocatoria-2025,https://docs.google.com/spreadsheets/d/11EPq1k3dRWyrXfsWJWh405slQ-tyEjJj/edit
Seleccionados AC 2025,260,selected,2975,ESCUELA HUILQUILEMU,DEL MAULE,ILUSTRE MUNICIPALIDAD DE TALCA,Aulas Conectadas 2025,SELECCIONADO,,https://www.innovacion.mineduc.cl/convocatoria-2025,https://docs.google.com/spreadsheets/d/11EPq1k3dRWyrXfsWJWh405slQ-tyEjJj/edit
Seleccionados AC 2025,261,selected,2977,ESCUELA VIÑA PURISIMA,DEL MAULE,ILUSTRE MUNICIPALIDAD DE TALCA,Aulas Conectadas 2025,SELECCIONADO,,https://www.innovacion.mineduc.cl/convocatoria-2025,https://docs.google.com/spreadsheets/d/11EPq1k3dRWyrXfsWJWh405slQ-tyEjJj/edit
Seleccionados AC 2025,262,selected,3110,COMPLEJO EDUCACIÓNAL MAULE,DEL MAULE,ILUSTRE MUNICIPALIDAD DE MAULE,Aulas Conectadas 2025,SELECCIONADO,,https://www.innovacion.mineduc.cl/convocatoria-2025,https://docs.google.com/spreadsheets/d/11EPq1k3dRWyrXfsWJWh405slQ-tyEjJj/edit
Seleccionados AC 2025,263,selected,3113,ESCUELA COLÍN,DEL MAULE,ILUSTRE MUNICIPALIDAD DE MAULE,Aulas Conectadas 2025,SELECCIONADO,,https://www.innovacion.mineduc.cl/convocatoria-2025,https://docs.google.com/spreadsheets/d/11EPq1k3dRWyrXfsWJWh405slQ-tyEjJj/edit
Seleccionados AC 2025,264,selected,3114,ESCUELA CHACARILLA,DEL MAULE,ILUSTRE MUNICIPALIDAD DE MAULE,Aulas Conectadas 2025,SELECCIONADO,,https://www.innovacion.mineduc.cl/convocatoria-2025,https://docs.google.com/spreadsheets/d/11EPq1k3dRWyrXfsWJWh405slQ-tyEjJj/edit
Seleccionados AC 2025,265,selected,3117,ESCUELA RURAL NUMPAY,DEL MAULE,ILUSTRE MUNICIPALIDAD DE MAULE,Aulas Conectadas 2025,SELECCIONADO,,https://www.innovacion.mineduc.cl/convocatoria-2025,https://docs.google.com/spreadsheets/d/11EPq1k3dRWyrXfsWJWh405slQ-tyEjJj/edit
Seleccionados AC 2025,266,selected,3166,ESCUELA ENRIQUE DONN MULLER,DEL MAULE,SERVICIO LOCAL DE EDUCACIÓN PÚBLICA DE MAULE COSTA,Aulas Conectadas 2025,SELECCIONADO,,https://www.innovacion.mineduc.cl/convocatoria-2025,https://docs.google.com/spreadsheets/d/11EPq1k3dRWyrXfsWJWh405slQ-tyEjJj/edit
Seleccionados AC 2025,267,selected,3168,ESCUELA SUPERIOR NUEVA BILBAO,DEL MAULE,SERVICIO LOCAL DE EDUCACIÓN PÚBLICA DE MAULE COSTA,Aulas Conectadas 2025,SELECCIONADO,,https://www.innovacion.mineduc.cl/convocatoria-2025,https://docs.google.com/spreadsheets/d/11EPq1k3dRWyrXfsWJWh405slQ-tyEjJj/edit
Seleccionados AC 2025,268,selected,3169,ESCUELA CERRO ALTO JOSÉ OPAZO DÍAZ,DEL MAULE,SERVICIO LOCAL DE EDUCACIÓN PÚBLICA DE MAULE COSTA,Aulas Conectadas 2025,SELECCIONADO,,https://www.innovacion.mineduc.cl/convocatoria-2025,https://docs.google.com/spreadsheets/d/11EPq1k3dRWyrXfsWJWh405slQ-tyEjJj/edit
Seleccionados AC 2025,269,selected,3172,LICEO BICENTENARIO DE EXCELENCIA TECNICO PROFESIONAL PUTÚ,DEL MAULE,SERVICIO LOCAL DE EDUCACIÓN PÚBLICA DE MAULE COSTA,Aulas Conectadas 2025,SELECCIONADO,,https://www.innovacion.mineduc.cl/convocatoria-2025,https://docs.google.com/spreadsheets/d/11EPq1k3dRWyrXfsWJWh405slQ-tyEjJj/edit
Seleccionados AC 2025,270,selected,3173,LICEO RURAL ENRIQUE MAC IVER,DEL MAULE,SERVICIO LOCAL DE EDUCACIÓN PÚBLICA DE MAULE COSTA,Aulas Conectadas 2025,SELECCIONADO,,https://www.innovacion.mineduc.cl/convocatoria-2025,https://docs.google.com/spreadsheets/d/11EPq1k3dRWyrXfsWJWh405slQ-tyEjJj/edit
Seleccionados AC 2025,271,selected,3185,ESCUELA COSTA BLANCA,DEL MAULE,SERVICIO LOCAL DE EDUCACIÓN PÚBLICA DE MAULE COSTA,Aulas Conectadas 2025,SELECCIONADO,,https://www.innovacion.mineduc.cl/convocatoria-2025,https://docs.google.com/spreadsheets/d/11EPq1k3dRWyrXfsWJWh405slQ-tyEjJj/edit
Seleccionados AC 2025,272,selected,3255,ESCUELA SANTA BARBARA,DEL MAULE,ILUSTRE MUNICIPALIDAD DE LINARES,Aulas Conectadas 2025,SELECCIONADO,,https://www.innovacion.mineduc.cl/convocatoria-2025,https://docs.google.com/spreadsheets/d/11EPq1k3dRWyrXfsWJWh405slQ-tyEjJj/edit
Seleccionados AC 2025,273,selected,3257,ESCUELA ALEJANDRO GIDI,DEL MAULE,ILUSTRE MUNICIPALIDAD DE LINARES,Aulas Conectadas 2025,SELECCIONADO,,https://www.innovacion.mineduc.cl/convocatoria-2025,https://docs.google.com/spreadsheets/d/11EPq1k3dRWyrXfsWJWh405slQ-tyEjJj/edit
Seleccionados AC 2025,274,selected,3260,ESCUELA LOS LEONES,DEL MAULE,ILUSTRE MUNICIPALIDAD DE LINARES,Aulas Conectadas 2025,SELECCIONADO,,https://www.innovacion.mineduc.cl/convocatoria-2025,https://docs.google.com/spreadsheets/d/11EPq1k3dRWyrXfsWJWh405slQ-tyEjJj/edit
Seleccionados AC 2025,275,selected,3356,ESCUELA CARDENAL JOSÉ MARÍA CARO,DEL MAULE,ILUSTRE MUNICIPALIDAD DE LONGAVI,Aulas Conectadas 2025,SELECCIONADO,,https://www.innovacion.mineduc.cl/convocatoria-2025,https://docs.google.com/spreadsheets/d/11EPq1k3dRWyrXfsWJWh405slQ-tyEjJj/edit
Seleccionados AC 2025,276,selected,3382,ESCUELA PEDRO ALESSANDRI VARGAS,DEL MAULE,ILUSTRE MUNICIPALIDAD DE LONGAVI,Aulas Conectadas 2025,SELECCIONADO,,https://www.innovacion.mineduc.cl/convocatoria-2025,https://docs.google.com/spreadsheets/d/11EPq1k3dRWyrXfsWJWh405slQ-tyEjJj/edit
Seleccionados AC 2025,277,selected,3389,ESCUELA SANTIAGO URRUTIA BENAVENTE,DEL MAULE,ILUSTRE MUNICIPALIDAD DE PARRAL,Aulas Conectadas 2025,SELECCIONADO,,https://www.innovacion.mineduc.cl/convocatoria-2025,https://docs.google.com/spreadsheets/d/11EPq1k3dRWyrXfsWJWh405slQ-tyEjJj/edit
Seleccionados AC 2025,278,selected,3393,ESCUELA ARRAU MÉNDEZ,DEL MAULE,ILUSTRE MUNICIPALIDAD DE PARRAL,Aulas Conectadas 2025,SELECCIONADO,,https://www.innovacion.mineduc.cl/convocatoria-2025,https://docs.google.com/spreadsheets/d/11EPq1k3dRWyrXfsWJWh405slQ-tyEjJj/edit
Seleccionados AC 2025,279,selected,3396,ESCUELA JUANITA ZUÑIGA FUENTES,DEL MAULE,ILUSTRE MUNICIPALIDAD DE PARRAL,Aulas Conectadas 2025,SELECCIONADO,,https://www.innovacion.mineduc.cl/convocatoria-2025,https://docs.google.com/spreadsheets/d/11EPq1k3dRWyrXfsWJWh405slQ-tyEjJj/edit
Seleccionados AC 2025,280,selected,3398,ESCUELA JOSÉ MATTA CALLEJÓN,DEL MAULE,ILUSTRE MUNICIPALIDAD DE PARRAL,Aulas Conectadas 2025,SELECCIONADO,,https://www.innovacion.mineduc.cl/convocatoria-2025,https://docs.google.com/spreadsheets/d/11EPq1k3dRWyrXfsWJWh405slQ-tyEjJj/edit
Seleccionados AC 2025,281,selected,3434,LICEO GUILLERMO MARÍN LARRAÍN,DEL MAULE,ILUSTRE MUNICIPALIDAD DE RETIRO,Aulas Conectadas 2025,SELECCIONADO,,https://www.innovacion.mineduc.cl/convocatoria-2025,https://docs.google.com/spreadsheets/d/11EPq1k3dRWyrXfsWJWh405slQ-tyEjJj/edit
Seleccionados AC 2025,282,selected,3461,LICEO FRANCISCO ANTONIO ENCINA ARMANET,DEL MAULE,ILUSTRE MUNICIPALIDAD DE VILLA ALEGRE,Aulas Conectadas 2025,SELECCIONADO,,https://www.innovacion.mineduc.cl/convocatoria-2025,https://docs.google.com/spreadsheets/d/11EPq1k3dRWyrXfsWJWh405slQ-tyEjJj/edit
Seleccionados AC 2025,283,selected,3482,ESCUELA JUSTA NARVAEZ,DEL MAULE,ILUSTRE MUNICIPALIDAD DE SAN JAVIER,Aulas Conectadas 2025,SELECCIONADO,,https://www.innovacion.mineduc.cl/convocatoria-2025,https://docs.google.com/spreadsheets/d/11EPq1k3dRWyrXfsWJWh405slQ-tyEjJj/edit
Seleccionados AC 2025,284,selected,3490,ESCUELA JULIO MONTT SALAMANCA,DEL MAULE,ILUSTRE MUNICIPALIDAD DE SAN JAVIER,Aulas Conectadas 2025,SELECCIONADO,,https://www.innovacion.mineduc.cl/convocatoria-2025,https://docs.google.com/spreadsheets/d/11EPq1k3dRWyrXfsWJWh405slQ-tyEjJj/edit
Seleccionados AC 2025,285,selected,3492,ESCUELA BERNARDO O´HIGGINS,DEL MAULE,ILUSTRE MUNICIPALIDAD DE SAN JAVIER,Aulas Conectadas 2025,SELECCIONADO,,https://www.innovacion.mineduc.cl/convocatoria-2025,https://docs.google.com/spreadsheets/d/11EPq1k3dRWyrXfsWJWh405slQ-tyEjJj/edit
Seleccionados AC 2025,286,selected,3544,COLEGIO BLANCO ENCALADA,DEL MAULE,SERVICIO LOCAL DE EDUCACIÓN PÚBLICA DE MAULE COSTA,Aulas Conectadas 2025,SELECCIONADO,,https://www.innovacion.mineduc.cl/convocatoria-2025,https://docs.google.com/spreadsheets/d/11EPq1k3dRWyrXfsWJWh405slQ-tyEjJj/edit
Seleccionados AC 2025,287,selected,3546,ESCUELA INDEPENDENCIA,DEL MAULE,SERVICIO LOCAL DE EDUCACIÓN PÚBLICA DE MAULE COSTA,Aulas Conectadas 2025,SELECCIONADO,,https://www.innovacion.mineduc.cl/convocatoria-2025,https://docs.google.com/spreadsheets/d/11EPq1k3dRWyrXfsWJWh405slQ-tyEjJj/edit
Seleccionados AC 2025,288,selected,3548,ESCUELA ECOLÓGICA ROSITA O´HIGGINS,DEL MAULE,SERVICIO LOCAL DE EDUCACIÓN PÚBLICA DE MAULE COSTA,Aulas Conectadas 2025,SELECCIONADO,,https://www.innovacion.mineduc.cl/convocatoria-2025,https://docs.google.com/spreadsheets/d/11EPq1k3dRWyrXfsWJWh405slQ-tyEjJj/edit
Seleccionados AC 2025,289,selected,3609,LICEO PELLUHUE,DEL MAULE,SERVICIO LOCAL DE EDUCACIÓN PÚBLICA DE MAULE COSTA,Aulas Conectadas 2025,SELECCIONADO,,https://www.innovacion.mineduc.cl/convocatoria-2025,https://docs.google.com/spreadsheets/d/11EPq1k3dRWyrXfsWJWh405slQ-tyEjJj/edit
Seleccionados AC 2025,290,selected,3611,ESCUELA BLANCA BUSTOS CASTILLO,DEL MAULE,SERVICIO LOCAL DE EDUCACIÓN PÚBLICA DE MAULE COSTA,Aulas Conectadas 2025,SELECCIONADO,,https://www.innovacion.mineduc.cl/convocatoria-2025,https://docs.google.com/spreadsheets/d/11EPq1k3dRWyrXfsWJWh405slQ-tyEjJj/edit
Seleccionados AC 2025,291,selected,3642,INSTITUTO TÉCNICO MABEL CONDEMARÍN GRIMBERG,DE ÑUBLE,FUND. NACIONAL DEL COMERCIO PARA LA EDUCACION,Aulas Conectadas 2025,SELECCIONADO,,https://www.innovacion.mineduc.cl/convocatoria-2025,https://docs.google.com/spreadsheets/d/11EPq1k3dRWyrXfsWJWh405slQ-tyEjJj/edit
Seleccionados AC 2025,292,selected,3740,ESCUELA GENERAL DOMINGO URRUTIA,DE ÑUBLE,SERVICIO LOCAL DE EDUCACIÓN PÚBLICA DE PUNILLA CORDILLERA,Aulas Conectadas 2025,SELECCIONADO,,https://www.innovacion.mineduc.cl/convocatoria-2025,https://docs.google.com/spreadsheets/d/11EPq1k3dRWyrXfsWJWh405slQ-tyEjJj/edit
Seleccionados AC 2025,293,selected,3744,ESCUELA GENERAL JOSÉ MIGUEL CARRERA VERDUGO,DE ÑUBLE,SERVICIO LOCAL DE EDUCACIÓN PÚBLICA DE PUNILLA CORDILLERA,Aulas Conectadas 2025,SELECCIONADO,,https://www.innovacion.mineduc.cl/convocatoria-2025,https://docs.google.com/spreadsheets/d/11EPq1k3dRWyrXfsWJWh405slQ-tyEjJj/edit
Seleccionados AC 2025,294,selected,3745,ESCUELA GENERAL SOFANOR PARRA HERMOSILLA,DE ÑUBLE,SERVICIO LOCAL DE EDUCACIÓN PÚBLICA DE PUNILLA CORDILLERA,Aulas Conectadas 2025,SELECCIONADO,,https://www.innovacion.mineduc.cl/convocatoria-2025,https://docs.google.com/spreadsheets/d/11EPq1k3dRWyrXfsWJWh405slQ-tyEjJj/edit
Seleccionados AC 2025,295,selected,3823,LICEO BICENTENARIO POLIVALENTE JORGE ALESSANDRI RODRÍGUEZ,DE ÑUBLE,SERVICIO LOCAL DE EDUCACIÓN PÚBLICA DE PUNILLA CORDILLERA,Aulas Conectadas 2025,SELECCIONADO,,https://www.innovacion.mineduc.cl/convocatoria-2025,https://docs.google.com/spreadsheets/d/11EPq1k3dRWyrXfsWJWh405slQ-tyEjJj/edit
Seleccionados AC 2025,296,selected,3871,LICEO BICENTENARIO POLITÉCNICO JOSÉ MANUEL PINTO ARIAS,DE ÑUBLE,SERVICIO LOCAL DE EDUCACIÓN PÚBLICA DE PUNILLA CORDILLERA,Aulas Conectadas 2025,SELECCIONADO,,https://www.innovacion.mineduc.cl/convocatoria-2025,https://docs.google.com/spreadsheets/d/11EPq1k3dRWyrXfsWJWh405slQ-tyEjJj/edit
Seleccionados AC 2025,297,selected,3888,COLEGIO BICENTENARIO DE EXCELENCIA POLITECNICO VÍCTOR JARA,DE ÑUBLE,ILUSTRE MUNICIPALIDAD DE SAN IGNACIO,Aulas Conectadas 2025,SELECCIONADO,,https://www.innovacion.mineduc.cl/convocatoria-2025,https://docs.google.com/spreadsheets/d/11EPq1k3dRWyrXfsWJWh405slQ-tyEjJj/edit
Seleccionados AC 2025,298,selected,3910,ESCUELA VIRGEN DEL CARMEN,DE ÑUBLE,ILUSTRE MUNICIPALIDAD DE EL CARMEN,Aulas Conectadas 2025,SELECCIONADO,,https://www.innovacion.mineduc.cl/convocatoria-2025,https://docs.google.com/spreadsheets/d/11EPq1k3dRWyrXfsWJWh405slQ-tyEjJj/edit
Seleccionados AC 2025,299,selected,3941,LICEO CAMPANARIO,DE ÑUBLE,ILUSTRE MUNICIPALIDAD DE YUNGAY,Aulas Conectadas 2025,SELECCIONADO,,https://www.innovacion.mineduc.cl/convocatoria-2025,https://docs.google.com/spreadsheets/d/11EPq1k3dRWyrXfsWJWh405slQ-tyEjJj/edit
Seleccionados AC 2025,300,selected,3999,ESCUELA BÁSICA HÉROES DEL ITATA,DE ÑUBLE,ILUSTRE MUNICIPALIDAD DE QUILLON,Aulas Conectadas 2025,SELECCIONADO,,https://www.innovacion.mineduc.cl/convocatoria-2025,https://docs.google.com/spreadsheets/d/11EPq1k3dRWyrXfsWJWh405slQ-tyEjJj/edit
Seleccionados AC 2025,301,selected,4000,ESCUELA BÁSICA AMANDA CHÁVEZ NAVARRETE,DE ÑUBLE,ILUSTRE MUNICIPALIDAD DE QUILLON,Aulas Conectadas 2025,SELECCIONADO,,https://www.innovacion.mineduc.cl/convocatoria-2025,https://docs.google.com/spreadsheets/d/11EPq1k3dRWyrXfsWJWh405slQ-tyEjJj/edit
Seleccionados AC 2025,302,selected,4002,ESCUELA BÁSICA EL CASINO,DE ÑUBLE,ILUSTRE MUNICIPALIDAD DE QUILLON,Aulas Conectadas 2025,SELECCIONADO,,https://www.innovacion.mineduc.cl/convocatoria-2025,https://docs.google.com/spreadsheets/d/11EPq1k3dRWyrXfsWJWh405slQ-tyEjJj/edit
Seleccionados AC 2025,303,selected,4019,ESCUELA BÁSICA LAGUNA AVENDAÑO,DE ÑUBLE,ILUSTRE MUNICIPALIDAD DE QUILLON,Aulas Conectadas 2025,SELECCIONADO,,https://www.innovacion.mineduc.cl/convocatoria-2025,https://docs.google.com/spreadsheets/d/11EPq1k3dRWyrXfsWJWh405slQ-tyEjJj/edit
Seleccionados AC 2025,304,selected,4032,LICEO BICENTENARIO DE EXCELENCIA NIBALDO SEPÚLVEDA FERNÁNDEZ,DE ÑUBLE,ILUSTRE MUNICIPALIDAD DE PORTEZUELO,Aulas Conectadas 2025,SELECCIONADO,,https://www.innovacion.mineduc.cl/convocatoria-2025,https://docs.google.com/spreadsheets/d/11EPq1k3dRWyrXfsWJWh405slQ-tyEjJj/edit
Seleccionados AC 2025,305,selected,4048,ESCUELA VILLA JESÚS DE COELEMU,DE ÑUBLE,ILUSTRE MUNICIPALIDAD DE COELEMU,Aulas Conectadas 2025,SELECCIONADO,,https://www.innovacion.mineduc.cl/convocatoria-2025,https://docs.google.com/spreadsheets/d/11EPq1k3dRWyrXfsWJWh405slQ-tyEjJj/edit
Seleccionados AC 2025,306,selected,4071,ESCUELA BÁSICA VALLE LONQUÉN,DE ÑUBLE,ILUSTRE MUNICIPALIDAD DE TREHUACO,Aulas Conectadas 2025,SELECCIONADO,,https://www.innovacion.mineduc.cl/convocatoria-2025,https://docs.google.com/spreadsheets/d/11EPq1k3dRWyrXfsWJWh405slQ-tyEjJj/edit
Seleccionados AC 2025,307,selected,4124,LICEO BICENTENARIO DE EXCELENCIA ARTURO PRAT CHACÓN,DE ÑUBLE,ILUSTRE MUNICIPALIDAD DE NINHUE,Aulas Conectadas 2025,SELECCIONADO,,https://www.innovacion.mineduc.cl/convocatoria-2025,https://docs.google.com/spreadsheets/d/11EPq1k3dRWyrXfsWJWh405slQ-tyEjJj/edit
Seleccionados AC 2025,308,selected,4162,LICEO COMERCIAL DIEGO PORTALES PALAZUELO,DEL BIOBÍO,ILUSTRE MUNICIPALIDAD DE LOS ANGELES,Aulas Conectadas 2025,SELECCIONADO,,https://www.innovacion.mineduc.cl/convocatoria-2025,https://docs.google.com/spreadsheets/d/11EPq1k3dRWyrXfsWJWh405slQ-tyEjJj/edit
Seleccionados AC 2025,309,selected,4172,ESCUELA GENERAL JOSÉ DE SAN MARTÍN,DEL BIOBÍO,ILUSTRE MUNICIPALIDAD DE LOS ANGELES,Aulas Conectadas 2025,SELECCIONADO,,https://www.innovacion.mineduc.cl/convocatoria-2025,https://docs.google.com/spreadsheets/d/11EPq1k3dRWyrXfsWJWh405slQ-tyEjJj/edit
Seleccionados AC 2025,310,selected,4186,ESCUELA BÁSICA REPÚBLICA DE ALEMANIA,DEL BIOBÍO,ILUSTRE MUNICIPALIDAD DE LOS ANGELES,Aulas Conectadas 2025,SELECCIONADO,,https://www.innovacion.mineduc.cl/convocatoria-2025,https://docs.google.com/spreadsheets/d/11EPq1k3dRWyrXfsWJWh405slQ-tyEjJj/edit
Seleccionados AC 2025,311,selected,4189,ESCUELA BÁSICA 11 DE SEPTIEMBRE,DEL BIOBÍO,ILUSTRE MUNICIPALIDAD DE LOS ANGELES,Aulas Conectadas 2025,SELECCIONADO,,https://www.innovacion.mineduc.cl/convocatoria-2025,https://docs.google.com/spreadsheets/d/11EPq1k3dRWyrXfsWJWh405slQ-tyEjJj/edit
Seleccionados AC 2025,312,selected,4190,LICEO SANTA FE,DEL BIOBÍO,ILUSTRE MUNICIPALIDAD DE LOS ANGELES,Aulas Conectadas 2025,SELECCIONADO,,https://www.innovacion.mineduc.cl/convocatoria-2025,https://docs.google.com/spreadsheets/d/11EPq1k3dRWyrXfsWJWh405slQ-tyEjJj/edit
Seleccionados AC 2025,313,selected,4191,ESCUELA BÁSICA SANTA CLARA DE CHACAYAL,DEL BIOBÍO,ILUSTRE MUNICIPALIDAD DE LOS ANGELES,Aulas Conectadas 2025,SELECCIONADO,,https://www.innovacion.mineduc.cl/convocatoria-2025,https://docs.google.com/spreadsheets/d/11EPq1k3dRWyrXfsWJWh405slQ-tyEjJj/edit
Seleccionados AC 2025,314,selected,4235,ESCUELA BÁSICA EL AMANECER DE DUQUECO,DEL BIOBÍO,ILUSTRE MUNICIPALIDAD DE LOS ANGELES,Aulas Conectadas 2025,SELECCIONADO,,https://www.innovacion.mineduc.cl/convocatoria-2025,https://docs.google.com/spreadsheets/d/11EPq1k3dRWyrXfsWJWh405slQ-tyEjJj/edit
Seleccionados AC 2025,315,selected,4289,LICEO MANUEL ARÍSTIDES ZAÑARTU,DEL BIOBÍO,ILUSTRE MUNICIPALIDAD DE CABRERO,Aulas Conectadas 2025,SELECCIONADO,,https://www.innovacion.mineduc.cl/convocatoria-2025,https://docs.google.com/spreadsheets/d/11EPq1k3dRWyrXfsWJWh405slQ-tyEjJj/edit
Seleccionados AC 2025,316,selected,4334,ESCUELA BÁSICA VILLA MERCEDES,DEL BIOBÍO,ILUSTRE MUNICIPALIDAD DE QUILLECO,Aulas Conectadas 2025,SELECCIONADO,,https://www.innovacion.mineduc.cl/convocatoria-2025,https://docs.google.com/spreadsheets/d/11EPq1k3dRWyrXfsWJWh405slQ-tyEjJj/edit
Seleccionados AC 2025,317,selected,4352,ESCUELA BÁSICA ENRIQUE BERNSTEIN CARABANTES,DEL BIOBÍO,ILUSTRE MUNICIPALIDAD DE SANTA BARBARA,Aulas Conectadas 2025,SELECCIONADO,,https://www.innovacion.mineduc.cl/convocatoria-2025,https://docs.google.com/spreadsheets/d/11EPq1k3dRWyrXfsWJWh405slQ-tyEjJj/edit
Seleccionados AC 2025,318,selected,4354,ESCUELA DE CONCENTRACIÓN FRONTERIZA RALCO ALTO BIOBÍO,DEL BIOBÍO,ILUSTRE MUNICIPALIDAD DE ALTO BIO-BIO,Aulas Conectadas 2025,SELECCIONADO,,https://www.innovacion.mineduc.cl/convocatoria-2025,https://docs.google.com/spreadsheets/d/11EPq1k3dRWyrXfsWJWh405slQ-tyEjJj/edit
Seleccionados AC 2025,319,selected,4407,ESCUELA IGNACIO VERDUGO CAVADA,DEL BIOBÍO,ILUSTRE MUNICIPALIDAD DE MULCHEN,Aulas Conectadas 2025,SELECCIONADO,,https://www.innovacion.mineduc.cl/convocatoria-2025,https://docs.google.com/spreadsheets/d/11EPq1k3dRWyrXfsWJWh405slQ-tyEjJj/edit
Seleccionados AC 2025,320,selected,4408,LICEO CRISOL,DEL BIOBÍO,ILUSTRE MUNICIPALIDAD DE MULCHEN,Aulas Conectadas 2025,SELECCIONADO,,https://www.innovacion.mineduc.cl/convocatoria-2025,https://docs.google.com/spreadsheets/d/11EPq1k3dRWyrXfsWJWh405slQ-tyEjJj/edit
Seleccionados AC 2025,321,selected,4410,ESCUELA ARTÍSTICA VILLA LAS PEÑAS,DEL BIOBÍO,ILUSTRE MUNICIPALIDAD DE MULCHEN,Aulas Conectadas 2025,SELECCIONADO,,https://www.innovacion.mineduc.cl/convocatoria-2025,https://docs.google.com/spreadsheets/d/11EPq1k3dRWyrXfsWJWh405slQ-tyEjJj/edit
Seleccionados AC 2025,322,selected,4446,LICEO POLIVALENTE LA FRONTERA,DEL BIOBÍO,ILUSTRE MUNICIPALIDAD DE NEGRETE,Aulas Conectadas 2025,SELECCIONADO,,https://www.innovacion.mineduc.cl/convocatoria-2025,https://docs.google.com/spreadsheets/d/11EPq1k3dRWyrXfsWJWh405slQ-tyEjJj/edit
Seleccionados AC 2025,323,selected,4447,ESCUELA BÁSICA RIHUE,DEL BIOBÍO,ILUSTRE MUNICIPALIDAD DE NEGRETE,Aulas Conectadas 2025,SELECCIONADO,,https://www.innovacion.mineduc.cl/convocatoria-2025,https://docs.google.com/spreadsheets/d/11EPq1k3dRWyrXfsWJWh405slQ-tyEjJj/edit
Seleccionados AC 2025,324,selected,4453,ESCUELA OSCAR GUERRERO QUINSAC,DEL BIOBÍO,ILUSTRE MUNICIPALIDAD DE NACIMIENTO,Aulas Conectadas 2025,SELECCIONADO,,https://www.innovacion.mineduc.cl/convocatoria-2025,https://docs.google.com/spreadsheets/d/11EPq1k3dRWyrXfsWJWh405slQ-tyEjJj/edit
Seleccionados AC 2025,325,selected,4500,LICEO ISIDORA AGUIRRE TUPPER,DEL BIOBÍO,ILUSTRE MUNICIPALIDAD DE SAN ROSENDO,Aulas Conectadas 2025,SELECCIONADO,,https://www.innovacion.mineduc.cl/convocatoria-2025,https://docs.google.com/spreadsheets/d/11EPq1k3dRWyrXfsWJWh405slQ-tyEjJj/edit
Seleccionados AC 2025,326,selected,4562,LICEO SAN PEDRO,DEL BIOBÍO,SERVICIO LOCAL DE EDUCACIÓN PÚBLICA ANDALIÉN COSTA,Aulas Conectadas 2025,SELECCIONADO,,https://www.innovacion.mineduc.cl/convocatoria-2025,https://docs.google.com/spreadsheets/d/11EPq1k3dRWyrXfsWJWh405slQ-tyEjJj/edit
Seleccionados AC 2025,327,selected,4593,BÁSICA SARGENTO CANDELARIA PÉREZ,DEL BIOBÍO,SERVICIO LOCAL DE EDUCACIÓN PÚBLICA ANDALIÉN COSTA,Aulas Conectadas 2025,SELECCIONADO,,https://www.innovacion.mineduc.cl/convocatoria-2025,https://docs.google.com/spreadsheets/d/11EPq1k3dRWyrXfsWJWh405slQ-tyEjJj/edit
Seleccionados AC 2025,328,selected,4594,ESCUELA MIGUEL JOSÉ ZAÑARTU SANTA MARÍA,DEL BIOBÍO,SERVICIO LOCAL DE EDUCACIÓN PÚBLICA ANDALIÉN COSTA,Aulas Conectadas 2025,SELECCIONADO,,https://www.innovacion.mineduc.cl/convocatoria-2025,https://docs.google.com/spreadsheets/d/11EPq1k3dRWyrXfsWJWh405slQ-tyEjJj/edit
Seleccionados AC 2025,329,selected,4614,ESCUELA BÁSICA AGUA DE LA GLORIA,DEL BIOBÍO,SERVICIO LOCAL DE EDUCACIÓN PÚBLICA ANDALIÉN SUR,Aulas Conectadas 2025,SELECCIONADO,,https://www.innovacion.mineduc.cl/convocatoria-2025,https://docs.google.com/spreadsheets/d/11EPq1k3dRWyrXfsWJWh405slQ-tyEjJj/edit
Seleccionados AC 2025,330,selected,4615,ESCUELA BÁSICA BOCA DEL BIO BÍO SUR,DEL BIOBÍO,SERVICIO LOCAL DE EDUCACIÓN PÚBLICA ANDALIÉN COSTA,Aulas Conectadas 2025,SELECCIONADO,,https://www.innovacion.mineduc.cl/convocatoria-2025,https://docs.google.com/spreadsheets/d/11EPq1k3dRWyrXfsWJWh405slQ-tyEjJj/edit
Seleccionados AC 2025,331,selected,4808,ESCUELA PENCO,DEL BIOBÍO,ILUSTRE MUNICIPALIDAD DE PENCO,Aulas Conectadas 2025,SELECCIONADO,,https://www.innovacion.mineduc.cl/convocatoria-2025,https://docs.google.com/spreadsheets/d/11EPq1k3dRWyrXfsWJWh405slQ-tyEjJj/edit
Seleccionados AC 2025,332,selected,4814,ESCUELA ETHEL HENCK DE GRANT,DEL BIOBÍO,ILUSTRE MUNICIPALIDAD DE PENCO,Aulas Conectadas 2025,SELECCIONADO,,https://www.innovacion.mineduc.cl/convocatoria-2025,https://docs.google.com/spreadsheets/d/11EPq1k3dRWyrXfsWJWh405slQ-tyEjJj/edit
Seleccionados AC 2025,333,selected,4837,ESCUELA BÁSICA RAFAEL,DEL BIOBÍO,ILUSTRE MUNICIPALIDAD DE TOME,Aulas Conectadas 2025,SELECCIONADO,,https://www.innovacion.mineduc.cl/convocatoria-2025,https://docs.google.com/spreadsheets/d/11EPq1k3dRWyrXfsWJWh405slQ-tyEjJj/edit
Seleccionados AC 2025,334,selected,4842,ESCUELA MARIANO EGAÑA,DEL BIOBÍO,ILUSTRE MUNICIPALIDAD DE TOME,Aulas Conectadas 2025,SELECCIONADO,,https://www.innovacion.mineduc.cl/convocatoria-2025,https://docs.google.com/spreadsheets/d/11EPq1k3dRWyrXfsWJWh405slQ-tyEjJj/edit
Seleccionados AC 2025,335,selected,4845,ESCUELA BÁSICA PUNTA DE PARRA,DEL BIOBÍO,ILUSTRE MUNICIPALIDAD DE TOME,Aulas Conectadas 2025,SELECCIONADO,,https://www.innovacion.mineduc.cl/convocatoria-2025,https://docs.google.com/spreadsheets/d/11EPq1k3dRWyrXfsWJWh405slQ-tyEjJj/edit
Seleccionados AC 2025,336,selected,4902,ESCUELA CARLOS ALBERTO FERNÁNDEZ CASTILLO,DEL BIOBÍO,SERVICIO LOCAL DE EDUCACIÓN PÚBLICA ANDALIÉN SUR,Aulas Conectadas 2025,SELECCIONADO,,https://www.innovacion.mineduc.cl/convocatoria-2025,https://docs.google.com/spreadsheets/d/11EPq1k3dRWyrXfsWJWh405slQ-tyEjJj/edit
Seleccionados AC 2025,337,selected,4948,LICEO POLITÉCNICO ROSAURO SANTANA RÍOS,DEL BIOBÍO,SERVICIO LOCAL DE EDUCACIÓN PÚBLICA ANDALIÉN COSTA,Aulas Conectadas 2025,SELECCIONADO,,https://www.innovacion.mineduc.cl/convocatoria-2025,https://docs.google.com/spreadsheets/d/11EPq1k3dRWyrXfsWJWh405slQ-tyEjJj/edit
Seleccionados AC 2025,338,selected,4951,LICEO CARLOS COUSIÑO GOYENECHEA,DEL BIOBÍO,SERVICIO LOCAL DE EDUCACIÓN PÚBLICA ANDALIÉN COSTA,Aulas Conectadas 2025,SELECCIONADO,,https://www.innovacion.mineduc.cl/convocatoria-2025,https://docs.google.com/spreadsheets/d/11EPq1k3dRWyrXfsWJWh405slQ-tyEjJj/edit
Seleccionados AC 2025,339,selected,4952,LICEO BALDOMERO LILLO FIGUEROA,DEL BIOBÍO,SERVICIO LOCAL DE EDUCACIÓN PÚBLICA ANDALIÉN COSTA,Aulas Conectadas 2025,SELECCIONADO,,https://www.innovacion.mineduc.cl/convocatoria-2025,https://docs.google.com/spreadsheets/d/11EPq1k3dRWyrXfsWJWh405slQ-tyEjJj/edit
Seleccionados AC 2025,340,selected,4953,ESCUELA ISIDORA GOYENECHEA,DEL BIOBÍO,SERVICIO LOCAL DE EDUCACIÓN PÚBLICA ANDALIÉN COSTA,Aulas Conectadas 2025,SELECCIONADO,,https://www.innovacion.mineduc.cl/convocatoria-2025,https://docs.google.com/spreadsheets/d/11EPq1k3dRWyrXfsWJWh405slQ-tyEjJj/edit
Seleccionados AC 2025,341,selected,4954,ESCUELA BÁSICA SANTA MARÍA DE GUADALUPE,DEL BIOBÍO,SERVICIO LOCAL DE EDUCACIÓN PÚBLICA ANDALIÉN COSTA,Aulas Conectadas 2025,SELECCIONADO,,https://www.innovacion.mineduc.cl/convocatoria-2025,https://docs.google.com/spreadsheets/d/11EPq1k3dRWyrXfsWJWh405slQ-tyEjJj/edit
Seleccionados AC 2025,342,selected,4960,COLEGIO ÁNGEL DE PEREDO,DEL BIOBÍO,SERVICIO LOCAL DE EDUCACIÓN PÚBLICA ANDALIÉN COSTA,Aulas Conectadas 2025,SELECCIONADO,,https://www.innovacion.mineduc.cl/convocatoria-2025,https://docs.google.com/spreadsheets/d/11EPq1k3dRWyrXfsWJWh405slQ-tyEjJj/edit
Seleccionados AC 2025,343,selected,4961,ESCUELA BÁSICA COLCURA,DEL BIOBÍO,SERVICIO LOCAL DE EDUCACIÓN PÚBLICA ANDALIÉN COSTA,Aulas Conectadas 2025,SELECCIONADO,,https://www.innovacion.mineduc.cl/convocatoria-2025,https://docs.google.com/spreadsheets/d/11EPq1k3dRWyrXfsWJWh405slQ-tyEjJj/edit
Seleccionados AC 2025,344,selected,4965,C.E.I.A SAN LUIS DE POTOSÍ REPÚBLICA DE MÉXICO,DEL BIOBÍO,SERVICIO LOCAL DE EDUCACIÓN PÚBLICA ANDALIÉN COSTA,Aulas Conectadas 2025,SELECCIONADO,,https://www.innovacion.mineduc.cl/convocatoria-2025,https://docs.google.com/spreadsheets/d/11EPq1k3dRWyrXfsWJWh405slQ-tyEjJj/edit
Seleccionados AC 2025,345,selected,4967,ESCUELA BÁSICA CENTENARIO,DEL BIOBÍO,SERVICIO LOCAL DE EDUCACIÓN PÚBLICA ANDALIÉN COSTA,Aulas Conectadas 2025,SELECCIONADO,,https://www.innovacion.mineduc.cl/convocatoria-2025,https://docs.google.com/spreadsheets/d/11EPq1k3dRWyrXfsWJWh405slQ-tyEjJj/edit
Seleccionados AC 2025,346,selected,4975,LICEO BICENTENARIO DE EXCELENCIA INDUSTRIAL FEDERICO SCHWAGER,DEL BIOBÍO,"CORP. DE ESTUDIO,CAP. Y EMPLEO DE LA CÁMARA DE PRODUCCIÓN Y COMERCIO CONCEPCIÓN",Aulas Conectadas 2025,SELECCIONADO,,https://www.innovacion.mineduc.cl/convocatoria-2025,https://docs.google.com/spreadsheets/d/11EPq1k3dRWyrXfsWJWh405slQ-tyEjJj/edit
Seleccionados AC 2025,347,selected,4983,LICEO YOBILO DE CORONEL,DEL BIOBÍO,SERVICIO LOCAL DE EDUCACIÓN PÚBLICA ANDALIÉN COSTA,Aulas Conectadas 2025,SELECCIONADO,,https://www.innovacion.mineduc.cl/convocatoria-2025,https://docs.google.com/spreadsheets/d/11EPq1k3dRWyrXfsWJWh405slQ-tyEjJj/edit
Seleccionados AC 2025,348,selected,4987,ESCUELA BÁSICA JAVIERA CARRERA,DEL BIOBÍO,SERVICIO LOCAL DE EDUCACIÓN PÚBLICA ANDALIÉN COSTA,Aulas Conectadas 2025,SELECCIONADO,,https://www.innovacion.mineduc.cl/convocatoria-2025,https://docs.google.com/spreadsheets/d/11EPq1k3dRWyrXfsWJWh405slQ-tyEjJj/edit
Seleccionados AC 2025,349,selected,4990,ESCUELA AMBROSIO O´HIGGINS,DEL BIOBÍO,SERVICIO LOCAL DE EDUCACIÓN PÚBLICA ANDALIÉN COSTA,Aulas Conectadas 2025,SELECCIONADO,,https://www.innovacion.mineduc.cl/convocatoria-2025,https://docs.google.com/spreadsheets/d/11EPq1k3dRWyrXfsWJWh405slQ-tyEjJj/edit
Seleccionados AC 2025,350,selected,4991,ESCUELA REPÚBLICA DE FRANCIA,DEL BIOBÍO,SERVICIO LOCAL DE EDUCACIÓN PÚBLICA ANDALIÉN COSTA,Aulas Conectadas 2025,SELECCIONADO,,https://www.innovacion.mineduc.cl/convocatoria-2025,https://docs.google.com/spreadsheets/d/11EPq1k3dRWyrXfsWJWh405slQ-tyEjJj/edit
Seleccionados AC 2025,351,selected,4992,ESCUELA REMIGIO CASTRO ABURTO,DEL BIOBÍO,SERVICIO LOCAL DE EDUCACIÓN PÚBLICA ANDALIÉN COSTA,Aulas Conectadas 2025,SELECCIONADO,,https://www.innovacion.mineduc.cl/convocatoria-2025,https://docs.google.com/spreadsheets/d/11EPq1k3dRWyrXfsWJWh405slQ-tyEjJj/edit
Seleccionados AC 2025,352,selected,4996,ESCUELA VISTA HERMOSA,DEL BIOBÍO,SERVICIO LOCAL DE EDUCACIÓN PÚBLICA ANDALIÉN COSTA,Aulas Conectadas 2025,SELECCIONADO,,https://www.innovacion.mineduc.cl/convocatoria-2025,https://docs.google.com/spreadsheets/d/11EPq1k3dRWyrXfsWJWh405slQ-tyEjJj/edit
Seleccionados AC 2025,353,selected,4997,ESCUELA JORGE ROJAS MIRANDA,DEL BIOBÍO,SERVICIO LOCAL DE EDUCACIÓN PÚBLICA ANDALIÉN COSTA,Aulas Conectadas 2025,SELECCIONADO,,https://www.innovacion.mineduc.cl/convocatoria-2025,https://docs.google.com/spreadsheets/d/11EPq1k3dRWyrXfsWJWh405slQ-tyEjJj/edit
Seleccionados AC 2025,354,selected,4998,ESCUELA ROSA YAÑEZ RODRÍGUEZ,DEL BIOBÍO,SERVICIO LOCAL DE EDUCACIÓN PÚBLICA ANDALIÉN COSTA,Aulas Conectadas 2025,SELECCIONADO,,https://www.innovacion.mineduc.cl/convocatoria-2025,https://docs.google.com/spreadsheets/d/11EPq1k3dRWyrXfsWJWh405slQ-tyEjJj/edit
Seleccionados AC 2025,355,selected,4999,ESCUELA BÁSICA RAMÓN FREIRE SERRANO,DEL BIOBÍO,SERVICIO LOCAL DE EDUCACIÓN PÚBLICA ANDALIÉN COSTA,Aulas Conectadas 2025,SELECCIONADO,,https://www.innovacion.mineduc.cl/convocatoria-2025,https://docs.google.com/spreadsheets/d/11EPq1k3dRWyrXfsWJWh405slQ-tyEjJj/edit
Seleccionados AC 2025,356,selected,5001,ESCUELA ARTURO HUGHES CERNA,DEL BIOBÍO,SERVICIO LOCAL DE EDUCACIÓN PÚBLICA ANDALIÉN COSTA,Aulas Conectadas 2025,SELECCIONADO,,https://www.innovacion.mineduc.cl/convocatoria-2025,https://docs.google.com/spreadsheets/d/11EPq1k3dRWyrXfsWJWh405slQ-tyEjJj/edit
Seleccionados AC 2025,357,selected,5106,ESCUELA FELIX EYHERAMENDY,DEL BIOBÍO,ILUSTRE MUNICIPALIDAD DE LOS ALAMOS,Aulas Conectadas 2025,SELECCIONADO,,https://www.innovacion.mineduc.cl/convocatoria-2025,https://docs.google.com/spreadsheets/d/11EPq1k3dRWyrXfsWJWh405slQ-tyEjJj/edit
Seleccionados AC 2025,358,selected,5109,LICEO CLAUDIO FLORES SOTO,DEL BIOBÍO,ILUSTRE MUNICIPALIDAD DE LOS ALAMOS,Aulas Conectadas 2025,SELECCIONADO,,https://www.innovacion.mineduc.cl/convocatoria-2025,https://docs.google.com/spreadsheets/d/11EPq1k3dRWyrXfsWJWh405slQ-tyEjJj/edit
Seleccionados AC 2025,359,selected,5110,ESCUELA PILPILCO,DEL BIOBÍO,ILUSTRE MUNICIPALIDAD DE LOS ALAMOS,Aulas Conectadas 2025,SELECCIONADO,,https://www.innovacion.mineduc.cl/convocatoria-2025,https://docs.google.com/spreadsheets/d/11EPq1k3dRWyrXfsWJWh405slQ-tyEjJj/edit
Seleccionados AC 2025,360,selected,5112,ESCUELA ZAIDA ARANEDA VIGUERAS,DEL BIOBÍO,ILUSTRE MUNICIPALIDAD DE LOS ALAMOS,Aulas Conectadas 2025,SELECCIONADO,,https://www.innovacion.mineduc.cl/convocatoria-2025,https://docs.google.com/spreadsheets/d/11EPq1k3dRWyrXfsWJWh405slQ-tyEjJj/edit
Seleccionados AC 2025,361,selected,5113,LICEO ORLANDO DELGADO ZÚNIGA,DEL BIOBÍO,ILUSTRE MUNICIPALIDAD DE LOS ALAMOS,Aulas Conectadas 2025,SELECCIONADO,,https://www.innovacion.mineduc.cl/convocatoria-2025,https://docs.google.com/spreadsheets/d/11EPq1k3dRWyrXfsWJWh405slQ-tyEjJj/edit
Seleccionados AC 2025,362,selected,5123,ESCUELA BÁSICA CACIQUE FRANCISCO MELIN,DEL BIOBÍO,ILUSTRE MUNICIPALIDAD DE CANETE,Aulas Conectadas 2025,SELECCIONADO,,https://www.innovacion.mineduc.cl/convocatoria-2025,https://docs.google.com/spreadsheets/d/11EPq1k3dRWyrXfsWJWh405slQ-tyEjJj/edit
Seleccionados AC 2025,363,selected,5130,ESCUELA BÁSICA RUBI NELSON SILVA SALAS,DEL BIOBÍO,ILUSTRE MUNICIPALIDAD DE CANETE,Aulas Conectadas 2025,SELECCIONADO,,https://www.innovacion.mineduc.cl/convocatoria-2025,https://docs.google.com/spreadsheets/d/11EPq1k3dRWyrXfsWJWh405slQ-tyEjJj/edit
Seleccionados AC 2025,364,selected,5132,ESCUELA RICARDO COLOMA DÍAZ,DEL BIOBÍO,ILUSTRE MUNICIPALIDAD DE CANETE,Aulas Conectadas 2025,SELECCIONADO,,https://www.innovacion.mineduc.cl/convocatoria-2025,https://docs.google.com/spreadsheets/d/11EPq1k3dRWyrXfsWJWh405slQ-tyEjJj/edit
Seleccionados AC 2025,365,selected,5155,LICEO POLIVALENTE NAHUELBUTA,DEL BIOBÍO,ILUSTRE MUNICIPALIDAD DE CONTULMO,Aulas Conectadas 2025,SELECCIONADO,,https://www.innovacion.mineduc.cl/convocatoria-2025,https://docs.google.com/spreadsheets/d/11EPq1k3dRWyrXfsWJWh405slQ-tyEjJj/edit
Seleccionados AC 2025,366,selected,5202,ESCUELA MAPUDUNGUN,DEL BIOBÍO,ILUSTRE MUNICIPALIDAD DE TIRUA,Aulas Conectadas 2025,SELECCIONADO,,https://www.innovacion.mineduc.cl/convocatoria-2025,https://docs.google.com/spreadsheets/d/11EPq1k3dRWyrXfsWJWh405slQ-tyEjJj/edit
Seleccionados AC 2025,367,selected,5225,COLEGIO MARÍA SYLVESTER RASCH,DE LA ARAUCANÍA,ILUSTRE MUNICIPALIDAD DE ANGOL,Aulas Conectadas 2025,SELECCIONADO,,https://www.innovacion.mineduc.cl/convocatoria-2025,https://docs.google.com/spreadsheets/d/11EPq1k3dRWyrXfsWJWh405slQ-tyEjJj/edit
Seleccionados AC 2025,368,selected,5227,ESCUELA JOSÉ ELÍAS BOLIVAR HERRERA,DE LA ARAUCANÍA,ILUSTRE MUNICIPALIDAD DE ANGOL,Aulas Conectadas 2025,SELECCIONADO,,https://www.innovacion.mineduc.cl/convocatoria-2025,https://docs.google.com/spreadsheets/d/11EPq1k3dRWyrXfsWJWh405slQ-tyEjJj/edit
Seleccionados AC 2025,369,selected,5288,ESCUELA MICHIGAN EL AMANECER,DE LA ARAUCANÍA,ILUSTRE MUNICIPALIDAD DE COLLIPULLI,Aulas Conectadas 2025,SELECCIONADO,,https://www.innovacion.mineduc.cl/convocatoria-2025,https://docs.google.com/spreadsheets/d/11EPq1k3dRWyrXfsWJWh405slQ-tyEjJj/edit
Seleccionados AC 2025,370,selected,5323,LICEO BICENTENARIO POLIVALENTE LONQUIMAY,DE LA ARAUCANÍA,ILUSTRE MUNICIPALIDAD DE LONQUIMAY,Aulas Conectadas 2025,SELECCIONADO,,https://www.innovacion.mineduc.cl/convocatoria-2025,https://docs.google.com/spreadsheets/d/11EPq1k3dRWyrXfsWJWh405slQ-tyEjJj/edit
Seleccionados AC 2025,371,selected,5344,LICEO LAS ARAUCARIAS,DE LA ARAUCANÍA,ILUSTRE MUNICIPALIDAD DE CURACAUTIN,Aulas Conectadas 2025,SELECCIONADO,,https://www.innovacion.mineduc.cl/convocatoria-2025,https://docs.google.com/spreadsheets/d/11EPq1k3dRWyrXfsWJWh405slQ-tyEjJj/edit
Seleccionados AC 2025,372,selected,5345,ESCUELA LUIS CRUZ MARTÍNEZ,DE LA ARAUCANÍA,ILUSTRE MUNICIPALIDAD DE CURACAUTIN,Aulas Conectadas 2025,SELECCIONADO,,https://www.innovacion.mineduc.cl/convocatoria-2025,https://docs.google.com/spreadsheets/d/11EPq1k3dRWyrXfsWJWh405slQ-tyEjJj/edit
Seleccionados AC 2025,373,selected,5374,LICEO ALONSO DE ERCILLA Y ZUÑIGA,DE LA ARAUCANÍA,ILUSTRE MUNICIPALIDAD DE ERCILLA,Aulas Conectadas 2025,SELECCIONADO,,https://www.innovacion.mineduc.cl/convocatoria-2025,https://docs.google.com/spreadsheets/d/11EPq1k3dRWyrXfsWJWh405slQ-tyEjJj/edit
Seleccionados AC 2025,374,selected,5375,ESCUELA BÁSICA SALVADOR ALLENDE,DE LA ARAUCANÍA,ILUSTRE MUNICIPALIDAD DE ERCILLA,Aulas Conectadas 2025,SELECCIONADO,,https://www.innovacion.mineduc.cl/convocatoria-2025,https://docs.google.com/spreadsheets/d/11EPq1k3dRWyrXfsWJWh405slQ-tyEjJj/edit
Seleccionados AC 2025,375,selected,5508,ESCUELA PEDRO DE OÑA,DE LA ARAUCANÍA,ILUSTRE MUNICIPALIDAD DE PUREN,Aulas Conectadas 2025,SELECCIONADO,,https://www.innovacion.mineduc.cl/convocatoria-2025,https://docs.google.com/spreadsheets/d/11EPq1k3dRWyrXfsWJWh405slQ-tyEjJj/edit
Seleccionados AC 2025,376,selected,5624,ESCUELA METRENCO,DE LA ARAUCANÍA,ILUSTRE MUNICIPALIDAD DE PADRE LAS CASAS,Aulas Conectadas 2025,SELECCIONADO,,https://www.innovacion.mineduc.cl/convocatoria-2025,https://docs.google.com/spreadsheets/d/11EPq1k3dRWyrXfsWJWh405slQ-tyEjJj/edit
Seleccionados AC 2025,377,selected,5625,ESCUELA TRUF-TRUF,DE LA ARAUCANÍA,ILUSTRE MUNICIPALIDAD DE PADRE LAS CASAS,Aulas Conectadas 2025,SELECCIONADO,,https://www.innovacion.mineduc.cl/convocatoria-2025,https://docs.google.com/spreadsheets/d/11EPq1k3dRWyrXfsWJWh405slQ-tyEjJj/edit
Seleccionados AC 2025,378,selected,5824,ESC. BÁSICA NÚMERO SEIS,DE LA ARAUCANÍA,ILUSTRE MUNICIPALIDAD DE LAUTARO,Aulas Conectadas 2025,SELECCIONADO,,https://www.innovacion.mineduc.cl/convocatoria-2025,https://docs.google.com/spreadsheets/d/11EPq1k3dRWyrXfsWJWh405slQ-tyEjJj/edit
Seleccionados AC 2025,379,selected,5825,ESC. BÁSICA AMELIA GODOY,DE LA ARAUCANÍA,ILUSTRE MUNICIPALIDAD DE LAUTARO,Aulas Conectadas 2025,SELECCIONADO,,https://www.innovacion.mineduc.cl/convocatoria-2025,https://docs.google.com/spreadsheets/d/11EPq1k3dRWyrXfsWJWh405slQ-tyEjJj/edit
Seleccionados AC 2025,380,selected,5827,ESCUELA IRENE FREI,DE LA ARAUCANÍA,ILUSTRE MUNICIPALIDAD DE LAUTARO,Aulas Conectadas 2025,SELECCIONADO,,https://www.innovacion.mineduc.cl/convocatoria-2025,https://docs.google.com/spreadsheets/d/11EPq1k3dRWyrXfsWJWh405slQ-tyEjJj/edit
Seleccionados AC 2025,381,selected,5828,ESC. BÁSICA GUACOLDA,DE LA ARAUCANÍA,ILUSTRE MUNICIPALIDAD DE LAUTARO,Aulas Conectadas 2025,SELECCIONADO,,https://www.innovacion.mineduc.cl/convocatoria-2025,https://docs.google.com/spreadsheets/d/11EPq1k3dRWyrXfsWJWh405slQ-tyEjJj/edit
Seleccionados AC 2025,382,selected,5831,LICEO LOS CASTAÑOS,DE LA ARAUCANÍA,ILUSTRE MUNICIPALIDAD DE LAUTARO,Aulas Conectadas 2025,SELECCIONADO,,https://www.innovacion.mineduc.cl/convocatoria-2025,https://docs.google.com/spreadsheets/d/11EPq1k3dRWyrXfsWJWh405slQ-tyEjJj/edit
Seleccionados AC 2025,383,selected,5880,ESCUELA EDUARDO FREI MONTALVA,DE LA ARAUCANÍA,ILUSTRE MUNICIPALIDAD DE PERQUENCO,Aulas Conectadas 2025,SELECCIONADO,,https://www.innovacion.mineduc.cl/convocatoria-2025,https://docs.google.com/spreadsheets/d/11EPq1k3dRWyrXfsWJWh405slQ-tyEjJj/edit
Seleccionados AC 2025,384,selected,5957,LICEO MUNICIPAL ATENEA,DE LA ARAUCANÍA,ILUSTRE MUNICIPALIDAD DE CUNCO,Aulas Conectadas 2025,SELECCIONADO,,https://www.innovacion.mineduc.cl/convocatoria-2025,https://docs.google.com/spreadsheets/d/11EPq1k3dRWyrXfsWJWh405slQ-tyEjJj/edit
Seleccionados AC 2025,385,selected,6056,ESCUELA BÁSICA MUNICIPAL DE EL CLARO,DE LA ARAUCANÍA,ILUSTRE MUNICIPALIDAD DE PUCON,Aulas Conectadas 2025,SELECCIONADO,,https://www.innovacion.mineduc.cl/convocatoria-2025,https://docs.google.com/spreadsheets/d/11EPq1k3dRWyrXfsWJWh405slQ-tyEjJj/edit
Seleccionados AC 2025,386,selected,6060,ESC. BÁSICA VILLA SAN PEDRO,DE LA ARAUCANÍA,ILUSTRE MUNICIPALIDAD DE PUCON,Aulas Conectadas 2025,SELECCIONADO,,https://www.innovacion.mineduc.cl/convocatoria-2025,https://docs.google.com/spreadsheets/d/11EPq1k3dRWyrXfsWJWh405slQ-tyEjJj/edit
Seleccionados AC 2025,387,selected,6088,ESCUELA VALENTÍN LETELIER,DE LA ARAUCANÍA,ILUSTRE MUNICIPALIDAD DE VILLARRICA,Aulas Conectadas 2025,SELECCIONADO,,https://www.innovacion.mineduc.cl/convocatoria-2025,https://docs.google.com/spreadsheets/d/11EPq1k3dRWyrXfsWJWh405slQ-tyEjJj/edit
Seleccionados AC 2025,388,selected,6089,ESCUELA VOIPIR DE NANCUL,DE LA ARAUCANÍA,ILUSTRE MUNICIPALIDAD DE VILLARRICA,Aulas Conectadas 2025,SELECCIONADO,,https://www.innovacion.mineduc.cl/convocatoria-2025,https://docs.google.com/spreadsheets/d/11EPq1k3dRWyrXfsWJWh405slQ-tyEjJj/edit
Seleccionados AC 2025,389,selected,6092,ESCUELA EPUKLEI,DE LA ARAUCANÍA,ILUSTRE MUNICIPALIDAD DE VILLARRICA,Aulas Conectadas 2025,SELECCIONADO,,https://www.innovacion.mineduc.cl/convocatoria-2025,https://docs.google.com/spreadsheets/d/11EPq1k3dRWyrXfsWJWh405slQ-tyEjJj/edit
Seleccionados AC 2025,390,selected,6227,ESCUELA LAS AMÉRICAS,DE LA ARAUCANÍA,ILUSTRE MUNICIPALIDAD DE PITRUFQUEN,Aulas Conectadas 2025,SELECCIONADO,,https://www.innovacion.mineduc.cl/convocatoria-2025,https://docs.google.com/spreadsheets/d/11EPq1k3dRWyrXfsWJWh405slQ-tyEjJj/edit
Seleccionados AC 2025,391,selected,6285,ESCUELA BÁSICA LOS PERALES,DE LA ARAUCANÍA,ILUSTRE MUNICIPALIDAD DE GORBEA,Aulas Conectadas 2025,SELECCIONADO,,https://www.innovacion.mineduc.cl/convocatoria-2025,https://docs.google.com/spreadsheets/d/11EPq1k3dRWyrXfsWJWh405slQ-tyEjJj/edit
Seleccionados AC 2025,392,selected,6305,ESCUELA DOMITILA PINNA PARRA,DE LA ARAUCANÍA,ILUSTRE MUNICIPALIDAD DE LONCOCHE,Aulas Conectadas 2025,SELECCIONADO,,https://www.innovacion.mineduc.cl/convocatoria-2025,https://docs.google.com/spreadsheets/d/11EPq1k3dRWyrXfsWJWh405slQ-tyEjJj/edit
Seleccionados AC 2025,393,selected,6772,C.E.I.A. NARCISO GARCÍA BARRÍA,DE LOS LAGOS,ILUSTRE MUNICIPALIDAD DE PUERTO MONTT,Aulas Conectadas 2025,SELECCIONADO,,https://www.innovacion.mineduc.cl/convocatoria-2025,https://docs.google.com/spreadsheets/d/11EPq1k3dRWyrXfsWJWh405slQ-tyEjJj/edit
Seleccionados AC 2025,394,selected,6774,ESCUELA EL LAUREL,DE LOS RÍOS,SERVICIO LOCAL DE EDUCACION PUBLICA VALDIVIA (SLEP VALDIVIA),Aulas Conectadas 2025,SELECCIONADO,,https://www.innovacion.mineduc.cl/convocatoria-2025,https://docs.google.com/spreadsheets/d/11EPq1k3dRWyrXfsWJWh405slQ-tyEjJj/edit
Seleccionados AC 2025,395,selected,6777,ESCUELA FEDOR M. DOSTOIEVSKI,DE LOS RÍOS,SERVICIO LOCAL DE EDUCACION PUBLICA VALDIVIA (SLEP VALDIVIA),Aulas Conectadas 2025,SELECCIONADO,,https://www.innovacion.mineduc.cl/convocatoria-2025,https://docs.google.com/spreadsheets/d/11EPq1k3dRWyrXfsWJWh405slQ-tyEjJj/edit
Seleccionados AC 2025,396,selected,6780,ESCUELA FERNANDO SANTIVAN,DE LOS RÍOS,SERVICIO LOCAL DE EDUCACION PUBLICA VALDIVIA (SLEP VALDIVIA),Aulas Conectadas 2025,SELECCIONADO,,https://www.innovacion.mineduc.cl/convocatoria-2025,https://docs.google.com/spreadsheets/d/11EPq1k3dRWyrXfsWJWh405slQ-tyEjJj/edit
Seleccionados AC 2025,397,selected,6785,ESCUELA ANGACHILLA,DE LOS RÍOS,SERVICIO LOCAL DE EDUCACION PUBLICA VALDIVIA (SLEP VALDIVIA),Aulas Conectadas 2025,SELECCIONADO,,https://www.innovacion.mineduc.cl/convocatoria-2025,https://docs.google.com/spreadsheets/d/11EPq1k3dRWyrXfsWJWh405slQ-tyEjJj/edit
Seleccionados AC 2025,398,selected,6787,CENTRO EDUC. ADULTOS LUIS MOLL BRIONES,DE LOS RÍOS,SERVICIO LOCAL DE EDUCACION PUBLICA VALDIVIA (SLEP VALDIVIA),Aulas Conectadas 2025,SELECCIONADO,,https://www.innovacion.mineduc.cl/convocatoria-2025,https://docs.google.com/spreadsheets/d/11EPq1k3dRWyrXfsWJWh405slQ-tyEjJj/edit
Seleccionados AC 2025,399,selected,6791,ESCUELA DE NIEBLA JUAN BOSCH,DE LOS RÍOS,SERVICIO LOCAL DE EDUCACION PUBLICA VALDIVIA (SLEP VALDIVIA),Aulas Conectadas 2025,SELECCIONADO,,https://www.innovacion.mineduc.cl/convocatoria-2025,https://docs.google.com/spreadsheets/d/11EPq1k3dRWyrXfsWJWh405slQ-tyEjJj/edit
Seleccionados AC 2025,400,selected,6846,LICEO SAN LUIS DE ALBA,DE LOS RÍOS,SERVICIO LOCAL DE EDUCACION PUBLICA VALDIVIA (SLEP VALDIVIA),Aulas Conectadas 2025,SELECCIONADO,,https://www.innovacion.mineduc.cl/convocatoria-2025,https://docs.google.com/spreadsheets/d/11EPq1k3dRWyrXfsWJWh405slQ-tyEjJj/edit
Seleccionados AC 2025,401,selected,6852,COLEGIO PELCHUQUIN,DE LOS RÍOS,SERVICIO LOCAL DE EDUCACION PUBLICA VALDIVIA (SLEP VALDIVIA),Aulas Conectadas 2025,SELECCIONADO,,https://www.innovacion.mineduc.cl/convocatoria-2025,https://docs.google.com/spreadsheets/d/11EPq1k3dRWyrXfsWJWh405slQ-tyEjJj/edit
Seleccionados AC 2025,402,selected,6876,ESCUELA FRAY BERNABE DE LUCERNA,DE LOS RÍOS,SERVICIO LOCAL DE EDUCACION PUBLICA VALDIVIA (SLEP VALDIVIA),Aulas Conectadas 2025,SELECCIONADO,,https://www.innovacion.mineduc.cl/convocatoria-2025,https://docs.google.com/spreadsheets/d/11EPq1k3dRWyrXfsWJWh405slQ-tyEjJj/edit
Seleccionados AC 2025,403,selected,6886,ESCUELA VALLE DE MARIQUINA,DE LOS RÍOS,SERVICIO LOCAL DE EDUCACION PUBLICA VALDIVIA (SLEP VALDIVIA),Aulas Conectadas 2025,SELECCIONADO,,https://www.innovacion.mineduc.cl/convocatoria-2025,https://docs.google.com/spreadsheets/d/11EPq1k3dRWyrXfsWJWh405slQ-tyEjJj/edit
Seleccionados AC 2025,404,selected,6897,LICEO BICENTENERIO DE EXCELENCIA CAMILO HENRÍQUEZ GONZÁLEZ DE LANCO,DE LOS RÍOS,SERVICIO LOCAL DE EDUCACION PUBLICA VALDIVIA (SLEP VALDIVIA),Aulas Conectadas 2025,SELECCIONADO,,https://www.innovacion.mineduc.cl/convocatoria-2025,https://docs.google.com/spreadsheets/d/11EPq1k3dRWyrXfsWJWh405slQ-tyEjJj/edit
Seleccionados AC 2025,405,selected,6899,LICEO REPÚBLICA DEL BRASIL,DE LOS RÍOS,SERVICIO LOCAL DE EDUCACION PUBLICA VALDIVIA (SLEP VALDIVIA),Aulas Conectadas 2025,SELECCIONADO,,https://www.innovacion.mineduc.cl/convocatoria-2025,https://docs.google.com/spreadsheets/d/11EPq1k3dRWyrXfsWJWh405slQ-tyEjJj/edit
Seleccionados AC 2025,406,selected,7063,ESCUELA RURAL HUELLAHUE,DE LOS RÍOS,SERVICIO LOCAL DE EDUCACION PUBLICA VALDIVIA (SLEP VALDIVIA),Aulas Conectadas 2025,SELECCIONADO,,https://www.innovacion.mineduc.cl/convocatoria-2025,https://docs.google.com/spreadsheets/d/11EPq1k3dRWyrXfsWJWh405slQ-tyEjJj/edit
Seleccionados AC 2025,407,selected,7085,COMPLEJO EDUCACIÓNAL TIERRA DE ESPERANZA,DE LOS RÍOS,SERVICIO LOCAL DE EDUCACION PUBLICA VALDIVIA (SLEP VALDIVIA),Aulas Conectadas 2025,SELECCIONADO,,https://www.innovacion.mineduc.cl/convocatoria-2025,https://docs.google.com/spreadsheets/d/11EPq1k3dRWyrXfsWJWh405slQ-tyEjJj/edit
Seleccionados AC 2025,408,selected,7205,ESCUELA ROBERTO OJEDA TÓRRES,DE LOS RÍOS,SERVICIO LOCAL DE EDUCACION PUBLICA VALDIVIA (SLEP VALDIVIA),Aulas Conectadas 2025,SELECCIONADO,,https://www.innovacion.mineduc.cl/convocatoria-2025,https://docs.google.com/spreadsheets/d/11EPq1k3dRWyrXfsWJWh405slQ-tyEjJj/edit
Seleccionados AC 2025,409,selected,7238,ESCUELA BÁSICA PATRICIO LYNCH,DE LOS RÍOS,ILUSTRE MUNICIPALIDAD DE RIO BUENO,Aulas Conectadas 2025,SELECCIONADO,,https://www.innovacion.mineduc.cl/convocatoria-2025,https://docs.google.com/spreadsheets/d/11EPq1k3dRWyrXfsWJWh405slQ-tyEjJj/edit
Seleccionados AC 2025,410,selected,7328,LICEO RAHUE,DE LOS LAGOS,ILUSTRE MUNICIPALIDAD DE OSORNO,Aulas Conectadas 2025,SELECCIONADO,,https://www.innovacion.mineduc.cl/convocatoria-2025,https://docs.google.com/spreadsheets/d/11EPq1k3dRWyrXfsWJWh405slQ-tyEjJj/edit
Seleccionados AC 2025,411,selected,7331,INSTITUTO COMERCIAL DE OSORNO,DE LOS LAGOS,ILUSTRE MUNICIPALIDAD DE OSORNO,Aulas Conectadas 2025,SELECCIONADO,,https://www.innovacion.mineduc.cl/convocatoria-2025,https://docs.google.com/spreadsheets/d/11EPq1k3dRWyrXfsWJWh405slQ-tyEjJj/edit
Seleccionados AC 2025,412,selected,7335,ESCUELA SUIZA,DE LOS LAGOS,ILUSTRE MUNICIPALIDAD DE OSORNO,Aulas Conectadas 2025,SELECCIONADO,,https://www.innovacion.mineduc.cl/convocatoria-2025,https://docs.google.com/spreadsheets/d/11EPq1k3dRWyrXfsWJWh405slQ-tyEjJj/edit
Seleccionados AC 2025,413,selected,7336,ESCUELA FUNDACIÓN PAUL HARRIS,DE LOS LAGOS,ILUSTRE MUNICIPALIDAD DE OSORNO,Aulas Conectadas 2025,SELECCIONADO,,https://www.innovacion.mineduc.cl/convocatoria-2025,https://docs.google.com/spreadsheets/d/11EPq1k3dRWyrXfsWJWh405slQ-tyEjJj/edit
Seleccionados AC 2025,414,selected,7340,ESCUELA CLAUDIO ARRAU,DE LOS LAGOS,ILUSTRE MUNICIPALIDAD DE OSORNO,Aulas Conectadas 2025,SELECCIONADO,,https://www.innovacion.mineduc.cl/convocatoria-2025,https://docs.google.com/spreadsheets/d/11EPq1k3dRWyrXfsWJWh405slQ-tyEjJj/edit
Seleccionados AC 2025,415,selected,7341,ESCUELA MONSEÑOR FRANCISCO VALDÉS SUBERCASEAUX,DE LOS LAGOS,ILUSTRE MUNICIPALIDAD DE OSORNO,Aulas Conectadas 2025,SELECCIONADO,,https://www.innovacion.mineduc.cl/convocatoria-2025,https://docs.google.com/spreadsheets/d/11EPq1k3dRWyrXfsWJWh405slQ-tyEjJj/edit
Seleccionados AC 2025,416,selected,7347,ESCUELA DEPORTIVA OSORNO,DE LOS LAGOS,ILUSTRE MUNICIPALIDAD DE OSORNO,Aulas Conectadas 2025,SELECCIONADO,,https://www.innovacion.mineduc.cl/convocatoria-2025,https://docs.google.com/spreadsheets/d/11EPq1k3dRWyrXfsWJWh405slQ-tyEjJj/edit
Seleccionados AC 2025,417,selected,7418,ESCUELA BÁSICA SAN PABLO,DE LOS LAGOS,ILUSTRE MUNICIPALIDAD DE SAN PABLO,Aulas Conectadas 2025,SELECCIONADO,,https://www.innovacion.mineduc.cl/convocatoria-2025,https://docs.google.com/spreadsheets/d/11EPq1k3dRWyrXfsWJWh405slQ-tyEjJj/edit
Seleccionados AC 2025,418,selected,7476,ESCUELA ALBERTO HURTADO,DE LOS LAGOS,ILUSTRE MUNICIPALIDAD DE PUERTO OCTAY,Aulas Conectadas 2025,SELECCIONADO,,https://www.innovacion.mineduc.cl/convocatoria-2025,https://docs.google.com/spreadsheets/d/11EPq1k3dRWyrXfsWJWh405slQ-tyEjJj/edit
Seleccionados AC 2025,419,selected,7507,ESCUELA BERTOLDO HOFMANN KAHLER,DE LOS LAGOS,ILUSTRE MUNICIPALIDAD DE PURRANQUE,Aulas Conectadas 2025,SELECCIONADO,,https://www.innovacion.mineduc.cl/convocatoria-2025,https://docs.google.com/spreadsheets/d/11EPq1k3dRWyrXfsWJWh405slQ-tyEjJj/edit
Seleccionados AC 2025,420,selected,7541,ESCUELA ANDREW JACKSON,DE LOS LAGOS,ILUSTRE MUNICIPALIDAD DE RIO NEGRO,Aulas Conectadas 2025,SELECCIONADO,,https://www.innovacion.mineduc.cl/convocatoria-2025,https://docs.google.com/spreadsheets/d/11EPq1k3dRWyrXfsWJWh405slQ-tyEjJj/edit
Seleccionados AC 2025,421,selected,7542,LICEO JOSÉ TORIBIO MEDINA,DE LOS LAGOS,ILUSTRE MUNICIPALIDAD DE RIO NEGRO,Aulas Conectadas 2025,SELECCIONADO,,https://www.innovacion.mineduc.cl/convocatoria-2025,https://docs.google.com/spreadsheets/d/11EPq1k3dRWyrXfsWJWh405slQ-tyEjJj/edit
Seleccionados AC 2025,422,selected,7543,ESCUELA RÍO NEGRO,DE LOS LAGOS,ILUSTRE MUNICIPALIDAD DE RIO NEGRO,Aulas Conectadas 2025,SELECCIONADO,,https://www.innovacion.mineduc.cl/convocatoria-2025,https://docs.google.com/spreadsheets/d/11EPq1k3dRWyrXfsWJWh405slQ-tyEjJj/edit
Seleccionados AC 2025,423,selected,7583,ESCUELA RURAL PUAUCHO,DE LOS LAGOS,ILUSTRE MUNICIPALIDAD DE SAN JUAN DE LA COSTA,Aulas Conectadas 2025,SELECCIONADO,,https://www.innovacion.mineduc.cl/convocatoria-2025,https://docs.google.com/spreadsheets/d/11EPq1k3dRWyrXfsWJWh405slQ-tyEjJj/edit
Seleccionados AC 2025,424,selected,7636,ESCUELA N 5 MIRAMAR,DE LOS LAGOS,ILUSTRE MUNICIPALIDAD DE PUERTO MONTT,Aulas Conectadas 2025,SELECCIONADO,,https://www.innovacion.mineduc.cl/convocatoria-2025,https://docs.google.com/spreadsheets/d/11EPq1k3dRWyrXfsWJWh405slQ-tyEjJj/edit
Seleccionados AC 2025,425,selected,7644,ESCUELA BÁSICA SANTA INÉS,DE LOS LAGOS,ILUSTRE MUNICIPALIDAD DE PUERTO MONTT,Aulas Conectadas 2025,SELECCIONADO,,https://www.innovacion.mineduc.cl/convocatoria-2025,https://docs.google.com/spreadsheets/d/11EPq1k3dRWyrXfsWJWh405slQ-tyEjJj/edit
Seleccionados AC 2025,426,selected,7646,ESCUELA ROTARIO PEDRO AVELINO BRAVO,DE LOS LAGOS,ILUSTRE MUNICIPALIDAD DE PUERTO MONTT,Aulas Conectadas 2025,SELECCIONADO,,https://www.innovacion.mineduc.cl/convocatoria-2025,https://docs.google.com/spreadsheets/d/11EPq1k3dRWyrXfsWJWh405slQ-tyEjJj/edit
Seleccionados AC 2025,427,selected,7650,ESCUELA DE CULTURA Y DIFUSION ARTÍSTICA,DE LOS LAGOS,ILUSTRE MUNICIPALIDAD DE PUERTO MONTT,Aulas Conectadas 2025,SELECCIONADO,,https://www.innovacion.mineduc.cl/convocatoria-2025,https://docs.google.com/spreadsheets/d/11EPq1k3dRWyrXfsWJWh405slQ-tyEjJj/edit
Seleccionados AC 2025,428,selected,7664,ESCUELA CAYENEL,DE LOS LAGOS,ILUSTRE MUNICIPALIDAD DE PUERTO MONTT,Aulas Conectadas 2025,SELECCIONADO,,https://www.innovacion.mineduc.cl/convocatoria-2025,https://docs.google.com/spreadsheets/d/11EPq1k3dRWyrXfsWJWh405slQ-tyEjJj/edit
Seleccionados AC 2025,429,selected,7671,ESCUELA RURAL LAGUNITAS,DE LOS LAGOS,ILUSTRE MUNICIPALIDAD DE PUERTO MONTT,Aulas Conectadas 2025,SELECCIONADO,,https://www.innovacion.mineduc.cl/convocatoria-2025,https://docs.google.com/spreadsheets/d/11EPq1k3dRWyrXfsWJWh405slQ-tyEjJj/edit
Seleccionados AC 2025,430,selected,7679,ESCUELA RURAL HUELMO,DE LOS LAGOS,ILUSTRE MUNICIPALIDAD DE PUERTO MONTT,Aulas Conectadas 2025,SELECCIONADO,,https://www.innovacion.mineduc.cl/convocatoria-2025,https://docs.google.com/spreadsheets/d/11EPq1k3dRWyrXfsWJWh405slQ-tyEjJj/edit
Seleccionados AC 2025,431,selected,7685,ESCUELA RURAL LA VARA,DE LOS LAGOS,ILUSTRE MUNICIPALIDAD DE PUERTO MONTT,Aulas Conectadas 2025,SELECCIONADO,,https://www.innovacion.mineduc.cl/convocatoria-2025,https://docs.google.com/spreadsheets/d/11EPq1k3dRWyrXfsWJWh405slQ-tyEjJj/edit
Seleccionados AC 2025,432,selected,7723,ESCUELA GRUPO ESCOLAR,DE LOS LAGOS,SERVICIO LOCAL DE EDUCACIÓN PÚBLICA DE LLANQUIHUE,Aulas Conectadas 2025,SELECCIONADO,,https://www.innovacion.mineduc.cl/convocatoria-2025,https://docs.google.com/spreadsheets/d/11EPq1k3dRWyrXfsWJWh405slQ-tyEjJj/edit
Seleccionados AC 2025,433,selected,7740,ESCUELA RURAL EPSON DE ENSENADA,DE LOS LAGOS,SERVICIO LOCAL DE EDUCACIÓN PÚBLICA DE LLANQUIHUE,Aulas Conectadas 2025,SELECCIONADO,,https://www.innovacion.mineduc.cl/convocatoria-2025,https://docs.google.com/spreadsheets/d/11EPq1k3dRWyrXfsWJWh405slQ-tyEjJj/edit
Seleccionados AC 2025,434,selected,7830,LICEO CAPITÁN DE FRAGATA FRANCISCO VIDAL GORMAZ,DE LOS LAGOS,ILUSTRE MUNICIPALIDAD DE MAULLIN,Aulas Conectadas 2025,SELECCIONADO,,https://www.innovacion.mineduc.cl/convocatoria-2025,https://docs.google.com/spreadsheets/d/11EPq1k3dRWyrXfsWJWh405slQ-tyEjJj/edit
Seleccionados AC 2025,435,selected,7832,ESCUELA RURAL FRANCISCO CORTES OJEDA,DE LOS LAGOS,ILUSTRE MUNICIPALIDAD DE MAULLIN,Aulas Conectadas 2025,SELECCIONADO,,https://www.innovacion.mineduc.cl/convocatoria-2025,https://docs.google.com/spreadsheets/d/11EPq1k3dRWyrXfsWJWh405slQ-tyEjJj/edit
Seleccionados AC 2025,436,selected,7834,ESCUELA ENCARNACION OLIVARES,DE LOS LAGOS,ILUSTRE MUNICIPALIDAD DE MAULLIN,Aulas Conectadas 2025,SELECCIONADO,,https://www.innovacion.mineduc.cl/convocatoria-2025,https://docs.google.com/spreadsheets/d/11EPq1k3dRWyrXfsWJWh405slQ-tyEjJj/edit
Seleccionados AC 2025,437,selected,7872,COLEGIO BICENTENARIO DE DIFUSIÓN ARTÍSTICA LOS ULMOS,DE LOS LAGOS,SERVICIO LOCAL DE EDUCACIÓN PÚBLICA DE LLANQUIHUE,Aulas Conectadas 2025,SELECCIONADO,,https://www.innovacion.mineduc.cl/convocatoria-2025,https://docs.google.com/spreadsheets/d/11EPq1k3dRWyrXfsWJWh405slQ-tyEjJj/edit
Seleccionados AC 2025,438,selected,7941,LICEO CARLOS IBAÑEZ DEL CAMPO,DE LOS LAGOS,SERVICIO LOCAL DE EDUCACIÓN PÚBLICA DE LLANQUIHUE,Aulas Conectadas 2025,SELECCIONADO,,https://www.innovacion.mineduc.cl/convocatoria-2025,https://docs.google.com/spreadsheets/d/11EPq1k3dRWyrXfsWJWh405slQ-tyEjJj/edit
Seleccionados AC 2025,439,selected,7958,ESCUELA INÉS GALLARDO ALVARADO,DE LOS LAGOS,SERVICIO LOCAL DE EDUCACIÓN PÚBLICA DE LLANQUIHUE,Aulas Conectadas 2025,SELECCIONADO,,https://www.innovacion.mineduc.cl/convocatoria-2025,https://docs.google.com/spreadsheets/d/11EPq1k3dRWyrXfsWJWh405slQ-tyEjJj/edit
Seleccionados AC 2025,440,selected,7959,ESCUELA BÁSICA GABRIELA MISTRAL,DE LOS LAGOS,SERVICIO LOCAL DE EDUCACIÓN PÚBLICA DE LLANQUIHUE,Aulas Conectadas 2025,SELECCIONADO,,https://www.innovacion.mineduc.cl/convocatoria-2025,https://docs.google.com/spreadsheets/d/11EPq1k3dRWyrXfsWJWh405slQ-tyEjJj/edit
Seleccionados AC 2025,441,selected,8044,LICEO POLIVALENTE DE ANCUD,DE LOS LAGOS,SERVICIO LOCAL DE EDUCACIÓN PÚBLICA DE CHILOÉ,Aulas Conectadas 2025,SELECCIONADO,,https://www.innovacion.mineduc.cl/convocatoria-2025,https://docs.google.com/spreadsheets/d/11EPq1k3dRWyrXfsWJWh405slQ-tyEjJj/edit
Seleccionados AC 2025,442,selected,8111,LICEO BICENTENARIO QUEMCHI,DE LOS LAGOS,SERVICIO LOCAL DE EDUCACIÓN PÚBLICA DE CHILOÉ,Aulas Conectadas 2025,SELECCIONADO,,https://www.innovacion.mineduc.cl/convocatoria-2025,https://docs.google.com/spreadsheets/d/11EPq1k3dRWyrXfsWJWh405slQ-tyEjJj/edit
Seleccionados AC 2025,443,selected,8289,ESCUELA RURAL ARTÍSTICA ALUMNO MARCELO GUENTEO SOLIS,DE LOS LAGOS,SERVICIO LOCAL DE EDUCACIÓN PÚBLICA DE CHILOÉ,Aulas Conectadas 2025,SELECCIONADO,,https://www.innovacion.mineduc.cl/convocatoria-2025,https://docs.google.com/spreadsheets/d/11EPq1k3dRWyrXfsWJWh405slQ-tyEjJj/edit
Seleccionados AC 2025,444,selected,8353,ESCUELA NIEVES DEL SUR,DE AYSÉN DEL GENERAL CARLOS IBAÑEZ DEL CAMPO,"SERVICIO LOCAL DE EDUACIÓN PÚBLICA, DE LA REGIÓN DE AYSÉN",Aulas Conectadas 2025,SELECCIONADO,,https://www.innovacion.mineduc.cl/convocatoria-2025,https://docs.google.com/spreadsheets/d/11EPq1k3dRWyrXfsWJWh405slQ-tyEjJj/edit
Seleccionados AC 2025,445,selected,8375,LICEO POLITÉCNICO DE AYSÉN,DE AYSÉN DEL GENERAL CARLOS IBAÑEZ DEL CAMPO,"SERVICIO LOCAL DE EDUACIÓN PÚBLICA, DE LA REGIÓN DE AYSÉN",Aulas Conectadas 2025,SELECCIONADO,,https://www.innovacion.mineduc.cl/convocatoria-2025,https://docs.google.com/spreadsheets/d/11EPq1k3dRWyrXfsWJWh405slQ-tyEjJj/edit
Seleccionados AC 2025,446,selected,8376,ESCUELA BÁSICA MUNICIPAL POETISA GABRIELA MISTRAL,DE AYSÉN DEL GENERAL CARLOS IBAÑEZ DEL CAMPO,"SERVICIO LOCAL DE EDUACIÓN PÚBLICA, DE LA REGIÓN DE AYSÉN",Aulas Conectadas 2025,SELECCIONADO,,https://www.innovacion.mineduc.cl/convocatoria-2025,https://docs.google.com/spreadsheets/d/11EPq1k3dRWyrXfsWJWh405slQ-tyEjJj/edit
Seleccionados AC 2025,447,selected,8377,ESCUELA AYSÉN,DE AYSÉN DEL GENERAL CARLOS IBAÑEZ DEL CAMPO,"SERVICIO LOCAL DE EDUACIÓN PÚBLICA, DE LA REGIÓN DE AYSÉN",Aulas Conectadas 2025,SELECCIONADO,,https://www.innovacion.mineduc.cl/convocatoria-2025,https://docs.google.com/spreadsheets/d/11EPq1k3dRWyrXfsWJWh405slQ-tyEjJj/edit
Seleccionados AC 2025,448,selected,8380,LICEO MANIHUALES,DE AYSÉN DEL GENERAL CARLOS IBAÑEZ DEL CAMPO,"SERVICIO LOCAL DE EDUACIÓN PÚBLICA, DE LA REGIÓN DE AYSÉN",Aulas Conectadas 2025,SELECCIONADO,,https://www.innovacion.mineduc.cl/convocatoria-2025,https://docs.google.com/spreadsheets/d/11EPq1k3dRWyrXfsWJWh405slQ-tyEjJj/edit
Seleccionados AC 2025,449,selected,8408,ESC. BÁSICA HERNÁN MERINO CORREA,DE AYSÉN DEL GENERAL CARLOS IBAÑEZ DEL CAMPO,"SERVICIO LOCAL DE EDUACIÓN PÚBLICA, DE LA REGIÓN DE AYSÉN",Aulas Conectadas 2025,SELECCIONADO,,https://www.innovacion.mineduc.cl/convocatoria-2025,https://docs.google.com/spreadsheets/d/11EPq1k3dRWyrXfsWJWh405slQ-tyEjJj/edit
Seleccionados AC 2025,450,selected,8411,LICEO BICENTENARIO POLITÉCNICO LUIS CRUZ MARTÍNEZ,DE MAGALLANES Y DE LA ANTÁRTICA CHILENA,SERVICIO LOCAL DE EDUCACIÓN PÚBLICA DE MAGALLANES,Aulas Conectadas 2025,SELECCIONADO,,https://www.innovacion.mineduc.cl/convocatoria-2025,https://docs.google.com/spreadsheets/d/11EPq1k3dRWyrXfsWJWh405slQ-tyEjJj/edit
Seleccionados AC 2025,451,selected,8417,ESCUELA BAUDILIA AVENDAÑO DE YOUSSUF,DE MAGALLANES Y DE LA ANTÁRTICA CHILENA,SERVICIO LOCAL DE EDUCACIÓN PÚBLICA DE MAGALLANES,Aulas Conectadas 2025,SELECCIONADO,,https://www.innovacion.mineduc.cl/convocatoria-2025,https://docs.google.com/spreadsheets/d/11EPq1k3dRWyrXfsWJWh405slQ-tyEjJj/edit
Seleccionados AC 2025,452,selected,8430,LICEO POLIVALENTE SARA BRAUN,DE MAGALLANES Y DE LA ANTÁRTICA CHILENA,SERVICIO LOCAL DE EDUCACIÓN PÚBLICA DE MAGALLANES,Aulas Conectadas 2025,SELECCIONADO,,https://www.innovacion.mineduc.cl/convocatoria-2025,https://docs.google.com/spreadsheets/d/11EPq1k3dRWyrXfsWJWh405slQ-tyEjJj/edit
Seleccionados AC 2025,453,selected,8432,CENTRO DE EDUC. INTEGRAL DE ADULTOS CEIA,DE MAGALLANES Y DE LA ANTÁRTICA CHILENA,SERVICIO LOCAL DE EDUCACIÓN PÚBLICA DE MAGALLANES,Aulas Conectadas 2025,SELECCIONADO,,https://www.innovacion.mineduc.cl/convocatoria-2025,https://docs.google.com/spreadsheets/d/11EPq1k3dRWyrXfsWJWh405slQ-tyEjJj/edit
Seleccionados AC 2025,454,selected,8434,ESCUELA ESPAÑA,DE MAGALLANES Y DE LA ANTÁRTICA CHILENA,SERVICIO LOCAL DE EDUCACIÓN PÚBLICA DE MAGALLANES,Aulas Conectadas 2025,SELECCIONADO,,https://www.innovacion.mineduc.cl/convocatoria-2025,https://docs.google.com/spreadsheets/d/11EPq1k3dRWyrXfsWJWh405slQ-tyEjJj/edit
Seleccionados AC 2025,455,selected,8435,ESCUELA DIECIOCHO DE SEPTIEMBRE,DE MAGALLANES Y DE LA ANTÁRTICA CHILENA,SERVICIO LOCAL DE EDUCACIÓN PÚBLICA DE MAGALLANES,Aulas Conectadas 2025,SELECCIONADO,,https://www.innovacion.mineduc.cl/convocatoria-2025,https://docs.google.com/spreadsheets/d/11EPq1k3dRWyrXfsWJWh405slQ-tyEjJj/edit
Seleccionados AC 2025,456,selected,8444,ESCUELA PATAGONIA,DE MAGALLANES Y DE LA ANTÁRTICA CHILENA,SERVICIO LOCAL DE EDUCACIÓN PÚBLICA DE MAGALLANES,Aulas Conectadas 2025,SELECCIONADO,,https://www.innovacion.mineduc.cl/convocatoria-2025,https://docs.google.com/spreadsheets/d/11EPq1k3dRWyrXfsWJWh405slQ-tyEjJj/edit
Seleccionados AC 2025,457,selected,8449,ESCUELA ELBA OJEDA GÓMEZ,DE MAGALLANES Y DE LA ANTÁRTICA CHILENA,SERVICIO LOCAL DE EDUCACIÓN PÚBLICA DE MAGALLANES,Aulas Conectadas 2025,SELECCIONADO,,https://www.innovacion.mineduc.cl/convocatoria-2025,https://docs.google.com/spreadsheets/d/11EPq1k3dRWyrXfsWJWh405slQ-tyEjJj/edit
Seleccionados AC 2025,458,selected,8474,LICEO BICENTENARIO HERNANDO DE MAGALLANES,DE MAGALLANES Y DE LA ANTÁRTICA CHILENA,SERVICIO LOCAL DE EDUCACIÓN PÚBLICA DE MAGALLANES,Aulas Conectadas 2025,SELECCIONADO,,https://www.innovacion.mineduc.cl/convocatoria-2025,https://docs.google.com/spreadsheets/d/11EPq1k3dRWyrXfsWJWh405slQ-tyEjJj/edit
Seleccionados AC 2025,459,selected,8475,ESCUELA LIBERTADOR BDO. O´HIGGINS R.,DE MAGALLANES Y DE LA ANTÁRTICA CHILENA,SERVICIO LOCAL DE EDUCACIÓN PÚBLICA DE MAGALLANES,Aulas Conectadas 2025,SELECCIONADO,,https://www.innovacion.mineduc.cl/convocatoria-2025,https://docs.google.com/spreadsheets/d/11EPq1k3dRWyrXfsWJWh405slQ-tyEjJj/edit
Seleccionados AC 2025,460,selected,8483,LICEO BICENTENARIO DONALD MC-INTYRE GRIFFITHS,DE MAGALLANES Y DE LA ANTÁRTICA CHILENA,SERVICIO LOCAL DE EDUCACIÓN PÚBLICA DE MAGALLANES,Aulas Conectadas 2025,SELECCIONADO,,https://www.innovacion.mineduc.cl/convocatoria-2025,https://docs.google.com/spreadsheets/d/11EPq1k3dRWyrXfsWJWh405slQ-tyEjJj/edit
Seleccionados AC 2025,461,selected,8495,LICEO CONFEDERACIÓN SUIZA,METROPOLITANA DE SANTIAGO,ILUSTRE MUNICIPALIDAD DE SANTIAGO,Aulas Conectadas 2025,SELECCIONADO,,https://www.innovacion.mineduc.cl/convocatoria-2025,https://docs.google.com/spreadsheets/d/11EPq1k3dRWyrXfsWJWh405slQ-tyEjJj/edit
Seleccionados AC 2025,462,selected,8500,LICEO INDUSTRIAL ELIODORO GARCÍA ZEGERS,METROPOLITANA DE SANTIAGO,ILUSTRE MUNICIPALIDAD DE SANTIAGO,Aulas Conectadas 2025,SELECCIONADO,,https://www.innovacion.mineduc.cl/convocatoria-2025,https://docs.google.com/spreadsheets/d/11EPq1k3dRWyrXfsWJWh405slQ-tyEjJj/edit
Seleccionados AC 2025,463,selected,8504,LICEO TÉCNICO A N° 27 CLELIA CLAVEL DINAT,METROPOLITANA DE SANTIAGO,FUND. NACIONAL DEL COMERCIO PARA LA EDUCACION,Aulas Conectadas 2025,SELECCIONADO,,https://www.innovacion.mineduc.cl/convocatoria-2025,https://docs.google.com/spreadsheets/d/11EPq1k3dRWyrXfsWJWh405slQ-tyEjJj/edit
Seleccionados AC 2025,464,selected,8541,LICEO DE ADULTOS HERBERT VARGAS WALLIS,METROPOLITANA DE SANTIAGO,ILUSTRE MUNICIPALIDAD DE SANTIAGO,Aulas Conectadas 2025,SELECCIONADO,,https://www.innovacion.mineduc.cl/convocatoria-2025,https://docs.google.com/spreadsheets/d/11EPq1k3dRWyrXfsWJWh405slQ-tyEjJj/edit
Seleccionados AC 2025,465,selected,8555,ESCUELA REPÚBLICA EL LIBANO,METROPOLITANA DE SANTIAGO,ILUSTRE MUNICIPALIDAD DE SANTIAGO,Aulas Conectadas 2025,SELECCIONADO,,https://www.innovacion.mineduc.cl/convocatoria-2025,https://docs.google.com/spreadsheets/d/11EPq1k3dRWyrXfsWJWh405slQ-tyEjJj/edit
Seleccionados AC 2025,466,selected,8564,ESCUELA BÁSICA REINO DE NORUEGA,METROPOLITANA DE SANTIAGO,DEPARTAMENTO EDUC. MUN. DE QUINTA NORMAL,Aulas Conectadas 2025,SELECCIONADO,,https://www.innovacion.mineduc.cl/convocatoria-2025,https://docs.google.com/spreadsheets/d/11EPq1k3dRWyrXfsWJWh405slQ-tyEjJj/edit
Seleccionados AC 2025,467,selected,8586,ESCUELA DIFERENCIAL JUAN SANDOVAL C.,METROPOLITANA DE SANTIAGO,ILUSTRE MUNICIPALIDAD DE SANTIAGO,Aulas Conectadas 2025,SELECCIONADO,,https://www.innovacion.mineduc.cl/convocatoria-2025,https://docs.google.com/spreadsheets/d/11EPq1k3dRWyrXfsWJWh405slQ-tyEjJj/edit
Seleccionados AC 2025,468,selected,8839,INSTITUTO FERMIN VIVACETA,METROPOLITANA DE SANTIAGO,ILUSTRE MUNICIPALIDAD LO BARNECHEA,Aulas Conectadas 2025,SELECCIONADO,,https://www.innovacion.mineduc.cl/convocatoria-2025,https://docs.google.com/spreadsheets/d/11EPq1k3dRWyrXfsWJWh405slQ-tyEjJj/edit
Seleccionados AC 2025,469,selected,9090,ESCUELA BAS. CENTRO EDUCACIÓNAL MILLANTU,METROPOLITANA DE SANTIAGO,SERVICIO LOCAL DE EDUCACIÓN PÚBLICA GABRIELA MISTRAL,Aulas Conectadas 2025,SELECCIONADO,,https://www.innovacion.mineduc.cl/convocatoria-2025,https://docs.google.com/spreadsheets/d/11EPq1k3dRWyrXfsWJWh405slQ-tyEjJj/edit
Seleccionados AC 2025,470,selected,9290,ESCUELA SOTERO DEL RÍO,METROPOLITANA DE SANTIAGO,CORP.MUNICIPAL DE EDUCACION-LA FLORIDA,Aulas Conectadas 2025,SELECCIONADO,,https://www.innovacion.mineduc.cl/convocatoria-2025,https://docs.google.com/spreadsheets/d/11EPq1k3dRWyrXfsWJWh405slQ-tyEjJj/edit
Seleccionados AC 2025,471,selected,9304,ESCUELA LOS CEREZOS,METROPOLITANA DE SANTIAGO,CORP.MUNICIPAL DE EDUCACION-LA FLORIDA,Aulas Conectadas 2025,SELECCIONADO,,https://www.innovacion.mineduc.cl/convocatoria-2025,https://docs.google.com/spreadsheets/d/11EPq1k3dRWyrXfsWJWh405slQ-tyEjJj/edit
Seleccionados AC 2025,472,selected,9307,ESCUELA OSCAR CASTRO,METROPOLITANA DE SANTIAGO,CORP.MUNICIPAL DE EDUCACION-LA FLORIDA,Aulas Conectadas 2025,SELECCIONADO,,https://www.innovacion.mineduc.cl/convocatoria-2025,https://docs.google.com/spreadsheets/d/11EPq1k3dRWyrXfsWJWh405slQ-tyEjJj/edit
Seleccionados AC 2025,473,selected,9410,ESCUELA CONSOLIDADA DÁVILA,METROPOLITANA DE SANTIAGO,SERVICIO LOCAL DE EDUCACIÓN PUBLICA SANTA ROSA,Aulas Conectadas 2025,SELECCIONADO,,https://www.innovacion.mineduc.cl/convocatoria-2025,https://docs.google.com/spreadsheets/d/11EPq1k3dRWyrXfsWJWh405slQ-tyEjJj/edit
Seleccionados AC 2025,474,selected,9416,ESCUELA POETAS DE CHILE,METROPOLITANA DE SANTIAGO,SERVICIO LOCAL DE EDUCACIÓN PUBLICA SANTA ROSA,Aulas Conectadas 2025,SELECCIONADO,,https://www.innovacion.mineduc.cl/convocatoria-2025,https://docs.google.com/spreadsheets/d/11EPq1k3dRWyrXfsWJWh405slQ-tyEjJj/edit
Seleccionados AC 2025,475,selected,9419,LICEO MUNICIPAL ENRIQUE BACKAUSSE,METROPOLITANA DE SANTIAGO,SERVICIO LOCAL DE EDUCACIÓN PUBLICA SANTA ROSA,Aulas Conectadas 2025,SELECCIONADO,,https://www.innovacion.mineduc.cl/convocatoria-2025,https://docs.google.com/spreadsheets/d/11EPq1k3dRWyrXfsWJWh405slQ-tyEjJj/edit
Seleccionados AC 2025,476,selected,9422,ESCUELA CENTRO EDUC. REP. MEXICANA,METROPOLITANA DE SANTIAGO,SERVICIO LOCAL DE EDUCACIÓN PUBLICA SANTA ROSA,Aulas Conectadas 2025,SELECCIONADO,,https://www.innovacion.mineduc.cl/convocatoria-2025,https://docs.google.com/spreadsheets/d/11EPq1k3dRWyrXfsWJWh405slQ-tyEjJj/edit
Seleccionados AC 2025,477,selected,9429,ESCUELA POETA VÍCTOR DOMINGO SILVA,METROPOLITANA DE SANTIAGO,SERVICIO LOCAL DE EDUCACIÓN PÚBLICA GABRIELA MISTRAL,Aulas Conectadas 2025,SELECCIONADO,,https://www.innovacion.mineduc.cl/convocatoria-2025,https://docs.google.com/spreadsheets/d/11EPq1k3dRWyrXfsWJWh405slQ-tyEjJj/edit
Seleccionados AC 2025,478,selected,9433,ESCUELA PABLO NERUDA,METROPOLITANA DE SANTIAGO,SERVICIO LOCAL DE EDUCACIÓN PUBLICA SANTA ROSA,Aulas Conectadas 2025,SELECCIONADO,,https://www.innovacion.mineduc.cl/convocatoria-2025,https://docs.google.com/spreadsheets/d/11EPq1k3dRWyrXfsWJWh405slQ-tyEjJj/edit
Seleccionados AC 2025,479,selected,9446,ESCUELA DE PÁRVULOS RAYITO DE LUZ,METROPOLITANA DE SANTIAGO,SERVICIO LOCAL DE EDUCACIÓN PUBLICA SANTA ROSA,Aulas Conectadas 2025,SELECCIONADO,,https://www.innovacion.mineduc.cl/convocatoria-2025,https://docs.google.com/spreadsheets/d/11EPq1k3dRWyrXfsWJWh405slQ-tyEjJj/edit
Seleccionados AC 2025,480,selected,9460,INST. REG. EDUC ADULTOS SAN MIGUEL,METROPOLITANA DE SANTIAGO,SERVICIO LOCAL DE EDUCACIÓN PUBLICA SANTA ROSA,Aulas Conectadas 2025,SELECCIONADO,,https://www.innovacion.mineduc.cl/convocatoria-2025,https://docs.google.com/spreadsheets/d/11EPq1k3dRWyrXfsWJWh405slQ-tyEjJj/edit
Seleccionados AC 2025,481,selected,9584,LICEO COMERCIAL VATE VICENTE HUIDOBRO,METROPOLITANA DE SANTIAGO,FUND. NACIONAL DEL COMERCIO PARA LA EDUCACION,Aulas Conectadas 2025,SELECCIONADO,,https://www.innovacion.mineduc.cl/convocatoria-2025,https://docs.google.com/spreadsheets/d/11EPq1k3dRWyrXfsWJWh405slQ-tyEjJj/edit
Seleccionados AC 2025,482,selected,9586,LICEO MUNICIPALIZADO ARAUCANÍA,METROPOLITANA DE SANTIAGO,SERVICIO LOCAL DE EDUCACIÓN PUBLICA SANTA ROSA,Aulas Conectadas 2025,SELECCIONADO,,https://www.innovacion.mineduc.cl/convocatoria-2025,https://docs.google.com/spreadsheets/d/11EPq1k3dRWyrXfsWJWh405slQ-tyEjJj/edit
Seleccionados AC 2025,483,selected,9593,ESCUELA BÁSICA EDUCADORES DE CHILE,METROPOLITANA DE SANTIAGO,SERVICIO LOCAL DE EDUCACIÓN PUBLICA SANTA ROSA,Aulas Conectadas 2025,SELECCIONADO,,https://www.innovacion.mineduc.cl/convocatoria-2025,https://docs.google.com/spreadsheets/d/11EPq1k3dRWyrXfsWJWh405slQ-tyEjJj/edit
Seleccionados AC 2025,484,selected,9599,LICEO MUNICIPAL PURKUYEN,METROPOLITANA DE SANTIAGO,SERVICIO LOCAL DE EDUCACIÓN PUBLICA SANTA ROSA,Aulas Conectadas 2025,SELECCIONADO,,https://www.innovacion.mineduc.cl/convocatoria-2025,https://docs.google.com/spreadsheets/d/11EPq1k3dRWyrXfsWJWh405slQ-tyEjJj/edit
Seleccionados AC 2025,485,selected,9600,ESCUELA NANIHUE,METROPOLITANA DE SANTIAGO,SERVICIO LOCAL DE EDUCACIÓN PUBLICA SANTA ROSA,Aulas Conectadas 2025,SELECCIONADO,,https://www.innovacion.mineduc.cl/convocatoria-2025,https://docs.google.com/spreadsheets/d/11EPq1k3dRWyrXfsWJWh405slQ-tyEjJj/edit
Seleccionados AC 2025,486,selected,9601,CENTRO EDUCACIÓNAL MUNICIPAL SAN RAMÓN,METROPOLITANA DE SANTIAGO,SERVICIO LOCAL DE EDUCACIÓN PUBLICA SANTA ROSA,Aulas Conectadas 2025,SELECCIONADO,,https://www.innovacion.mineduc.cl/convocatoria-2025,https://docs.google.com/spreadsheets/d/11EPq1k3dRWyrXfsWJWh405slQ-tyEjJj/edit
Seleccionados AC 2025,487,selected,9611,ESCUELA BÁSICA TUPAHUE,METROPOLITANA DE SANTIAGO,SERVICIO LOCAL DE EDUCACIÓN PUBLICA SANTA ROSA,Aulas Conectadas 2025,SELECCIONADO,,https://www.innovacion.mineduc.cl/convocatoria-2025,https://docs.google.com/spreadsheets/d/11EPq1k3dRWyrXfsWJWh405slQ-tyEjJj/edit
Seleccionados AC 2025,488,selected,9625,ESCUELA BÁSICA VILLA LA CULTURA,METROPOLITANA DE SANTIAGO,SERVICIO LOCAL DE EDUCACIÓN PUBLICA SANTA ROSA,Aulas Conectadas 2025,SELECCIONADO,,https://www.innovacion.mineduc.cl/convocatoria-2025,https://docs.google.com/spreadsheets/d/11EPq1k3dRWyrXfsWJWh405slQ-tyEjJj/edit
Seleccionados AC 2025,489,selected,9631,ESCUELA ESPECIAL DE ADULTOS,METROPOLITANA DE SANTIAGO,SERVICIO LOCAL DE EDUCACIÓN PUBLICA SANTA ROSA,Aulas Conectadas 2025,SELECCIONADO,,https://www.innovacion.mineduc.cl/convocatoria-2025,https://docs.google.com/spreadsheets/d/11EPq1k3dRWyrXfsWJWh405slQ-tyEjJj/edit
Seleccionados AC 2025,490,selected,9688,LICEO JUAN GÓMEZ MILLAS,METROPOLITANA DE SANTIAGO,SERVICIO LOCAL DE EDUCACION PUBLICA DEL PINO,Aulas Conectadas 2025,SELECCIONADO,,https://www.innovacion.mineduc.cl/convocatoria-2025,https://docs.google.com/spreadsheets/d/11EPq1k3dRWyrXfsWJWh405slQ-tyEjJj/edit
Seleccionados AC 2025,491,selected,9690,CENTRO EDUC. CARDENAL JOSÉ MARÍA CARO,METROPOLITANA DE SANTIAGO,SERVICIO LOCAL DE EDUCACIÓN PUBLICA SANTA ROSA,Aulas Conectadas 2025,SELECCIONADO,,https://www.innovacion.mineduc.cl/convocatoria-2025,https://docs.google.com/spreadsheets/d/11EPq1k3dRWyrXfsWJWh405slQ-tyEjJj/edit
Seleccionados AC 2025,492,selected,9693,LICEO POLITÉCNICO CIENCIA Y TECNOLOGÍA,METROPOLITANA DE SANTIAGO,SERVICIO LOCAL DE EDUCACIÓN PUBLICA SANTA ROSA,Aulas Conectadas 2025,SELECCIONADO,,https://www.innovacion.mineduc.cl/convocatoria-2025,https://docs.google.com/spreadsheets/d/11EPq1k3dRWyrXfsWJWh405slQ-tyEjJj/edit
Seleccionados AC 2025,493,selected,9694,INSTITUTO COMERCIAL PADRE ALBERTO HURTADO DE PEDRO AGUIRRE CERDA,METROPOLITANA DE SANTIAGO,FUND. NACIONAL DEL COMERCIO PARA LA EDUCACION,Aulas Conectadas 2025,SELECCIONADO,,https://www.innovacion.mineduc.cl/convocatoria-2025,https://docs.google.com/spreadsheets/d/11EPq1k3dRWyrXfsWJWh405slQ-tyEjJj/edit
Seleccionados AC 2025,494,selected,9697,LICEO POLIVALENTE,METROPOLITANA DE SANTIAGO,SERVICIO LOCAL DE EDUCACIÓN PUBLICA SANTA ROSA,Aulas Conectadas 2025,SELECCIONADO,,https://www.innovacion.mineduc.cl/convocatoria-2025,https://docs.google.com/spreadsheets/d/11EPq1k3dRWyrXfsWJWh405slQ-tyEjJj/edit
Seleccionados AC 2025,495,selected,9698,ESCUELA BÁSICA AVIADORES,METROPOLITANA DE SANTIAGO,SERVICIO LOCAL DE EDUCACION PUBLICA DEL PINO,Aulas Conectadas 2025,SELECCIONADO,,https://www.innovacion.mineduc.cl/convocatoria-2025,https://docs.google.com/spreadsheets/d/11EPq1k3dRWyrXfsWJWh405slQ-tyEjJj/edit
Seleccionados AC 2025,496,selected,9699,COLEGIO NACIONES UNIDAS,METROPOLITANA DE SANTIAGO,SERVICIO LOCAL DE EDUCACIÓN PUBLICA SANTA ROSA,Aulas Conectadas 2025,SELECCIONADO,,https://www.innovacion.mineduc.cl/convocatoria-2025,https://docs.google.com/spreadsheets/d/11EPq1k3dRWyrXfsWJWh405slQ-tyEjJj/edit
Seleccionados AC 2025,497,selected,9700,COLEGIO PALESTINO,METROPOLITANA DE SANTIAGO,SERVICIO LOCAL DE EDUCACIÓN PUBLICA SANTA ROSA,Aulas Conectadas 2025,SELECCIONADO,,https://www.innovacion.mineduc.cl/convocatoria-2025,https://docs.google.com/spreadsheets/d/11EPq1k3dRWyrXfsWJWh405slQ-tyEjJj/edit
Seleccionados AC 2025,498,selected,9702,ESCUELA BÁSICA MARIO ARCE GATICA,METROPOLITANA DE SANTIAGO,SERVICIO LOCAL DE EDUCACION PUBLICA DEL PINO,Aulas Conectadas 2025,SELECCIONADO,,https://www.innovacion.mineduc.cl/convocatoria-2025,https://docs.google.com/spreadsheets/d/11EPq1k3dRWyrXfsWJWh405slQ-tyEjJj/edit
Seleccionados AC 2025,499,selected,9705,ESCUELA BÁSICA SALOMON SACK,METROPOLITANA DE SANTIAGO,SERVICIO LOCAL DE EDUCACIÓN PUBLICA SANTA ROSA,Aulas Conectadas 2025,SELECCIONADO,,https://www.innovacion.mineduc.cl/convocatoria-2025,https://docs.google.com/spreadsheets/d/11EPq1k3dRWyrXfsWJWh405slQ-tyEjJj/edit
Seleccionados AC 2025,500,selected,9710,ESCUELA BÁSICA SANTA ADRIANA,METROPOLITANA DE SANTIAGO,SERVICIO LOCAL DE EDUCACIÓN PUBLICA SANTA ROSA,Aulas Conectadas 2025,SELECCIONADO,,https://www.innovacion.mineduc.cl/convocatoria-2025,https://docs.google.com/spreadsheets/d/11EPq1k3dRWyrXfsWJWh405slQ-tyEjJj/edit
Seleccionados AC 2025,501,selected,9713,COMPLEJO EDUCACIÓNAL FELIPE HERRERA LANE,METROPOLITANA DE SANTIAGO,SERVICIO LOCAL DE EDUCACION PUBLICA DEL PINO,Aulas Conectadas 2025,SELECCIONADO,,https://www.innovacion.mineduc.cl/convocatoria-2025,https://docs.google.com/spreadsheets/d/11EPq1k3dRWyrXfsWJWh405slQ-tyEjJj/edit
Seleccionados AC 2025,502,selected,9714,ESCUELA BÁSICA JOSÉ MARTÍ,METROPOLITANA DE SANTIAGO,SERVICIO LOCAL DE EDUCACION PUBLICA DEL PINO,Aulas Conectadas 2025,SELECCIONADO,,https://www.innovacion.mineduc.cl/convocatoria-2025,https://docs.google.com/spreadsheets/d/11EPq1k3dRWyrXfsWJWh405slQ-tyEjJj/edit
Seleccionados AC 2025,503,selected,9716,ESCUELA BÁSICA ACAPULCO,METROPOLITANA DE SANTIAGO,SERVICIO LOCAL DE EDUCACIÓN PUBLICA SANTA ROSA,Aulas Conectadas 2025,SELECCIONADO,,https://www.innovacion.mineduc.cl/convocatoria-2025,https://docs.google.com/spreadsheets/d/11EPq1k3dRWyrXfsWJWh405slQ-tyEjJj/edit
Seleccionados AC 2025,504,selected,9718,ESCUELA BÁSICA PAUL HARRIS,METROPOLITANA DE SANTIAGO,SERVICIO LOCAL DE EDUCACION PUBLICA DEL PINO,Aulas Conectadas 2025,SELECCIONADO,,https://www.innovacion.mineduc.cl/convocatoria-2025,https://docs.google.com/spreadsheets/d/11EPq1k3dRWyrXfsWJWh405slQ-tyEjJj/edit
Seleccionados AC 2025,505,selected,9719,ESCUELA BÁSICA,METROPOLITANA DE SANTIAGO,SERVICIO LOCAL DE EDUCACIÓN PUBLICA SANTA ROSA,Aulas Conectadas 2025,SELECCIONADO,,https://www.innovacion.mineduc.cl/convocatoria-2025,https://docs.google.com/spreadsheets/d/11EPq1k3dRWyrXfsWJWh405slQ-tyEjJj/edit
Seleccionados AC 2025,506,selected,9726,LICEO TENIENTE FRANCISCO MERY AGUIRRE,METROPOLITANA DE SANTIAGO,SERVICIO LOCAL DE EDUCACIÓN PUBLICA SANTA ROSA,Aulas Conectadas 2025,SELECCIONADO,,https://www.innovacion.mineduc.cl/convocatoria-2025,https://docs.google.com/spreadsheets/d/11EPq1k3dRWyrXfsWJWh405slQ-tyEjJj/edit
Seleccionados AC 2025,507,selected,9727,ESCUELA CIUDAD DE BARCELONA,METROPOLITANA DE SANTIAGO,SERVICIO LOCAL DE EDUCACIÓN PUBLICA SANTA ROSA,Aulas Conectadas 2025,SELECCIONADO,,https://www.innovacion.mineduc.cl/convocatoria-2025,https://docs.google.com/spreadsheets/d/11EPq1k3dRWyrXfsWJWh405slQ-tyEjJj/edit
Seleccionados AC 2025,508,selected,9729,ESCUELA VILLA SUR,METROPOLITANA DE SANTIAGO,SERVICIO LOCAL DE EDUCACIÓN PUBLICA SANTA ROSA,Aulas Conectadas 2025,SELECCIONADO,,https://www.innovacion.mineduc.cl/convocatoria-2025,https://docs.google.com/spreadsheets/d/11EPq1k3dRWyrXfsWJWh405slQ-tyEjJj/edit
Seleccionados AC 2025,509,selected,9733,ESCUELA BÁSICA CLARA ESTRELLA,METROPOLITANA DE SANTIAGO,SERVICIO LOCAL DE EDUCACIÓN PUBLICA SANTA ROSA,Aulas Conectadas 2025,SELECCIONADO,,https://www.innovacion.mineduc.cl/convocatoria-2025,https://docs.google.com/spreadsheets/d/11EPq1k3dRWyrXfsWJWh405slQ-tyEjJj/edit
Seleccionados AC 2025,510,selected,9741,ESCUELA BÁSICA COEDUCACIÓNAL,METROPOLITANA DE SANTIAGO,SERVICIO LOCAL DE EDUCACIÓN PUBLICA SANTA ROSA,Aulas Conectadas 2025,SELECCIONADO,,https://www.innovacion.mineduc.cl/convocatoria-2025,https://docs.google.com/spreadsheets/d/11EPq1k3dRWyrXfsWJWh405slQ-tyEjJj/edit
Seleccionados AC 2025,511,selected,9747,C.E.I.A.PEDRO AGUIRRE CERDA,METROPOLITANA DE SANTIAGO,SERVICIO LOCAL DE EDUCACIÓN PUBLICA SANTA ROSA,Aulas Conectadas 2025,SELECCIONADO,,https://www.innovacion.mineduc.cl/convocatoria-2025,https://docs.google.com/spreadsheets/d/11EPq1k3dRWyrXfsWJWh405slQ-tyEjJj/edit
Seleccionados AC 2025,512,selected,9863,LICEO SANTIAGO BUERAS Y AVARIA,METROPOLITANA DE SANTIAGO,SERVICIO LOCAL DE EDUCACION PUBLICA SANTA CORINA,Aulas Conectadas 2025,SELECCIONADO,,https://www.innovacion.mineduc.cl/convocatoria-2025,https://docs.google.com/spreadsheets/d/11EPq1k3dRWyrXfsWJWh405slQ-tyEjJj/edit
Seleccionados AC 2025,513,selected,9877,ESCUELA GENERAL O´HIGGINS,METROPOLITANA DE SANTIAGO,SERVICIO LOCAL DE EDUCACION PUBLICA SANTA CORINA,Aulas Conectadas 2025,SELECCIONADO,,https://www.innovacion.mineduc.cl/convocatoria-2025,https://docs.google.com/spreadsheets/d/11EPq1k3dRWyrXfsWJWh405slQ-tyEjJj/edit
Seleccionados AC 2025,514,selected,9889,LICEO REINO DE DINAMARCA,METROPOLITANA DE SANTIAGO,SERVICIO LOCAL DE EDUCACION PUBLICA SANTA CORINA,Aulas Conectadas 2025,SELECCIONADO,,https://www.innovacion.mineduc.cl/convocatoria-2025,https://docs.google.com/spreadsheets/d/11EPq1k3dRWyrXfsWJWh405slQ-tyEjJj/edit
Seleccionados AC 2025,515,selected,9893,ESCUELA ESPECIAL ANDALUE,METROPOLITANA DE SANTIAGO,SERVICIO LOCAL DE EDUCACION PUBLICA SANTA CORINA,Aulas Conectadas 2025,SELECCIONADO,,https://www.innovacion.mineduc.cl/convocatoria-2025,https://docs.google.com/spreadsheets/d/11EPq1k3dRWyrXfsWJWh405slQ-tyEjJj/edit
Seleccionados AC 2025,516,selected,9982,LICEO COMERCIAL MOLINA LAVÍN,METROPOLITANA DE SANTIAGO,FUND. NACIONAL DEL COMERCIO PARA LA EDUCACION,Aulas Conectadas 2025,SELECCIONADO,,https://www.innovacion.mineduc.cl/convocatoria-2025,https://docs.google.com/spreadsheets/d/11EPq1k3dRWyrXfsWJWh405slQ-tyEjJj/edit
Seleccionados AC 2025,517,selected,10075,LICEO POLIVALENTE LOS HÉROES DE LA CONCEPCIÓN,METROPOLITANA DE SANTIAGO,SERVICIO LOCAL DE EDUCACIÓN PÚBLICA LAS BARRANCAS,Aulas Conectadas 2025,SELECCIONADO,,https://www.innovacion.mineduc.cl/convocatoria-2025,https://docs.google.com/spreadsheets/d/11EPq1k3dRWyrXfsWJWh405slQ-tyEjJj/edit
Seleccionados AC 2025,518,selected,10093,ESCUELA MILLAHUE,METROPOLITANA DE SANTIAGO,SERVICIO LOCAL DE EDUCACIÓN PÚBLICA LAS BARRANCAS,Aulas Conectadas 2025,SELECCIONADO,,https://www.innovacion.mineduc.cl/convocatoria-2025,https://docs.google.com/spreadsheets/d/11EPq1k3dRWyrXfsWJWh405slQ-tyEjJj/edit
Seleccionados AC 2025,519,selected,10095,ESCUELA IGNACIO CARRERA PINTO,METROPOLITANA DE SANTIAGO,SERVICIO LOCAL DE EDUCACIÓN PÚBLICA LAS BARRANCAS,Aulas Conectadas 2025,SELECCIONADO,,https://www.innovacion.mineduc.cl/convocatoria-2025,https://docs.google.com/spreadsheets/d/11EPq1k3dRWyrXfsWJWh405slQ-tyEjJj/edit
Seleccionados AC 2025,520,selected,10120,LICEO DE ADULTOS ALBERTO GALLEGUILLOS J.,METROPOLITANA DE SANTIAGO,SERVICIO LOCAL DE EDUCACIÓN PÚBLICA LAS BARRANCAS,Aulas Conectadas 2025,SELECCIONADO,,https://www.innovacion.mineduc.cl/convocatoria-2025,https://docs.google.com/spreadsheets/d/11EPq1k3dRWyrXfsWJWh405slQ-tyEjJj/edit
Seleccionados AC 2025,521,selected,10127,ESC. DE EDUCACIÓN DIFERENCIAL QUILLAHUE,METROPOLITANA DE SANTIAGO,SERVICIO LOCAL DE EDUCACIÓN PÚBLICA LAS BARRANCAS,Aulas Conectadas 2025,SELECCIONADO,,https://www.innovacion.mineduc.cl/convocatoria-2025,https://docs.google.com/spreadsheets/d/11EPq1k3dRWyrXfsWJWh405slQ-tyEjJj/edit
Seleccionados AC 2025,522,selected,10263,ESCUELA D-114,METROPOLITANA DE SANTIAGO,SERVICIO LOCAL DE EDUCACION PUBLICA LOS LIBERTADORES,Aulas Conectadas 2025,SELECCIONADO,,https://www.innovacion.mineduc.cl/convocatoria-2025,https://docs.google.com/spreadsheets/d/11EPq1k3dRWyrXfsWJWh405slQ-tyEjJj/edit
Seleccionados AC 2025,523,selected,10271,ESCUELA ARAUCARIAS DE CHILE,METROPOLITANA DE SANTIAGO,SERVICIO LOCAL DE EDUCACION PUBLICA LOS LIBERTADORES,Aulas Conectadas 2025,SELECCIONADO,,https://www.innovacion.mineduc.cl/convocatoria-2025,https://docs.google.com/spreadsheets/d/11EPq1k3dRWyrXfsWJWh405slQ-tyEjJj/edit
Seleccionados AC 2025,524,selected,10278,ESCUELA PEDRO AGUIRRE CERDA,METROPOLITANA DE SANTIAGO,SERVICIO LOCAL DE EDUCACION PUBLICA LOS LIBERTADORES,Aulas Conectadas 2025,SELECCIONADO,,https://www.innovacion.mineduc.cl/convocatoria-2025,https://docs.google.com/spreadsheets/d/11EPq1k3dRWyrXfsWJWh405slQ-tyEjJj/edit
Seleccionados AC 2025,525,selected,10280,ESCUELA BÁSICA POETA EUSEBIO LILLO,METROPOLITANA DE SANTIAGO,SERVICIO LOCAL DE EDUCACION PUBLICA LOS LIBERTADORES,Aulas Conectadas 2025,SELECCIONADO,,https://www.innovacion.mineduc.cl/convocatoria-2025,https://docs.google.com/spreadsheets/d/11EPq1k3dRWyrXfsWJWh405slQ-tyEjJj/edit
Seleccionados AC 2025,526,selected,10300,ESCUELA MARTA COLVÍN,METROPOLITANA DE SANTIAGO,ILUSTRE MUNICIPALIDAD DE RECOLETA,Aulas Conectadas 2025,SELECCIONADO,,https://www.innovacion.mineduc.cl/convocatoria-2025,https://docs.google.com/spreadsheets/d/11EPq1k3dRWyrXfsWJWh405slQ-tyEjJj/edit
Seleccionados AC 2025,527,selected,10302,ESCUELA ANNE ELEONOR ROOSEVELT,METROPOLITANA DE SANTIAGO,ILUSTRE MUNICIPALIDAD DE RECOLETA,Aulas Conectadas 2025,SELECCIONADO,,https://www.innovacion.mineduc.cl/convocatoria-2025,https://docs.google.com/spreadsheets/d/11EPq1k3dRWyrXfsWJWh405slQ-tyEjJj/edit
Seleccionados AC 2025,528,selected,10419,LICEO BICENTENARIO MANUEL PLAZA REYES DE LAMPA,METROPOLITANA DE SANTIAGO,CORP.MUNICIPAL DE DES.SOCIAL DE LAMPA,Aulas Conectadas 2025,SELECCIONADO,,https://www.innovacion.mineduc.cl/convocatoria-2025,https://docs.google.com/spreadsheets/d/11EPq1k3dRWyrXfsWJWh405slQ-tyEjJj/edit
Seleccionados AC 2025,529,selected,10424,ESCUELA SANTA BÁRBARA,METROPOLITANA DE SANTIAGO,CORP.MUNICIPAL DE DES.SOCIAL DE LAMPA,Aulas Conectadas 2025,SELECCIONADO,,https://www.innovacion.mineduc.cl/convocatoria-2025,https://docs.google.com/spreadsheets/d/11EPq1k3dRWyrXfsWJWh405slQ-tyEjJj/edit
Seleccionados AC 2025,530,selected,10425,ESCUELA POLONIA GUTIÉRREZ C.,METROPOLITANA DE SANTIAGO,CORP.MUNICIPAL DE DES.SOCIAL DE LAMPA,Aulas Conectadas 2025,SELECCIONADO,,https://www.innovacion.mineduc.cl/convocatoria-2025,https://docs.google.com/spreadsheets/d/11EPq1k3dRWyrXfsWJWh405slQ-tyEjJj/edit
Seleccionados AC 2025,531,selected,10450,ESCUELA CONSOLIDADA,METROPOLITANA DE SANTIAGO,CORP MUNIC EDUC SALUD Y AT MEN PTE ALTO,Aulas Conectadas 2025,SELECCIONADO,,https://www.innovacion.mineduc.cl/convocatoria-2025,https://docs.google.com/spreadsheets/d/11EPq1k3dRWyrXfsWJWh405slQ-tyEjJj/edit
Seleccionados AC 2025,532,selected,10452,LICEO PUENTE ALTO,METROPOLITANA DE SANTIAGO,CORP MUNIC EDUC SALUD Y AT MEN PTE ALTO,Aulas Conectadas 2025,SELECCIONADO,,https://www.innovacion.mineduc.cl/convocatoria-2025,https://docs.google.com/spreadsheets/d/11EPq1k3dRWyrXfsWJWh405slQ-tyEjJj/edit
Seleccionados AC 2025,533,selected,10453,LICEO IND. MUNICIPALIZADO A N° 116,METROPOLITANA DE SANTIAGO,CORP MUNIC EDUC SALUD Y AT MEN PTE ALTO,Aulas Conectadas 2025,SELECCIONADO,,https://www.innovacion.mineduc.cl/convocatoria-2025,https://docs.google.com/spreadsheets/d/11EPq1k3dRWyrXfsWJWh405slQ-tyEjJj/edit
Seleccionados AC 2025,534,selected,10455,LICEO SAN GERÓNIMO,METROPOLITANA DE SANTIAGO,CORP MUNIC EDUC SALUD Y AT MEN PTE ALTO,Aulas Conectadas 2025,SELECCIONADO,,https://www.innovacion.mineduc.cl/convocatoria-2025,https://docs.google.com/spreadsheets/d/11EPq1k3dRWyrXfsWJWh405slQ-tyEjJj/edit
Seleccionados AC 2025,535,selected,10457,COLEGIO MAIPO,METROPOLITANA DE SANTIAGO,CORP MUNIC EDUC SALUD Y AT MEN PTE ALTO,Aulas Conectadas 2025,SELECCIONADO,,https://www.innovacion.mineduc.cl/convocatoria-2025,https://docs.google.com/spreadsheets/d/11EPq1k3dRWyrXfsWJWh405slQ-tyEjJj/edit
Seleccionados AC 2025,536,selected,10458,ESCUELA VILLA INDEPENDENCIA,METROPOLITANA DE SANTIAGO,CORP MUNIC EDUC SALUD Y AT MEN PTE ALTO,Aulas Conectadas 2025,SELECCIONADO,,https://www.innovacion.mineduc.cl/convocatoria-2025,https://docs.google.com/spreadsheets/d/11EPq1k3dRWyrXfsWJWh405slQ-tyEjJj/edit
Seleccionados AC 2025,537,selected,10460,CENTRO EDUCACIÓNAL NUEVA CREACIÓN,METROPOLITANA DE SANTIAGO,CORP MUNIC EDUC SALUD Y AT MEN PTE ALTO,Aulas Conectadas 2025,SELECCIONADO,,https://www.innovacion.mineduc.cl/convocatoria-2025,https://docs.google.com/spreadsheets/d/11EPq1k3dRWyrXfsWJWh405slQ-tyEjJj/edit
Seleccionados AC 2025,538,selected,10461,ESCUELA LOS ANDES,METROPOLITANA DE SANTIAGO,CORP MUNIC EDUC SALUD Y AT MEN PTE ALTO,Aulas Conectadas 2025,SELECCIONADO,,https://www.innovacion.mineduc.cl/convocatoria-2025,https://docs.google.com/spreadsheets/d/11EPq1k3dRWyrXfsWJWh405slQ-tyEjJj/edit
Seleccionados AC 2025,539,selected,10462,ESCUELA NONATO COO,METROPOLITANA DE SANTIAGO,CORP MUNIC EDUC SALUD Y AT MEN PTE ALTO,Aulas Conectadas 2025,SELECCIONADO,,https://www.innovacion.mineduc.cl/convocatoria-2025,https://docs.google.com/spreadsheets/d/11EPq1k3dRWyrXfsWJWh405slQ-tyEjJj/edit
Seleccionados AC 2025,540,selected,10464,ESCUELA VILLA PEDRO AGUIRRE CERDA,METROPOLITANA DE SANTIAGO,CORP MUNIC EDUC SALUD Y AT MEN PTE ALTO,Aulas Conectadas 2025,SELECCIONADO,,https://www.innovacion.mineduc.cl/convocatoria-2025,https://docs.google.com/spreadsheets/d/11EPq1k3dRWyrXfsWJWh405slQ-tyEjJj/edit
Seleccionados AC 2025,541,selected,10465,ESCUELA EJÉRCITO LIBERTADOR,METROPOLITANA DE SANTIAGO,CORP MUNIC EDUC SALUD Y AT MEN PTE ALTO,Aulas Conectadas 2025,SELECCIONADO,,https://www.innovacion.mineduc.cl/convocatoria-2025,https://docs.google.com/spreadsheets/d/11EPq1k3dRWyrXfsWJWh405slQ-tyEjJj/edit
Seleccionados AC 2025,542,selected,10470,LICEO MUNIC. ING. MILITAR JUAN MACKENA O.,METROPOLITANA DE SANTIAGO,CORP MUNIC EDUC SALUD Y AT MEN PTE ALTO,Aulas Conectadas 2025,SELECCIONADO,,https://www.innovacion.mineduc.cl/convocatoria-2025,https://docs.google.com/spreadsheets/d/11EPq1k3dRWyrXfsWJWh405slQ-tyEjJj/edit
Seleccionados AC 2025,543,selected,10473,ESCUELA OSCAR BONILLA,METROPOLITANA DE SANTIAGO,CORP MUNIC EDUC SALUD Y AT MEN PTE ALTO,Aulas Conectadas 2025,SELECCIONADO,,https://www.innovacion.mineduc.cl/convocatoria-2025,https://docs.google.com/spreadsheets/d/11EPq1k3dRWyrXfsWJWh405slQ-tyEjJj/edit
Seleccionados AC 2025,544,selected,10474,ESCUELA LUIS MATTE LARRAÍN,METROPOLITANA DE SANTIAGO,CORP MUNIC EDUC SALUD Y AT MEN PTE ALTO,Aulas Conectadas 2025,SELECCIONADO,,https://www.innovacion.mineduc.cl/convocatoria-2025,https://docs.google.com/spreadsheets/d/11EPq1k3dRWyrXfsWJWh405slQ-tyEjJj/edit
Seleccionados AC 2025,545,selected,10476,ESCUELA LAS PALMAS,METROPOLITANA DE SANTIAGO,CORP MUNIC EDUC SALUD Y AT MEN PTE ALTO,Aulas Conectadas 2025,SELECCIONADO,,https://www.innovacion.mineduc.cl/convocatoria-2025,https://docs.google.com/spreadsheets/d/11EPq1k3dRWyrXfsWJWh405slQ-tyEjJj/edit
Seleccionados AC 2025,546,selected,10522,ESCUELA BÁSICA G-N°643 SAN JUAN DE PIRQUE,METROPOLITANA DE SANTIAGO,CORPORACION MUNIC DE EDUC Y SALUD PIRQUE,Aulas Conectadas 2025,SELECCIONADO,,https://www.innovacion.mineduc.cl/convocatoria-2025,https://docs.google.com/spreadsheets/d/11EPq1k3dRWyrXfsWJWh405slQ-tyEjJj/edit
Seleccionados AC 2025,547,selected,10541,LICEO COMERCIAL DE SAN BERNARDO,METROPOLITANA DE SANTIAGO,FUND. NACIONAL DEL COMERCIO PARA LA EDUCACION,Aulas Conectadas 2025,SELECCIONADO,,https://www.innovacion.mineduc.cl/convocatoria-2025,https://docs.google.com/spreadsheets/d/11EPq1k3dRWyrXfsWJWh405slQ-tyEjJj/edit
Seleccionados AC 2025,548,selected,10542,CENTRO EDUCACIÓNAL BALDOMERO LILLO,METROPOLITANA DE SANTIAGO,SERVICIO LOCAL DE EDUCACION PUBLICA DEL PINO,Aulas Conectadas 2025,SELECCIONADO,,https://www.innovacion.mineduc.cl/convocatoria-2025,https://docs.google.com/spreadsheets/d/11EPq1k3dRWyrXfsWJWh405slQ-tyEjJj/edit
Seleccionados AC 2025,549,selected,10544,LICEO ELVIRA BRADY MALDONADO-SN. BERNARDO,METROPOLITANA DE SANTIAGO,SERVICIO LOCAL DE EDUCACION PUBLICA DEL PINO,Aulas Conectadas 2025,SELECCIONADO,,https://www.innovacion.mineduc.cl/convocatoria-2025,https://docs.google.com/spreadsheets/d/11EPq1k3dRWyrXfsWJWh405slQ-tyEjJj/edit
Seleccionados AC 2025,550,selected,10545,LICEO IND. MIGUEL AYLWIN GAJARDO,METROPOLITANA DE SANTIAGO,SERVICIO LOCAL DE EDUCACION PUBLICA DEL PINO,Aulas Conectadas 2025,SELECCIONADO,,https://www.innovacion.mineduc.cl/convocatoria-2025,https://docs.google.com/spreadsheets/d/11EPq1k3dRWyrXfsWJWh405slQ-tyEjJj/edit
Seleccionados AC 2025,551,selected,10546,ESCUELA PILAR MOLINER DE NUÑEZ,METROPOLITANA DE SANTIAGO,SERVICIO LOCAL DE EDUCACION PUBLICA DEL PINO,Aulas Conectadas 2025,SELECCIONADO,,https://www.innovacion.mineduc.cl/convocatoria-2025,https://docs.google.com/spreadsheets/d/11EPq1k3dRWyrXfsWJWh405slQ-tyEjJj/edit
Seleccionados AC 2025,552,selected,10547,ESCUELA REPÚBLICA DEL BRASIL,METROPOLITANA DE SANTIAGO,SERVICIO LOCAL DE EDUCACION PUBLICA DEL PINO,Aulas Conectadas 2025,SELECCIONADO,,https://www.innovacion.mineduc.cl/convocatoria-2025,https://docs.google.com/spreadsheets/d/11EPq1k3dRWyrXfsWJWh405slQ-tyEjJj/edit
Seleccionados AC 2025,553,selected,10548,ESCUELA ISABEL RIQUELME,METROPOLITANA DE SANTIAGO,SERVICIO LOCAL DE EDUCACION PUBLICA DEL PINO,Aulas Conectadas 2025,SELECCIONADO,,https://www.innovacion.mineduc.cl/convocatoria-2025,https://docs.google.com/spreadsheets/d/11EPq1k3dRWyrXfsWJWh405slQ-tyEjJj/edit
Seleccionados AC 2025,554,selected,10550,ESCUELA L. GRAL. BERNARDO O´HIGGINS,METROPOLITANA DE SANTIAGO,SERVICIO LOCAL DE EDUCACION PUBLICA DEL PINO,Aulas Conectadas 2025,SELECCIONADO,,https://www.innovacion.mineduc.cl/convocatoria-2025,https://docs.google.com/spreadsheets/d/11EPq1k3dRWyrXfsWJWh405slQ-tyEjJj/edit
Seleccionados AC 2025,555,selected,10554,ESCUELA GENERAL RENÉ SCHNEIDER CHEREAU,METROPOLITANA DE SANTIAGO,SERVICIO LOCAL DE EDUCACION PUBLICA DEL PINO,Aulas Conectadas 2025,SELECCIONADO,,https://www.innovacion.mineduc.cl/convocatoria-2025,https://docs.google.com/spreadsheets/d/11EPq1k3dRWyrXfsWJWh405slQ-tyEjJj/edit
Seleccionados AC 2025,556,selected,10555,ESCUELA BÁSICA BASE EL BOSQUE,METROPOLITANA DE SANTIAGO,SERVICIO LOCAL DE EDUCACION PUBLICA DEL PINO,Aulas Conectadas 2025,SELECCIONADO,,https://www.innovacion.mineduc.cl/convocatoria-2025,https://docs.google.com/spreadsheets/d/11EPq1k3dRWyrXfsWJWh405slQ-tyEjJj/edit
Seleccionados AC 2025,557,selected,10557,ESCUELA GENERAL ALBERTO A. BACHELET MARTÍNEZ,METROPOLITANA DE SANTIAGO,SERVICIO LOCAL DE EDUCACION PUBLICA DEL PINO,Aulas Conectadas 2025,SELECCIONADO,,https://www.innovacion.mineduc.cl/convocatoria-2025,https://docs.google.com/spreadsheets/d/11EPq1k3dRWyrXfsWJWh405slQ-tyEjJj/edit
Seleccionados AC 2025,558,selected,10558,ESCUELA REPÚBLICA DE LOS EE.UU. DE AMÉRICA,METROPOLITANA DE SANTIAGO,SERVICIO LOCAL DE EDUCACION PUBLICA DEL PINO,Aulas Conectadas 2025,SELECCIONADO,,https://www.innovacion.mineduc.cl/convocatoria-2025,https://docs.google.com/spreadsheets/d/11EPq1k3dRWyrXfsWJWh405slQ-tyEjJj/edit
Seleccionados AC 2025,559,selected,10559,ESCUELA BERNARDO LEIGHTON,METROPOLITANA DE SANTIAGO,SERVICIO LOCAL DE EDUCACION PUBLICA DEL PINO,Aulas Conectadas 2025,SELECCIONADO,,https://www.innovacion.mineduc.cl/convocatoria-2025,https://docs.google.com/spreadsheets/d/11EPq1k3dRWyrXfsWJWh405slQ-tyEjJj/edit
Seleccionados AC 2025,560,selected,10560,ESCUELA JAVIERA CARRERA VERDUGO,METROPOLITANA DE SANTIAGO,SERVICIO LOCAL DE EDUCACION PUBLICA DEL PINO,Aulas Conectadas 2025,SELECCIONADO,,https://www.innovacion.mineduc.cl/convocatoria-2025,https://docs.google.com/spreadsheets/d/11EPq1k3dRWyrXfsWJWh405slQ-tyEjJj/edit
Seleccionados AC 2025,561,selected,10561,ESCUELA CLAUDIO ARRAU LEÓN,METROPOLITANA DE SANTIAGO,SERVICIO LOCAL DE EDUCACION PUBLICA DEL PINO,Aulas Conectadas 2025,SELECCIONADO,,https://www.innovacion.mineduc.cl/convocatoria-2025,https://docs.google.com/spreadsheets/d/11EPq1k3dRWyrXfsWJWh405slQ-tyEjJj/edit
Seleccionados AC 2025,562,selected,10563,ESCUELA MANUEL MAGALLANES MOURE,METROPOLITANA DE SANTIAGO,SERVICIO LOCAL DE EDUCACION PUBLICA DEL PINO,Aulas Conectadas 2025,SELECCIONADO,,https://www.innovacion.mineduc.cl/convocatoria-2025,https://docs.google.com/spreadsheets/d/11EPq1k3dRWyrXfsWJWh405slQ-tyEjJj/edit
Seleccionados AC 2025,563,selected,10565,ESCUELA DIEGO PORTALES,METROPOLITANA DE SANTIAGO,SERVICIO LOCAL DE EDUCACION PUBLICA DEL PINO,Aulas Conectadas 2025,SELECCIONADO,,https://www.innovacion.mineduc.cl/convocatoria-2025,https://docs.google.com/spreadsheets/d/11EPq1k3dRWyrXfsWJWh405slQ-tyEjJj/edit
Seleccionados AC 2025,564,selected,10567,ESCUELA MAHUIDA,METROPOLITANA DE SANTIAGO,SERVICIO LOCAL DE EDUCACION PUBLICA DEL PINO,Aulas Conectadas 2025,SELECCIONADO,,https://www.innovacion.mineduc.cl/convocatoria-2025,https://docs.google.com/spreadsheets/d/11EPq1k3dRWyrXfsWJWh405slQ-tyEjJj/edit
Seleccionados AC 2025,565,selected,10568,ESCUELA ORLANDO LETELIER,METROPOLITANA DE SANTIAGO,SERVICIO LOCAL DE EDUCACION PUBLICA DEL PINO,Aulas Conectadas 2025,SELECCIONADO,,https://www.innovacion.mineduc.cl/convocatoria-2025,https://docs.google.com/spreadsheets/d/11EPq1k3dRWyrXfsWJWh405slQ-tyEjJj/edit
Seleccionados AC 2025,566,selected,10569,LICEO NUEVO PORVENIR,METROPOLITANA DE SANTIAGO,SERVICIO LOCAL DE EDUCACION PUBLICA DEL PINO,Aulas Conectadas 2025,SELECCIONADO,,https://www.innovacion.mineduc.cl/convocatoria-2025,https://docs.google.com/spreadsheets/d/11EPq1k3dRWyrXfsWJWh405slQ-tyEjJj/edit
Seleccionados AC 2025,567,selected,10570,ESCUELA BÁSICA DR. LUIS SEPULVEDA SALVATI,METROPOLITANA DE SANTIAGO,SERVICIO LOCAL DE EDUCACION PUBLICA DEL PINO,Aulas Conectadas 2025,SELECCIONADO,,https://www.innovacion.mineduc.cl/convocatoria-2025,https://docs.google.com/spreadsheets/d/11EPq1k3dRWyrXfsWJWh405slQ-tyEjJj/edit
Seleccionados AC 2025,568,selected,10571,ESCUELA ESCRITORA MARCELA PAZ,METROPOLITANA DE SANTIAGO,SERVICIO LOCAL DE EDUCACION PUBLICA DEL PINO,Aulas Conectadas 2025,SELECCIONADO,,https://www.innovacion.mineduc.cl/convocatoria-2025,https://docs.google.com/spreadsheets/d/11EPq1k3dRWyrXfsWJWh405slQ-tyEjJj/edit
Seleccionados AC 2025,569,selected,10577,ESCUELA DE EDUCACIÓN DIFERENCIAL,METROPOLITANA DE SANTIAGO,SERVICIO LOCAL DE EDUCACION PUBLICA DEL PINO,Aulas Conectadas 2025,SELECCIONADO,,https://www.innovacion.mineduc.cl/convocatoria-2025,https://docs.google.com/spreadsheets/d/11EPq1k3dRWyrXfsWJWh405slQ-tyEjJj/edit
Seleccionados AC 2025,570,selected,10580,ESCUELA ABRAHAM LINCOLN,METROPOLITANA DE SANTIAGO,SERVICIO LOCAL DE EDUCACION PUBLICA DEL PINO,Aulas Conectadas 2025,SELECCIONADO,,https://www.innovacion.mineduc.cl/convocatoria-2025,https://docs.google.com/spreadsheets/d/11EPq1k3dRWyrXfsWJWh405slQ-tyEjJj/edit
Seleccionados AC 2025,571,selected,10581,ESCUELA BÁSICA ANTUPILLAN,METROPOLITANA DE SANTIAGO,SERVICIO LOCAL DE EDUCACION PUBLICA DEL PINO,Aulas Conectadas 2025,SELECCIONADO,,https://www.innovacion.mineduc.cl/convocatoria-2025,https://docs.google.com/spreadsheets/d/11EPq1k3dRWyrXfsWJWh405slQ-tyEjJj/edit
Seleccionados AC 2025,572,selected,10584,LICEO DE ADULTOS PUCARA DE CHENA,METROPOLITANA DE SANTIAGO,SERVICIO LOCAL DE EDUCACION PUBLICA DEL PINO,Aulas Conectadas 2025,SELECCIONADO,,https://www.innovacion.mineduc.cl/convocatoria-2025,https://docs.google.com/spreadsheets/d/11EPq1k3dRWyrXfsWJWh405slQ-tyEjJj/edit
Seleccionados AC 2025,573,selected,10586,ESCUELA ELEODORO YAÑEZ PONCE DE LEÓN,METROPOLITANA DE SANTIAGO,SERVICIO LOCAL DE EDUCACION PUBLICA DEL PINO,Aulas Conectadas 2025,SELECCIONADO,,https://www.innovacion.mineduc.cl/convocatoria-2025,https://docs.google.com/spreadsheets/d/11EPq1k3dRWyrXfsWJWh405slQ-tyEjJj/edit
Seleccionados AC 2025,574,selected,10588,LICEO CARDENAL ANTONIO SAMORÉ,METROPOLITANA DE SANTIAGO,SERVICIO LOCAL DE EDUCACION PUBLICA DEL PINO,Aulas Conectadas 2025,SELECCIONADO,,https://www.innovacion.mineduc.cl/convocatoria-2025,https://docs.google.com/spreadsheets/d/11EPq1k3dRWyrXfsWJWh405slQ-tyEjJj/edit
Seleccionados AC 2025,575,selected,10589,ESCUELA HARAS LOS CONDORES,METROPOLITANA DE SANTIAGO,SERVICIO LOCAL DE EDUCACION PUBLICA DEL PINO,Aulas Conectadas 2025,SELECCIONADO,,https://www.innovacion.mineduc.cl/convocatoria-2025,https://docs.google.com/spreadsheets/d/11EPq1k3dRWyrXfsWJWh405slQ-tyEjJj/edit
Seleccionados AC 2025,576,selected,10592,LICEO CLARA SOLOVERA,METROPOLITANA DE SANTIAGO,SERVICIO LOCAL DE EDUCACION PUBLICA DEL PINO,Aulas Conectadas 2025,SELECCIONADO,,https://www.innovacion.mineduc.cl/convocatoria-2025,https://docs.google.com/spreadsheets/d/11EPq1k3dRWyrXfsWJWh405slQ-tyEjJj/edit
Seleccionados AC 2025,577,selected,10687,ESCUELA BÁSICA F-N°798 CALERA DE TANGO,METROPOLITANA DE SANTIAGO,SERVICIO LOCAL DE EDUCACION PUBLICA DEL PINO,Aulas Conectadas 2025,SELECCIONADO,,https://www.innovacion.mineduc.cl/convocatoria-2025,https://docs.google.com/spreadsheets/d/11EPq1k3dRWyrXfsWJWh405slQ-tyEjJj/edit
Seleccionados AC 2025,578,selected,10752,ESCUELA REPÚBLICA ARGENTINA,METROPOLITANA DE SANTIAGO,ILUSTRE MUNICIPALIDAD DE PADRE HURTADO,Aulas Conectadas 2025,SELECCIONADO,,https://www.innovacion.mineduc.cl/convocatoria-2025,https://docs.google.com/spreadsheets/d/11EPq1k3dRWyrXfsWJWh405slQ-tyEjJj/edit
Seleccionados AC 2025,579,selected,10782,ESCUELA IGNACIO SERRANO MONTANER,METROPOLITANA DE SANTIAGO,CORPORACION MUNICIPAL DE MELIPILLA,Aulas Conectadas 2025,SELECCIONADO,,https://www.innovacion.mineduc.cl/convocatoria-2025,https://docs.google.com/spreadsheets/d/11EPq1k3dRWyrXfsWJWh405slQ-tyEjJj/edit
Seleccionados AC 2025,580,selected,10784,COLEGIO HUILCO ALTO,METROPOLITANA DE SANTIAGO,CORPORACION MUNICIPAL DE MELIPILLA,Aulas Conectadas 2025,SELECCIONADO,,https://www.innovacion.mineduc.cl/convocatoria-2025,https://docs.google.com/spreadsheets/d/11EPq1k3dRWyrXfsWJWh405slQ-tyEjJj/edit
Seleccionados AC 2025,581,selected,10796,ESCUELA PATRICIO LARRAÍN GANDARILLAS,METROPOLITANA DE SANTIAGO,CORPORACION MUNICIPAL DE MELIPILLA,Aulas Conectadas 2025,SELECCIONADO,,https://www.innovacion.mineduc.cl/convocatoria-2025,https://docs.google.com/spreadsheets/d/11EPq1k3dRWyrXfsWJWh405slQ-tyEjJj/edit
Seleccionados AC 2025,582,selected,10798,ESCUELA BÁSICA CARMEN BAJO,METROPOLITANA DE SANTIAGO,CORPORACION MUNICIPAL DE MELIPILLA,Aulas Conectadas 2025,SELECCIONADO,,https://www.innovacion.mineduc.cl/convocatoria-2025,https://docs.google.com/spreadsheets/d/11EPq1k3dRWyrXfsWJWh405slQ-tyEjJj/edit
Seleccionados AC 2025,583,selected,10805,ESCUELA PUANGUE,METROPOLITANA DE SANTIAGO,CORPORACION MUNICIPAL DE MELIPILLA,Aulas Conectadas 2025,SELECCIONADO,,https://www.innovacion.mineduc.cl/convocatoria-2025,https://docs.google.com/spreadsheets/d/11EPq1k3dRWyrXfsWJWh405slQ-tyEjJj/edit
Seleccionados AC 2025,584,selected,10810,ESCUELA LIDIA MATTE HURTADO,METROPOLITANA DE SANTIAGO,CORPORACION MUNICIPAL DE MELIPILLA,Aulas Conectadas 2025,SELECCIONADO,,https://www.innovacion.mineduc.cl/convocatoria-2025,https://docs.google.com/spreadsheets/d/11EPq1k3dRWyrXfsWJWh405slQ-tyEjJj/edit
Seleccionados AC 2025,585,selected,10816,ESCUELA JOSÉ CAMARENA ESCRIVA,METROPOLITANA DE SANTIAGO,CORPORACION MUNICIPAL DE MELIPILLA,Aulas Conectadas 2025,SELECCIONADO,,https://www.innovacion.mineduc.cl/convocatoria-2025,https://docs.google.com/spreadsheets/d/11EPq1k3dRWyrXfsWJWh405slQ-tyEjJj/edit
Seleccionados AC 2025,586,selected,10818,ESCUELA HUECHUN,METROPOLITANA DE SANTIAGO,CORPORACION MUNICIPAL DE MELIPILLA,Aulas Conectadas 2025,SELECCIONADO,,https://www.innovacion.mineduc.cl/convocatoria-2025,https://docs.google.com/spreadsheets/d/11EPq1k3dRWyrXfsWJWh405slQ-tyEjJj/edit
Seleccionados AC 2025,587,selected,10821,ESCUELA RAQUEL FERNÁNDEZ DE MORANDE,METROPOLITANA DE SANTIAGO,CORPORACION MUNICIPAL DE MELIPILLA,Aulas Conectadas 2025,SELECCIONADO,,https://www.innovacion.mineduc.cl/convocatoria-2025,https://docs.google.com/spreadsheets/d/11EPq1k3dRWyrXfsWJWh405slQ-tyEjJj/edit
Seleccionados AC 2025,588,selected,10854,LICEO MUNICIPAL DE SAN PEDRO,METROPOLITANA DE SANTIAGO,ILUSTRE MUNICIPALIDAD DE SAN PEDRO,Aulas Conectadas 2025,SELECCIONADO,,https://www.innovacion.mineduc.cl/convocatoria-2025,https://docs.google.com/spreadsheets/d/11EPq1k3dRWyrXfsWJWh405slQ-tyEjJj/edit
Seleccionados AC 2025,589,selected,10862,ESCUELA BÁSICA G-N°131,METROPOLITANA DE SANTIAGO,ILUSTRE MUNICIPALIDAD DE SAN PEDRO,Aulas Conectadas 2025,SELECCIONADO,,https://www.innovacion.mineduc.cl/convocatoria-2025,https://docs.google.com/spreadsheets/d/11EPq1k3dRWyrXfsWJWh405slQ-tyEjJj/edit
Seleccionados AC 2025,590,selected,10879,ESCUELA SAN ALFONSO,METROPOLITANA DE SANTIAGO,ILUSTRE MUNICIPALIDAD DE ALHUE,Aulas Conectadas 2025,SELECCIONADO,,https://www.innovacion.mineduc.cl/convocatoria-2025,https://docs.google.com/spreadsheets/d/11EPq1k3dRWyrXfsWJWh405slQ-tyEjJj/edit
Seleccionados AC 2025,591,selected,10905,ESCUELA BÁSICA FUERTE BAQUEDANO,DE TARAPACÁ,COR.MUNICIPAL DE DES.SOCIAL POZO ALMONTE,Aulas Conectadas 2025,SELECCIONADO,,https://www.innovacion.mineduc.cl/convocatoria-2025,https://docs.google.com/spreadsheets/d/11EPq1k3dRWyrXfsWJWh405slQ-tyEjJj/edit
Seleccionados AC 2025,592,selected,10917,LICEO S.S JUAN PABLO SEGUNDO,DE TARAPACÁ,SERVICIO LOCAL DE EDUCACION PÚBLICA DE IQUIQUE,Aulas Conectadas 2025,SELECCIONADO,,https://www.innovacion.mineduc.cl/convocatoria-2025,https://docs.google.com/spreadsheets/d/11EPq1k3dRWyrXfsWJWh405slQ-tyEjJj/edit
Seleccionados AC 2025,593,selected,10967,LICEO ELEUTERIO RAMÍREZ MOLINA,DE ANTOFAGASTA,SERVICIO LOCAL DE EDUCACIÓN PÚBLICA LICANCABUR,Aulas Conectadas 2025,SELECCIONADO,,https://www.innovacion.mineduc.cl/convocatoria-2025,https://docs.google.com/spreadsheets/d/11EPq1k3dRWyrXfsWJWh405slQ-tyEjJj/edit
Seleccionados AC 2025,594,selected,11034,LICEO JORGE ALESSANDRI RODRÍGUEZ,DE ATACAMA,SERVICIO LOCAL DE EDUCACIÓN PÚBLICA DE ATACAMA,Aulas Conectadas 2025,SELECCIONADO,,https://www.innovacion.mineduc.cl/convocatoria-2025,https://docs.google.com/spreadsheets/d/11EPq1k3dRWyrXfsWJWh405slQ-tyEjJj/edit
Seleccionados AC 2025,595,selected,11199,COLEGIO LUIS CRUZ MARTÍNEZ,DE VALPARAÍSO,ILUSTRE MUNICIPALIDAD DE LA LIGUA,Aulas Conectadas 2025,SELECCIONADO,,https://www.innovacion.mineduc.cl/convocatoria-2025,https://docs.google.com/spreadsheets/d/11EPq1k3dRWyrXfsWJWh405slQ-tyEjJj/edit
Seleccionados AC 2025,596,selected,11230,COLEGIO DE ADULTOS PROFESOR MANUEL GUERRERO CEBALLOS,DE VALPARAÍSO,ILUSTRE MUNICIPALIDAD DE QUILLOTA,Aulas Conectadas 2025,SELECCIONADO,,https://www.innovacion.mineduc.cl/convocatoria-2025,https://docs.google.com/spreadsheets/d/11EPq1k3dRWyrXfsWJWh405slQ-tyEjJj/edit
Seleccionados AC 2025,597,selected,11286,LICEO HERIBERTO SOTO SOTO,DEL LIBERTADOR BERNARDO OHIGGINS,SERVICIO LOCAL DE EDUCACION DE COLCHAGUA,Aulas Conectadas 2025,SELECCIONADO,,https://www.innovacion.mineduc.cl/convocatoria-2025,https://docs.google.com/spreadsheets/d/11EPq1k3dRWyrXfsWJWh405slQ-tyEjJj/edit
Seleccionados AC 2025,598,selected,11323,ESCUELA REINO DE DINAMARCA,DEL MAULE,ILUSTRE MUNICIPALIDAD DE MOLINA,Aulas Conectadas 2025,SELECCIONADO,,https://www.innovacion.mineduc.cl/convocatoria-2025,https://docs.google.com/spreadsheets/d/11EPq1k3dRWyrXfsWJWh405slQ-tyEjJj/edit
Seleccionados AC 2025,599,selected,11337,CENTRO DE EDUCACIÓN INTEGRADA DE ADULTOS,DEL MAULE,ILUSTRE MUNICIPALIDAD DE SAN JAVIER,Aulas Conectadas 2025,SELECCIONADO,,https://www.innovacion.mineduc.cl/convocatoria-2025,https://docs.google.com/spreadsheets/d/11EPq1k3dRWyrXfsWJWh405slQ-tyEjJj/edit
Seleccionados AC 2025,600,selected,11398,ESCUELA MAULE,DEL BIOBÍO,SERVICIO LOCAL DE EDUCACIÓN PÚBLICA ANDALIÉN COSTA,Aulas Conectadas 2025,SELECCIONADO,,https://www.innovacion.mineduc.cl/convocatoria-2025,https://docs.google.com/spreadsheets/d/11EPq1k3dRWyrXfsWJWh405slQ-tyEjJj/edit
Seleccionados AC 2025,601,selected,11400,LICEO TRAPAQUEANTE,DEL BIOBÍO,ILUSTRE MUNICIPALIDAD DE TIRUA,Aulas Conectadas 2025,SELECCIONADO,,https://www.innovacion.mineduc.cl/convocatoria-2025,https://docs.google.com/spreadsheets/d/11EPq1k3dRWyrXfsWJWh405slQ-tyEjJj/edit
Seleccionados AC 2025,602,selected,11405,ESCUELA FERNANDO BAQUEDANO,DE ÑUBLE,ILUSTRE MUNICIPALIDAD DE YUNGAY,Aulas Conectadas 2025,SELECCIONADO,,https://www.innovacion.mineduc.cl/convocatoria-2025,https://docs.google.com/spreadsheets/d/11EPq1k3dRWyrXfsWJWh405slQ-tyEjJj/edit
Seleccionados AC 2025,603,selected,11472,ESCUELA ARAUCARIAS,DE LA ARAUCANÍA,ILUSTRE MUNICIPALIDAD DE LONCOCHE,Aulas Conectadas 2025,SELECCIONADO,,https://www.innovacion.mineduc.cl/convocatoria-2025,https://docs.google.com/spreadsheets/d/11EPq1k3dRWyrXfsWJWh405slQ-tyEjJj/edit
Seleccionados AC 2025,604,selected,11612,ESCUELA BÁSICA RIBERA SUR,DE AYSÉN DEL GENERAL CARLOS IBAÑEZ DEL CAMPO,"SERVICIO LOCAL DE EDUACIÓN PÚBLICA, DE LA REGIÓN DE AYSÉN",Aulas Conectadas 2025,SELECCIONADO,,https://www.innovacion.mineduc.cl/convocatoria-2025,https://docs.google.com/spreadsheets/d/11EPq1k3dRWyrXfsWJWh405slQ-tyEjJj/edit
Seleccionados AC 2025,605,selected,11704,ESCUELA PUERTA DE LA CORDILLERA,DE ÑUBLE,SERVICIO LOCAL DE EDUCACIÓN PÚBLICA DE PUNILLA CORDILLERA,Aulas Conectadas 2025,SELECCIONADO,,https://www.innovacion.mineduc.cl/convocatoria-2025,https://docs.google.com/spreadsheets/d/11EPq1k3dRWyrXfsWJWh405slQ-tyEjJj/edit
Seleccionados AC 2025,606,selected,11711,ESCUELA LUIS MARTÍNEZ GONZÁLEZ,DEL BIOBÍO,ILUSTRE MUNICIPALIDAD DE TUCAPEL,Aulas Conectadas 2025,SELECCIONADO,,https://www.innovacion.mineduc.cl/convocatoria-2025,https://docs.google.com/spreadsheets/d/11EPq1k3dRWyrXfsWJWh405slQ-tyEjJj/edit
Seleccionados AC 2025,607,selected,12020,ESCUELA BÁSICA ENRIQUE ZANARTU PRIETO,DEL BIOBÍO,ILUSTRE MUNICIPALIDAD DE CABRERO,Aulas Conectadas 2025,SELECCIONADO,,https://www.innovacion.mineduc.cl/convocatoria-2025,https://docs.google.com/spreadsheets/d/11EPq1k3dRWyrXfsWJWh405slQ-tyEjJj/edit
Seleccionados AC 2025,608,selected,12079,HERNÁN MERINO CORREA,METROPOLITANA DE SANTIAGO,SERVICIO LOCAL DE EDUCACION PUBLICA DEL PINO,Aulas Conectadas 2025,SELECCIONADO,,https://www.innovacion.mineduc.cl/convocatoria-2025,https://docs.google.com/spreadsheets/d/11EPq1k3dRWyrXfsWJWh405slQ-tyEjJj/edit
Seleccionados AC 2025,609,selected,12251,COLEGIO BATALLA DE LA CONCEPCIÓN,METROPOLITANA DE SANTIAGO,SERVICIO LOCAL DE EDUCACION PUBLICA DEL PINO,Aulas Conectadas 2025,SELECCIONADO,,https://www.innovacion.mineduc.cl/convocatoria-2025,https://docs.google.com/spreadsheets/d/11EPq1k3dRWyrXfsWJWh405slQ-tyEjJj/edit
Seleccionados AC 2025,610,selected,12255,COLEGIO ALCAZAR,METROPOLITANA DE SANTIAGO,SERVICIO LOCAL DE EDUCACION PUBLICA SANTA CORINA,Aulas Conectadas 2025,SELECCIONADO,,https://www.innovacion.mineduc.cl/convocatoria-2025,https://docs.google.com/spreadsheets/d/11EPq1k3dRWyrXfsWJWh405slQ-tyEjJj/edit
Seleccionados AC 2025,611,selected,12538,ESCUELA CHIPANA,DE TARAPACÁ,SERVICIO LOCAL DE EDUCACION PÚBLICA DE IQUIQUE,Aulas Conectadas 2025,SELECCIONADO,,https://www.innovacion.mineduc.cl/convocatoria-2025,https://docs.google.com/spreadsheets/d/11EPq1k3dRWyrXfsWJWh405slQ-tyEjJj/edit
Seleccionados AC 2025,612,selected,12617,ESCUELA ESTRELLA DEL SUR,DE TARAPACÁ,COR.MUNICIPAL DE DES.SOCIAL POZO ALMONTE,Aulas Conectadas 2025,SELECCIONADO,,https://www.innovacion.mineduc.cl/convocatoria-2025,https://docs.google.com/spreadsheets/d/11EPq1k3dRWyrXfsWJWh405slQ-tyEjJj/edit
Seleccionados AC 2025,613,selected,12623,ESCUELA SAN ANDRÉS DE PICA,DE TARAPACÁ,ILUSTRE MUNICIPALIDAD DE PICA,Aulas Conectadas 2025,SELECCIONADO,,https://www.innovacion.mineduc.cl/convocatoria-2025,https://docs.google.com/spreadsheets/d/11EPq1k3dRWyrXfsWJWh405slQ-tyEjJj/edit
Seleccionados AC 2025,614,selected,12739,ESC. ESP. DE LENGUAJE OASIS DEL SABER,DE TARAPACÁ,SERVICIO LOCAL DE EDUCACION PÚBLICA DE IQUIQUE,Aulas Conectadas 2025,SELECCIONADO,,https://www.innovacion.mineduc.cl/convocatoria-2025,https://docs.google.com/spreadsheets/d/11EPq1k3dRWyrXfsWJWh405slQ-tyEjJj/edit
Seleccionados AC 2025,615,selected,12758,LICEO C.E.I.A. JOSÉ ALEJANDRO SORIA VARAS,DE TARAPACÁ,SERVICIO LOCAL DE EDUCACION PÚBLICA DE IQUIQUE,Aulas Conectadas 2025,SELECCIONADO,,https://www.innovacion.mineduc.cl/convocatoria-2025,https://docs.google.com/spreadsheets/d/11EPq1k3dRWyrXfsWJWh405slQ-tyEjJj/edit
Seleccionados AC 2025,616,selected,12811,ESCUELA DE PÁRVULOS QUILLA ANTAY,DE ANTOFAGASTA,SERVICIO LOCAL DE EDUCACIÓN PÚBLICA LICANCABUR,Aulas Conectadas 2025,SELECCIONADO,,https://www.innovacion.mineduc.cl/convocatoria-2025,https://docs.google.com/spreadsheets/d/11EPq1k3dRWyrXfsWJWh405slQ-tyEjJj/edit
Seleccionados AC 2025,617,selected,12822,ESCUELA DE PÁRVULOS SEMILLITA,DE ANTOFAGASTA,CORP MUNIC DESARROLLO SOCIAL ANTOFAGASTA,Aulas Conectadas 2025,SELECCIONADO,,https://www.innovacion.mineduc.cl/convocatoria-2025,https://docs.google.com/spreadsheets/d/11EPq1k3dRWyrXfsWJWh405slQ-tyEjJj/edit
Seleccionados AC 2025,618,selected,12870,C.E.I.A. ANTONIO RENDIC.,DE ANTOFAGASTA,CORP MUNIC DESARROLLO SOCIAL ANTOFAGASTA,Aulas Conectadas 2025,SELECCIONADO,,https://www.innovacion.mineduc.cl/convocatoria-2025,https://docs.google.com/spreadsheets/d/11EPq1k3dRWyrXfsWJWh405slQ-tyEjJj/edit
Seleccionados AC 2025,619,selected,12942,ESCUELA GABRIELA MISTRAL,DE ANTOFAGASTA,SERVICIO LOCAL DE EDUCACIÓN PÚBLICA LICANCABUR,Aulas Conectadas 2025,SELECCIONADO,,https://www.innovacion.mineduc.cl/convocatoria-2025,https://docs.google.com/spreadsheets/d/11EPq1k3dRWyrXfsWJWh405slQ-tyEjJj/edit
Seleccionados AC 2025,620,selected,12944,REVERENDO PADRE PATRICIO CARIOLA,DE ANTOFAGASTA,CORP MUNIC DESARROLLO SOCIAL ANTOFAGASTA,Aulas Conectadas 2025,SELECCIONADO,,https://www.innovacion.mineduc.cl/convocatoria-2025,https://docs.google.com/spreadsheets/d/11EPq1k3dRWyrXfsWJWh405slQ-tyEjJj/edit
Seleccionados AC 2025,621,selected,12945,ESCUELA ECOLÓGICA PADRE ALBERTO HURTADO,DE ANTOFAGASTA,CORP MUNIC DESARROLLO SOCIAL ANTOFAGASTA,Aulas Conectadas 2025,SELECCIONADO,,https://www.innovacion.mineduc.cl/convocatoria-2025,https://docs.google.com/spreadsheets/d/11EPq1k3dRWyrXfsWJWh405slQ-tyEjJj/edit
Seleccionados AC 2025,622,selected,12962,ESCUELA ELMO FUNEZ CARRIZO,DE ANTOFAGASTA,CORP MUNIC DESARROLLO SOCIAL ANTOFAGASTA,Aulas Conectadas 2025,SELECCIONADO,,https://www.innovacion.mineduc.cl/convocatoria-2025,https://docs.google.com/spreadsheets/d/11EPq1k3dRWyrXfsWJWh405slQ-tyEjJj/edit
Seleccionados AC 2025,623,selected,13104,ESCUELA MANUEL ORELLA ECHANEZ,DE ATACAMA,SERVICIO LOCAL DE EDUCACIÓN PÚBLICA DE ATACAMA,Aulas Conectadas 2025,SELECCIONADO,,https://www.innovacion.mineduc.cl/convocatoria-2025,https://docs.google.com/spreadsheets/d/11EPq1k3dRWyrXfsWJWh405slQ-tyEjJj/edit
Seleccionados AC 2025,624,selected,13133,ESCUELA MANUEL RODRÍGUEZ,DE ATACAMA,SERVICIO LOCAL DE EDUCACIÓN PÚBLICA DE ATACAMA,Aulas Conectadas 2025,SELECCIONADO,,https://www.innovacion.mineduc.cl/convocatoria-2025,https://docs.google.com/spreadsheets/d/11EPq1k3dRWyrXfsWJWh405slQ-tyEjJj/edit
Seleccionados AC 2025,625,selected,13143,ESCUELA BYRON GIGOUX JAMES,DE ATACAMA,SERVICIO LOCAL DE EDUCACIÓN PÚBLICA DE ATACAMA,Aulas Conectadas 2025,SELECCIONADO,,https://www.innovacion.mineduc.cl/convocatoria-2025,https://docs.google.com/spreadsheets/d/11EPq1k3dRWyrXfsWJWh405slQ-tyEjJj/edit
Seleccionados AC 2025,626,selected,13428,ESCUELA BÁSICA SAN ISIDRO DE CUZ CUZ,DE COQUIMBO,ILUSTRE MUNICIPALIDAD DE ILLAPEL,Aulas Conectadas 2025,SELECCIONADO,,https://www.innovacion.mineduc.cl/convocatoria-2025,https://docs.google.com/spreadsheets/d/11EPq1k3dRWyrXfsWJWh405slQ-tyEjJj/edit
Seleccionados AC 2025,627,selected,13494,COLEGIO LA VILLA,DE COQUIMBO,ILUSTRE MUNICIPALIDAD DE MONTE PATRIA,Aulas Conectadas 2025,SELECCIONADO,,https://www.innovacion.mineduc.cl/convocatoria-2025,https://docs.google.com/spreadsheets/d/11EPq1k3dRWyrXfsWJWh405slQ-tyEjJj/edit
Seleccionados AC 2025,628,selected,13563,COLEGIO NUESTRA SEÑORA DEL ROSARIO,DE COQUIMBO,SERVICIO LOCAL DE EDUCACIÓN PÚBLICA PUERTO CORDILLERA,Aulas Conectadas 2025,SELECCIONADO,,https://www.innovacion.mineduc.cl/convocatoria-2025,https://docs.google.com/spreadsheets/d/11EPq1k3dRWyrXfsWJWh405slQ-tyEjJj/edit
Seleccionados AC 2025,629,selected,13591,CENTRO INTEGRAL DE ADULTOS LIMARI,DE COQUIMBO,ILUSTRE MUNICIPALIDAD DE OVALLE,Aulas Conectadas 2025,SELECCIONADO,,https://www.innovacion.mineduc.cl/convocatoria-2025,https://docs.google.com/spreadsheets/d/11EPq1k3dRWyrXfsWJWh405slQ-tyEjJj/edit
Seleccionados AC 2025,630,selected,14202,LICEO BICENTENARIO COLEGIO PANQUEHUE,DE VALPARAÍSO,ILUSTRE MUNICIPALIDAD DE PANQUEHUE,Aulas Conectadas 2025,SELECCIONADO,,https://www.innovacion.mineduc.cl/convocatoria-2025,https://docs.google.com/spreadsheets/d/11EPq1k3dRWyrXfsWJWh405slQ-tyEjJj/edit
Seleccionados AC 2025,631,selected,14213,COLEGIO VALLE DE NARAU,DE VALPARAÍSO,SERVICIO LOCAL DE EDUCACION PUBLICA DE COSTA CENTRAL,Aulas Conectadas 2025,SELECCIONADO,,https://www.innovacion.mineduc.cl/convocatoria-2025,https://docs.google.com/spreadsheets/d/11EPq1k3dRWyrXfsWJWh405slQ-tyEjJj/edit
Seleccionados AC 2025,632,selected,14720,LICEO GASTRONOMÍA Y TURISMO,DE VALPARAÍSO,CORP. MUNICIPAL DE EDUCACION DE QUILPUE,Aulas Conectadas 2025,SELECCIONADO,,https://www.innovacion.mineduc.cl/convocatoria-2025,https://docs.google.com/spreadsheets/d/11EPq1k3dRWyrXfsWJWh405slQ-tyEjJj/edit
Seleccionados AC 2025,633,selected,14805,COLEGIO EL QUISCO,DE VALPARAÍSO,ILUSTRE MUNICIPALIDAD DE EL QUISCO,Aulas Conectadas 2025,SELECCIONADO,,https://www.innovacion.mineduc.cl/convocatoria-2025,https://docs.google.com/spreadsheets/d/11EPq1k3dRWyrXfsWJWh405slQ-tyEjJj/edit
Seleccionados AC 2025,634,selected,15503,ESCUELA DUENDE MELODIA,DEL LIBERTADOR BERNARDO OHIGGINS,CORP MUNICP SERV PUBL TRASP DE RANCAGUA,Aulas Conectadas 2025,SELECCIONADO,,https://www.innovacion.mineduc.cl/convocatoria-2025,https://docs.google.com/spreadsheets/d/11EPq1k3dRWyrXfsWJWh405slQ-tyEjJj/edit
Seleccionados AC 2025,635,selected,15596,INSTITUTO SAN VICENTE DE TAGUA TAGUA,DEL LIBERTADOR BERNARDO OHIGGINS,CORP DESARROLLO DE SAN VICENTE DE T.T.,Aulas Conectadas 2025,SELECCIONADO,,https://www.innovacion.mineduc.cl/convocatoria-2025,https://docs.google.com/spreadsheets/d/11EPq1k3dRWyrXfsWJWh405slQ-tyEjJj/edit
Seleccionados AC 2025,636,selected,15769,LICEO TÉCNICO SANTA CRUZ DE TRIANA,DEL LIBERTADOR BERNARDO OHIGGINS,CORP MUNICP SERV PUBL TRASP DE RANCAGUA,Aulas Conectadas 2025,SELECCIONADO,,https://www.innovacion.mineduc.cl/convocatoria-2025,https://docs.google.com/spreadsheets/d/11EPq1k3dRWyrXfsWJWh405slQ-tyEjJj/edit
Seleccionados AC 2025,637,selected,15770,ESCUELA DIVINO MAESTRO,DEL LIBERTADOR BERNARDO OHIGGINS,ILUSTRE MUNICIPALIDAD DE PICHILEMU,Aulas Conectadas 2025,SELECCIONADO,,https://www.innovacion.mineduc.cl/convocatoria-2025,https://docs.google.com/spreadsheets/d/11EPq1k3dRWyrXfsWJWh405slQ-tyEjJj/edit
Seleccionados AC 2025,638,selected,15781,LICEO MUNICIPAL DE CODEGUA,DEL LIBERTADOR BERNARDO OHIGGINS,ILUSTRE MUNICIPALIDAD DE CODEGUA,Aulas Conectadas 2025,SELECCIONADO,,https://www.innovacion.mineduc.cl/convocatoria-2025,https://docs.google.com/spreadsheets/d/11EPq1k3dRWyrXfsWJWh405slQ-tyEjJj/edit
Seleccionados AC 2025,639,selected,15808,LICEO MIRELLA CATALÁN URZÚA,DEL LIBERTADOR BERNARDO OHIGGINS,ILUSTRE MUNICIPALIDAD DE PAREDONES,Aulas Conectadas 2025,SELECCIONADO,,https://www.innovacion.mineduc.cl/convocatoria-2025,https://docs.google.com/spreadsheets/d/11EPq1k3dRWyrXfsWJWh405slQ-tyEjJj/edit
Seleccionados AC 2025,640,selected,16428,ESC. MONSEÑOR MANUEL LARRAÍN ERRÁZURIZ,DEL MAULE,ILUSTRE MUNICIPALIDAD DE HUALANE,Aulas Conectadas 2025,SELECCIONADO,,https://www.innovacion.mineduc.cl/convocatoria-2025,https://docs.google.com/spreadsheets/d/11EPq1k3dRWyrXfsWJWh405slQ-tyEjJj/edit
Seleccionados AC 2025,641,selected,16452,LICEO POLITÉCNICO DE CURICÓ,DEL MAULE,ILUSTRE MUNICIPALIDAD DE CURICO,Aulas Conectadas 2025,SELECCIONADO,,https://www.innovacion.mineduc.cl/convocatoria-2025,https://docs.google.com/spreadsheets/d/11EPq1k3dRWyrXfsWJWh405slQ-tyEjJj/edit
Seleccionados AC 2025,642,selected,16715,COLEGIO EL BOLDO,DEL MAULE,ILUSTRE MUNICIPALIDAD DE CURICO,Aulas Conectadas 2025,SELECCIONADO,,https://www.innovacion.mineduc.cl/convocatoria-2025,https://docs.google.com/spreadsheets/d/11EPq1k3dRWyrXfsWJWh405slQ-tyEjJj/edit
Seleccionados AC 2025,643,selected,16729,INSTITUTO INGLÉS,DEL MAULE,ILUSTRE MUNICIPALIDAD DE CURICO,Aulas Conectadas 2025,SELECCIONADO,,https://www.innovacion.mineduc.cl/convocatoria-2025,https://docs.google.com/spreadsheets/d/11EPq1k3dRWyrXfsWJWh405slQ-tyEjJj/edit
Seleccionados AC 2025,644,selected,16985,LICEO BICENTENARIO PAULO FREIRE,DE LOS LAGOS,SERVICIO LOCAL DE EDUCACIÓN PÚBLICA DE CHILOÉ,Aulas Conectadas 2025,SELECCIONADO,,https://www.innovacion.mineduc.cl/convocatoria-2025,https://docs.google.com/spreadsheets/d/11EPq1k3dRWyrXfsWJWh405slQ-tyEjJj/edit
Seleccionados AC 2025,645,selected,17654,CENTRO EDUCACIÓN INTEGRADA DE ADULTOS,DEL BIOBÍO,SERVICIO LOCAL DE EDUCACIÓN PÚBLICA ANDALIÉN COSTA,Aulas Conectadas 2025,SELECCIONADO,,https://www.innovacion.mineduc.cl/convocatoria-2025,https://docs.google.com/spreadsheets/d/11EPq1k3dRWyrXfsWJWh405slQ-tyEjJj/edit
Seleccionados AC 2025,646,selected,17723,ESCUELA DIEGO PORTALES,DEL BIOBÍO,SERVICIO LOCAL DE EDUCACIÓN PÚBLICA ANDALIÉN COSTA,Aulas Conectadas 2025,SELECCIONADO,,https://www.innovacion.mineduc.cl/convocatoria-2025,https://docs.google.com/spreadsheets/d/11EPq1k3dRWyrXfsWJWh405slQ-tyEjJj/edit
Seleccionados AC 2025,647,selected,17741,ESCUELA REINO DE SUECIA,DE ÑUBLE,ILUSTRE MUNICIPALIDAD DE COBQUECURA,Aulas Conectadas 2025,SELECCIONADO,,https://www.innovacion.mineduc.cl/convocatoria-2025,https://docs.google.com/spreadsheets/d/11EPq1k3dRWyrXfsWJWh405slQ-tyEjJj/edit
Seleccionados AC 2025,648,selected,17814,ESCUELA ALTO CABRERO,DEL BIOBÍO,ILUSTRE MUNICIPALIDAD DE CABRERO,Aulas Conectadas 2025,SELECCIONADO,,https://www.innovacion.mineduc.cl/convocatoria-2025,https://docs.google.com/spreadsheets/d/11EPq1k3dRWyrXfsWJWh405slQ-tyEjJj/edit
Seleccionados AC 2025,649,selected,17897,ESCUELA GLORIAS NAVALES,DE ÑUBLE,ILUSTRE MUNICIPALIDAD DE NINHUE,Aulas Conectadas 2025,SELECCIONADO,,https://www.innovacion.mineduc.cl/convocatoria-2025,https://docs.google.com/spreadsheets/d/11EPq1k3dRWyrXfsWJWh405slQ-tyEjJj/edit
Seleccionados AC 2025,650,selected,17924,ESCUELA NACIMIENTO DE NUESTRO SEÑOR,DEL BIOBÍO,ILUSTRE MUNICIPALIDAD DE NACIMIENTO,Aulas Conectadas 2025,SELECCIONADO,,https://www.innovacion.mineduc.cl/convocatoria-2025,https://docs.google.com/spreadsheets/d/11EPq1k3dRWyrXfsWJWh405slQ-tyEjJj/edit
Seleccionados AC 2025,651,selected,18004,LICEO BICENTENARIO TÉCNICO PROFESIONAL ALONSO DE ERCILLA Y ZÚÑIGA,DEL BIOBÍO,ILUSTRE MUNICIPALIDAD DE CANETE,Aulas Conectadas 2025,SELECCIONADO,,https://www.innovacion.mineduc.cl/convocatoria-2025,https://docs.google.com/spreadsheets/d/11EPq1k3dRWyrXfsWJWh405slQ-tyEjJj/edit
Seleccionados AC 2025,652,selected,18037,LICEO RALCO,DEL BIOBÍO,ILUSTRE MUNICIPALIDAD DE ALTO BIO-BIO,Aulas Conectadas 2025,SELECCIONADO,,https://www.innovacion.mineduc.cl/convocatoria-2025,https://docs.google.com/spreadsheets/d/11EPq1k3dRWyrXfsWJWh405slQ-tyEjJj/edit
Seleccionados AC 2025,653,selected,19913,LICEO BICENTENARIO LOS SAUCES,DE LA ARAUCANÍA,ILUSTRE MUNICIPALIDAD DE LOS SAUCES,Aulas Conectadas 2025,SELECCIONADO,,https://www.innovacion.mineduc.cl/convocatoria-2025,https://docs.google.com/spreadsheets/d/11EPq1k3dRWyrXfsWJWh405slQ-tyEjJj/edit
Seleccionados AC 2025,654,selected,22050,LICEO BICENTENARIO DE EXCELENCIA BENJAMÍN MUÑOZ GAMERO,DE LOS LAGOS,ILUSTRE MUNICIPALIDAD DE PUERTO OCTAY,Aulas Conectadas 2025,SELECCIONADO,,https://www.innovacion.mineduc.cl/convocatoria-2025,https://docs.google.com/spreadsheets/d/11EPq1k3dRWyrXfsWJWh405slQ-tyEjJj/edit
Seleccionados AC 2025,655,selected,22307,CENTRO DE EDUCACIÓN DE ADULTOS QUELLÓN,DE LOS LAGOS,SERVICIO LOCAL DE EDUCACIÓN PÚBLICA DE CHILOÉ,Aulas Conectadas 2025,SELECCIONADO,,https://www.innovacion.mineduc.cl/convocatoria-2025,https://docs.google.com/spreadsheets/d/11EPq1k3dRWyrXfsWJWh405slQ-tyEjJj/edit
Seleccionados AC 2025,656,selected,22309,COLEGIO INGLÉS MABEL CONDEMARÍN,DE LOS LAGOS,SERVICIO LOCAL DE EDUCACIÓN PÚBLICA DE LLANQUIHUE,Aulas Conectadas 2025,SELECCIONADO,,https://www.innovacion.mineduc.cl/convocatoria-2025,https://docs.google.com/spreadsheets/d/11EPq1k3dRWyrXfsWJWh405slQ-tyEjJj/edit
Seleccionados AC 2025,657,selected,22333,ESCUELA FRANCIA,DE LOS RÍOS,SERVICIO LOCAL DE EDUCACION PUBLICA VALDIVIA (SLEP VALDIVIA),Aulas Conectadas 2025,SELECCIONADO,,https://www.innovacion.mineduc.cl/convocatoria-2025,https://docs.google.com/spreadsheets/d/11EPq1k3dRWyrXfsWJWh405slQ-tyEjJj/edit
Seleccionados AC 2025,658,selected,22430,COLEGIO CRECER,DE LOS LAGOS,ILUSTRE MUNICIPALIDAD DE PURRANQUE,Aulas Conectadas 2025,SELECCIONADO,,https://www.innovacion.mineduc.cl/convocatoria-2025,https://docs.google.com/spreadsheets/d/11EPq1k3dRWyrXfsWJWh405slQ-tyEjJj/edit
Seleccionados AC 2025,659,selected,22476,COLEGIO SAN JOSÉ,DE LOS RÍOS,SERVICIO LOCAL DE EDUCACION PUBLICA VALDIVIA (SLEP VALDIVIA),Aulas Conectadas 2025,SELECCIONADO,,https://www.innovacion.mineduc.cl/convocatoria-2025,https://docs.google.com/spreadsheets/d/11EPq1k3dRWyrXfsWJWh405slQ-tyEjJj/edit
Seleccionados AC 2025,660,selected,22493,ESCUELA VICENTE PÉREZ ROSALES,DE LOS LAGOS,SERVICIO LOCAL DE EDUCACIÓN PÚBLICA DE LLANQUIHUE,Aulas Conectadas 2025,SELECCIONADO,,https://www.innovacion.mineduc.cl/convocatoria-2025,https://docs.google.com/spreadsheets/d/11EPq1k3dRWyrXfsWJWh405slQ-tyEjJj/edit
Seleccionados AC 2025,661,selected,22509,ESCUELA ALEMANIA,DE LOS LAGOS,ILUSTRE MUNICIPALIDAD DE PUERTO MONTT,Aulas Conectadas 2025,SELECCIONADO,,https://www.innovacion.mineduc.cl/convocatoria-2025,https://docs.google.com/spreadsheets/d/11EPq1k3dRWyrXfsWJWh405slQ-tyEjJj/edit
Seleccionados AC 2025,662,selected,22519,COLEGIO MIRADOR DEL LAGO,DE LOS LAGOS,SERVICIO LOCAL DE EDUCACIÓN PÚBLICA DE LLANQUIHUE,Aulas Conectadas 2025,SELECCIONADO,,https://www.innovacion.mineduc.cl/convocatoria-2025,https://docs.google.com/spreadsheets/d/11EPq1k3dRWyrXfsWJWh405slQ-tyEjJj/edit
Seleccionados AC 2025,663,selected,22531,ESCUELA CLAUDIO ARRAU LEÓN,DE LOS RÍOS,SERVICIO LOCAL DE EDUCACION PUBLICA VALDIVIA (SLEP VALDIVIA),Aulas Conectadas 2025,SELECCIONADO,,https://www.innovacion.mineduc.cl/convocatoria-2025,https://docs.google.com/spreadsheets/d/11EPq1k3dRWyrXfsWJWh405slQ-tyEjJj/edit
Seleccionados AC 2025,664,selected,22539,ESCUELA JOSÉ MANUEL BALMACEDA,DE LOS LAGOS,ILUSTRE MUNICIPALIDAD DE CALBUCO,Aulas Conectadas 2025,SELECCIONADO,,https://www.innovacion.mineduc.cl/convocatoria-2025,https://docs.google.com/spreadsheets/d/11EPq1k3dRWyrXfsWJWh405slQ-tyEjJj/edit
Seleccionados AC 2025,665,selected,22544,LICEO POLIVALENTE BENJAMÍN VICUÑA MACKENNA,DE LOS LAGOS,ILUSTRE MUNICIPALIDAD DE PUERTO MONTT,Aulas Conectadas 2025,SELECCIONADO,,https://www.innovacion.mineduc.cl/convocatoria-2025,https://docs.google.com/spreadsheets/d/11EPq1k3dRWyrXfsWJWh405slQ-tyEjJj/edit
Seleccionados AC 2025,666,selected,22553,INSTITUTO TÉCNICO FORJADORES DE ALERCE,DE LOS LAGOS,ILUSTRE MUNICIPALIDAD DE PUERTO MONTT,Aulas Conectadas 2025,SELECCIONADO,,https://www.innovacion.mineduc.cl/convocatoria-2025,https://docs.google.com/spreadsheets/d/11EPq1k3dRWyrXfsWJWh405slQ-tyEjJj/edit
Seleccionados AC 2025,667,selected,22655,LICEO CARELMAPU,DE LOS LAGOS,ILUSTRE MUNICIPALIDAD DE MAULLIN,Aulas Conectadas 2025,SELECCIONADO,,https://www.innovacion.mineduc.cl/convocatoria-2025,https://docs.google.com/spreadsheets/d/11EPq1k3dRWyrXfsWJWh405slQ-tyEjJj/edit
Seleccionados AC 2025,668,selected,24203,LICEO RAÚL BROUSSAIN CAMPINO,DE AYSÉN DEL GENERAL CARLOS IBAÑEZ DEL CAMPO,"SERVICIO LOCAL DE EDUACIÓN PÚBLICA, DE LA REGIÓN DE AYSÉN",Aulas Conectadas 2025,SELECCIONADO,,https://www.innovacion.mineduc.cl/convocatoria-2025,https://docs.google.com/spreadsheets/d/11EPq1k3dRWyrXfsWJWh405slQ-tyEjJj/edit
Seleccionados AC 2025,669,selected,24204,LICEO ARTURO PRAT CHACÓN,DE AYSÉN DEL GENERAL CARLOS IBAÑEZ DEL CAMPO,"SERVICIO LOCAL DE EDUACIÓN PÚBLICA, DE LA REGIÓN DE AYSÉN",Aulas Conectadas 2025,SELECCIONADO,,https://www.innovacion.mineduc.cl/convocatoria-2025,https://docs.google.com/spreadsheets/d/11EPq1k3dRWyrXfsWJWh405slQ-tyEjJj/edit
Seleccionados AC 2025,670,selected,24302,ESCUELA GENERAL MANUEL BULNES P.,DE MAGALLANES Y DE LA ANTÁRTICA CHILENA,SERVICIO LOCAL DE EDUCACIÓN PÚBLICA DE MAGALLANES,Aulas Conectadas 2025,SELECCIONADO,,https://www.innovacion.mineduc.cl/convocatoria-2025,https://docs.google.com/spreadsheets/d/11EPq1k3dRWyrXfsWJWh405slQ-tyEjJj/edit
Seleccionados AC 2025,671,selected,24318,ESCUELA PADRE ALBERTO HURTADO CRUCHAGA,DE MAGALLANES Y DE LA ANTÁRTICA CHILENA,SERVICIO LOCAL DE EDUCACIÓN PÚBLICA DE MAGALLANES,Aulas Conectadas 2025,SELECCIONADO,,https://www.innovacion.mineduc.cl/convocatoria-2025,https://docs.google.com/spreadsheets/d/11EPq1k3dRWyrXfsWJWh405slQ-tyEjJj/edit
Seleccionados AC 2025,672,selected,24442,ESCUELA ESPECIAL OPEN DOOR,METROPOLITANA DE SANTIAGO,CORP MUNIC EDUC SALUD Y AT MEN PTE ALTO,Aulas Conectadas 2025,SELECCIONADO,,https://www.innovacion.mineduc.cl/convocatoria-2025,https://docs.google.com/spreadsheets/d/11EPq1k3dRWyrXfsWJWh405slQ-tyEjJj/edit
Seleccionados AC 2025,673,selected,24443,LICEO MUNICIPAL CHILOÉ,METROPOLITANA DE SANTIAGO,CORP MUNIC EDUC SALUD Y AT MEN PTE ALTO,Aulas Conectadas 2025,SELECCIONADO,,https://www.innovacion.mineduc.cl/convocatoria-2025,https://docs.google.com/spreadsheets/d/11EPq1k3dRWyrXfsWJWh405slQ-tyEjJj/edit
Seleccionados AC 2025,674,selected,24444,LICEO INDUSTRIAL HARDWARE,METROPOLITANA DE SANTIAGO,SERVICIO LOCAL DE EDUCACION PUBLICA DEL PINO,Aulas Conectadas 2025,SELECCIONADO,,https://www.innovacion.mineduc.cl/convocatoria-2025,https://docs.google.com/spreadsheets/d/11EPq1k3dRWyrXfsWJWh405slQ-tyEjJj/edit
Seleccionados AC 2025,675,selected,24754,CEIA GEORGINA SALAS DINAMARCA,METROPOLITANA DE SANTIAGO,SERVICIO LOCAL DE EDUCACIÓN PÚBLICA LAS BARRANCAS,Aulas Conectadas 2025,SELECCIONADO,,https://www.innovacion.mineduc.cl/convocatoria-2025,https://docs.google.com/spreadsheets/d/11EPq1k3dRWyrXfsWJWh405slQ-tyEjJj/edit
Seleccionados AC 2025,676,selected,24822,ESC. BAS. PDTE. SALVADOR ALLENDE G.,METROPOLITANA DE SANTIAGO,SERVICIO LOCAL DE EDUCACION PUBLICA DEL PINO,Aulas Conectadas 2025,SELECCIONADO,,https://www.innovacion.mineduc.cl/convocatoria-2025,https://docs.google.com/spreadsheets/d/11EPq1k3dRWyrXfsWJWh405slQ-tyEjJj/edit
Seleccionados AC 2025,677,selected,25002,ESCUELA BÁSICA PADRE ALBERTO HURTADO,METROPOLITANA DE SANTIAGO,CORP MUNIC EDUC SALUD Y AT MEN PTE ALTO,Aulas Conectadas 2025,SELECCIONADO,,https://www.innovacion.mineduc.cl/convocatoria-2025,https://docs.google.com/spreadsheets/d/11EPq1k3dRWyrXfsWJWh405slQ-tyEjJj/edit
Seleccionados AC 2025,678,selected,25009,LICEO VALLE DE LLUTA,METROPOLITANA DE SANTIAGO,SERVICIO LOCAL DE EDUCACION PUBLICA DEL PINO,Aulas Conectadas 2025,SELECCIONADO,,https://www.innovacion.mineduc.cl/convocatoria-2025,https://docs.google.com/spreadsheets/d/11EPq1k3dRWyrXfsWJWh405slQ-tyEjJj/edit
Seleccionados AC 2025,679,selected,25043,ESCUELA VOLCÁN SAN JOSÉ,METROPOLITANA DE SANTIAGO,CORP MUNIC EDUC SALUD Y AT MEN PTE ALTO,Aulas Conectadas 2025,SELECCIONADO,,https://www.innovacion.mineduc.cl/convocatoria-2025,https://docs.google.com/spreadsheets/d/11EPq1k3dRWyrXfsWJWh405slQ-tyEjJj/edit
Seleccionados AC 2025,680,selected,25173,ESC. BÁSICA MUNICIPAL RISOPATRÓN,METROPOLITANA DE SANTIAGO,SERVICIO LOCAL DE EDUCACIÓN PUBLICA SANTA ROSA,Aulas Conectadas 2025,SELECCIONADO,,https://www.innovacion.mineduc.cl/convocatoria-2025,https://docs.google.com/spreadsheets/d/11EPq1k3dRWyrXfsWJWh405slQ-tyEjJj/edit
Seleccionados AC 2025,681,selected,25182,LICEO ALCALDE JORGE INDO,METROPOLITANA DE SANTIAGO,SERVICIO LOCAL DE EDUCACION PUBLICA LOS LIBERTADORES,Aulas Conectadas 2025,SELECCIONADO,,https://www.innovacion.mineduc.cl/convocatoria-2025,https://docs.google.com/spreadsheets/d/11EPq1k3dRWyrXfsWJWh405slQ-tyEjJj/edit
Seleccionados AC 2025,682,selected,25194,ESCUELA MUNICIPAL VALLE DE LUNA,METROPOLITANA DE SANTIAGO,SERVICIO LOCAL DE EDUCACION PUBLICA LOS LIBERTADORES,Aulas Conectadas 2025,SELECCIONADO,,https://www.innovacion.mineduc.cl/convocatoria-2025,https://docs.google.com/spreadsheets/d/11EPq1k3dRWyrXfsWJWh405slQ-tyEjJj/edit
Seleccionados AC 2025,683,selected,25235,LICEO DE ADULTOS POETA VICENTE HUIDOBRO,METROPOLITANA DE SANTIAGO,SERVICIO LOCAL DE EDUCACION PUBLICA LOS LIBERTADORES,Aulas Conectadas 2025,SELECCIONADO,,https://www.innovacion.mineduc.cl/convocatoria-2025,https://docs.google.com/spreadsheets/d/11EPq1k3dRWyrXfsWJWh405slQ-tyEjJj/edit
Seleccionados AC 2025,684,selected,25271,PROFESOR FRANCISCO VERGARA BOBADILLA,METROPOLITANA DE SANTIAGO,CORP.MUNICIPAL DE EDUCACION-LA FLORIDA,Aulas Conectadas 2025,SELECCIONADO,,https://www.innovacion.mineduc.cl/convocatoria-2025,https://docs.google.com/spreadsheets/d/11EPq1k3dRWyrXfsWJWh405slQ-tyEjJj/edit
Seleccionados AC 2025,685,selected,25698,COLEGIO CORDILLERA DE LOS ANDES,METROPOLITANA DE SANTIAGO,SERVICIO LOCAL DE EDUCACION PUBLICA DEL PINO,Aulas Conectadas 2025,SELECCIONADO,,https://www.innovacion.mineduc.cl/convocatoria-2025,https://docs.google.com/spreadsheets/d/11EPq1k3dRWyrXfsWJWh405slQ-tyEjJj/edit
Seleccionados AC 2025,686,selected,25797,ESCUELA BÁSICA PUCARÁ LASAÑA,METROPOLITANA DE SANTIAGO,SERVICIO LOCAL DE EDUCACION PUBLICA LOS LIBERTADORES,Aulas Conectadas 2025,SELECCIONADO,,https://www.innovacion.mineduc.cl/convocatoria-2025,https://docs.google.com/spreadsheets/d/11EPq1k3dRWyrXfsWJWh405slQ-tyEjJj/edit
Seleccionados AC 2025,687,selected,25938,LICEO DE ADULTOS CEIA DE LA PINTANA,METROPOLITANA DE SANTIAGO,SERVICIO LOCAL DE EDUCACION PUBLICA DEL PINO,Aulas Conectadas 2025,SELECCIONADO,,https://www.innovacion.mineduc.cl/convocatoria-2025,https://docs.google.com/spreadsheets/d/11EPq1k3dRWyrXfsWJWh405slQ-tyEjJj/edit
Seleccionados AC 2025,688,selected,25960,CENTRO EDUC. PADRE ALBERTO HURTADO DE SAN BERNARDO,METROPOLITANA DE SANTIAGO,SERVICIO LOCAL DE EDUCACION PUBLICA DEL PINO,Aulas Conectadas 2025,SELECCIONADO,,https://www.innovacion.mineduc.cl/convocatoria-2025,https://docs.google.com/spreadsheets/d/11EPq1k3dRWyrXfsWJWh405slQ-tyEjJj/edit
Seleccionados AC 2025,689,selected,26157,LICEO MUNICIPAL BICENTENARIO DE BATUCO,METROPOLITANA DE SANTIAGO,CORP.MUNICIPAL DE DES.SOCIAL DE LAMPA,Aulas Conectadas 2025,SELECCIONADO,,https://www.innovacion.mineduc.cl/convocatoria-2025,https://docs.google.com/spreadsheets/d/11EPq1k3dRWyrXfsWJWh405slQ-tyEjJj/edit
Seleccionados AC 2025,690,selected,26333,C. INTEGRAL DE AD. PROFESORA TERESA MOYA REYE,METROPOLITANA DE SANTIAGO,CORP MUNIC EDUC SALUD Y AT MEN PTE ALTO,Aulas Conectadas 2025,SELECCIONADO,,https://www.innovacion.mineduc.cl/convocatoria-2025,https://docs.google.com/spreadsheets/d/11EPq1k3dRWyrXfsWJWh405slQ-tyEjJj/edit
Seleccionados AC 2025,691,selected,31074,LICEO BICENTENARIO DE NIÑAS DE MAIPÚ,METROPOLITANA DE SANTIAGO,SERVICIO LOCAL DE EDUCACION PUBLICA SANTA CORINA,Aulas Conectadas 2025,SELECCIONADO,,https://www.innovacion.mineduc.cl/convocatoria-2025,https://docs.google.com/spreadsheets/d/11EPq1k3dRWyrXfsWJWh405slQ-tyEjJj/edit
Seleccionados AC 2025,692,selected,31078,LICEO BICENTENARIO SAN PEDRO DE PUENTE ALTO,METROPOLITANA DE SANTIAGO,CORP MUNIC EDUC SALUD Y AT MEN PTE ALTO,Aulas Conectadas 2025,SELECCIONADO,,https://www.innovacion.mineduc.cl/convocatoria-2025,https://docs.google.com/spreadsheets/d/11EPq1k3dRWyrXfsWJWh405slQ-tyEjJj/edit
Seleccionados AC 2025,693,selected,31128,LICEO BICENTENARIO DE EXCELENCIA TREHUACO,DE ÑUBLE,ILUSTRE MUNICIPALIDAD DE TREHUACO,Aulas Conectadas 2025,SELECCIONADO,,https://www.innovacion.mineduc.cl/convocatoria-2025,https://docs.google.com/spreadsheets/d/11EPq1k3dRWyrXfsWJWh405slQ-tyEjJj/edit
Seleccionados AC 2025,694,selected,31293,LICEO NACIONAL BICENTENARIO DE EXCELENCIA,METROPOLITANA DE SANTIAGO,SERVICIO LOCAL DE EDUCACION PUBLICA DEL PINO,Aulas Conectadas 2025,SELECCIONADO,,https://www.innovacion.mineduc.cl/convocatoria-2025,https://docs.google.com/spreadsheets/d/11EPq1k3dRWyrXfsWJWh405slQ-tyEjJj/edit
Seleccionados AC 2025,695,selected,31299,LICEO BICENTENARIO DE EXCELENCIA FRANCISCO BILBAO BARQUÍN DE QUILICURA,METROPOLITANA DE SANTIAGO,SERVICIO LOCAL DE EDUCACION PUBLICA LOS LIBERTADORES,Aulas Conectadas 2025,SELECCIONADO,,https://www.innovacion.mineduc.cl/convocatoria-2025,https://docs.google.com/spreadsheets/d/11EPq1k3dRWyrXfsWJWh405slQ-tyEjJj/edit
Seleccionados AC 2025,696,selected,31343,LICEO CIENTIFICO HUMANISTA LA CHIMBA,DE ANTOFAGASTA,CORP MUNIC DESARROLLO SOCIAL ANTOFAGASTA,Aulas Conectadas 2025,SELECCIONADO,,https://www.innovacion.mineduc.cl/convocatoria-2025,https://docs.google.com/spreadsheets/d/11EPq1k3dRWyrXfsWJWh405slQ-tyEjJj/edit
Seleccionados AC 2025,697,selected,31345,LICEO POLITÉCNICO LOS ARENALES,DE ANTOFAGASTA,CORP MUNIC DESARROLLO SOCIAL ANTOFAGASTA,Aulas Conectadas 2025,SELECCIONADO,,https://www.innovacion.mineduc.cl/convocatoria-2025,https://docs.google.com/spreadsheets/d/11EPq1k3dRWyrXfsWJWh405slQ-tyEjJj/edit
Seleccionados AC 2025,698,selected,40114,LICEO ORIENTE,DEL LIBERTADOR BERNARDO OHIGGINS,ILUSTRE MUNICIPALIDAD DE RENGO,Aulas Conectadas 2025,SELECCIONADO,,https://www.innovacion.mineduc.cl/convocatoria-2025,https://docs.google.com/spreadsheets/d/11EPq1k3dRWyrXfsWJWh405slQ-tyEjJj/edit
Seleccionados AC 2025,699,selected,40242,COLEGIO BICENTENARIO,DE VALPARAÍSO,ILUSTRE MUNICIPALIDAD DE CABILDO,Aulas Conectadas 2025,SELECCIONADO,,https://www.innovacion.mineduc.cl/convocatoria-2025,https://docs.google.com/spreadsheets/d/11EPq1k3dRWyrXfsWJWh405slQ-tyEjJj/edit
Seleccionados AC 2025,700,selected,40383,ESCUELA BÁSICA MIL PAISAJES-QUEMCHI,DE LOS LAGOS,SERVICIO LOCAL DE EDUCACIÓN PÚBLICA DE CHILOÉ,Aulas Conectadas 2025,SELECCIONADO,,https://www.innovacion.mineduc.cl/convocatoria-2025,https://docs.google.com/spreadsheets/d/11EPq1k3dRWyrXfsWJWh405slQ-tyEjJj/edit
Seleccionados AC 2025,701,selected,40429,LICEO TÉCNICO PROFESIONAL DE ADULTOS,DE TARAPACÁ,SERVICIO LOCAL DE EDUCACION PÚBLICA DE IQUIQUE,Aulas Conectadas 2025,SELECCIONADO,,https://www.innovacion.mineduc.cl/convocatoria-2025,https://docs.google.com/spreadsheets/d/11EPq1k3dRWyrXfsWJWh405slQ-tyEjJj/edit
Lista Espera AC 2025,2,waitlist,7753,ESCUELA BÁSICA FRONTERIZA JUAN SOLER MANFREDINI,DE LOS LAGOS,ILUSTRE MUNICIPALIDAD DE COCHAMO,Aulas Conectadas 2025,LISTA DE ESPERA,1,https://www.innovacion.mineduc.cl/convocatoria-2025,https://docs.google.com/spreadsheets/d/11EPq1k3dRWyrXfsWJWh405slQ-tyEjJj/edit
Lista Espera AC 2025,3,waitlist,9740,ESCUELA BÁSICA REPÚBLICA DE LAS FILIPINAS,METROPOLITANA DE SANTIAGO,SERVICIO LOCAL DE EDUCACIÓN PUBLICA SANTA ROSA,Aulas Conectadas 2025,LISTA DE ESPERA,2,https://www.innovacion.mineduc.cl/convocatoria-2025,https://docs.google.com/spreadsheets/d/11EPq1k3dRWyrXfsWJWh405slQ-tyEjJj/edit
Lista Espera AC 2025,4,waitlist,487,ESCUELA BÁSICA JOSÉ MIGUEL CARRERA,DE ATACAMA,SERVICIO LOCAL DE EDUCACIÓN PUBLICA DE HUASCO,Aulas Conectadas 2025,LISTA DE ESPERA,3,https://www.innovacion.mineduc.cl/convocatoria-2025,https://docs.google.com/spreadsheets/d/11EPq1k3dRWyrXfsWJWh405slQ-tyEjJj/edit
Lista Espera AC 2025,5,waitlist,2338,ESC. JUAN BARROS ROLDÁN,DEL LIBERTADOR BERNARDO OHIGGINS,CORP DESARROLLO DE SAN VICENTE DE T.T.,Aulas Conectadas 2025,LISTA DE ESPERA,4,https://www.innovacion.mineduc.cl/convocatoria-2025,https://docs.google.com/spreadsheets/d/11EPq1k3dRWyrXfsWJWh405slQ-tyEjJj/edit
Lista Espera AC 2025,6,waitlist,22113,LICEO FRAY PABLO DE ROYO,DE LOS LAGOS,ILUSTRE MUNICIPALIDAD DE SAN PABLO,Aulas Conectadas 2025,LISTA DE ESPERA,5,https://www.innovacion.mineduc.cl/convocatoria-2025,https://docs.google.com/spreadsheets/d/11EPq1k3dRWyrXfsWJWh405slQ-tyEjJj/edit
Lista Espera AC 2025,7,waitlist,2313,ESCUELA MUNICIPAL DE LIMAHUE,DEL LIBERTADOR BERNARDO OHIGGINS,ILUSTRE MUNICIPALIDAD DE MALLOA,Aulas Conectadas 2025,LISTA DE ESPERA,6,https://www.innovacion.mineduc.cl/convocatoria-2025,https://docs.google.com/spreadsheets/d/11EPq1k3dRWyrXfsWJWh405slQ-tyEjJj/edit
Lista Espera AC 2025,8,waitlist,7802,ESCUELA RURAL SAN JOSÉ,DE LOS LAGOS,ILUSTRE MUNICIPALIDAD DE CALBUCO,Aulas Conectadas 2025,LISTA DE ESPERA,7,https://www.innovacion.mineduc.cl/convocatoria-2025,https://docs.google.com/spreadsheets/d/11EPq1k3dRWyrXfsWJWh405slQ-tyEjJj/edit
Lista Espera AC 2025,9,waitlist,10421,ESCUELA REPÚBLICA DE POLONIA,METROPOLITANA DE SANTIAGO,CORP.MUNICIPAL DE DES.SOCIAL DE LAMPA,Aulas Conectadas 2025,LISTA DE ESPERA,8,https://www.innovacion.mineduc.cl/convocatoria-2025,https://docs.google.com/spreadsheets/d/11EPq1k3dRWyrXfsWJWh405slQ-tyEjJj/edit
Lista Espera AC 2025,10,waitlist,1430,ESCUELA BÁSICA GABRIELA MISTRAL,DE VALPARAÍSO,ILUSTRE MUNICIPALIDAD DE LA CALERA,Aulas Conectadas 2025,LISTA DE ESPERA,9,https://www.innovacion.mineduc.cl/convocatoria-2025,https://docs.google.com/spreadsheets/d/11EPq1k3dRWyrXfsWJWh405slQ-tyEjJj/edit
Lista Espera AC 2025,11,waitlist,4324,LICEO DOCTOR VÍCTOR RÍOS RUIZ,DEL BIOBÍO,ILUSTRE MUNICIPALIDAD DE ANTUCO,Aulas Conectadas 2025,LISTA DE ESPERA,10,https://www.innovacion.mineduc.cl/convocatoria-2025,https://docs.google.com/spreadsheets/d/11EPq1k3dRWyrXfsWJWh405slQ-tyEjJj/edit
Lista Espera AC 2025,12,waitlist,1269,ESCUELA JOHN F KENNEDY,DE VALPARAÍSO,ILUSTRE MUNICIPALIDAD DE SAN FELIPE,Aulas Conectadas 2025,LISTA DE ESPERA,11,https://www.innovacion.mineduc.cl/convocatoria-2025,https://docs.google.com/spreadsheets/d/11EPq1k3dRWyrXfsWJWh405slQ-tyEjJj/edit
Lista Espera AC 2025,13,waitlist,7448,ESCUELA ENTRE LAGOS,DE LOS LAGOS,ILUSTRE MUNICIPALIDAD DE PUYEHUE,Aulas Conectadas 2025,LISTA DE ESPERA,12,https://www.innovacion.mineduc.cl/convocatoria-2025,https://docs.google.com/spreadsheets/d/11EPq1k3dRWyrXfsWJWh405slQ-tyEjJj/edit
Lista Espera AC 2025,14,waitlist,1264,LICEO SAN FELIPE,DE VALPARAÍSO,ILUSTRE MUNICIPALIDAD DE SAN FELIPE,Aulas Conectadas 2025,LISTA DE ESPERA,13,https://www.innovacion.mineduc.cl/convocatoria-2025,https://docs.google.com/spreadsheets/d/11EPq1k3dRWyrXfsWJWh405slQ-tyEjJj/edit
Lista Espera AC 2025,15,waitlist,10686,LICEO MUNICIPAL POETISA GABRIELA MISTRAL,METROPOLITANA DE SANTIAGO,SERVICIO LOCAL DE EDUCACION PUBLICA DEL PINO,Aulas Conectadas 2025,LISTA DE ESPERA,14,https://www.innovacion.mineduc.cl/convocatoria-2025,https://docs.google.com/spreadsheets/d/11EPq1k3dRWyrXfsWJWh405slQ-tyEjJj/edit
Lista Espera AC 2025,16,waitlist,2388,ESCUELA MUNIC. SBTE. LUIS CRUZ MARTÍNEZ,DEL LIBERTADOR BERNARDO OHIGGINS,ILUSTRE MUNICIPALIDAD DE COLTAUCO,Aulas Conectadas 2025,LISTA DE ESPERA,15,https://www.innovacion.mineduc.cl/convocatoria-2025,https://docs.google.com/spreadsheets/d/11EPq1k3dRWyrXfsWJWh405slQ-tyEjJj/edit
Lista Espera AC 2025,17,waitlist,1678,ESCUELA UNESCO,DE VALPARAÍSO,SERVICIO LOCAL DE EDUCACION PUBLICA DE COSTA CENTRAL,Aulas Conectadas 2025,LISTA DE ESPERA,16,https://www.innovacion.mineduc.cl/convocatoria-2025,https://docs.google.com/spreadsheets/d/11EPq1k3dRWyrXfsWJWh405slQ-tyEjJj/edit
Lista Espera AC 2025,18,waitlist,22664,LICEO POLITÉCNICO MIRASOL,DE LOS LAGOS,ILUSTRE MUNICIPALIDAD DE PUERTO MONTT,Aulas Conectadas 2025,LISTA DE ESPERA,17,https://www.innovacion.mineduc.cl/convocatoria-2025,https://docs.google.com/spreadsheets/d/11EPq1k3dRWyrXfsWJWh405slQ-tyEjJj/edit
Lista Espera AC 2025,19,waitlist,10241,ESCUELA BASICA EL MAÑÍO,METROPOLITANA DE SANTIAGO,SERVICIO LOCAL DE EDUCACION PUBLICA LOS LIBERTADORES,Aulas Conectadas 2025,LISTA DE ESPERA,18,https://www.innovacion.mineduc.cl/convocatoria-2025,https://docs.google.com/spreadsheets/d/11EPq1k3dRWyrXfsWJWh405slQ-tyEjJj/edit
Lista Espera AC 2025,20,waitlist,519,COLEGIO ARTURO PRAT CHACÓN,DE COQUIMBO,SERVICIO LOCAL DE EDUCACIÓN DEL ELQUI,Aulas Conectadas 2025,LISTA DE ESPERA,19,https://www.innovacion.mineduc.cl/convocatoria-2025,https://docs.google.com/spreadsheets/d/11EPq1k3dRWyrXfsWJWh405slQ-tyEjJj/edit
Lista Espera AC 2025,21,waitlist,710,ESCUELA BÁSICA JOSÉ TOMÁS OVALLE B.,DE COQUIMBO,ILUSTRE MUNICIPALIDAD DE OVALLE,Aulas Conectadas 2025,LISTA DE ESPERA,20,https://www.innovacion.mineduc.cl/convocatoria-2025,https://docs.google.com/spreadsheets/d/11EPq1k3dRWyrXfsWJWh405slQ-tyEjJj/edit
Lista Espera AC 2025,22,waitlist,2432,ESCUELA MUNICIPAL VILMA ALIAGA CALDERÓN,DEL LIBERTADOR BERNARDO OHIGGINS,ILUSTRE MUNICIPALIDAD DE LAS CABRAS,Aulas Conectadas 2025,LISTA DE ESPERA,21,https://www.innovacion.mineduc.cl/convocatoria-2025,https://docs.google.com/spreadsheets/d/11EPq1k3dRWyrXfsWJWh405slQ-tyEjJj/edit
Lista Espera AC 2025,23,waitlist,2472,ESCUELA BÁSICA ANTONIO LARA MEDINA,DEL LIBERTADOR BERNARDO OHIGGINS,SERVICIO LOCAL DE EDUCACION DE COLCHAGUA,Aulas Conectadas 2025,LISTA DE ESPERA,22,https://www.innovacion.mineduc.cl/convocatoria-2025,https://docs.google.com/spreadsheets/d/11EPq1k3dRWyrXfsWJWh405slQ-tyEjJj/edit
Lista Espera AC 2025,24,waitlist,2103,LICEO BICENTENARIO INDUSTRIAL PRESIDENTE PEDRO AGUIRRE,DEL LIBERTADOR BERNARDO OHIGGINS,UNIVERSIDAD DE SANTIAGO,Aulas Conectadas 2025,LISTA DE ESPERA,23,https://www.innovacion.mineduc.cl/convocatoria-2025,https://docs.google.com/spreadsheets/d/11EPq1k3dRWyrXfsWJWh405slQ-tyEjJj/edit
Lista Espera AC 2025,25,waitlist,2981,ESCUELA PANGUILEMO,DEL MAULE,ILUSTRE MUNICIPALIDAD DE TALCA,Aulas Conectadas 2025,LISTA DE ESPERA,24,https://www.innovacion.mineduc.cl/convocatoria-2025,https://docs.google.com/spreadsheets/d/11EPq1k3dRWyrXfsWJWh405slQ-tyEjJj/edit
Lista Espera AC 2025,26,waitlist,2493,ESCUELA BAS. JOSÉ MIGUEL CARRERA VERDUGO,DEL LIBERTADOR BERNARDO OHIGGINS,SERVICIO LOCAL DE EDUCACION DE COLCHAGUA,Aulas Conectadas 2025,LISTA DE ESPERA,25,https://www.innovacion.mineduc.cl/convocatoria-2025,https://docs.google.com/spreadsheets/d/11EPq1k3dRWyrXfsWJWh405slQ-tyEjJj/edit
Lista Espera AC 2025,27,waitlist,3980,ESCUELA BÁSICA PUEBLO SECO SANTA CLARA,DE ÑUBLE,ILUSTRE MUNICIPALIDAD DE BULNES,Aulas Conectadas 2025,LISTA DE ESPERA,26,https://www.innovacion.mineduc.cl/convocatoria-2025,https://docs.google.com/spreadsheets/d/11EPq1k3dRWyrXfsWJWh405slQ-tyEjJj/edit
Lista Espera AC 2025,28,waitlist,3483,ESCUELA GERÓNIMO LAGOS LISBOA,DEL MAULE,ILUSTRE MUNICIPALIDAD DE SAN JAVIER,Aulas Conectadas 2025,LISTA DE ESPERA,27,https://www.innovacion.mineduc.cl/convocatoria-2025,https://docs.google.com/spreadsheets/d/11EPq1k3dRWyrXfsWJWh405slQ-tyEjJj/edit
Lista Espera AC 2025,29,waitlist,4310,LICEO ANDRÉS ALCÁZAR DE TUCAPEL,DEL BIOBÍO,ILUSTRE MUNICIPALIDAD DE TUCAPEL,Aulas Conectadas 2025,LISTA DE ESPERA,28,https://www.innovacion.mineduc.cl/convocatoria-2025,https://docs.google.com/spreadsheets/d/11EPq1k3dRWyrXfsWJWh405slQ-tyEjJj/edit
Lista Espera AC 2025,30,waitlist,708,ESCUELA ANTONIO TIRADO LANAS,DE COQUIMBO,ILUSTRE MUNICIPALIDAD DE OVALLE,Aulas Conectadas 2025,LISTA DE ESPERA,29,https://www.innovacion.mineduc.cl/convocatoria-2025,https://docs.google.com/spreadsheets/d/11EPq1k3dRWyrXfsWJWh405slQ-tyEjJj/edit
Lista Espera AC 2025,31,waitlist,9629,ESCUELA BÁSICA ALIVEN,METROPOLITANA DE SANTIAGO,SERVICIO LOCAL DE EDUCACIÓN PUBLICA SANTA ROSA,Aulas Conectadas 2025,LISTA DE ESPERA,30,https://www.innovacion.mineduc.cl/convocatoria-2025,https://docs.google.com/spreadsheets/d/11EPq1k3dRWyrXfsWJWh405slQ-tyEjJj/edit
Lista Espera AC 2025,32,waitlist,10573,CENTRO EDUCACIONAL MATÍAS COUSIÑO,METROPOLITANA DE SANTIAGO,SERVICIO LOCAL DE EDUCACION PUBLICA DEL PINO,Aulas Conectadas 2025,LISTA DE ESPERA,31,https://www.innovacion.mineduc.cl/convocatoria-2025,https://docs.google.com/spreadsheets/d/11EPq1k3dRWyrXfsWJWh405slQ-tyEjJj/edit
Lista Espera AC 2025,33,waitlist,9721,ESCUELA NEMESIO ANTÚNEZ,METROPOLITANA DE SANTIAGO,SERVICIO LOCAL DE EDUCACION PUBLICA DEL PINO,Aulas Conectadas 2025,LISTA DE ESPERA,32,https://www.innovacion.mineduc.cl/convocatoria-2025,https://docs.google.com/spreadsheets/d/11EPq1k3dRWyrXfsWJWh405slQ-tyEjJj/edit
Lista Espera AC 2025,34,waitlist,7135,COLEGIO TÉCNICO PROFESIONAL N°1 HONORIO OJEDA VALDERAS,DE LOS RÍOS,ILUSTRE MUNICIPALIDAD DE LA UNION,Aulas Conectadas 2025,LISTA DE ESPERA,33,https://www.innovacion.mineduc.cl/convocatoria-2025,https://docs.google.com/spreadsheets/d/11EPq1k3dRWyrXfsWJWh405slQ-tyEjJj/edit
Lista Espera AC 2025,35,waitlist,3128,LICEO SAN IGNACIO,DEL MAULE,SERVICIO LOCAL DE EDUCACIÓN PÚBLICA DE MAULE COSTA,Aulas Conectadas 2025,LISTA DE ESPERA,34,https://www.innovacion.mineduc.cl/convocatoria-2025,https://docs.google.com/spreadsheets/d/11EPq1k3dRWyrXfsWJWh405slQ-tyEjJj/edit
Lista Espera AC 2025,36,waitlist,946,ESCUELA TERESITA DE LOS ANDES,DE COQUIMBO,ILUSTRE MUNICIPALIDAD DE PUNITAQUI,Aulas Conectadas 2025,LISTA DE ESPERA,35,https://www.innovacion.mineduc.cl/convocatoria-2025,https://docs.google.com/spreadsheets/d/11EPq1k3dRWyrXfsWJWh405slQ-tyEjJj/edit
Lista Espera AC 2025,37,waitlist,6773,ESCUELA LAS ÁNIMAS,DE LOS RÍOS,SERVICIO LOCAL DE EDUCACION PUBLICA VALDIVIA (SLEP VALDIVIA),Aulas Conectadas 2025,LISTA DE ESPERA,36,https://www.innovacion.mineduc.cl/convocatoria-2025,https://docs.google.com/spreadsheets/d/11EPq1k3dRWyrXfsWJWh405slQ-tyEjJj/edit
Lista Espera AC 2025,38,waitlist,11284,CENTRO DE EDUCACIÓN DE ADULTOS,DEL LIBERTADOR BERNARDO OHIGGINS,CORP MUNICP SERV PUBL TRASP DE RANCAGUA,Aulas Conectadas 2025,LISTA DE ESPERA,37,https://www.innovacion.mineduc.cl/convocatoria-2025,https://docs.google.com/spreadsheets/d/11EPq1k3dRWyrXfsWJWh405slQ-tyEjJj/edit
Lista Espera AC 2025,39,waitlist,10426,ESCUELA BÁSICA F-N°371 SANTA ROSA DE LAMPA,METROPOLITANA DE SANTIAGO,CORP.MUNICIPAL DE DES.SOCIAL DE LAMPA,Aulas Conectadas 2025,LISTA DE ESPERA,38,https://www.innovacion.mineduc.cl/convocatoria-2025,https://docs.google.com/spreadsheets/d/11EPq1k3dRWyrXfsWJWh405slQ-tyEjJj/edit
Lista Espera AC 2025,40,waitlist,1050,ESCUELA BÁSICA ERCOLE BENCINI,DE COQUIMBO,ILUSTRE MUNICIPALIDAD DE LOS VILOS,Aulas Conectadas 2025,LISTA DE ESPERA,39,https://www.innovacion.mineduc.cl/convocatoria-2025,https://docs.google.com/spreadsheets/d/11EPq1k3dRWyrXfsWJWh405slQ-tyEjJj/edit
Lista Espera AC 2025,41,waitlist,7637,ESCUELA N 7 ARABE-SIRIA,DE LOS LAGOS,ILUSTRE MUNICIPALIDAD DE PUERTO MONTT,Aulas Conectadas 2025,LISTA DE ESPERA,40,https://www.innovacion.mineduc.cl/convocatoria-2025,https://docs.google.com/spreadsheets/d/11EPq1k3dRWyrXfsWJWh405slQ-tyEjJj/edit
Lista Espera AC 2025,42,waitlist,7505,LICEO BICENTENARIO TOMÁS BURGOS,DE LOS LAGOS,ILUSTRE MUNICIPALIDAD DE PURRANQUE,Aulas Conectadas 2025,LISTA DE ESPERA,41,https://www.innovacion.mineduc.cl/convocatoria-2025,https://docs.google.com/spreadsheets/d/11EPq1k3dRWyrXfsWJWh405slQ-tyEjJj/edit
Lista Espera AC 2025,43,waitlist,2940,LICEO CARLOS CONDELL,DEL MAULE,ILUSTRE MUNICIPALIDAD DE TALCA,Aulas Conectadas 2025,LISTA DE ESPERA,42,https://www.innovacion.mineduc.cl/convocatoria-2025,https://docs.google.com/spreadsheets/d/11EPq1k3dRWyrXfsWJWh405slQ-tyEjJj/edit
Lista Espera AC 2025,44,waitlist,17930,ESCUELA EL LLANO,DE ÑUBLE,ILUSTRE MUNICIPALIDAD DE QUIRIHUE,Aulas Conectadas 2025,LISTA DE ESPERA,43,https://www.innovacion.mineduc.cl/convocatoria-2025,https://docs.google.com/spreadsheets/d/11EPq1k3dRWyrXfsWJWh405slQ-tyEjJj/edit
Lista Espera AC 2025,45,waitlist,195,ESCUELA BASICA LA TIRANA,DE TARAPACÁ,COR.MUNICIPAL DE DES.SOCIAL POZO ALMONTE,Aulas Conectadas 2025,LISTA DE ESPERA,44,https://www.innovacion.mineduc.cl/convocatoria-2025,https://docs.google.com/spreadsheets/d/11EPq1k3dRWyrXfsWJWh405slQ-tyEjJj/edit
Lista Espera AC 2025,46,waitlist,4505,LICEO PADRE LUIS ALBERTO SALDES IRARRAZABAL,DEL BIOBÍO,ILUSTRE MUNICIPALIDAD DE YUMBEL.,Aulas Conectadas 2025,LISTA DE ESPERA,45,https://www.innovacion.mineduc.cl/convocatoria-2025,https://docs.google.com/spreadsheets/d/11EPq1k3dRWyrXfsWJWh405slQ-tyEjJj/edit
Lista Espera AC 2025,47,waitlist,9715,ESCUELA BASICA VILLA SANTA ELENA,METROPOLITANA DE SANTIAGO,SERVICIO LOCAL DE EDUCACION PUBLICA DEL PINO,Aulas Conectadas 2025,LISTA DE ESPERA,46,https://www.innovacion.mineduc.cl/convocatoria-2025,https://docs.google.com/spreadsheets/d/11EPq1k3dRWyrXfsWJWh405slQ-tyEjJj/edit
Lista Espera AC 2025,48,waitlist,1203,ESCUELA GABRIELA MISTRAL,DE VALPARAÍSO,ILUSTRE MUNICIPALIDAD DE LOS ANDES,Aulas Conectadas 2025,LISTA DE ESPERA,47,https://www.innovacion.mineduc.cl/convocatoria-2025,https://docs.google.com/spreadsheets/d/11EPq1k3dRWyrXfsWJWh405slQ-tyEjJj/edit
Lista Espera AC 2025,49,waitlist,5194,ESCUELA ELOISA GONZALEZ,DEL BIOBÍO,ILUSTRE MUNICIPALIDAD DE TIRUA,Aulas Conectadas 2025,LISTA DE ESPERA,48,https://www.innovacion.mineduc.cl/convocatoria-2025,https://docs.google.com/spreadsheets/d/11EPq1k3dRWyrXfsWJWh405slQ-tyEjJj/edit
Lista Espera AC 2025,50,waitlist,8502,LICEO COMERCIAL LUIS CORREA PRIETO,METROPOLITANA DE SANTIAGO,FUND. NACIONAL DEL COMERCIO PARA LA EDUCACION,Aulas Conectadas 2025,LISTA DE ESPERA,49,https://www.innovacion.mineduc.cl/convocatoria-2025,https://docs.google.com/spreadsheets/d/11EPq1k3dRWyrXfsWJWh405slQ-tyEjJj/edit
Lista Espera AC 2025,51,waitlist,2422,LICEO FRANCISCO ANTONIO ENCINA ARMANET,DEL LIBERTADOR BERNARDO OHIGGINS,ILUSTRE MUNICIPALIDAD DE LAS CABRAS,Aulas Conectadas 2025,LISTA DE ESPERA,50,https://www.innovacion.mineduc.cl/convocatoria-2025,https://docs.google.com/spreadsheets/d/11EPq1k3dRWyrXfsWJWh405slQ-tyEjJj/edit
Lista Espera AC 2025,52,waitlist,298,ESCUELA DARIO SALAS DIAZ,DE ANTOFAGASTA,CORP MUNIC DESARROLLO SOCIAL ANTOFAGASTA,Aulas Conectadas 2025,LISTA DE ESPERA,51,https://www.innovacion.mineduc.cl/convocatoria-2025,https://docs.google.com/spreadsheets/d/11EPq1k3dRWyrXfsWJWh405slQ-tyEjJj/edit
Lista Espera AC 2025,53,waitlist,2804,ESC. MANUEL RODRIGUEZ ERDOIZA,DEL MAULE,ILUSTRE MUNICIPALIDAD DE TENO,Aulas Conectadas 2025,LISTA DE ESPERA,52,https://www.innovacion.mineduc.cl/convocatoria-2025,https://docs.google.com/spreadsheets/d/11EPq1k3dRWyrXfsWJWh405slQ-tyEjJj/edit
Lista Espera AC 2025,54,waitlist,22130,ESCUELA ALLA-KINTUY,DE LOS LAGOS,SERVICIO LOCAL DE EDUCACIÓN PÚBLICA DE CHILOÉ,Aulas Conectadas 2025,LISTA DE ESPERA,53,https://www.innovacion.mineduc.cl/convocatoria-2025,https://docs.google.com/spreadsheets/d/11EPq1k3dRWyrXfsWJWh405slQ-tyEjJj/edit
Lista Espera AC 2025,55,waitlist,1369,ESCUELA SUPERIOR Nº 1,DE VALPARAÍSO,ILUSTRE MUNICIPALIDAD DE QUILLOTA,Aulas Conectadas 2025,LISTA DE ESPERA,54,https://www.innovacion.mineduc.cl/convocatoria-2025,https://docs.google.com/spreadsheets/d/11EPq1k3dRWyrXfsWJWh405slQ-tyEjJj/edit
Lista Espera AC 2025,56,waitlist,2654,COLEGIO LIBERTADORES,DEL LIBERTADOR BERNARDO OHIGGINS,ILUSTRE MUNICIPALIDAD DE PICHILEMU,Aulas Conectadas 2025,LISTA DE ESPERA,55,https://www.innovacion.mineduc.cl/convocatoria-2025,https://docs.google.com/spreadsheets/d/11EPq1k3dRWyrXfsWJWh405slQ-tyEjJj/edit
Lista Espera AC 2025,57,waitlist,3497,ESCUELA JOSE MIGUEL CARRERA,DEL MAULE,ILUSTRE MUNICIPALIDAD DE SAN JAVIER,Aulas Conectadas 2025,LISTA DE ESPERA,56,https://www.innovacion.mineduc.cl/convocatoria-2025,https://docs.google.com/spreadsheets/d/11EPq1k3dRWyrXfsWJWh405slQ-tyEjJj/edit
Lista Espera AC 2025,58,waitlist,9597,ESCUELA PABLO DE ROKHA,METROPOLITANA DE SANTIAGO,SERVICIO LOCAL DE EDUCACION PUBLICA DEL PINO,Aulas Conectadas 2025,LISTA DE ESPERA,57,https://www.innovacion.mineduc.cl/convocatoria-2025,https://docs.google.com/spreadsheets/d/11EPq1k3dRWyrXfsWJWh405slQ-tyEjJj/edit
Lista Espera AC 2025,59,waitlist,9592,ESCUELA BASICA SENDERO DEL SABER,METROPOLITANA DE SANTIAGO,SERVICIO LOCAL DE EDUCACIÓN PUBLICA SANTA ROSA,Aulas Conectadas 2025,LISTA DE ESPERA,58,https://www.innovacion.mineduc.cl/convocatoria-2025,https://docs.google.com/spreadsheets/d/11EPq1k3dRWyrXfsWJWh405slQ-tyEjJj/edit
Lista Espera AC 2025,60,waitlist,2359,ESCUELA LARMAHUE,DEL LIBERTADOR BERNARDO OHIGGINS,ILUSTRE MUNICIPALIDAD DE PICHIDEGUA,Aulas Conectadas 2025,LISTA DE ESPERA,59,https://www.innovacion.mineduc.cl/convocatoria-2025,https://docs.google.com/spreadsheets/d/11EPq1k3dRWyrXfsWJWh405slQ-tyEjJj/edit
Lista Espera AC 2025,61,waitlist,418,ESCUELA ISABEL PEÑA MORALES,DE ATACAMA,SERVICIO LOCAL DE EDUCACIÓN PÚBLICA DE ATACAMA,Aulas Conectadas 2025,LISTA DE ESPERA,60,https://www.innovacion.mineduc.cl/convocatoria-2025,https://docs.google.com/spreadsheets/d/11EPq1k3dRWyrXfsWJWh405slQ-tyEjJj/edit
Lista Espera AC 2025,62,waitlist,1261,LICEO DOCTOR ROBERTO HUMERES O.,DE VALPARAÍSO,ILUSTRE MUNICIPALIDAD DE SAN FELIPE,Aulas Conectadas 2025,LISTA DE ESPERA,61,https://www.innovacion.mineduc.cl/convocatoria-2025,https://docs.google.com/spreadsheets/d/11EPq1k3dRWyrXfsWJWh405slQ-tyEjJj/edit
Lista Espera AC 2025,63,waitlist,3323,ESCUELA LUIS AMBROSIO CONCHA,DEL MAULE,ILUSTRE MUNICIPALIDAD DE YERBAS BUENAS,Aulas Conectadas 2025,LISTA DE ESPERA,62,https://www.innovacion.mineduc.cl/convocatoria-2025,https://docs.google.com/spreadsheets/d/11EPq1k3dRWyrXfsWJWh405slQ-tyEjJj/edit
Lista Espera AC 2025,64,waitlist,6753,LICEO SANTA MARIA LA BLANCA,DE LOS RÍOS,SERVICIO LOCAL DE EDUCACION PUBLICA VALDIVIA (SLEP VALDIVIA),Aulas Conectadas 2025,LISTA DE ESPERA,63,https://www.innovacion.mineduc.cl/convocatoria-2025,https://docs.google.com/spreadsheets/d/11EPq1k3dRWyrXfsWJWh405slQ-tyEjJj/edit
Lista Espera AC 2025,65,waitlist,10579,ESCUELA JOSE NUEZ MARTIN,METROPOLITANA DE SANTIAGO,SERVICIO LOCAL DE EDUCACION PUBLICA DEL PINO,Aulas Conectadas 2025,LISTA DE ESPERA,64,https://www.innovacion.mineduc.cl/convocatoria-2025,https://docs.google.com/spreadsheets/d/11EPq1k3dRWyrXfsWJWh405slQ-tyEjJj/edit
Lista Espera AC 2025,66,waitlist,9614,ESCUELA BASICA KARELMAPU,METROPOLITANA DE SANTIAGO,SERVICIO LOCAL DE EDUCACIÓN PUBLICA SANTA ROSA,Aulas Conectadas 2025,LISTA DE ESPERA,65,https://www.innovacion.mineduc.cl/convocatoria-2025,https://docs.google.com/spreadsheets/d/11EPq1k3dRWyrXfsWJWh405slQ-tyEjJj/edit
Lista Espera AC 2025,67,waitlist,9736,ESCUELA BASICA BERNARDO O´HIGGINS,METROPOLITANA DE SANTIAGO,SERVICIO LOCAL DE EDUCACIÓN PUBLICA SANTA ROSA,Aulas Conectadas 2025,LISTA DE ESPERA,66,https://www.innovacion.mineduc.cl/convocatoria-2025,https://docs.google.com/spreadsheets/d/11EPq1k3dRWyrXfsWJWh405slQ-tyEjJj/edit
Lista Espera AC 2025,68,waitlist,12980,LICEO BICENTENARIO DIEGO PORTALES PALAZUELOS,DE ANTOFAGASTA,SERVICIO LOCAL DE EDUCACIÓN PÚBLICA LICANCABUR,Aulas Conectadas 2025,LISTA DE ESPERA,67,https://www.innovacion.mineduc.cl/convocatoria-2025,https://docs.google.com/spreadsheets/d/11EPq1k3dRWyrXfsWJWh405slQ-tyEjJj/edit
Lista Espera AC 2025,69,waitlist,10543,LICEO POLIVALENTE A-127 FIDEL PINOCHET LE-BRUN,METROPOLITANA DE SANTIAGO,SERVICIO LOCAL DE EDUCACION PUBLICA DEL PINO,Aulas Conectadas 2025,LISTA DE ESPERA,68,https://www.innovacion.mineduc.cl/convocatoria-2025,https://docs.google.com/spreadsheets/d/11EPq1k3dRWyrXfsWJWh405slQ-tyEjJj/edit
Lista Espera AC 2025,70,waitlist,11111,LICEO ALBERTO GALLARDO LORCA,DE COQUIMBO,ILUSTRE MUNICIPALIDAD DE PUNITAQUI,Aulas Conectadas 2025,LISTA DE ESPERA,69,https://www.innovacion.mineduc.cl/convocatoria-2025,https://docs.google.com/spreadsheets/d/11EPq1k3dRWyrXfsWJWh405slQ-tyEjJj/edit
Lista Espera AC 2025,71,waitlist,1716,ESCUELA VILLA INDEPENDENCIA,DE VALPARAÍSO,SERVICIO LOCAL DE EDUCACION PUBLICA DE COSTA CENTRAL,Aulas Conectadas 2025,LISTA DE ESPERA,70,https://www.innovacion.mineduc.cl/convocatoria-2025,https://docs.google.com/spreadsheets/d/11EPq1k3dRWyrXfsWJWh405slQ-tyEjJj/edit
Lista Espera AC 2025,72,waitlist,193,ESCUELA BASICA POZO ALMONTE,DE TARAPACÁ,COR.MUNICIPAL DE DES.SOCIAL POZO ALMONTE,Aulas Conectadas 2025,LISTA DE ESPERA,71,https://www.innovacion.mineduc.cl/convocatoria-2025,https://docs.google.com/spreadsheets/d/11EPq1k3dRWyrXfsWJWh405slQ-tyEjJj/edit
Lista Espera AC 2025,73,waitlist,2122,ESCUELA MUNICIPAL EL COBRE,DEL LIBERTADOR BERNARDO OHIGGINS,CORP MUNICP SERV PUBL TRASP DE RANCAGUA,Aulas Conectadas 2025,LISTA DE ESPERA,72,https://www.innovacion.mineduc.cl/convocatoria-2025,https://docs.google.com/spreadsheets/d/11EPq1k3dRWyrXfsWJWh405slQ-tyEjJj/edit
Lista Espera AC 2025,74,waitlist,1710,CENTRO DE EDUCACION INTEGRADA DE ADULTOS,DE VALPARAÍSO,SERVICIO LOCAL DE EDUCACION PUBLICA DE COSTA CENTRAL,Aulas Conectadas 2025,LISTA DE ESPERA,73,https://www.innovacion.mineduc.cl/convocatoria-2025,https://docs.google.com/spreadsheets/d/11EPq1k3dRWyrXfsWJWh405slQ-tyEjJj/edit
Lista Espera AC 2025,75,waitlist,2131,ESCUELA MUNICIPAL CARLOS MIRANDA MIRANDA,DEL LIBERTADOR BERNARDO OHIGGINS,CORP MUNICP SERV PUBL TRASP DE RANCAGUA,Aulas Conectadas 2025,LISTA DE ESPERA,74,https://www.innovacion.mineduc.cl/convocatoria-2025,https://docs.google.com/spreadsheets/d/11EPq1k3dRWyrXfsWJWh405slQ-tyEjJj/edit
Lista Espera AC 2025,76,waitlist,10564,ESCUELA REPUBLICA DEL PERU,METROPOLITANA DE SANTIAGO,SERVICIO LOCAL DE EDUCACION PUBLICA DEL PINO,Aulas Conectadas 2025,LISTA DE ESPERA,75,https://www.innovacion.mineduc.cl/convocatoria-2025,https://docs.google.com/spreadsheets/d/11EPq1k3dRWyrXfsWJWh405slQ-tyEjJj/edit
Lista Espera AC 2025,77,waitlist,5005,ESCUELA ESCUADRON,DEL BIOBÍO,SERVICIO LOCAL DE EDUCACIÓN PÚBLICA ANDALIÉN COSTA,Aulas Conectadas 2025,LISTA DE ESPERA,76,https://www.innovacion.mineduc.cl/convocatoria-2025,https://docs.google.com/spreadsheets/d/11EPq1k3dRWyrXfsWJWh405slQ-tyEjJj/edit
Lista Espera AC 2025,78,waitlist,13122,CENTRO DE EDUCACIÓN INTEGRADA DE ADULTOS CEIA,DE ATACAMA,SERVICIO LOCAL DE EDUCACIÓN PUBLICA DE HUASCO,Aulas Conectadas 2025,LISTA DE ESPERA,77,https://www.innovacion.mineduc.cl/convocatoria-2025,https://docs.google.com/spreadsheets/d/11EPq1k3dRWyrXfsWJWh405slQ-tyEjJj/edit
Lista Espera AC 2025,79,waitlist,9444,ESCUELA ESPECIAL LOS CEDROS DEL LIBANO,METROPOLITANA DE SANTIAGO,SERVICIO LOCAL DE EDUCACIÓN PUBLICA SANTA ROSA,Aulas Conectadas 2025,LISTA DE ESPERA,78,https://www.innovacion.mineduc.cl/convocatoria-2025,https://docs.google.com/spreadsheets/d/11EPq1k3dRWyrXfsWJWh405slQ-tyEjJj/edit
Lista Espera AC 2025,80,waitlist,2300,ESCUELA LA ISLA EMMA ESCOBAR DE LAGOS,DEL LIBERTADOR BERNARDO OHIGGINS,ILUSTRE MUNICIPALIDAD DE RENGO,Aulas Conectadas 2025,LISTA DE ESPERA,79,https://www.innovacion.mineduc.cl/convocatoria-2025,https://docs.google.com/spreadsheets/d/11EPq1k3dRWyrXfsWJWh405slQ-tyEjJj/edit
Lista Espera AC 2025,81,waitlist,2741,ESCUELA ERNESTO CASTRO ARELLANO,DEL MAULE,ILUSTRE MUNICIPALIDAD DE CURICO,Aulas Conectadas 2025,LISTA DE ESPERA,80,https://www.innovacion.mineduc.cl/convocatoria-2025,https://docs.google.com/spreadsheets/d/11EPq1k3dRWyrXfsWJWh405slQ-tyEjJj/edit
Lista Espera AC 2025,82,waitlist,1321,ESCUELA GUILLERMO BANADOS HONORATO,DE VALPARAÍSO,ILUSTRE MUNICIPALIDAD DE SANTA MARIA,Aulas Conectadas 2025,LISTA DE ESPERA,81,https://www.innovacion.mineduc.cl/convocatoria-2025,https://docs.google.com/spreadsheets/d/11EPq1k3dRWyrXfsWJWh405slQ-tyEjJj/edit
Lista Espera AC 2025,83,waitlist,375,ESCUELA VICTOR CARVAJAL MEZA,DE ANTOFAGASTA,ILUSTRE MUNICIPALIDAD DE TALTAL,Aulas Conectadas 2025,LISTA DE ESPERA,82,https://www.innovacion.mineduc.cl/convocatoria-2025,https://docs.google.com/spreadsheets/d/11EPq1k3dRWyrXfsWJWh405slQ-tyEjJj/edit
Lista Espera AC 2025,84,waitlist,206,ESCUELA ESTADOS UNIDOS DE NORTEAMERICA,DE ANTOFAGASTA,SERVICIO LOCAL DE EDUCACIÓN PÚBLICA LICANCABUR,Aulas Conectadas 2025,LISTA DE ESPERA,83,https://www.innovacion.mineduc.cl/convocatoria-2025,https://docs.google.com/spreadsheets/d/11EPq1k3dRWyrXfsWJWh405slQ-tyEjJj/edit
Lista Espera AC 2025,85,waitlist,1851,LICEO POLITECNICO QUINTERO,DE VALPARAÍSO,SERVICIO LOCAL DE EDUCACION PUBLICA DE COSTA CENTRAL,Aulas Conectadas 2025,LISTA DE ESPERA,84,https://www.innovacion.mineduc.cl/convocatoria-2025,https://docs.google.com/spreadsheets/d/11EPq1k3dRWyrXfsWJWh405slQ-tyEjJj/edit
Lista Espera AC 2025,86,waitlist,556,ESCUELA DE ROMERO,DE COQUIMBO,SERVICIO LOCAL DE EDUCACIÓN DEL ELQUI,Aulas Conectadas 2025,LISTA DE ESPERA,85,https://www.innovacion.mineduc.cl/convocatoria-2025,https://docs.google.com/spreadsheets/d/11EPq1k3dRWyrXfsWJWh405slQ-tyEjJj/edit
Lista Espera AC 2025,87,waitlist,232,ESCUELA BASICA PEDRO VERGARA KELLER,DE ANTOFAGASTA,SERVICIO LOCAL DE EDUCACIÓN PÚBLICA LICANCABUR,Aulas Conectadas 2025,LISTA DE ESPERA,86,https://www.innovacion.mineduc.cl/convocatoria-2025,https://docs.google.com/spreadsheets/d/11EPq1k3dRWyrXfsWJWh405slQ-tyEjJj/edit
Lista Espera AC 2025,88,waitlist,6225,ESCUELA JUAN BTA. CHESTA CH.,DE LA ARAUCANÍA,ILUSTRE MUNICIPALIDAD DE PITRUFQUEN,Aulas Conectadas 2025,LISTA DE ESPERA,87,https://www.innovacion.mineduc.cl/convocatoria-2025,https://docs.google.com/spreadsheets/d/11EPq1k3dRWyrXfsWJWh405slQ-tyEjJj/edit
Lista Espera AC 2025,89,waitlist,18016,ESCUELA BASICA PUEBLO SECO,DE ÑUBLE,ILUSTRE MUNICIPALIDAD DE SAN IGNACIO,Aulas Conectadas 2025,LISTA DE ESPERA,88,https://www.innovacion.mineduc.cl/convocatoria-2025,https://docs.google.com/spreadsheets/d/11EPq1k3dRWyrXfsWJWh405slQ-tyEjJj/edit
Lista Espera AC 2025,90,waitlist,7833,ESCUELA JOSE ABELARDO NUÑEZ,DE LOS LAGOS,ILUSTRE MUNICIPALIDAD DE MAULLIN,Aulas Conectadas 2025,LISTA DE ESPERA,89,https://www.innovacion.mineduc.cl/convocatoria-2025,https://docs.google.com/spreadsheets/d/11EPq1k3dRWyrXfsWJWh405slQ-tyEjJj/edit
Lista Espera AC 2025,91,waitlist,9734,ESCUELA RAUL SAEZ SAEZ,METROPOLITANA DE SANTIAGO,SERVICIO LOCAL DE EDUCACIÓN PUBLICA SANTA ROSA,Aulas Conectadas 2025,LISTA DE ESPERA,90,https://www.innovacion.mineduc.cl/convocatoria-2025,https://docs.google.com/spreadsheets/d/11EPq1k3dRWyrXfsWJWh405slQ-tyEjJj/edit
Lista Espera AC 2025,92,waitlist,4201,ESCUELA BÁSICA HITILHUE,DEL BIOBÍO,ILUSTRE MUNICIPALIDAD DE LOS ANGELES,Aulas Conectadas 2025,LISTA DE ESPERA,91,https://www.innovacion.mineduc.cl/convocatoria-2025,https://docs.google.com/spreadsheets/d/11EPq1k3dRWyrXfsWJWh405slQ-tyEjJj/edit
Lista Espera AC 2025,93,waitlist,40289,INSTITUTO BICENTENARIO J.MIGUEL CARRERA,DE VALPARAÍSO,ILUSTRE MUNICIPALIDAD DE SAN ANTONIO,Aulas Conectadas 2025,LISTA DE ESPERA,92,https://www.innovacion.mineduc.cl/convocatoria-2025,https://docs.google.com/spreadsheets/d/11EPq1k3dRWyrXfsWJWh405slQ-tyEjJj/edit
Lista Espera AC 2025,94,waitlist,10475,ESCUELA GABRIELA,METROPOLITANA DE SANTIAGO,CORP MUNIC EDUC SALUD Y AT MEN PTE ALTO,Aulas Conectadas 2025,LISTA DE ESPERA,93,https://www.innovacion.mineduc.cl/convocatoria-2025,https://docs.google.com/spreadsheets/d/11EPq1k3dRWyrXfsWJWh405slQ-tyEjJj/edit
