selection_group,rbd,program_establishment_name,official_establishment_name,region_code,region_name,commune_code,commune_name,rural_rbd,latitude,longitude,dependency_code,dependency_group_code,enrollment_total,establishment_state,pie_agreement,pace,sponsor_name,project,selection_status,waitlist_position,program_source,directory_source
selected,10,ESCUELA REPÚBLICA DE FRANCIA,ESCUELA REPUBLICA DE FRANCIA,15,AYP,15101,ARICA,0,"-18,474369","-70,309036",6,5,137,1,1,0,SERVICIO LOCAL DE EDUCACIÓN PÚBLICA DE CHINCHORRO,Aulas Conectadas 2025,SELECCIONADO,,https://docs.google.com/spreadsheets/d/11EPq1k3dRWyrXfsWJWh405slQ-tyEjJj/edit,https://datosabiertos.mineduc.cl/wp-content/uploads/2025/11/Directorio-Oficial-EE-2025.rar
selected,30,ESCUELA DR. RICARDO OLEA GUERRA,ESCUELA DR. RICARDO OLEA GUERRA,15,AYP,15101,ARICA,0,"-18,48061752","-70,28401184",6,5,173,1,0,0,SERVICIO LOCAL DE EDUCACIÓN PÚBLICA DE CHINCHORRO,Aulas Conectadas 2025,SELECCIONADO,,https://docs.google.com/spreadsheets/d/11EPq1k3dRWyrXfsWJWh405slQ-tyEjJj/edit,https://datosabiertos.mineduc.cl/wp-content/uploads/2025/11/Directorio-Oficial-EE-2025.rar
selected,97,INST. COM. DE IQUIQUE BALDOMERO WOLNITZKY,INST. COM. DE IQUIQUE BALDOMERO WOLNITZKY,1,TPCA,1101,IQUIQUE,0,"-20,220369","-70,153061",6,5,610,1,1,0,SERVICIO LOCAL DE EDUCACION PÚBLICA DE IQUIQUE,Aulas Conectadas 2025,SELECCIONADO,,https://docs.google.com/spreadsheets/d/11EPq1k3dRWyrXfsWJWh405slQ-tyEjJj/edit,https://datosabiertos.mineduc.cl/wp-content/uploads/2025/11/Directorio-Oficial-EE-2025.rar
selected,102,ESC..EDUC.ESPECIAL FLOR DEL INCA,ESC.EDUC.ESPECIAL FLOR DEL INCA,1,TPCA,1101,IQUIQUE,0,"-20,24097252","-70,13935089",6,5,194,1,0,0,SERVICIO LOCAL DE EDUCACION PÚBLICA DE IQUIQUE,Aulas Conectadas 2025,SELECCIONADO,,https://docs.google.com/spreadsheets/d/11EPq1k3dRWyrXfsWJWh405slQ-tyEjJj/edit,https://datosabiertos.mineduc.cl/wp-content/uploads/2025/11/Directorio-Oficial-EE-2025.rar
selected,108,LICEO POLITEC. JOSÉ GUTIÉRREZ DE LA FUENTE,LICEO POLITEC. JOSE GUTIERREZ DE LA FUEN,1,TPCA,1101,IQUIQUE,0,"-20,2258","-70,148727",6,5,771,1,1,1,SERVICIO LOCAL DE EDUCACION PÚBLICA DE IQUIQUE,Aulas Conectadas 2025,SELECCIONADO,,https://docs.google.com/spreadsheets/d/11EPq1k3dRWyrXfsWJWh405slQ-tyEjJj/edit,https://datosabiertos.mineduc.cl/wp-content/uploads/2025/11/Directorio-Oficial-EE-2025.rar
selected,109,COLEGIO DEPORTIVO TEC. PROF. ELENA DUVAUCHELLE CABEZON,COLEGIO DEPORTIVO TEC. PROF. ELENA DUVAUCHELLE CABEZON,1,TPCA,1101,IQUIQUE,0,"-20,216949","-70,153381",6,5,906,1,1,1,SERVICIO LOCAL DE EDUCACION PÚBLICA DE IQUIQUE,Aulas Conectadas 2025,SELECCIONADO,,https://docs.google.com/spreadsheets/d/11EPq1k3dRWyrXfsWJWh405slQ-tyEjJj/edit,https://datosabiertos.mineduc.cl/wp-content/uploads/2025/11/Directorio-Oficial-EE-2025.rar
selected,112,ESCUELA EDUARDO LLANOS,ESCUELA EDUARDO LLANOS,1,TPCA,1101,IQUIQUE,0,"-20,214479","-70,135857",6,5,679,1,1,0,SERVICIO LOCAL DE EDUCACION PÚBLICA DE IQUIQUE,Aulas Conectadas 2025,SELECCIONADO,,https://docs.google.com/spreadsheets/d/11EPq1k3dRWyrXfsWJWh405slQ-tyEjJj/edit,https://datosabiertos.mineduc.cl/wp-content/uploads/2025/11/Directorio-Oficial-EE-2025.rar
selected,119,ESCUELA CENTENARIO,ESCUELA CENTENARIO,1,TPCA,1101,IQUIQUE,0,"-20,213511","-70,145119",6,5,705,1,1,0,SERVICIO LOCAL DE EDUCACION PÚBLICA DE IQUIQUE,Aulas Conectadas 2025,SELECCIONADO,,https://docs.google.com/spreadsheets/d/11EPq1k3dRWyrXfsWJWh405slQ-tyEjJj/edit,https://datosabiertos.mineduc.cl/wp-content/uploads/2025/11/Directorio-Oficial-EE-2025.rar
selected,122,ESCUELA THILDA PORTILLO OLIVARES,ESCUELA THILDA PORTILLO OLIVARES,1,TPCA,1101,IQUIQUE,0,"-20,23621","-70,141006",6,5,310,1,1,0,SERVICIO LOCAL DE EDUCACION PÚBLICA DE IQUIQUE,Aulas Conectadas 2025,SELECCIONADO,,https://docs.google.com/spreadsheets/d/11EPq1k3dRWyrXfsWJWh405slQ-tyEjJj/edit,https://datosabiertos.mineduc.cl/wp-content/uploads/2025/11/Directorio-Oficial-EE-2025.rar
selected,123,COLEGIO ESPAÑA,COLEGIO ESPANA,1,TPCA,1101,IQUIQUE,0,"-20,239719","-70,128853",6,5,545,1,1,0,SERVICIO LOCAL DE EDUCACION PÚBLICA DE IQUIQUE,Aulas Conectadas 2025,SELECCIONADO,,https://docs.google.com/spreadsheets/d/11EPq1k3dRWyrXfsWJWh405slQ-tyEjJj/edit,https://datosabiertos.mineduc.cl/wp-content/uploads/2025/11/Directorio-Oficial-EE-2025.rar
selected,161,LICEO DE HUARA,LICEO DE HUARA,1,TPCA,1404,HUARA,1,"-19,99688","-69,772636",2,1,503,1,1,1,ILUSTRE MUNICIPALIDAD DE HUARA,Aulas Conectadas 2025,SELECCIONADO,,https://docs.google.com/spreadsheets/d/11EPq1k3dRWyrXfsWJWh405slQ-tyEjJj/edit,https://datosabiertos.mineduc.cl/wp-content/uploads/2025/11/Directorio-Oficial-EE-2025.rar
selected,187,ESCUELA VERTIENTE DEL SABER,ESCUELA VERTIENTE DEL SABER,1,TPCA,1405,PICA,1,"-20,488291","-69,324867",2,1,300,1,1,0,ILUSTRE MUNICIPALIDAD DE PICA,Aulas Conectadas 2025,SELECCIONADO,,https://docs.google.com/spreadsheets/d/11EPq1k3dRWyrXfsWJWh405slQ-tyEjJj/edit,https://datosabiertos.mineduc.cl/wp-content/uploads/2025/11/Directorio-Oficial-EE-2025.rar
selected,188,ESC. MATILLA DE NUEVA EXTREMADURA,ESC. MATILLA DE NUEVA EXTREMADURA,1,TPCA,1405,PICA,1,"-20,513229","-69,360008",2,1,237,1,1,0,ILUSTRE MUNICIPALIDAD DE PICA,Aulas Conectadas 2025,SELECCIONADO,,https://docs.google.com/spreadsheets/d/11EPq1k3dRWyrXfsWJWh405slQ-tyEjJj/edit,https://datosabiertos.mineduc.cl/wp-content/uploads/2025/11/Directorio-Oficial-EE-2025.rar
selected,199,LICEO DOMINGO LATRILLE LASTAUNOU,LICEO DOMINGO LATRILLE LASTAUNOU,2,ANTOF,2301,TOCOPILLA,0,"-22,088579","-70,194794",6,5,657,1,1,1,SERVICIO LOCAL DE EDUCACIÓN PÚBLICA LICANCABUR,Aulas Conectadas 2025,SELECCIONADO,,https://docs.google.com/spreadsheets/d/11EPq1k3dRWyrXfsWJWh405slQ-tyEjJj/edit,https://datosabiertos.mineduc.cl/wp-content/uploads/2025/11/Directorio-Oficial-EE-2025.rar
selected,201,ESCUELA CARLOS CONDELL DE LA HAZA,ESCUELA CARLOS CONDELL DE LA HAZA,2,ANTOF,2301,TOCOPILLA,0,"-22,09388","-70,203949",6,5,527,1,1,0,SERVICIO LOCAL DE EDUCACIÓN PÚBLICA LICANCABUR,Aulas Conectadas 2025,SELECCIONADO,,https://docs.google.com/spreadsheets/d/11EPq1k3dRWyrXfsWJWh405slQ-tyEjJj/edit,https://datosabiertos.mineduc.cl/wp-content/uploads/2025/11/Directorio-Oficial-EE-2025.rar
selected,204,ESCUELA L. GRAL. BERNARDO O´HIGGINS R.,ESCUELA L.GRAL.BERNARDO O´HIGGINS R.,2,ANTOF,2301,TOCOPILLA,0,"-22,08532","-70,189217",6,5,612,1,1,0,SERVICIO LOCAL DE EDUCACIÓN PÚBLICA LICANCABUR,Aulas Conectadas 2025,SELECCIONADO,,https://docs.google.com/spreadsheets/d/11EPq1k3dRWyrXfsWJWh405slQ-tyEjJj/edit,https://datosabiertos.mineduc.cl/wp-content/uploads/2025/11/Directorio-Oficial-EE-2025.rar
selected,205,ESCUELA ARTURO PRAT CHACÓN,ESCUELA ARTURO PRAT CHACON,2,ANTOF,2301,TOCOPILLA,0,"-22,085079","-70,187561",6,5,413,1,1,0,SERVICIO LOCAL DE EDUCACIÓN PÚBLICA LICANCABUR,Aulas Conectadas 2025,SELECCIONADO,,https://docs.google.com/spreadsheets/d/11EPq1k3dRWyrXfsWJWh405slQ-tyEjJj/edit,https://datosabiertos.mineduc.cl/wp-content/uploads/2025/11/Directorio-Oficial-EE-2025.rar
selected,210,ESCUELA ARTURO PEREZ CANTO,ESCUELA ARTURO PEREZ CANTO,2,ANTOF,2302,MARÍA ELENA,0,"-22,34457","-69,667801",6,5,655,1,1,0,SERVICIO LOCAL DE EDUCACIÓN PÚBLICA LICANCABUR,Aulas Conectadas 2025,SELECCIONADO,,https://docs.google.com/spreadsheets/d/11EPq1k3dRWyrXfsWJWh405slQ-tyEjJj/edit,https://datosabiertos.mineduc.cl/wp-content/uploads/2025/11/Directorio-Oficial-EE-2025.rar
selected,211,LICEO H.C. T.P. MARÍA ELENA,LICEO H.C. T.P. MARIA ELENA,2,ANTOF,2302,MARÍA ELENA,0,"-22,346689","-69,667122",6,5,313,1,1,1,SERVICIO LOCAL DE EDUCACIÓN PÚBLICA LICANCABUR,Aulas Conectadas 2025,SELECCIONADO,,https://docs.google.com/spreadsheets/d/11EPq1k3dRWyrXfsWJWh405slQ-tyEjJj/edit,https://datosabiertos.mineduc.cl/wp-content/uploads/2025/11/Directorio-Oficial-EE-2025.rar
selected,223,ESCUELA CLAUDIO ARRAU,ESCUELA CLAUDIO ARRAU,2,ANTOF,2201,CALAMA,0,"-22,44936","-68,926231",6,5,782,1,1,0,SERVICIO LOCAL DE EDUCACIÓN PÚBLICA LICANCABUR,Aulas Conectadas 2025,SELECCIONADO,,https://docs.google.com/spreadsheets/d/11EPq1k3dRWyrXfsWJWh405slQ-tyEjJj/edit,https://datosabiertos.mineduc.cl/wp-content/uploads/2025/11/Directorio-Oficial-EE-2025.rar
selected,230,ESCUELA BÁSICA ANDRES BELLO,ESCUELA BASICA ANDRES BELLO,2,ANTOF,2201,CALAMA,0,"-22,45573","-68,916397",6,5,622,1,1,0,SERVICIO LOCAL DE EDUCACIÓN PÚBLICA LICANCABUR,Aulas Conectadas 2025,SELECCIONADO,,https://docs.google.com/spreadsheets/d/11EPq1k3dRWyrXfsWJWh405slQ-tyEjJj/edit,https://datosabiertos.mineduc.cl/wp-content/uploads/2025/11/Directorio-Oficial-EE-2025.rar
selected,238,ESCUELA DIFERENCIAL LOA,ESCUELA DIFERENCIAL LOA,2,ANTOF,2201,CALAMA,0,"-22,45413589","-68,91889954",6,5,176,1,0,0,SERVICIO LOCAL DE EDUCACIÓN PÚBLICA LICANCABUR,Aulas Conectadas 2025,SELECCIONADO,,https://docs.google.com/spreadsheets/d/11EPq1k3dRWyrXfsWJWh405slQ-tyEjJj/edit,https://datosabiertos.mineduc.cl/wp-content/uploads/2025/11/Directorio-Oficial-EE-2025.rar
selected,239,ESCUELA BÁSICA 21 DE MAYO,ESCUELA BASICA 21 DE MAYO,2,ANTOF,2201,CALAMA,0,"-22,450781","-68,932007",6,5,666,1,1,0,SERVICIO LOCAL DE EDUCACIÓN PÚBLICA LICANCABUR,Aulas Conectadas 2025,SELECCIONADO,,https://docs.google.com/spreadsheets/d/11EPq1k3dRWyrXfsWJWh405slQ-tyEjJj/edit,https://datosabiertos.mineduc.cl/wp-content/uploads/2025/11/Directorio-Oficial-EE-2025.rar
selected,241,ESCUELA PARVULARIA LAS ARDILLAS,ESCUELA PARVULARIA LAS ARDILLAS,2,ANTOF,2201,CALAMA,0,"-22,44329071","-68,92927551",6,5,197,1,1,0,SERVICIO LOCAL DE EDUCACIÓN PÚBLICA LICANCABUR,Aulas Conectadas 2025,SELECCIONADO,,https://docs.google.com/spreadsheets/d/11EPq1k3dRWyrXfsWJWh405slQ-tyEjJj/edit,https://datosabiertos.mineduc.cl/wp-content/uploads/2025/11/Directorio-Oficial-EE-2025.rar
selected,269,ESCUELA BÁSICA SAN PEDRO DE ATACAMA,ESCUELA BASICA SAN PEDRO DE ATACAMA,2,ANTOF,2203,SAN PEDRO DE ATACAMA,0,"-22,912609","-68,196808",6,5,1009,1,1,0,SERVICIO LOCAL DE EDUCACIÓN PÚBLICA LICANCABUR,Aulas Conectadas 2025,SELECCIONADO,,https://docs.google.com/spreadsheets/d/11EPq1k3dRWyrXfsWJWh405slQ-tyEjJj/edit,https://datosabiertos.mineduc.cl/wp-content/uploads/2025/11/Directorio-Oficial-EE-2025.rar
selected,286,LICEO LA PORTADA,LICEO LA PORTADA,2,ANTOF,2101,ANTOFAGASTA,0,"-23,60877","-70,381821",1,1,923,1,1,1,CORP MUNIC DESARROLLO SOCIAL ANTOFAGASTA,Aulas Conectadas 2025,SELECCIONADO,,https://docs.google.com/spreadsheets/d/11EPq1k3dRWyrXfsWJWh405slQ-tyEjJj/edit,https://datosabiertos.mineduc.cl/wp-content/uploads/2025/11/Directorio-Oficial-EE-2025.rar
selected,288,ESCUELA JAPÓN,ESCUELA JAPON,2,ANTOF,2101,ANTOFAGASTA,0,"-23,62619","-70,379997",1,1,881,1,1,0,CORP MUNIC DESARROLLO SOCIAL ANTOFAGASTA,Aulas Conectadas 2025,SELECCIONADO,,https://docs.google.com/spreadsheets/d/11EPq1k3dRWyrXfsWJWh405slQ-tyEjJj/edit,https://datosabiertos.mineduc.cl/wp-content/uploads/2025/11/Directorio-Oficial-EE-2025.rar
selected,297,ESCUELA ALCALDE MAXIMILIANO POBLETE,ESCUELA ALCALDE MAXIMILIANO POBLETE,2,ANTOF,2101,ANTOFAGASTA,0,"-23,661079","-70,39682",1,1,607,1,1,0,CORP MUNIC DESARROLLO SOCIAL ANTOFAGASTA,Aulas Conectadas 2025,SELECCIONADO,,https://docs.google.com/spreadsheets/d/11EPq1k3dRWyrXfsWJWh405slQ-tyEjJj/edit,https://datosabiertos.mineduc.cl/wp-content/uploads/2025/11/Directorio-Oficial-EE-2025.rar
selected,301,ESCUELA ROMULO J. PEÑA MATURANA,ESCUELA ROMULO J. PENA MATURANA,2,ANTOF,2101,ANTOFAGASTA,0,"-23,64414","-70,384552",1,1,607,1,1,0,CORP MUNIC DESARROLLO SOCIAL ANTOFAGASTA,Aulas Conectadas 2025,SELECCIONADO,,https://docs.google.com/spreadsheets/d/11EPq1k3dRWyrXfsWJWh405slQ-tyEjJj/edit,https://datosabiertos.mineduc.cl/wp-content/uploads/2025/11/Directorio-Oficial-EE-2025.rar
selected,303,ESCUELA REPÚBLICA ARGENTINA,ESCUELA REPUBLICA ARGENTINA,2,ANTOF,2101,ANTOFAGASTA,0,"-23,628611","-70,39312",1,1,508,1,1,0,CORP MUNIC DESARROLLO SOCIAL ANTOFAGASTA,Aulas Conectadas 2025,SELECCIONADO,,https://docs.google.com/spreadsheets/d/11EPq1k3dRWyrXfsWJWh405slQ-tyEjJj/edit,https://datosabiertos.mineduc.cl/wp-content/uploads/2025/11/Directorio-Oficial-EE-2025.rar
selected,311,ESC. DIFERENCIAL JUAN SANDOVAL CARRASCO,ESC DIFERENCIAL JUAN SANDOVAL CARRASCO,2,ANTOF,2101,ANTOFAGASTA,0,"-23,66712761","-70,39998627",1,1,227,1,0,0,CORP MUNIC DESARROLLO SOCIAL ANTOFAGASTA,Aulas Conectadas 2025,SELECCIONADO,,https://docs.google.com/spreadsheets/d/11EPq1k3dRWyrXfsWJWh405slQ-tyEjJj/edit,https://datosabiertos.mineduc.cl/wp-content/uploads/2025/11/Directorio-Oficial-EE-2025.rar
selected,312,ESCUELA ECUADOR,ESCUELA ECUADOR,2,ANTOF,2101,ANTOFAGASTA,0,"-23,634991","-70,395157",1,1,718,1,1,0,CORP MUNIC DESARROLLO SOCIAL ANTOFAGASTA,Aulas Conectadas 2025,SELECCIONADO,,https://docs.google.com/spreadsheets/d/11EPq1k3dRWyrXfsWJWh405slQ-tyEjJj/edit,https://datosabiertos.mineduc.cl/wp-content/uploads/2025/11/Directorio-Oficial-EE-2025.rar
selected,315,ESCUELA HÉROES DE LA CONCEPCIÓN,ESCUELA HEROES DE LA CONCEPCION,2,ANTOF,2101,ANTOFAGASTA,0,"-23,62591","-70,387817",1,1,516,1,1,0,CORP MUNIC DESARROLLO SOCIAL ANTOFAGASTA,Aulas Conectadas 2025,SELECCIONADO,,https://docs.google.com/spreadsheets/d/11EPq1k3dRWyrXfsWJWh405slQ-tyEjJj/edit,https://datosabiertos.mineduc.cl/wp-content/uploads/2025/11/Directorio-Oficial-EE-2025.rar
selected,317,ESCUELA LAS ROCAS,ESCUELA LAS ROCAS,2,ANTOF,2101,ANTOFAGASTA,0,"-23,589109","-70,393753",1,1,975,1,1,0,CORP MUNIC DESARROLLO SOCIAL ANTOFAGASTA,Aulas Conectadas 2025,SELECCIONADO,,https://docs.google.com/spreadsheets/d/11EPq1k3dRWyrXfsWJWh405slQ-tyEjJj/edit,https://datosabiertos.mineduc.cl/wp-content/uploads/2025/11/Directorio-Oficial-EE-2025.rar
selected,318,ESCUELA EDDA CUNEO DONNAGIO,ESCUELA EDDA CUNEO DONNAGIO,2,ANTOF,2101,ANTOFAGASTA,0,"-23,4352","-70,43364",1,1,327,1,1,0,CORP MUNIC DESARROLLO SOCIAL ANTOFAGASTA,Aulas Conectadas 2025,SELECCIONADO,,https://docs.google.com/spreadsheets/d/11EPq1k3dRWyrXfsWJWh405slQ-tyEjJj/edit,https://datosabiertos.mineduc.cl/wp-content/uploads/2025/11/Directorio-Oficial-EE-2025.rar
selected,319,ESCUELA LA BANDERA,ESCUELA LA BANDERA,2,ANTOF,2101,ANTOFAGASTA,0,"-23,599859","-70,378242",1,1,867,1,1,0,CORP MUNIC DESARROLLO SOCIAL ANTOFAGASTA,Aulas Conectadas 2025,SELECCIONADO,,https://docs.google.com/spreadsheets/d/11EPq1k3dRWyrXfsWJWh405slQ-tyEjJj/edit,https://datosabiertos.mineduc.cl/wp-content/uploads/2025/11/Directorio-Oficial-EE-2025.rar
selected,320,LICEO ARTISTICO DE ANTOFAGASTA ARMANDO CARRERA GONZÁLEZ,LICEO ARTISTICO DE ANTOFAGASTA `ARMANDO CARRERA GONZALEZ`,2,ANTOF,2101,ANTOFAGASTA,0,"-23,66744","-70,401711",1,1,934,1,1,0,CORP MUNIC DESARROLLO SOCIAL ANTOFAGASTA,Aulas Conectadas 2025,SELECCIONADO,,https://docs.google.com/spreadsheets/d/11EPq1k3dRWyrXfsWJWh405slQ-tyEjJj/edit,https://datosabiertos.mineduc.cl/wp-content/uploads/2025/11/Directorio-Oficial-EE-2025.rar
selected,322,ESCUELA GENERAL MANUEL BAQUEDANO,ESCUELA GENERAL MANUEL BAQUEDANO,2,ANTOF,2101,ANTOFAGASTA,0,"-23,6231","-70,38549",1,1,614,1,1,0,CORP MUNIC DESARROLLO SOCIAL ANTOFAGASTA,Aulas Conectadas 2025,SELECCIONADO,,https://docs.google.com/spreadsheets/d/11EPq1k3dRWyrXfsWJWh405slQ-tyEjJj/edit,https://datosabiertos.mineduc.cl/wp-content/uploads/2025/11/Directorio-Oficial-EE-2025.rar
selected,324,ESCUELA FUNDACIÓN MINERA ESCONDIDA,ESCUELA FUNDACION MINERA ESCONDIDA,2,ANTOF,2101,ANTOFAGASTA,0,"-23,618","-70,372414",1,1,490,1,1,0,CORP MUNIC DESARROLLO SOCIAL ANTOFAGASTA,Aulas Conectadas 2025,SELECCIONADO,,https://docs.google.com/spreadsheets/d/11EPq1k3dRWyrXfsWJWh405slQ-tyEjJj/edit,https://datosabiertos.mineduc.cl/wp-content/uploads/2025/11/Directorio-Oficial-EE-2025.rar
selected,326,ESCUELA SANTIAGO AMENGUAL B.,ESCUELA SANTIAGO AMENGUAL B.,2,ANTOF,2101,ANTOFAGASTA,0,"-23,627781","-70,378639",1,1,638,1,1,0,CORP MUNIC DESARROLLO SOCIAL ANTOFAGASTA,Aulas Conectadas 2025,SELECCIONADO,,https://docs.google.com/spreadsheets/d/11EPq1k3dRWyrXfsWJWh405slQ-tyEjJj/edit,https://datosabiertos.mineduc.cl/wp-content/uploads/2025/11/Directorio-Oficial-EE-2025.rar
selected,329,LICEO BICENTENARIO INSTITUTO JOSÉ MAZA SANCHO,LICEO BICENTENARIO INSTITUTO JOSÉ MAZA SANCHO,2,ANTOF,2101,ANTOFAGASTA,0,"-23,693741","-70,409813",1,1,657,1,1,0,CORP MUNIC DESARROLLO SOCIAL ANTOFAGASTA,Aulas Conectadas 2025,SELECCIONADO,,https://docs.google.com/spreadsheets/d/11EPq1k3dRWyrXfsWJWh405slQ-tyEjJj/edit,https://datosabiertos.mineduc.cl/wp-content/uploads/2025/11/Directorio-Oficial-EE-2025.rar
selected,330,ESCUELA DE PÁRVULOS LOS PINGUINITOS,ESCUELA DE PARVULOS LOS PINGUINITOS,2,ANTOF,2101,ANTOFAGASTA,0,"-23,59660912","-70,38334656",1,1,174,1,1,0,CORP MUNIC DESARROLLO SOCIAL ANTOFAGASTA,Aulas Conectadas 2025,SELECCIONADO,,https://docs.google.com/spreadsheets/d/11EPq1k3dRWyrXfsWJWh405slQ-tyEjJj/edit,https://datosabiertos.mineduc.cl/wp-content/uploads/2025/11/Directorio-Oficial-EE-2025.rar
selected,333,ESCUELA DE PÁRVULOS BLANCA NIEVES,ESCUELA DE PARVULOS BLANCA NIEVES,2,ANTOF,2101,ANTOFAGASTA,0,"-23,60323906","-70,37728119",1,1,192,1,1,0,CORP MUNIC DESARROLLO SOCIAL ANTOFAGASTA,Aulas Conectadas 2025,SELECCIONADO,,https://docs.google.com/spreadsheets/d/11EPq1k3dRWyrXfsWJWh405slQ-tyEjJj/edit,https://datosabiertos.mineduc.cl/wp-content/uploads/2025/11/Directorio-Oficial-EE-2025.rar
selected,367,COMPLEJO EDUCATIVO JUAN JOSÉ LATORRE BENAVENTE,COMPLEJO EDUCATIVO JUAN JOSE LATORRE BENAVENT,2,ANTOF,2102,MEJILLONES,0,"-23,10523","-70,440666",2,1,1726,1,1,1,ILUSTRE MUNICIPALIDAD DE MEJILLONES,Aulas Conectadas 2025,SELECCIONADO,,https://docs.google.com/spreadsheets/d/11EPq1k3dRWyrXfsWJWh405slQ-tyEjJj/edit,https://datosabiertos.mineduc.cl/wp-content/uploads/2025/11/Directorio-Oficial-EE-2025.rar
selected,368,ESCUELA BÁSICA JULIA HERRERA VARAS,ESCUELA BASICA JULIA HERRERA VARAS,2,ANTOF,2102,MEJILLONES,0,"-23,10376","-70,447853",2,1,1330,1,1,0,ILUSTRE MUNICIPALIDAD DE MEJILLONES,Aulas Conectadas 2025,SELECCIONADO,,https://docs.google.com/spreadsheets/d/11EPq1k3dRWyrXfsWJWh405slQ-tyEjJj/edit,https://datosabiertos.mineduc.cl/wp-content/uploads/2025/11/Directorio-Oficial-EE-2025.rar
selected,380,ESCUELA BÁSICA DIEGO PORTALES PALAZUELOS,ESCUELA BÁSICA DIEGO PORTALES PALAZUELOS,3,ATCMA,3201,CHAÑARAL,0,"-26,341","-70,614601",6,5,294,1,1,0,SERVICIO LOCAL DE EDUCACIÓN PÚBLICA DE ATACAMA,Aulas Conectadas 2025,SELECCIONADO,,https://docs.google.com/spreadsheets/d/11EPq1k3dRWyrXfsWJWh405slQ-tyEjJj/edit,https://datosabiertos.mineduc.cl/wp-content/uploads/2025/11/Directorio-Oficial-EE-2025.rar
selected,382,"ESCUELA GASPAR CABRALES, ARTÍSTICA Y DEPORTIVA","ESCUELA GASPAR CABRALES, ARTÍSTICA Y DEPORTIVA",3,ATCMA,3201,CHAÑARAL,0,"-26,35976","-70,641693",6,5,344,1,1,0,SERVICIO LOCAL DE EDUCACIÓN PÚBLICA DE ATACAMA,Aulas Conectadas 2025,SELECCIONADO,,https://docs.google.com/spreadsheets/d/11EPq1k3dRWyrXfsWJWh405slQ-tyEjJj/edit,https://datosabiertos.mineduc.cl/wp-content/uploads/2025/11/Directorio-Oficial-EE-2025.rar
selected,386,ESCUELA ALIRO LAMAS CASTILLO,ESCUELA ALIRO LAMAS CASTILLO,3,ATCMA,3202,DIEGO DE ALMAGRO,0,"-26,387899","-70,045731",6,5,571,1,1,0,SERVICIO LOCAL DE EDUCACIÓN PÚBLICA DE ATACAMA,Aulas Conectadas 2025,SELECCIONADO,,https://docs.google.com/spreadsheets/d/11EPq1k3dRWyrXfsWJWh405slQ-tyEjJj/edit,https://datosabiertos.mineduc.cl/wp-content/uploads/2025/11/Directorio-Oficial-EE-2025.rar
selected,401,ESCUELA BERNARDO O´HIGGINS,ESCUELA BERNARDO O HIGGINS,3,ATCMA,3101,COPIAPÓ,0,"-27,362459","-70,329453",6,5,850,1,1,0,SERVICIO LOCAL DE EDUCACIÓN PÚBLICA DE ATACAMA,Aulas Conectadas 2025,SELECCIONADO,,https://docs.google.com/spreadsheets/d/11EPq1k3dRWyrXfsWJWh405slQ-tyEjJj/edit,https://datosabiertos.mineduc.cl/wp-content/uploads/2025/11/Directorio-Oficial-EE-2025.rar
selected,403,ESCUELA LAURA ROBLES SILVA,ESCUELA LAURA ROBLES SILVA,3,ATCMA,3101,COPIAPÓ,0,"-27,373711","-70,306473",6,5,457,1,1,0,SERVICIO LOCAL DE EDUCACIÓN PÚBLICA DE ATACAMA,Aulas Conectadas 2025,SELECCIONADO,,https://docs.google.com/spreadsheets/d/11EPq1k3dRWyrXfsWJWh405slQ-tyEjJj/edit,https://datosabiertos.mineduc.cl/wp-content/uploads/2025/11/Directorio-Oficial-EE-2025.rar
selected,413,ESCUELA LAS BRISAS,ESCUELA LAS BRISAS,3,ATCMA,3101,COPIAPÓ,0,"-27,35573196","-70,3310318",6,5,209,1,1,0,SERVICIO LOCAL DE EDUCACIÓN PÚBLICA DE ATACAMA,Aulas Conectadas 2025,SELECCIONADO,,https://docs.google.com/spreadsheets/d/11EPq1k3dRWyrXfsWJWh405slQ-tyEjJj/edit,https://datosabiertos.mineduc.cl/wp-content/uploads/2025/11/Directorio-Oficial-EE-2025.rar
selected,419,ESCUELA HERNÁN MÁRQUEZ HUERTA,ESCUELA HERNÁN MÁRQUEZ HUERTA,3,ATCMA,3101,COPIAPÓ,0,"-27,4147","-70,2715",6,5,616,1,1,0,SERVICIO LOCAL DE EDUCACIÓN PÚBLICA DE ATACAMA,Aulas Conectadas 2025,SELECCIONADO,,https://docs.google.com/spreadsheets/d/11EPq1k3dRWyrXfsWJWh405slQ-tyEjJj/edit,https://datosabiertos.mineduc.cl/wp-content/uploads/2025/11/Directorio-Oficial-EE-2025.rar
selected,420,LICEO FERNANDO ARIZTÍA RUIZ,LICEO FERNANDO ARIZTÍA RUIZ,3,ATCMA,3101,COPIAPÓ,0,"-27,40682","-70,269547",6,5,1610,1,1,0,SERVICIO LOCAL DE EDUCACIÓN PÚBLICA DE ATACAMA,Aulas Conectadas 2025,SELECCIONADO,,https://docs.google.com/spreadsheets/d/11EPq1k3dRWyrXfsWJWh405slQ-tyEjJj/edit,https://datosabiertos.mineduc.cl/wp-content/uploads/2025/11/Directorio-Oficial-EE-2025.rar
selected,423,ESCUELA SAN PEDRO,ESCUELA SAN PEDRO,3,ATCMA,3101,COPIAPÓ,1,"-27,3254","-70,5366",6,5,372,1,1,0,SERVICIO LOCAL DE EDUCACIÓN PÚBLICA DE ATACAMA,Aulas Conectadas 2025,SELECCIONADO,,https://docs.google.com/spreadsheets/d/11EPq1k3dRWyrXfsWJWh405slQ-tyEjJj/edit,https://datosabiertos.mineduc.cl/wp-content/uploads/2025/11/Directorio-Oficial-EE-2025.rar
selected,438,LICEO MANUEL BLANCO ENCALADA,LICEO MANUEL BLANCO ENCALADA,3,ATCMA,3102,CALDERA,0,"-27,07362","-70,826851",6,5,610,1,1,1,SERVICIO LOCAL DE EDUCACIÓN PÚBLICA DE ATACAMA,Aulas Conectadas 2025,SELECCIONADO,,https://docs.google.com/spreadsheets/d/11EPq1k3dRWyrXfsWJWh405slQ-tyEjJj/edit,https://datosabiertos.mineduc.cl/wp-content/uploads/2025/11/Directorio-Oficial-EE-2025.rar
selected,486,LICEO JAPÓN,LICEO JAPÓN,3,ATCMA,3304,HUASCO,0,"-28,46464","-71,210831",6,5,530,1,1,1,SERVICIO LOCAL DE EDUCACIÓN PUBLICA DE HUASCO,Aulas Conectadas 2025,SELECCIONADO,,https://docs.google.com/spreadsheets/d/11EPq1k3dRWyrXfsWJWh405slQ-tyEjJj/edit,https://datosabiertos.mineduc.cl/wp-content/uploads/2025/11/Directorio-Oficial-EE-2025.rar
selected,499,ESCUELA RICARDO CAMPILLAY CONTRERAS,ESCUELA RICARDO CAMPILLAY CONTRERAS,3,ATCMA,3302,ALTO DEL CARMEN,1,"-28,926559","-70,462723",6,5,183,1,1,0,SERVICIO LOCAL DE EDUCACIÓN PUBLICA DE HUASCO,Aulas Conectadas 2025,SELECCIONADO,,https://docs.google.com/spreadsheets/d/11EPq1k3dRWyrXfsWJWh405slQ-tyEjJj/edit,https://datosabiertos.mineduc.cl/wp-content/uploads/2025/11/Directorio-Oficial-EE-2025.rar
selected,518,LICEO TÉCNICO MARTA BRUNET,LICEO TECNICO MARTA BRUNET,4,COQ,4101,LA SERENA,0,"-29,90633","-71,253967",6,5,600,1,1,1,SERVICIO LOCAL DE EDUCACIÓN DEL ELQUI,Aulas Conectadas 2025,SELECCIONADO,,https://docs.google.com/spreadsheets/d/11EPq1k3dRWyrXfsWJWh405slQ-tyEjJj/edit,https://datosabiertos.mineduc.cl/wp-content/uploads/2025/11/Directorio-Oficial-EE-2025.rar
selected,532,CEN. ED. INT. DE ADUL.ESTER VILLARREAL CASTILLO,CEN.ED.INT.DE ADUL.ESTER VILLARREAL CASTILLO,4,COQ,4101,LA SERENA,0,"-29,9090271","-71,24658966",6,5,351,1,1,0,SERVICIO LOCAL DE EDUCACIÓN DEL ELQUI,Aulas Conectadas 2025,SELECCIONADO,,https://docs.google.com/spreadsheets/d/11EPq1k3dRWyrXfsWJWh405slQ-tyEjJj/edit,https://datosabiertos.mineduc.cl/wp-content/uploads/2025/11/Directorio-Oficial-EE-2025.rar
selected,536,COLEGIO DEPORTIVO OLIMPICO,COLEGIO DEPORTIVO OLIMPICO,4,COQ,4101,LA SERENA,0,"-29,91077","-71,22921",6,5,268,1,1,0,SERVICIO LOCAL DE EDUCACIÓN DEL ELQUI,Aulas Conectadas 2025,SELECCIONADO,,https://docs.google.com/spreadsheets/d/11EPq1k3dRWyrXfsWJWh405slQ-tyEjJj/edit,https://datosabiertos.mineduc.cl/wp-content/uploads/2025/11/Directorio-Oficial-EE-2025.rar
selected,539,COLEGIO DE ALGARROBITO,COLEGIO DE ALGARROBITO,4,COQ,4101,LA SERENA,0,"-29,93692","-71,144043",6,5,195,1,1,0,SERVICIO LOCAL DE EDUCACIÓN DEL ELQUI,Aulas Conectadas 2025,SELECCIONADO,,https://docs.google.com/spreadsheets/d/11EPq1k3dRWyrXfsWJWh405slQ-tyEjJj/edit,https://datosabiertos.mineduc.cl/wp-content/uploads/2025/11/Directorio-Oficial-EE-2025.rar
selected,543,COLEGIO ALTOVALSOL,COLEGIO ALTOVALSOL,4,COQ,4101,LA SERENA,1,"-29,942289","-71,121307",6,5,169,1,1,0,SERVICIO LOCAL DE EDUCACIÓN DEL ELQUI,Aulas Conectadas 2025,SELECCIONADO,,https://docs.google.com/spreadsheets/d/11EPq1k3dRWyrXfsWJWh405slQ-tyEjJj/edit,https://datosabiertos.mineduc.cl/wp-content/uploads/2025/11/Directorio-Oficial-EE-2025.rar
selected,551,ESCUELA DE LAS ROJAS,ESCUELA DE LAS ROJAS,4,COQ,4101,LA SERENA,1,"-29,977631","-71,056519",6,5,179,1,1,0,SERVICIO LOCAL DE EDUCACIÓN DEL ELQUI,Aulas Conectadas 2025,SELECCIONADO,,https://docs.google.com/spreadsheets/d/11EPq1k3dRWyrXfsWJWh405slQ-tyEjJj/edit,https://datosabiertos.mineduc.cl/wp-content/uploads/2025/11/Directorio-Oficial-EE-2025.rar
selected,557,ESCUELA DE SATURNO,ESCUELA DE SATURNO,4,COQ,4101,LA SERENA,1,"-29,973049","-71,089233",6,5,274,1,1,0,SERVICIO LOCAL DE EDUCACIÓN DEL ELQUI,Aulas Conectadas 2025,SELECCIONADO,,https://docs.google.com/spreadsheets/d/11EPq1k3dRWyrXfsWJWh405slQ-tyEjJj/edit,https://datosabiertos.mineduc.cl/wp-content/uploads/2025/11/Directorio-Oficial-EE-2025.rar
selected,562,COLEGIO CALETA SAN PEDRO,COLEGIO CALETA SAN PEDRO,4,COQ,4101,LA SERENA,1,"-29,879129","-71,271141",6,5,303,1,1,0,SERVICIO LOCAL DE EDUCACIÓN DEL ELQUI,Aulas Conectadas 2025,SELECCIONADO,,https://docs.google.com/spreadsheets/d/11EPq1k3dRWyrXfsWJWh405slQ-tyEjJj/edit,https://datosabiertos.mineduc.cl/wp-content/uploads/2025/11/Directorio-Oficial-EE-2025.rar
selected,578,LICEO BICENTENARIO DE EXCELENCIA IGNACIO CARRERA PINTO,LICEO BICENTENARIO DE EXCELENCIA IGNACIO CARRERA PINTO,4,COQ,4101,LA SERENA,0,"-29,901899","-71,246246",6,5,428,1,1,1,SERVICIO LOCAL DE EDUCACIÓN DEL ELQUI,Aulas Conectadas 2025,SELECCIONADO,,https://docs.google.com/spreadsheets/d/11EPq1k3dRWyrXfsWJWh405slQ-tyEjJj/edit,https://datosabiertos.mineduc.cl/wp-content/uploads/2025/11/Directorio-Oficial-EE-2025.rar
selected,666,ESCUELA BÁSICA LUCILA GODOY ALCAYAGA,ESCUELA BASICA LUCILA GODOY ALCAYAGA,4,COQ,4106,VICUÑA,0,"-30,035469","-70,711029",6,5,214,1,1,0,SERVICIO LOCAL DE EDUCACIÓN DEL ELQUI,Aulas Conectadas 2025,SELECCIONADO,,https://docs.google.com/spreadsheets/d/11EPq1k3dRWyrXfsWJWh405slQ-tyEjJj/edit,https://datosabiertos.mineduc.cl/wp-content/uploads/2025/11/Directorio-Oficial-EE-2025.rar
selected,673,ESCUELA JOSÉ ABELARDO NUÑEZ,ESCUELA JOSE ABELARDO NUNEZ,4,COQ,4106,VICUÑA,0,"-30,025721","-70,689392",6,5,149,1,1,0,SERVICIO LOCAL DE EDUCACIÓN DEL ELQUI,Aulas Conectadas 2025,SELECCIONADO,,https://docs.google.com/spreadsheets/d/11EPq1k3dRWyrXfsWJWh405slQ-tyEjJj/edit,https://datosabiertos.mineduc.cl/wp-content/uploads/2025/11/Directorio-Oficial-EE-2025.rar
selected,701,LICEO ESTELA ÁVILA MOLINA,LICEO ESTELA AVILA MOLINA,4,COQ,4301,OVALLE,0,"-30,60384","-71,205368",2,1,691,1,1,1,ILUSTRE MUNICIPALIDAD DE OVALLE,Aulas Conectadas 2025,SELECCIONADO,,https://docs.google.com/spreadsheets/d/11EPq1k3dRWyrXfsWJWh405slQ-tyEjJj/edit,https://datosabiertos.mineduc.cl/wp-content/uploads/2025/11/Directorio-Oficial-EE-2025.rar
selected,709,ESCUELA BÁSICA OSCAR ARAYA MOLINA,ESCUELA BASICA OSCAR ARAYA MOLINA,4,COQ,4301,OVALLE,0,"-30,590639","-71,197983",2,1,285,1,1,0,ILUSTRE MUNICIPALIDAD DE OVALLE,Aulas Conectadas 2025,SELECCIONADO,,https://docs.google.com/spreadsheets/d/11EPq1k3dRWyrXfsWJWh405slQ-tyEjJj/edit,https://datosabiertos.mineduc.cl/wp-content/uploads/2025/11/Directorio-Oficial-EE-2025.rar
selected,711,ESCUELA GUARDIAMARINA ERNESTO RIQUELME V.,ESCUELA GUARDIAMARINA ERNESTO RIQUELME V,4,COQ,4301,OVALLE,0,"-30,59634","-71,190567",2,1,300,1,1,0,ILUSTRE MUNICIPALIDAD DE OVALLE,Aulas Conectadas 2025,SELECCIONADO,,https://docs.google.com/spreadsheets/d/11EPq1k3dRWyrXfsWJWh405slQ-tyEjJj/edit,https://datosabiertos.mineduc.cl/wp-content/uploads/2025/11/Directorio-Oficial-EE-2025.rar
selected,713,ESCUELA ARTURO VILLALÓN SIEULANNE,ESCUELA ARTURO VILLALON SIEULANNE,4,COQ,4301,OVALLE,0,"-30,580601","-71,409798",2,1,286,1,1,0,ILUSTRE MUNICIPALIDAD DE OVALLE,Aulas Conectadas 2025,SELECCIONADO,,https://docs.google.com/spreadsheets/d/11EPq1k3dRWyrXfsWJWh405slQ-tyEjJj/edit,https://datosabiertos.mineduc.cl/wp-content/uploads/2025/11/Directorio-Oficial-EE-2025.rar
selected,715,ESCUELA BÁSICA BERNARDO O´HIGGINS RIQUELME,ESCUELA BASICA BERNARDO O¦HIGGINS RIQUELME,4,COQ,4301,OVALLE,0,"-30,64397","-71,238487",2,1,203,1,1,0,ILUSTRE MUNICIPALIDAD DE OVALLE,Aulas Conectadas 2025,SELECCIONADO,,https://docs.google.com/spreadsheets/d/11EPq1k3dRWyrXfsWJWh405slQ-tyEjJj/edit,https://datosabiertos.mineduc.cl/wp-content/uploads/2025/11/Directorio-Oficial-EE-2025.rar
selected,718,ESCUELA MARCOS MACUADA OGALDE,ESCUELA MARCOS MACUADA OGALDE,4,COQ,4301,OVALLE,0,"-30,637529","-71,283798",2,1,149,1,1,0,ILUSTRE MUNICIPALIDAD DE OVALLE,Aulas Conectadas 2025,SELECCIONADO,,https://docs.google.com/spreadsheets/d/11EPq1k3dRWyrXfsWJWh405slQ-tyEjJj/edit,https://datosabiertos.mineduc.cl/wp-content/uploads/2025/11/Directorio-Oficial-EE-2025.rar
selected,722,ESC. HEBERTO VELÁZQUEZ VELÁZQUEZ,ESC. HEBERTO VELAZQUEZ VELAZQUEZ,4,COQ,4301,OVALLE,0,"-30,568769","-71,164467",2,1,254,1,1,0,ILUSTRE MUNICIPALIDAD DE OVALLE,Aulas Conectadas 2025,SELECCIONADO,,https://docs.google.com/spreadsheets/d/11EPq1k3dRWyrXfsWJWh405slQ-tyEjJj/edit,https://datosabiertos.mineduc.cl/wp-content/uploads/2025/11/Directorio-Oficial-EE-2025.rar
selected,725,ESCUELA EL CRISOL,ESCUELA EL CRISOL,4,COQ,4301,OVALLE,1,"-30,62628","-71,21608",2,1,205,1,1,0,ILUSTRE MUNICIPALIDAD DE OVALLE,Aulas Conectadas 2025,SELECCIONADO,,https://docs.google.com/spreadsheets/d/11EPq1k3dRWyrXfsWJWh405slQ-tyEjJj/edit,https://datosabiertos.mineduc.cl/wp-content/uploads/2025/11/Directorio-Oficial-EE-2025.rar
selected,774,COLEGIO PICHASCA,COLEGIO PICHASCA,4,COQ,4305,RÍO HURTADO,1,"-30,394211","-70,871132",2,1,250,1,1,1,ILUSTRE MUNICIPALIDAD DE RIO HURTADO,Aulas Conectadas 2025,SELECCIONADO,,https://docs.google.com/spreadsheets/d/11EPq1k3dRWyrXfsWJWh405slQ-tyEjJj/edit,https://datosabiertos.mineduc.cl/wp-content/uploads/2025/11/Directorio-Oficial-EE-2025.rar
selected,798,ESCUELA EL PALQUI,ESCUELA EL PALQUI,4,COQ,4303,MONTE PATRIA,0,"-30,770201","-70,944206",2,1,725,1,1,0,ILUSTRE MUNICIPALIDAD DE MONTE PATRIA,Aulas Conectadas 2025,SELECCIONADO,,https://docs.google.com/spreadsheets/d/11EPq1k3dRWyrXfsWJWh405slQ-tyEjJj/edit,https://datosabiertos.mineduc.cl/wp-content/uploads/2025/11/Directorio-Oficial-EE-2025.rar
selected,802,LICEO BICENTENARIO DE EXCELENCIA LICEO PRESIDENTE EDUARDO FREI MONTALVA,LICEO BICENTENARIO DE EXCELENCIA LICEO PRESIDENTE EDUARDO FREI MONTALVA,4,COQ,4303,MONTE PATRIA,0,"-30,69718","-70,958809",2,1,612,1,1,1,ILUSTRE MUNICIPALIDAD DE MONTE PATRIA,Aulas Conectadas 2025,SELECCIONADO,,https://docs.google.com/spreadsheets/d/11EPq1k3dRWyrXfsWJWh405slQ-tyEjJj/edit,https://datosabiertos.mineduc.cl/wp-content/uploads/2025/11/Directorio-Oficial-EE-2025.rar
selected,803,ESC. CONCENTRACIÓN FRONTERIZA DE TULAHUEN,ESC.CONCENTRACION FRONTERIZA DE TULAHUEN,4,COQ,4303,MONTE PATRIA,0,"-30,963209","-70,771149",2,1,179,1,1,0,ILUSTRE MUNICIPALIDAD DE MONTE PATRIA,Aulas Conectadas 2025,SELECCIONADO,,https://docs.google.com/spreadsheets/d/11EPq1k3dRWyrXfsWJWh405slQ-tyEjJj/edit,https://datosabiertos.mineduc.cl/wp-content/uploads/2025/11/Directorio-Oficial-EE-2025.rar
selected,804,ESCUELA BÁSICA WENCESLAO VARGAS,ESCUELA BASICA WENCESLAO VARGAS,4,COQ,4303,MONTE PATRIA,1,"-30,72349","-70,773521",2,1,186,1,1,0,ILUSTRE MUNICIPALIDAD DE MONTE PATRIA,Aulas Conectadas 2025,SELECCIONADO,,https://docs.google.com/spreadsheets/d/11EPq1k3dRWyrXfsWJWh405slQ-tyEjJj/edit,https://datosabiertos.mineduc.cl/wp-content/uploads/2025/11/Directorio-Oficial-EE-2025.rar
selected,827,COLEGIO RÍO GRANDE,COLEGIO RIO GRANDE,4,COQ,4303,MONTE PATRIA,0,"-30,855209","-70,771088",2,1,188,1,1,0,ILUSTRE MUNICIPALIDAD DE MONTE PATRIA,Aulas Conectadas 2025,SELECCIONADO,,https://docs.google.com/spreadsheets/d/11EPq1k3dRWyrXfsWJWh405slQ-tyEjJj/edit,https://datosabiertos.mineduc.cl/wp-content/uploads/2025/11/Directorio-Oficial-EE-2025.rar
selected,847,ESCUELA BÁSICA AMERICA,ESCUELA BASICA AMERICA,4,COQ,4302,COMBARBALÁ,0,"-31,17555","-71,001289",2,1,679,1,1,0,ILUSTRE MUNICIPALIDAD DE COMBARBALA,Aulas Conectadas 2025,SELECCIONADO,,https://docs.google.com/spreadsheets/d/11EPq1k3dRWyrXfsWJWh405slQ-tyEjJj/edit,https://datosabiertos.mineduc.cl/wp-content/uploads/2025/11/Directorio-Oficial-EE-2025.rar
selected,848,ESCUELA ALEJANDRO CHELEN ROJAS,ESCUELA ALEJANDRO CHELEN ROJAS,4,COQ,4303,MONTE PATRIA,0,"-30,880289","-71,011169",2,1,321,1,1,0,ILUSTRE MUNICIPALIDAD DE MONTE PATRIA,Aulas Conectadas 2025,SELECCIONADO,,https://docs.google.com/spreadsheets/d/11EPq1k3dRWyrXfsWJWh405slQ-tyEjJj/edit,https://datosabiertos.mineduc.cl/wp-content/uploads/2025/11/Directorio-Oficial-EE-2025.rar
selected,947,ESCUELA AURORA DE CHILE,ESCUELA AURORA DE CHILE,4,COQ,4301,OVALLE,1,"-30,713751","-71,241898",2,1,146,1,1,0,ILUSTRE MUNICIPALIDAD DE OVALLE,Aulas Conectadas 2025,SELECCIONADO,,https://docs.google.com/spreadsheets/d/11EPq1k3dRWyrXfsWJWh405slQ-tyEjJj/edit,https://datosabiertos.mineduc.cl/wp-content/uploads/2025/11/Directorio-Oficial-EE-2025.rar
selected,964,ESCUELA BÁSICA MUNICIPAL DE ADULTOS,ESCUELA BASICA MUNICIPAL DE ADULTOS,4,COQ,4201,ILLAPEL,0,"-31,63533974","-71,17329407",2,1,141,1,1,0,ILUSTRE MUNICIPALIDAD DE ILLAPEL,Aulas Conectadas 2025,SELECCIONADO,,https://docs.google.com/spreadsheets/d/11EPq1k3dRWyrXfsWJWh405slQ-tyEjJj/edit,https://datosabiertos.mineduc.cl/wp-content/uploads/2025/11/Directorio-Oficial-EE-2025.rar
selected,970,ESCUELA JUAN CARRASCO RISCO,ESCUELA JUAN CARRASCO RISCO,4,COQ,4201,ILLAPEL,0,"-31,63187","-71,168243",2,1,269,1,1,0,ILUSTRE MUNICIPALIDAD DE ILLAPEL,Aulas Conectadas 2025,SELECCIONADO,,https://docs.google.com/spreadsheets/d/11EPq1k3dRWyrXfsWJWh405slQ-tyEjJj/edit,https://datosabiertos.mineduc.cl/wp-content/uploads/2025/11/Directorio-Oficial-EE-2025.rar
selected,1121,LICEO PULMAHUE DE LA LIGUA,LICEO PULMAHUE DE LA LIGUA,5,VALPO,5401,LA LIGUA,0,"-32,44585","-71,230652",2,1,564,1,1,1,ILUSTRE MUNICIPALIDAD DE LA LIGUA,Aulas Conectadas 2025,SELECCIONADO,,https://docs.google.com/spreadsheets/d/11EPq1k3dRWyrXfsWJWh405slQ-tyEjJj/edit,https://datosabiertos.mineduc.cl/wp-content/uploads/2025/11/Directorio-Oficial-EE-2025.rar
selected,1122,ESCUELA REPÚBLICA DE VENEZUELA,ESCUELA REPUBLICA DE VENEZUELA,5,VALPO,5401,LA LIGUA,0,"-32,44978","-71,230087",2,1,306,1,1,0,ILUSTRE MUNICIPALIDAD DE LA LIGUA,Aulas Conectadas 2025,SELECCIONADO,,https://docs.google.com/spreadsheets/d/11EPq1k3dRWyrXfsWJWh405slQ-tyEjJj/edit,https://datosabiertos.mineduc.cl/wp-content/uploads/2025/11/Directorio-Oficial-EE-2025.rar
selected,1123,ESCUELA GABRIELA MISTRAL,ESCUELA GABRIELA MISTRAL,5,VALPO,5401,LA LIGUA,0,"-32,44978","-71,232132",2,1,745,1,1,1,ILUSTRE MUNICIPALIDAD DE LA LIGUA,Aulas Conectadas 2025,SELECCIONADO,,https://docs.google.com/spreadsheets/d/11EPq1k3dRWyrXfsWJWh405slQ-tyEjJj/edit,https://datosabiertos.mineduc.cl/wp-content/uploads/2025/11/Directorio-Oficial-EE-2025.rar
selected,1198,LICEO REPÚBLICA ARGENTINA,LICEO REPUBLICA ARGENTINA,5,VALPO,5301,LOS ANDES,0,"-32,833179","-70,603348",2,1,314,1,1,0,ILUSTRE MUNICIPALIDAD DE LOS ANDES,Aulas Conectadas 2025,SELECCIONADO,,https://docs.google.com/spreadsheets/d/11EPq1k3dRWyrXfsWJWh405slQ-tyEjJj/edit,https://datosabiertos.mineduc.cl/wp-content/uploads/2025/11/Directorio-Oficial-EE-2025.rar
selected,1199,LICEO POLITECNICO AMÉRICA,LICEO POLITECNICO AMERICA,5,VALPO,5301,LOS ANDES,0,"-32,838959","-70,599319",2,1,287,1,1,1,ILUSTRE MUNICIPALIDAD DE LOS ANDES,Aulas Conectadas 2025,SELECCIONADO,,https://docs.google.com/spreadsheets/d/11EPq1k3dRWyrXfsWJWh405slQ-tyEjJj/edit,https://datosabiertos.mineduc.cl/wp-content/uploads/2025/11/Directorio-Oficial-EE-2025.rar
selected,1202,ESCUELA FERROVIARIA,ESCUELA FERROVIARIA,5,VALPO,5301,LOS ANDES,0,"-32,829861","-70,607521",2,1,271,1,1,0,ILUSTRE MUNICIPALIDAD DE LOS ANDES,Aulas Conectadas 2025,SELECCIONADO,,https://docs.google.com/spreadsheets/d/11EPq1k3dRWyrXfsWJWh405slQ-tyEjJj/edit,https://datosabiertos.mineduc.cl/wp-content/uploads/2025/11/Directorio-Oficial-EE-2025.rar
selected,1204,ESCUELA BÁSICA GRAL. JOSÉ MIGUEL CARRERA,ESCUELA BASICA GRAL.JOSE MIGUEL CARRERA,5,VALPO,5301,LOS ANDES,0,"-32,827621","-70,605003",2,1,152,1,1,0,ILUSTRE MUNICIPALIDAD DE LOS ANDES,Aulas Conectadas 2025,SELECCIONADO,,https://docs.google.com/spreadsheets/d/11EPq1k3dRWyrXfsWJWh405slQ-tyEjJj/edit,https://datosabiertos.mineduc.cl/wp-content/uploads/2025/11/Directorio-Oficial-EE-2025.rar
selected,1210,ESCUELA EL SAUCE,ESCUELA EL SAUCE,5,VALPO,5301,LOS ANDES,0,"-32,8353","-70,548027",2,1,247,1,1,0,ILUSTRE MUNICIPALIDAD DE LOS ANDES,Aulas Conectadas 2025,SELECCIONADO,,https://docs.google.com/spreadsheets/d/11EPq1k3dRWyrXfsWJWh405slQ-tyEjJj/edit,https://datosabiertos.mineduc.cl/wp-content/uploads/2025/11/Directorio-Oficial-EE-2025.rar
selected,1234,ESC. BÁSICA SILVIO ZENTENO VERGARA,ESC. BASICA SILVIO ZENTENO VERGARA,5,VALPO,5304,SAN ESTEBAN,0,"-32,811008","-70,57843",2,1,211,1,1,0,ILUSTRE MUNICIPALIDAD DE SAN ESTEBAN,Aulas Conectadas 2025,SELECCIONADO,,https://docs.google.com/spreadsheets/d/11EPq1k3dRWyrXfsWJWh405slQ-tyEjJj/edit,https://datosabiertos.mineduc.cl/wp-content/uploads/2025/11/Directorio-Oficial-EE-2025.rar
selected,1235,ESCUELA LO CALVO,ESCUELA LO CALVO,5,VALPO,5304,SAN ESTEBAN,1,"-32,753502","-70,59214",2,1,185,1,1,0,ILUSTRE MUNICIPALIDAD DE SAN ESTEBAN,Aulas Conectadas 2025,SELECCIONADO,,https://docs.google.com/spreadsheets/d/11EPq1k3dRWyrXfsWJWh405slQ-tyEjJj/edit,https://datosabiertos.mineduc.cl/wp-content/uploads/2025/11/Directorio-Oficial-EE-2025.rar
selected,1245,ESCUELA EL CORAZÓN,ESCUELA EL CORAZON,5,VALPO,5304,SAN ESTEBAN,0,"-32,807129","-70,559822",2,1,204,1,1,0,ILUSTRE MUNICIPALIDAD DE SAN ESTEBAN,Aulas Conectadas 2025,SELECCIONADO,,https://docs.google.com/spreadsheets/d/11EPq1k3dRWyrXfsWJWh405slQ-tyEjJj/edit,https://datosabiertos.mineduc.cl/wp-content/uploads/2025/11/Directorio-Oficial-EE-2025.rar
selected,1246,ESCUELA BÁSICA LIBERTAD,ESCUELA BÁSICA LIBERTAD,5,VALPO,5304,SAN ESTEBAN,0,"-32,775791","-70,564659",2,1,202,1,1,0,ILUSTRE MUNICIPALIDAD DE SAN ESTEBAN,Aulas Conectadas 2025,SELECCIONADO,,https://docs.google.com/spreadsheets/d/11EPq1k3dRWyrXfsWJWh405slQ-tyEjJj/edit,https://datosabiertos.mineduc.cl/wp-content/uploads/2025/11/Directorio-Oficial-EE-2025.rar
selected,1249,ESCUELA BÁSICA PEDRO AGUIRRE CERDA,ESCUELA BASICA PEDRO AGUIRRE CERDA,5,VALPO,5302,CALLE LARGA,0,"-32,86895","-70,619431",2,1,216,1,1,0,ILUSTRE MUNICIPALIDAD DE CALLE LARGA,Aulas Conectadas 2025,SELECCIONADO,,https://docs.google.com/spreadsheets/d/11EPq1k3dRWyrXfsWJWh405slQ-tyEjJj/edit,https://datosabiertos.mineduc.cl/wp-content/uploads/2025/11/Directorio-Oficial-EE-2025.rar
selected,1251,ESCUELA BÁSICA CRISTO REDENTOR,ESCUELA BASICA CRISTO REDENTOR,5,VALPO,5302,CALLE LARGA,1,"-32,887718","-70,59169",2,1,229,1,1,0,ILUSTRE MUNICIPALIDAD DE CALLE LARGA,Aulas Conectadas 2025,SELECCIONADO,,https://docs.google.com/spreadsheets/d/11EPq1k3dRWyrXfsWJWh405slQ-tyEjJj/edit,https://datosabiertos.mineduc.cl/wp-content/uploads/2025/11/Directorio-Oficial-EE-2025.rar
selected,1265,ESCUELA BÁSICA BERNARDO O´HIGGINS R.,ESCUELA BASICA BERNARDO O HIGGINS R.,5,VALPO,5701,SAN FELIPE,0,"-32,74218","-70,724167",2,1,255,1,1,0,ILUSTRE MUNICIPALIDAD DE SAN FELIPE,Aulas Conectadas 2025,SELECCIONADO,,https://docs.google.com/spreadsheets/d/11EPq1k3dRWyrXfsWJWh405slQ-tyEjJj/edit,https://datosabiertos.mineduc.cl/wp-content/uploads/2025/11/Directorio-Oficial-EE-2025.rar
selected,1274,ESCUELA ALMENDRAL,ESCUELA ALMENDRAL,5,VALPO,5701,SAN FELIPE,0,"-32,751671","-70,691109",2,1,190,1,1,0,ILUSTRE MUNICIPALIDAD DE SAN FELIPE,Aulas Conectadas 2025,SELECCIONADO,,https://docs.google.com/spreadsheets/d/11EPq1k3dRWyrXfsWJWh405slQ-tyEjJj/edit,https://datosabiertos.mineduc.cl/wp-content/uploads/2025/11/Directorio-Oficial-EE-2025.rar
selected,1279,ESCUELA CARMELA CARVAJAL DE PRAT,ESCUELA CARMELA CARVAJAL DE PRAT,5,VALPO,5701,SAN FELIPE,0,"-32,78899","-70,678123",2,1,199,1,1,0,ILUSTRE MUNICIPALIDAD DE SAN FELIPE,Aulas Conectadas 2025,SELECCIONADO,,https://docs.google.com/spreadsheets/d/11EPq1k3dRWyrXfsWJWh405slQ-tyEjJj/edit,https://datosabiertos.mineduc.cl/wp-content/uploads/2025/11/Directorio-Oficial-EE-2025.rar
selected,1281,ESCUELA REPÚBLICA ARGENTINA,ESCUELA REPUBLICA ARGENTINA,5,VALPO,5701,SAN FELIPE,0,"-32,76432419","-70,68251038",2,1,213,1,1,0,ILUSTRE MUNICIPALIDAD DE SAN FELIPE,Aulas Conectadas 2025,SELECCIONADO,,https://docs.google.com/spreadsheets/d/11EPq1k3dRWyrXfsWJWh405slQ-tyEjJj/edit,https://datosabiertos.mineduc.cl/wp-content/uploads/2025/11/Directorio-Oficial-EE-2025.rar
selected,1302,LICEO RINCONADA DE SILVA,LICEO RINCONADA DE SILVA,5,VALPO,5705,PUTAENDO,0,"-32,66188","-70,717667",2,1,204,1,1,1,ILUSTRE MUNICIPALIDAD DE PUTAENDO,Aulas Conectadas 2025,SELECCIONADO,,https://docs.google.com/spreadsheets/d/11EPq1k3dRWyrXfsWJWh405slQ-tyEjJj/edit,https://datosabiertos.mineduc.cl/wp-content/uploads/2025/11/Directorio-Oficial-EE-2025.rar
selected,1328,ESCUELA INDEPENDENCIA,ESCUELA INDEPENDENCIA,5,VALPO,5704,PANQUEHUE,0,"-32,78336","-70,852287",2,1,180,1,1,0,ILUSTRE MUNICIPALIDAD DE PANQUEHUE,Aulas Conectadas 2025,SELECCIONADO,,https://docs.google.com/spreadsheets/d/11EPq1k3dRWyrXfsWJWh405slQ-tyEjJj/edit,https://datosabiertos.mineduc.cl/wp-content/uploads/2025/11/Directorio-Oficial-EE-2025.rar
selected,1329,ESCUELA EMA LOBOS REYES,ESCUELA EMA LOBOS REYES,5,VALPO,5704,PANQUEHUE,0,"-32,79179","-70,871262",2,1,168,1,1,0,ILUSTRE MUNICIPALIDAD DE PANQUEHUE,Aulas Conectadas 2025,SELECCIONADO,,https://docs.google.com/spreadsheets/d/11EPq1k3dRWyrXfsWJWh405slQ-tyEjJj/edit,https://datosabiertos.mineduc.cl/wp-content/uploads/2025/11/Directorio-Oficial-EE-2025.rar
selected,1339,ESCUELA ELISA LATTAPIAT VARGAS,ESCUELA ELISA LATTAPIAT VARGAS,5,VALPO,5703,LLAILLAY,0,"-32,839821","-70,963219",2,1,200,1,1,0,ILUSTRE MUNICIPALIDAD DE LLAY LLAY,Aulas Conectadas 2025,SELECCIONADO,,https://docs.google.com/spreadsheets/d/11EPq1k3dRWyrXfsWJWh405slQ-tyEjJj/edit,https://datosabiertos.mineduc.cl/wp-content/uploads/2025/11/Directorio-Oficial-EE-2025.rar
selected,1340,ESCUELA HERMINIA ORTEGA DE CROXATO,ESCUELA HERMINIA ORTEGA DE CROXATO,5,VALPO,5703,LLAILLAY,0,"-32,837921","-70,948608",2,1,182,1,1,0,ILUSTRE MUNICIPALIDAD DE LLAY LLAY,Aulas Conectadas 2025,SELECCIONADO,,https://docs.google.com/spreadsheets/d/11EPq1k3dRWyrXfsWJWh405slQ-tyEjJj/edit,https://datosabiertos.mineduc.cl/wp-content/uploads/2025/11/Directorio-Oficial-EE-2025.rar
selected,1367,COLEGIO ROBERTO MATTA,COLEGIO ROBERTO MATTA,5,VALPO,5501,QUILLOTA,0,"-32,880772","-71,24572",2,1,380,1,1,0,ILUSTRE MUNICIPALIDAD DE QUILLOTA,Aulas Conectadas 2025,SELECCIONADO,,https://docs.google.com/spreadsheets/d/11EPq1k3dRWyrXfsWJWh405slQ-tyEjJj/edit,https://datosabiertos.mineduc.cl/wp-content/uploads/2025/11/Directorio-Oficial-EE-2025.rar
selected,1371,COLEGIO BICENTENARIO ARAUCO,COLEGIO BICENTENARIO ARAUCO,5,VALPO,5501,QUILLOTA,0,"-32,888416","-71,245018",2,1,958,1,1,0,ILUSTRE MUNICIPALIDAD DE QUILLOTA,Aulas Conectadas 2025,SELECCIONADO,,https://docs.google.com/spreadsheets/d/11EPq1k3dRWyrXfsWJWh405slQ-tyEjJj/edit,https://datosabiertos.mineduc.cl/wp-content/uploads/2025/11/Directorio-Oficial-EE-2025.rar
selected,1377,ESCUELA NUESTRO MUNDO,ESCUELA NUESTRO MUNDO,5,VALPO,5501,QUILLOTA,0,"-32,887321","-71,259933",2,1,292,1,1,0,ILUSTRE MUNICIPALIDAD DE QUILLOTA,Aulas Conectadas 2025,SELECCIONADO,,https://docs.google.com/spreadsheets/d/11EPq1k3dRWyrXfsWJWh405slQ-tyEjJj/edit,https://datosabiertos.mineduc.cl/wp-content/uploads/2025/11/Directorio-Oficial-EE-2025.rar
selected,1384,COLEGIO CUMBRES DE BOCO,COLEGIO CUMBRES DE BOCO,5,VALPO,5501,QUILLOTA,0,"-32,864941","-71,237961",2,1,227,1,1,0,ILUSTRE MUNICIPALIDAD DE QUILLOTA,Aulas Conectadas 2025,SELECCIONADO,,https://docs.google.com/spreadsheets/d/11EPq1k3dRWyrXfsWJWh405slQ-tyEjJj/edit,https://datosabiertos.mineduc.cl/wp-content/uploads/2025/11/Directorio-Oficial-EE-2025.rar
selected,1385,ESCUELA BÁSICA LA PALMA,ESCUELA BASICA LA PALMA,5,VALPO,5501,QUILLOTA,0,"-32,87698","-71,228348",2,1,226,1,1,0,ILUSTRE MUNICIPALIDAD DE QUILLOTA,Aulas Conectadas 2025,SELECCIONADO,,https://docs.google.com/spreadsheets/d/11EPq1k3dRWyrXfsWJWh405slQ-tyEjJj/edit,https://datosabiertos.mineduc.cl/wp-content/uploads/2025/11/Directorio-Oficial-EE-2025.rar
selected,1416,COLEGIO MARÍA ALONSO CHACÓN,COLEGIO MARIA ALONSO CHACON,5,VALPO,5504,LA CRUZ,0,"-32,825729","-71,225594",2,1,220,1,1,0,ILUSTRE MUNICIPALIDAD DE LA CRUZ,Aulas Conectadas 2025,SELECCIONADO,,https://docs.google.com/spreadsheets/d/11EPq1k3dRWyrXfsWJWh405slQ-tyEjJj/edit,https://datosabiertos.mineduc.cl/wp-content/uploads/2025/11/Directorio-Oficial-EE-2025.rar
selected,1422,LICEO PEDRO DE VALDIVIA,LICEO PEDRO DE VALDIVIA,5,VALPO,5502,CALERA,0,"-32,787609","-71,198257",2,1,353,1,1,1,ILUSTRE MUNICIPALIDAD DE LA CALERA,Aulas Conectadas 2025,SELECCIONADO,,https://docs.google.com/spreadsheets/d/11EPq1k3dRWyrXfsWJWh405slQ-tyEjJj/edit,https://datosabiertos.mineduc.cl/wp-content/uploads/2025/11/Directorio-Oficial-EE-2025.rar
selected,1424,ESCUELA BÁSICA IRMA SAPIAIN,COLEGIO MUNICIPAL IRMA SAPIAIN SAPIAIN,5,VALPO,5502,CALERA,0,"-32,787628","-71,190727",2,1,213,1,1,0,ILUSTRE MUNICIPALIDAD DE LA CALERA,Aulas Conectadas 2025,SELECCIONADO,,https://docs.google.com/spreadsheets/d/11EPq1k3dRWyrXfsWJWh405slQ-tyEjJj/edit,https://datosabiertos.mineduc.cl/wp-content/uploads/2025/11/Directorio-Oficial-EE-2025.rar
selected,1427,ESCUELA BÁSICA PALESTINA,ESCUELA BASICA PALESTINA,5,VALPO,5502,CALERA,0,"-32,790249","-71,185272",2,1,182,1,1,0,ILUSTRE MUNICIPALIDAD DE LA CALERA,Aulas Conectadas 2025,SELECCIONADO,,https://docs.google.com/spreadsheets/d/11EPq1k3dRWyrXfsWJWh405slQ-tyEjJj/edit,https://datosabiertos.mineduc.cl/wp-content/uploads/2025/11/Directorio-Oficial-EE-2025.rar
selected,1431,ESCUELA BÁSICA SANTA ROSA DEL HUERTO,ESCUELA BASICA SANTA ROSA DEL HUERTO,5,VALPO,5502,CALERA,0,"-32,789589","-71,214638",2,1,176,1,1,0,ILUSTRE MUNICIPALIDAD DE LA CALERA,Aulas Conectadas 2025,SELECCIONADO,,https://docs.google.com/spreadsheets/d/11EPq1k3dRWyrXfsWJWh405slQ-tyEjJj/edit,https://datosabiertos.mineduc.cl/wp-content/uploads/2025/11/Directorio-Oficial-EE-2025.rar
selected,1455,ESCUELA MÓNICA HURTADO EDWARDS,ESCUELA MONICA HURTADO EDWARDS,5,VALPO,5503,HIJUELAS,1,"-32,796741","-71,168182",2,1,166,1,1,0,ILUSTRE MUNICIPALIDAD DE HIJUELAS,Aulas Conectadas 2025,SELECCIONADO,,https://docs.google.com/spreadsheets/d/11EPq1k3dRWyrXfsWJWh405slQ-tyEjJj/edit,https://datosabiertos.mineduc.cl/wp-content/uploads/2025/11/Directorio-Oficial-EE-2025.rar
selected,1457,ESCUELA BÁSICA BENJAMÍN MATTE LARRAÍN,ESCUELA BASICA BENJAMIN MATTE LARRAIN,5,VALPO,5503,HIJUELAS,1,"-32,844521","-71,085533",2,1,180,1,1,0,ILUSTRE MUNICIPALIDAD DE HIJUELAS,Aulas Conectadas 2025,SELECCIONADO,,https://docs.google.com/spreadsheets/d/11EPq1k3dRWyrXfsWJWh405slQ-tyEjJj/edit,https://datosabiertos.mineduc.cl/wp-content/uploads/2025/11/Directorio-Oficial-EE-2025.rar
selected,1459,ESCUELA BÁSICA RABUCO,ESCUELA BASICA RABUCO,5,VALPO,5503,HIJUELAS,1,"-32,850231","-71,117821",2,1,230,1,1,0,ILUSTRE MUNICIPALIDAD DE HIJUELAS,Aulas Conectadas 2025,SELECCIONADO,,https://docs.google.com/spreadsheets/d/11EPq1k3dRWyrXfsWJWh405slQ-tyEjJj/edit,https://datosabiertos.mineduc.cl/wp-content/uploads/2025/11/Directorio-Oficial-EE-2025.rar
selected,1467,LICEO BICENTENARIO COLEGIO PASIÓN DE JESÚS DE LIMACHE,LICEO BICENTENARIO COLEGIO PASIÓN DE JESÚS DE LIMACHE,5,VALPO,5802,LIMACHE,0,"-32,982281","-71,278572",2,1,525,1,1,0,ILUSTRE MUNICIPALIDAD DE LIMACHE,Aulas Conectadas 2025,SELECCIONADO,,https://docs.google.com/spreadsheets/d/11EPq1k3dRWyrXfsWJWh405slQ-tyEjJj/edit,https://datosabiertos.mineduc.cl/wp-content/uploads/2025/11/Directorio-Oficial-EE-2025.rar
selected,1468,COLEGIO BRASILIA,COLEGIO BRASILIA,5,VALPO,5802,LIMACHE,0,"-32,988461","-71,269753",2,1,359,1,1,1,ILUSTRE MUNICIPALIDAD DE LIMACHE,Aulas Conectadas 2025,SELECCIONADO,,https://docs.google.com/spreadsheets/d/11EPq1k3dRWyrXfsWJWh405slQ-tyEjJj/edit,https://datosabiertos.mineduc.cl/wp-content/uploads/2025/11/Directorio-Oficial-EE-2025.rar
selected,1471,ESCUELA LIMACHITO,ESCUELA LIMACHITO,5,VALPO,5802,LIMACHE,0,"-33,002209","-71,275978",2,1,223,1,1,0,ILUSTRE MUNICIPALIDAD DE LIMACHE,Aulas Conectadas 2025,SELECCIONADO,,https://docs.google.com/spreadsheets/d/11EPq1k3dRWyrXfsWJWh405slQ-tyEjJj/edit,https://datosabiertos.mineduc.cl/wp-content/uploads/2025/11/Directorio-Oficial-EE-2025.rar
selected,1472,ESCUELA BÁSICA LOS MAITENES,ESCUELA BASICA LOS MAITENES,5,VALPO,5802,LIMACHE,0,"-32,995361","-71,232674",2,1,213,1,1,0,ILUSTRE MUNICIPALIDAD DE LIMACHE,Aulas Conectadas 2025,SELECCIONADO,,https://docs.google.com/spreadsheets/d/11EPq1k3dRWyrXfsWJWh405slQ-tyEjJj/edit,https://datosabiertos.mineduc.cl/wp-content/uploads/2025/11/Directorio-Oficial-EE-2025.rar
selected,1488,ESCUELA MONTEVIDEO,ESCUELA MONTEVIDEO,5,VALPO,5803,OLMUÉ,0,"-32,991791","-71,161797",2,1,328,1,1,0,ILUSTRE MUNICIPALIDAD DE OLMUE,Aulas Conectadas 2025,SELECCIONADO,,https://docs.google.com/spreadsheets/d/11EPq1k3dRWyrXfsWJWh405slQ-tyEjJj/edit,https://datosabiertos.mineduc.cl/wp-content/uploads/2025/11/Directorio-Oficial-EE-2025.rar
selected,1489,LICEO DE OLMUE,LICEO DE OLMUE,5,VALPO,5803,OLMUÉ,0,"-32,99622","-71,190536",2,1,219,1,1,1,ILUSTRE MUNICIPALIDAD DE OLMUE,Aulas Conectadas 2025,SELECCIONADO,,https://docs.google.com/spreadsheets/d/11EPq1k3dRWyrXfsWJWh405slQ-tyEjJj/edit,https://datosabiertos.mineduc.cl/wp-content/uploads/2025/11/Directorio-Oficial-EE-2025.rar
selected,1490,ESCUELA BÁSICA QUEBRADA DE ALVARADO,ESCUELA BÁSICA QUEBRADA DE ALVARADO,5,VALPO,5803,OLMUÉ,1,"-33,05262","-71,11219",2,1,258,1,1,1,ILUSTRE MUNICIPALIDAD DE OLMUE,Aulas Conectadas 2025,SELECCIONADO,,https://docs.google.com/spreadsheets/d/11EPq1k3dRWyrXfsWJWh405slQ-tyEjJj/edit,https://datosabiertos.mineduc.cl/wp-content/uploads/2025/11/Directorio-Oficial-EE-2025.rar
selected,1491,ESCUELA BÁSICA LO NARVAEZ,ESCUELA BASICA LO NARVAEZ,5,VALPO,5803,OLMUÉ,0,"-33,00528","-71,171913",2,1,190,1,1,0,ILUSTRE MUNICIPALIDAD DE OLMUE,Aulas Conectadas 2025,SELECCIONADO,,https://docs.google.com/spreadsheets/d/11EPq1k3dRWyrXfsWJWh405slQ-tyEjJj/edit,https://datosabiertos.mineduc.cl/wp-content/uploads/2025/11/Directorio-Oficial-EE-2025.rar
selected,1551,ESCUELA MONTEDONICO,ESCUELA MONTEDONICO,5,VALPO,5101,VALPARAÍSO,0,"-33,055351","-71,640457",6,5,163,1,1,0,SERVICIO LOCAL DE EDUCACIÓN PÚBLICA DE VALPARAÍSO,Aulas Conectadas 2025,SELECCIONADO,,https://docs.google.com/spreadsheets/d/11EPq1k3dRWyrXfsWJWh405slQ-tyEjJj/edit,https://datosabiertos.mineduc.cl/wp-content/uploads/2025/11/Directorio-Oficial-EE-2025.rar
selected,1578,ESCUELA TTE. JULIO A. ALLENDE OVALLE,ESCUELA TTE. JULIO A. ALLENDE OVALLE,5,VALPO,5101,VALPARAÍSO,0,"-33,149849","-71,560249",6,5,209,1,1,0,SERVICIO LOCAL DE EDUCACIÓN PÚBLICA DE VALPARAÍSO,Aulas Conectadas 2025,SELECCIONADO,,https://docs.google.com/spreadsheets/d/11EPq1k3dRWyrXfsWJWh405slQ-tyEjJj/edit,https://datosabiertos.mineduc.cl/wp-content/uploads/2025/11/Directorio-Oficial-EE-2025.rar
selected,1666,C.E.I.A. LOS CASTAÑOS,C.E.I.A. LOS CASTANOS,5,VALPO,5109,VIÑA DEL MAR,0,"-33,02142715","-71,54168701",6,5,211,1,1,0,SERVICIO LOCAL DE EDUCACION PUBLICA DE COSTA CENTRAL,Aulas Conectadas 2025,SELECCIONADO,,https://docs.google.com/spreadsheets/d/11EPq1k3dRWyrXfsWJWh405slQ-tyEjJj/edit,https://datosabiertos.mineduc.cl/wp-content/uploads/2025/11/Directorio-Oficial-EE-2025.rar
selected,1669,ESCUELA ESPECIAL JUANITA DE AGUIRRE CERDA,ESCUELA ESPECIAL JUANITA DE AGUIRRE CERDA,5,VALPO,5109,VIÑA DEL MAR,0,"-33,02666473","-71,54394531",6,5,159,1,0,0,SERVICIO LOCAL DE EDUCACION PUBLICA DE COSTA CENTRAL,Aulas Conectadas 2025,SELECCIONADO,,https://docs.google.com/spreadsheets/d/11EPq1k3dRWyrXfsWJWh405slQ-tyEjJj/edit,https://datosabiertos.mineduc.cl/wp-content/uploads/2025/11/Directorio-Oficial-EE-2025.rar
selected,1688,ESCUELA ALMIRANTE LUIS GÓMEZ CARREÑO,ESCUELA ALMIRANTE LUIS GOMEZ CARRENO,5,VALPO,5109,VIÑA DEL MAR,0,"-32,992889","-71,522377",6,5,254,1,1,0,SERVICIO LOCAL DE EDUCACION PUBLICA DE COSTA CENTRAL,Aulas Conectadas 2025,SELECCIONADO,,https://docs.google.com/spreadsheets/d/11EPq1k3dRWyrXfsWJWh405slQ-tyEjJj/edit,https://datosabiertos.mineduc.cl/wp-content/uploads/2025/11/Directorio-Oficial-EE-2025.rar
selected,1691,ESCUELA LORD COCHRANE,ESCUELA LORD COCHRANE,5,VALPO,5109,VIÑA DEL MAR,0,"-33,034721","-71,578857",6,5,182,1,1,0,SERVICIO LOCAL DE EDUCACION PUBLICA DE COSTA CENTRAL,Aulas Conectadas 2025,SELECCIONADO,,https://docs.google.com/spreadsheets/d/11EPq1k3dRWyrXfsWJWh405slQ-tyEjJj/edit,https://datosabiertos.mineduc.cl/wp-content/uploads/2025/11/Directorio-Oficial-EE-2025.rar
selected,1696,ESCUELA BÁSICA CHORRILOS,ESCUELA BASICA CHORRILOS,5,VALPO,5109,VIÑA DEL MAR,0,"-33,035389","-71,531387",6,5,174,1,1,0,SERVICIO LOCAL DE EDUCACION PUBLICA DE COSTA CENTRAL,Aulas Conectadas 2025,SELECCIONADO,,https://docs.google.com/spreadsheets/d/11EPq1k3dRWyrXfsWJWh405slQ-tyEjJj/edit,https://datosabiertos.mineduc.cl/wp-content/uploads/2025/11/Directorio-Oficial-EE-2025.rar
selected,1697,ESCUELA GASTÓN OSSA SAINT MARIE,ESCUELA GASTON OSSA SAINT MARIE,5,VALPO,5109,VIÑA DEL MAR,0,"-33,03278","-71,484123",6,5,169,1,1,0,SERVICIO LOCAL DE EDUCACION PUBLICA DE COSTA CENTRAL,Aulas Conectadas 2025,SELECCIONADO,,https://docs.google.com/spreadsheets/d/11EPq1k3dRWyrXfsWJWh405slQ-tyEjJj/edit,https://datosabiertos.mineduc.cl/wp-content/uploads/2025/11/Directorio-Oficial-EE-2025.rar
selected,1698,ESCUELA PAUL HARRIS,ESCUELA PAUL HARRIS,5,VALPO,5109,VIÑA DEL MAR,0,"-33,03941","-71,546791",6,5,384,1,1,0,SERVICIO LOCAL DE EDUCACION PUBLICA DE COSTA CENTRAL,Aulas Conectadas 2025,SELECCIONADO,,https://docs.google.com/spreadsheets/d/11EPq1k3dRWyrXfsWJWh405slQ-tyEjJj/edit,https://datosabiertos.mineduc.cl/wp-content/uploads/2025/11/Directorio-Oficial-EE-2025.rar
selected,1700,ESCUELA DOCTOR ADRIANO MACHADO PARDO,ESCUELA DOCTOR ADRIANO MACHADO PARDO,5,VALPO,5109,VIÑA DEL MAR,0,"-33,040649","-71,567467",6,5,261,1,1,0,SERVICIO LOCAL DE EDUCACION PUBLICA DE COSTA CENTRAL,Aulas Conectadas 2025,SELECCIONADO,,https://docs.google.com/spreadsheets/d/11EPq1k3dRWyrXfsWJWh405slQ-tyEjJj/edit,https://datosabiertos.mineduc.cl/wp-content/uploads/2025/11/Directorio-Oficial-EE-2025.rar
selected,1703,ESCUELA PRESIDENTE JOSÉ MANUEL BALMACEDA,ESCUELA PRESIDENTE JOSE MANUEL BALMACEDA,5,VALPO,5109,VIÑA DEL MAR,0,"-33,025101","-71,569817",6,5,201,1,1,0,SERVICIO LOCAL DE EDUCACION PUBLICA DE COSTA CENTRAL,Aulas Conectadas 2025,SELECCIONADO,,https://docs.google.com/spreadsheets/d/11EPq1k3dRWyrXfsWJWh405slQ-tyEjJj/edit,https://datosabiertos.mineduc.cl/wp-content/uploads/2025/11/Directorio-Oficial-EE-2025.rar
selected,1704,ESCUELA BÁSICA JOHN KENNEDY,ESCUELA BASICA JOHN KENNEDY,5,VALPO,5109,VIÑA DEL MAR,0,"-33,035591","-71,502678",6,5,189,1,1,0,SERVICIO LOCAL DE EDUCACION PUBLICA DE COSTA CENTRAL,Aulas Conectadas 2025,SELECCIONADO,,https://docs.google.com/spreadsheets/d/11EPq1k3dRWyrXfsWJWh405slQ-tyEjJj/edit,https://datosabiertos.mineduc.cl/wp-content/uploads/2025/11/Directorio-Oficial-EE-2025.rar
selected,1705,ESCUELA PRESIDENTE SALVADOR ALLENDE,ESCUELA PRESIDENTE SALVADOR ALLENDE,5,VALPO,5109,VIÑA DEL MAR,0,"-32,99501","-71,50383",6,5,234,1,1,0,SERVICIO LOCAL DE EDUCACION PUBLICA DE COSTA CENTRAL,Aulas Conectadas 2025,SELECCIONADO,,https://docs.google.com/spreadsheets/d/11EPq1k3dRWyrXfsWJWh405slQ-tyEjJj/edit,https://datosabiertos.mineduc.cl/wp-content/uploads/2025/11/Directorio-Oficial-EE-2025.rar
selected,1707,ESCUELA MINISTRO ZENTENO,ESCUELA MINISTRO ZENTENO,5,VALPO,5109,VIÑA DEL MAR,0,"-33,009571","-71,505089",6,5,195,1,1,0,SERVICIO LOCAL DE EDUCACION PUBLICA DE COSTA CENTRAL,Aulas Conectadas 2025,SELECCIONADO,,https://docs.google.com/spreadsheets/d/11EPq1k3dRWyrXfsWJWh405slQ-tyEjJj/edit,https://datosabiertos.mineduc.cl/wp-content/uploads/2025/11/Directorio-Oficial-EE-2025.rar
selected,1708,ESCUELA ENRIQUE CARDENAS RIVERA,ESCUELA ENRIQUE CARDENAS RIVERA,5,VALPO,5109,VIÑA DEL MAR,0,"-32,994518","-71,485519",6,5,180,1,1,0,SERVICIO LOCAL DE EDUCACION PUBLICA DE COSTA CENTRAL,Aulas Conectadas 2025,SELECCIONADO,,https://docs.google.com/spreadsheets/d/11EPq1k3dRWyrXfsWJWh405slQ-tyEjJj/edit,https://datosabiertos.mineduc.cl/wp-content/uploads/2025/11/Directorio-Oficial-EE-2025.rar
selected,1712,ESCUELA VILLA MONTE,ESCUELA VILLA MONTE,5,VALPO,5109,VIÑA DEL MAR,0,"-33,04427","-71,558472",6,5,201,1,1,0,SERVICIO LOCAL DE EDUCACION PUBLICA DE COSTA CENTRAL,Aulas Conectadas 2025,SELECCIONADO,,https://docs.google.com/spreadsheets/d/11EPq1k3dRWyrXfsWJWh405slQ-tyEjJj/edit,https://datosabiertos.mineduc.cl/wp-content/uploads/2025/11/Directorio-Oficial-EE-2025.rar
selected,1718,ESCUELA EDUARDO LEZANA PINCHEIRA,ESCUELA EDUARDO LEZANA PINCHEIRA,5,VALPO,5109,VIÑA DEL MAR,0,"-32,988831","-71,494431",6,5,184,1,1,0,SERVICIO LOCAL DE EDUCACION PUBLICA DE COSTA CENTRAL,Aulas Conectadas 2025,SELECCIONADO,,https://docs.google.com/spreadsheets/d/11EPq1k3dRWyrXfsWJWh405slQ-tyEjJj/edit,https://datosabiertos.mineduc.cl/wp-content/uploads/2025/11/Directorio-Oficial-EE-2025.rar
selected,1720,ESCUELA MARCELA PAZ,ESCUELA MARCELA PAZ,5,VALPO,5109,VIÑA DEL MAR,0,"-33,031891","-71,557411",6,5,178,1,1,0,SERVICIO LOCAL DE EDUCACION PUBLICA DE COSTA CENTRAL,Aulas Conectadas 2025,SELECCIONADO,,https://docs.google.com/spreadsheets/d/11EPq1k3dRWyrXfsWJWh405slQ-tyEjJj/edit,https://datosabiertos.mineduc.cl/wp-content/uploads/2025/11/Directorio-Oficial-EE-2025.rar
selected,1721,ESCUELA BÁSICA REPÚBLICA DEL LIBANO,ESCUELA BASICA REPUBLICA DEL LIBANO,5,VALPO,5109,VIÑA DEL MAR,0,"-33,017021","-71,506943",6,5,169,1,1,0,SERVICIO LOCAL DE EDUCACION PUBLICA DE COSTA CENTRAL,Aulas Conectadas 2025,SELECCIONADO,,https://docs.google.com/spreadsheets/d/11EPq1k3dRWyrXfsWJWh405slQ-tyEjJj/edit,https://datosabiertos.mineduc.cl/wp-content/uploads/2025/11/Directorio-Oficial-EE-2025.rar
selected,1724,ESCUELA PRESIDENTE EDUARDO FREI MONTALVA,ESCUELA PRESIDENTE EDUARDO FREI MONTALVA,5,VALPO,5109,VIÑA DEL MAR,0,"-33,037529","-71,547432",6,5,349,1,1,0,SERVICIO LOCAL DE EDUCACION PUBLICA DE COSTA CENTRAL,Aulas Conectadas 2025,SELECCIONADO,,https://docs.google.com/spreadsheets/d/11EPq1k3dRWyrXfsWJWh405slQ-tyEjJj/edit,https://datosabiertos.mineduc.cl/wp-content/uploads/2025/11/Directorio-Oficial-EE-2025.rar
selected,1855,ESCUELA BÁSICA REPÚBLICA DE FRANCIA,ESCUELA BASICA REPUBLICA DE FRANCIA,5,VALPO,5107,QUINTERO,0,"-32,79121","-71,530838",6,5,593,1,1,0,SERVICIO LOCAL DE EDUCACION PUBLICA DE COSTA CENTRAL,Aulas Conectadas 2025,SELECCIONADO,,https://docs.google.com/spreadsheets/d/11EPq1k3dRWyrXfsWJWh405slQ-tyEjJj/edit,https://datosabiertos.mineduc.cl/wp-content/uploads/2025/11/Directorio-Oficial-EE-2025.rar
selected,1864,COMPLEJO EDUCACIÓNAL SARGENTO ALDEA,COMPLEJO EDUCACIONAL SARGENTO ALDEA,5,VALPO,5105,PUCHUNCAVÍ,0,"-32,742229","-71,485863",6,5,835,1,1,1,SERVICIO LOCAL DE EDUCACION PUBLICA DE COSTA CENTRAL,Aulas Conectadas 2025,SELECCIONADO,,https://docs.google.com/spreadsheets/d/11EPq1k3dRWyrXfsWJWh405slQ-tyEjJj/edit,https://datosabiertos.mineduc.cl/wp-content/uploads/2025/11/Directorio-Oficial-EE-2025.rar
selected,1867,COLEGIO LA GREDA,COLEGIO LA GREDA,5,VALPO,5105,PUCHUNCAVÍ,1,"-32,736931","-71,462547",6,5,361,1,1,0,SERVICIO LOCAL DE EDUCACION PUBLICA DE COSTA CENTRAL,Aulas Conectadas 2025,SELECCIONADO,,https://docs.google.com/spreadsheets/d/11EPq1k3dRWyrXfsWJWh405slQ-tyEjJj/edit,https://datosabiertos.mineduc.cl/wp-content/uploads/2025/11/Directorio-Oficial-EE-2025.rar
selected,1868,ESCUELA LA CHOCOTA,ESCUELA LA CHOCOTA,5,VALPO,5105,PUCHUNCAVÍ,0,"-32,730309","-71,487511",6,5,299,1,1,0,SERVICIO LOCAL DE EDUCACION PUBLICA DE COSTA CENTRAL,Aulas Conectadas 2025,SELECCIONADO,,https://docs.google.com/spreadsheets/d/11EPq1k3dRWyrXfsWJWh405slQ-tyEjJj/edit,https://datosabiertos.mineduc.cl/wp-content/uploads/2025/11/Directorio-Oficial-EE-2025.rar
selected,1873,ESCUELA HORCÓN,ESCUELA HORCON,5,VALPO,5105,PUCHUNCAVÍ,0,"-32,71315","-71,488373",6,5,209,1,1,0,SERVICIO LOCAL DE EDUCACION PUBLICA DE COSTA CENTRAL,Aulas Conectadas 2025,SELECCIONADO,,https://docs.google.com/spreadsheets/d/11EPq1k3dRWyrXfsWJWh405slQ-tyEjJj/edit,https://datosabiertos.mineduc.cl/wp-content/uploads/2025/11/Directorio-Oficial-EE-2025.rar
selected,1875,COLEGIO MAITENCILLO,COLEGIO MAITENCILLO,5,VALPO,5105,PUCHUNCAVÍ,0,"-32,645981","-71,43158",6,5,238,1,1,0,SERVICIO LOCAL DE EDUCACION PUBLICA DE COSTA CENTRAL,Aulas Conectadas 2025,SELECCIONADO,,https://docs.google.com/spreadsheets/d/11EPq1k3dRWyrXfsWJWh405slQ-tyEjJj/edit,https://datosabiertos.mineduc.cl/wp-content/uploads/2025/11/Directorio-Oficial-EE-2025.rar
selected,1888,ESC. CDTE. ELEUTERIO RAMÍREZ MOLINA,ESC.CDTE. ELEUTERIO RAMIREZ MOLINA,5,VALPO,5801,QUILPUÉ,0,"-33,058861","-71,424477",1,1,265,1,1,0,CORP. MUNICIPAL DE EDUCACION DE QUILPUE,Aulas Conectadas 2025,SELECCIONADO,,https://docs.google.com/spreadsheets/d/11EPq1k3dRWyrXfsWJWh405slQ-tyEjJj/edit,https://datosabiertos.mineduc.cl/wp-content/uploads/2025/11/Directorio-Oficial-EE-2025.rar
selected,1889,COLEGIO FERNANDO DURAN VILLARREAL,COLEGIO FERNANDO DURAN VILLARREAL,5,VALPO,5801,QUILPUÉ,0,"-33,04612","-71,452454",1,1,419,1,1,0,CORP. MUNICIPAL DE EDUCACION DE QUILPUE,Aulas Conectadas 2025,SELECCIONADO,,https://docs.google.com/spreadsheets/d/11EPq1k3dRWyrXfsWJWh405slQ-tyEjJj/edit,https://datosabiertos.mineduc.cl/wp-content/uploads/2025/11/Directorio-Oficial-EE-2025.rar
selected,1890,COLEGIO JOSÉ MIGUEL INFANTE,COLEGIO JOSE MIGUEL INFANTE,5,VALPO,5801,QUILPUÉ,0,"-33,036152","-71,44117",1,1,222,1,1,0,CORP. MUNICIPAL DE EDUCACION DE QUILPUE,Aulas Conectadas 2025,SELECCIONADO,,https://docs.google.com/spreadsheets/d/11EPq1k3dRWyrXfsWJWh405slQ-tyEjJj/edit,https://datosabiertos.mineduc.cl/wp-content/uploads/2025/11/Directorio-Oficial-EE-2025.rar
selected,1893,ESCUELA BÁSICA DARÍO SALAS,ESCUELA BASICA DARIO SALAS,5,VALPO,5801,QUILPUÉ,0,"-33,051331","-71,449959",1,1,248,1,1,0,CORP. MUNICIPAL DE EDUCACION DE QUILPUE,Aulas Conectadas 2025,SELECCIONADO,,https://docs.google.com/spreadsheets/d/11EPq1k3dRWyrXfsWJWh405slQ-tyEjJj/edit,https://datosabiertos.mineduc.cl/wp-content/uploads/2025/11/Directorio-Oficial-EE-2025.rar
selected,1898,ESCUELA THEODOR HEUSS,ESCUELA THEODOR HEUSS,5,VALPO,5801,QUILPUÉ,0,"-33,052528","-71,468513",1,1,302,1,1,0,CORP. MUNICIPAL DE EDUCACION DE QUILPUE,Aulas Conectadas 2025,SELECCIONADO,,https://docs.google.com/spreadsheets/d/11EPq1k3dRWyrXfsWJWh405slQ-tyEjJj/edit,https://datosabiertos.mineduc.cl/wp-content/uploads/2025/11/Directorio-Oficial-EE-2025.rar
selected,1899,ESCUELA TENIENTE IGNACIO SERRANO MONTANER,ESCUELA TENIENTE IGNACIO SERRANO MONTANER,5,VALPO,5801,QUILPUÉ,0,"-33,069511","-71,413467",1,1,203,1,1,0,CORP. MUNICIPAL DE EDUCACION DE QUILPUE,Aulas Conectadas 2025,SELECCIONADO,,https://docs.google.com/spreadsheets/d/11EPq1k3dRWyrXfsWJWh405slQ-tyEjJj/edit,https://datosabiertos.mineduc.cl/wp-content/uploads/2025/11/Directorio-Oficial-EE-2025.rar
selected,1963,ESCUELA BÁSICA DIEGO BARROS ARANA,ESCUELA BASICA DIEGO BARROS ARANA,5,VALPO,5804,VILLA ALEMANA,0,"-33,039131","-71,397827",1,1,199,1,1,0,CORP.MUNICIPAL PARA DES.SOCIAL-V.ALEMANA,Aulas Conectadas 2025,SELECCIONADO,,https://docs.google.com/spreadsheets/d/11EPq1k3dRWyrXfsWJWh405slQ-tyEjJj/edit,https://datosabiertos.mineduc.cl/wp-content/uploads/2025/11/Directorio-Oficial-EE-2025.rar
selected,1965,COLEGIO ITALO COMPOSTO SCARPATI,COLEGIO ITALO COMPOSTO SCARPATI,5,VALPO,5804,VILLA ALEMANA,0,"-33,05983","-71,369293",1,1,185,1,1,0,CORP.MUNICIPAL PARA DES.SOCIAL-V.ALEMANA,Aulas Conectadas 2025,SELECCIONADO,,https://docs.google.com/spreadsheets/d/11EPq1k3dRWyrXfsWJWh405slQ-tyEjJj/edit,https://datosabiertos.mineduc.cl/wp-content/uploads/2025/11/Directorio-Oficial-EE-2025.rar
selected,1970,ESCUELA DIEGO PORTALES,ESCUELA DIEGO PORTALES,5,VALPO,5804,VILLA ALEMANA,0,"-33,066391","-71,362427",1,1,230,1,1,0,CORP.MUNICIPAL PARA DES.SOCIAL-V.ALEMANA,Aulas Conectadas 2025,SELECCIONADO,,https://docs.google.com/spreadsheets/d/11EPq1k3dRWyrXfsWJWh405slQ-tyEjJj/edit,https://datosabiertos.mineduc.cl/wp-content/uploads/2025/11/Directorio-Oficial-EE-2025.rar
selected,1975,ESCUELA JUAN BAUTISTA ALBERDI,ESCUELA JUAN BAUTISTA ALBERDI,5,VALPO,5804,VILLA ALEMANA,0,"-33,060169","-71,393303",1,1,210,1,1,0,CORP.MUNICIPAL PARA DES.SOCIAL-V.ALEMANA,Aulas Conectadas 2025,SELECCIONADO,,https://docs.google.com/spreadsheets/d/11EPq1k3dRWyrXfsWJWh405slQ-tyEjJj/edit,https://datosabiertos.mineduc.cl/wp-content/uploads/2025/11/Directorio-Oficial-EE-2025.rar
selected,2017,ESCUELA VILLA LAS DUNAS,ESCUELA VILLA LAS DUNAS,5,VALPO,5601,SAN ANTONIO,0,"-33,60297","-71,609962",2,1,241,1,1,0,ILUSTRE MUNICIPALIDAD DE SAN ANTONIO,Aulas Conectadas 2025,SELECCIONADO,,https://docs.google.com/spreadsheets/d/11EPq1k3dRWyrXfsWJWh405slQ-tyEjJj/edit,https://datosabiertos.mineduc.cl/wp-content/uploads/2025/11/Directorio-Oficial-EE-2025.rar
selected,2022,ESCUELA BÁSICA SAN JOSÉ DE CALASANZ,ESCUELA BASICA SAN JOSE DE CALASANZ,5,VALPO,5601,SAN ANTONIO,0,"-33,597641","-71,603104",2,1,194,1,1,0,ILUSTRE MUNICIPALIDAD DE SAN ANTONIO,Aulas Conectadas 2025,SELECCIONADO,,https://docs.google.com/spreadsheets/d/11EPq1k3dRWyrXfsWJWh405slQ-tyEjJj/edit,https://datosabiertos.mineduc.cl/wp-content/uploads/2025/11/Directorio-Oficial-EE-2025.rar
selected,2024,PROFESOR PEDRO VIVEROS ORMEÑO,PROFESOR PEDRO VIVEROS ORMENO,5,VALPO,5601,SAN ANTONIO,0,"-33,61676","-71,619034",2,1,158,1,1,0,ILUSTRE MUNICIPALIDAD DE SAN ANTONIO,Aulas Conectadas 2025,SELECCIONADO,,https://docs.google.com/spreadsheets/d/11EPq1k3dRWyrXfsWJWh405slQ-tyEjJj/edit,https://datosabiertos.mineduc.cl/wp-content/uploads/2025/11/Directorio-Oficial-EE-2025.rar
selected,2027,ESCUELA POETA HUIDOBRO,ESCUELA POETA HUIDOBRO,5,VALPO,5601,SAN ANTONIO,0,"-33,627621","-71,602257",2,1,162,1,1,0,ILUSTRE MUNICIPALIDAD DE SAN ANTONIO,Aulas Conectadas 2025,SELECCIONADO,,https://docs.google.com/spreadsheets/d/11EPq1k3dRWyrXfsWJWh405slQ-tyEjJj/edit,https://datosabiertos.mineduc.cl/wp-content/uploads/2025/11/Directorio-Oficial-EE-2025.rar
selected,2037,EDUARDO FERNÁNDEZ DE ASTURIAS,EDUARDO FERNANDEZ DE ASTURIAS,5,VALPO,5601,SAN ANTONIO,1,"-33,560631","-71,563889",2,1,188,1,1,0,ILUSTRE MUNICIPALIDAD DE SAN ANTONIO,Aulas Conectadas 2025,SELECCIONADO,,https://docs.google.com/spreadsheets/d/11EPq1k3dRWyrXfsWJWh405slQ-tyEjJj/edit,https://datosabiertos.mineduc.cl/wp-content/uploads/2025/11/Directorio-Oficial-EE-2025.rar
selected,2078,COMPLEJO EDUCACIÓNAL CLARA SOLOVERA,COMPLEJO EDUCACIONAL CLARA SOLOVERA,5,VALPO,5604,EL QUISCO,0,"-33,40221","-71,694206",2,1,721,1,1,1,ILUSTRE MUNICIPALIDAD DE EL QUISCO,Aulas Conectadas 2025,SELECCIONADO,,https://docs.google.com/spreadsheets/d/11EPq1k3dRWyrXfsWJWh405slQ-tyEjJj/edit,https://datosabiertos.mineduc.cl/wp-content/uploads/2025/11/Directorio-Oficial-EE-2025.rar
selected,2081,ESCUELA EL TOTORAL,ESCUELA EL TOTORAL,5,VALPO,5604,EL QUISCO,1,"-33,420509","-71,625443",2,1,618,1,1,0,ILUSTRE MUNICIPALIDAD DE EL QUISCO,Aulas Conectadas 2025,SELECCIONADO,,https://docs.google.com/spreadsheets/d/11EPq1k3dRWyrXfsWJWh405slQ-tyEjJj/edit,https://datosabiertos.mineduc.cl/wp-content/uploads/2025/11/Directorio-Oficial-EE-2025.rar
selected,2091,COLEGIO BICENTENARIO PEOPLE HELP PEOPLE,COLEGIO BICENTENARIO PEOPLE HELP PEOPLE,5,VALPO,5606,SANTO DOMINGO,0,"-33,63533","-71,614159",2,1,1189,1,1,1,ILUSTRE MUNICIPALIDAD DE SANTO DOMINGO,Aulas Conectadas 2025,SELECCIONADO,,https://docs.google.com/spreadsheets/d/11EPq1k3dRWyrXfsWJWh405slQ-tyEjJj/edit,https://datosabiertos.mineduc.cl/wp-content/uploads/2025/11/Directorio-Oficial-EE-2025.rar
selected,2096,ESCUELA BÁSICA CLAUDIO VICUÑA,ESCUELA BASICA CLAUDIO VICUNA,5,VALPO,5606,SANTO DOMINGO,1,"-33,854118","-71,656937",2,1,185,1,1,0,ILUSTRE MUNICIPALIDAD DE SANTO DOMINGO,Aulas Conectadas 2025,SELECCIONADO,,https://docs.google.com/spreadsheets/d/11EPq1k3dRWyrXfsWJWh405slQ-tyEjJj/edit,https://datosabiertos.mineduc.cl/wp-content/uploads/2025/11/Directorio-Oficial-EE-2025.rar
selected,2109,LICEO DE NIÑAS DE RANCAGUA,LICEO DE NIÑAS DE RANCAGUA,6,LGBO,6101,RANCAGUA,0,"-34,170441","-70,741074",1,1,582,1,1,0,CORP MUNICP SERV PUBL TRASP DE RANCAGUA,Aulas Conectadas 2025,SELECCIONADO,,https://docs.google.com/spreadsheets/d/11EPq1k3dRWyrXfsWJWh405slQ-tyEjJj/edit,https://datosabiertos.mineduc.cl/wp-content/uploads/2025/11/Directorio-Oficial-EE-2025.rar
selected,2123,INSTITUTO TECNOLÓGICO MINERO BERNARDO O´HIGGINS,INSTITUTO TECNOLOGICO MINERO BERNARDO OHIGGINS,6,LGBO,6101,RANCAGUA,0,"-34,170891","-70,730087",1,1,808,1,1,1,CORP MUNICP SERV PUBL TRASP DE RANCAGUA,Aulas Conectadas 2025,SELECCIONADO,,https://docs.google.com/spreadsheets/d/11EPq1k3dRWyrXfsWJWh405slQ-tyEjJj/edit,https://datosabiertos.mineduc.cl/wp-content/uploads/2025/11/Directorio-Oficial-EE-2025.rar
selected,2126,COL. JOSÉ A. MANSO DE VELASCO Y S.,COL. JOSE A. MANSO DE VELASCO Y S.,6,LGBO,6101,RANCAGUA,0,"-34,152241","-70,740112",1,1,325,1,1,0,CORP MUNICP SERV PUBL TRASP DE RANCAGUA,Aulas Conectadas 2025,SELECCIONADO,,https://docs.google.com/spreadsheets/d/11EPq1k3dRWyrXfsWJWh405slQ-tyEjJj/edit,https://datosabiertos.mineduc.cl/wp-content/uploads/2025/11/Directorio-Oficial-EE-2025.rar
selected,2140,ESCUELA MUNICIPAL AUGUSTO D´HALMAR,ESCUELA MUNICIPAL AUGUSTO D HALMAR,6,LGBO,6101,RANCAGUA,1,"-34,153481","-70,703789",1,1,285,1,1,0,CORP MUNICP SERV PUBL TRASP DE RANCAGUA,Aulas Conectadas 2025,SELECCIONADO,,https://docs.google.com/spreadsheets/d/11EPq1k3dRWyrXfsWJWh405slQ-tyEjJj/edit,https://datosabiertos.mineduc.cl/wp-content/uploads/2025/11/Directorio-Oficial-EE-2025.rar
selected,2146,COLEGIO MANUEL ROJAS,COLEGIO MANUEL ROJAS,6,LGBO,6101,RANCAGUA,1,"-34,182159","-70,754417",1,1,186,1,1,0,CORP MUNICP SERV PUBL TRASP DE RANCAGUA,Aulas Conectadas 2025,SELECCIONADO,,https://docs.google.com/spreadsheets/d/11EPq1k3dRWyrXfsWJWh405slQ-tyEjJj/edit,https://datosabiertos.mineduc.cl/wp-content/uploads/2025/11/Directorio-Oficial-EE-2025.rar
selected,2147,ESCUELA MUNICIPAL J.M. BALMACEDA,ESCUELA MUNICIPAL J.M. BALMACEDA,6,LGBO,6101,RANCAGUA,1,"-34,151409","-70,766579",1,1,252,1,1,0,CORP MUNICP SERV PUBL TRASP DE RANCAGUA,Aulas Conectadas 2025,SELECCIONADO,,https://docs.google.com/spreadsheets/d/11EPq1k3dRWyrXfsWJWh405slQ-tyEjJj/edit,https://datosabiertos.mineduc.cl/wp-content/uploads/2025/11/Directorio-Oficial-EE-2025.rar
selected,2210,ESCUELA MUNICIPAL VILLA LA COMPAÑÍA,ESCUELA MUNICIPAL VILLA LA COMPANIA,6,LGBO,6106,GRANEROS,1,"-34,078739","-70,683067",2,1,307,1,1,0,ILUSTRE MUNICIPALIDAD DE GRANEROS,Aulas Conectadas 2025,SELECCIONADO,,https://docs.google.com/spreadsheets/d/11EPq1k3dRWyrXfsWJWh405slQ-tyEjJj/edit,https://datosabiertos.mineduc.cl/wp-content/uploads/2025/11/Directorio-Oficial-EE-2025.rar
selected,2234,COLEGIO JESÚS ANDINO,COLEGIO JESUS ANDINO,6,LGBO,6102,CODEGUA,0,"-34,038872","-70,668198",2,1,613,1,1,0,ILUSTRE MUNICIPALIDAD DE CODEGUA,Aulas Conectadas 2025,SELECCIONADO,,https://docs.google.com/spreadsheets/d/11EPq1k3dRWyrXfsWJWh405slQ-tyEjJj/edit,https://datosabiertos.mineduc.cl/wp-content/uploads/2025/11/Directorio-Oficial-EE-2025.rar
selected,2265,ESCUELA BERTA SAAVEDRA SEGURA,ESCUELA BERTA SAAVEDRA SEGURA,6,LGBO,6116,REQUÍNOA,0,"-34,282871","-70,815758",2,1,344,1,1,0,ILUSTRE MUNICIPALIDAD DE REQUINOA,Aulas Conectadas 2025,SELECCIONADO,,https://docs.google.com/spreadsheets/d/11EPq1k3dRWyrXfsWJWh405slQ-tyEjJj/edit,https://datosabiertos.mineduc.cl/wp-content/uploads/2025/11/Directorio-Oficial-EE-2025.rar
selected,2267,ESC. REPÚBLICA DE FRANCIA,ESC. REPUBLICA DE FRANCIA,6,LGBO,6116,REQUÍNOA,1,"-34,22633","-70,784813",2,1,165,1,1,0,ILUSTRE MUNICIPALIDAD DE REQUINOA,Aulas Conectadas 2025,SELECCIONADO,,https://docs.google.com/spreadsheets/d/11EPq1k3dRWyrXfsWJWh405slQ-tyEjJj/edit,https://datosabiertos.mineduc.cl/wp-content/uploads/2025/11/Directorio-Oficial-EE-2025.rar
selected,2275,ESCUELA DAVID DEL CURTO,ESCUELA DAVID DEL CURTO,6,LGBO,6116,REQUÍNOA,1,"-34,26532","-70,805321",2,1,306,1,1,0,ILUSTRE MUNICIPALIDAD DE REQUINOA,Aulas Conectadas 2025,SELECCIONADO,,https://docs.google.com/spreadsheets/d/11EPq1k3dRWyrXfsWJWh405slQ-tyEjJj/edit,https://datosabiertos.mineduc.cl/wp-content/uploads/2025/11/Directorio-Oficial-EE-2025.rar
selected,2279,ESCUELA CANADA,ESCUELA CANADA,6,LGBO,6116,REQUÍNOA,1,"-34,280548","-70,82383",2,1,417,1,1,0,ILUSTRE MUNICIPALIDAD DE REQUINOA,Aulas Conectadas 2025,SELECCIONADO,,https://docs.google.com/spreadsheets/d/11EPq1k3dRWyrXfsWJWh405slQ-tyEjJj/edit,https://datosabiertos.mineduc.cl/wp-content/uploads/2025/11/Directorio-Oficial-EE-2025.rar
selected,2282,COLEGIO MUNICIPAL LO DE LOBO,COLEGIO MUNICIPAL LO DE LOBO,6,LGBO,6115,RENGO,1,"-34,339199","-70,860489",2,1,214,1,1,0,ILUSTRE MUNICIPALIDAD DE RENGO,Aulas Conectadas 2025,SELECCIONADO,,https://docs.google.com/spreadsheets/d/11EPq1k3dRWyrXfsWJWh405slQ-tyEjJj/edit,https://datosabiertos.mineduc.cl/wp-content/uploads/2025/11/Directorio-Oficial-EE-2025.rar
selected,2286,COLEGIO MUNICIPAL LUIS GALDAMES,COLEGIO MUNICIPAL LUIS GALDAMES,6,LGBO,6115,RENGO,0,"-34,400841","-70,855942",2,1,822,1,1,0,ILUSTRE MUNICIPALIDAD DE RENGO,Aulas Conectadas 2025,SELECCIONADO,,https://docs.google.com/spreadsheets/d/11EPq1k3dRWyrXfsWJWh405slQ-tyEjJj/edit,https://datosabiertos.mineduc.cl/wp-content/uploads/2025/11/Directorio-Oficial-EE-2025.rar
selected,2288,ESCUELA CARLOS CONDELL DE LA HAZA,ESCUELA CARLOS CONDELL DE LA HAZA,6,LGBO,6115,RENGO,0,"-34,4123","-70,863197",2,1,189,1,1,0,ILUSTRE MUNICIPALIDAD DE RENGO,Aulas Conectadas 2025,SELECCIONADO,,https://docs.google.com/spreadsheets/d/11EPq1k3dRWyrXfsWJWh405slQ-tyEjJj/edit,https://datosabiertos.mineduc.cl/wp-content/uploads/2025/11/Directorio-Oficial-EE-2025.rar
selected,2292,ESCUELA VICENTE HUIDOBRO,ESCUELA VICENTE HUIDOBRO,6,LGBO,6115,RENGO,0,"-34,41399","-70,858887",2,1,256,1,1,0,ILUSTRE MUNICIPALIDAD DE RENGO,Aulas Conectadas 2025,SELECCIONADO,,https://docs.google.com/spreadsheets/d/11EPq1k3dRWyrXfsWJWh405slQ-tyEjJj/edit,https://datosabiertos.mineduc.cl/wp-content/uploads/2025/11/Directorio-Oficial-EE-2025.rar
selected,2294,COLEGIO MUNICIPAL LA ESMERALDA,COLEGIO MUNICIPAL LA ESMERALDA,6,LGBO,6115,RENGO,1,"-34,330959","-70,900261",2,1,210,1,1,0,ILUSTRE MUNICIPALIDAD DE RENGO,Aulas Conectadas 2025,SELECCIONADO,,https://docs.google.com/spreadsheets/d/11EPq1k3dRWyrXfsWJWh405slQ-tyEjJj/edit,https://datosabiertos.mineduc.cl/wp-content/uploads/2025/11/Directorio-Oficial-EE-2025.rar
selected,2301,COLEGIO MUNICIPAL DE APALTA,COLEGIO MUNICIPAL DE APALTA,6,LGBO,6115,RENGO,1,"-34,339981","-70,865883",2,1,216,1,1,0,ILUSTRE MUNICIPALIDAD DE RENGO,Aulas Conectadas 2025,SELECCIONADO,,https://docs.google.com/spreadsheets/d/11EPq1k3dRWyrXfsWJWh405slQ-tyEjJj/edit,https://datosabiertos.mineduc.cl/wp-content/uploads/2025/11/Directorio-Oficial-EE-2025.rar
selected,2302,ESCUELA BÁSICA VÍCTOR NICOLETTI TAMANINI,ESCUELA BASICA VICTOR NICOLETTI TAMANINI,6,LGBO,6115,RENGO,1,"-34,415218","-70,789139",2,1,189,1,1,0,ILUSTRE MUNICIPALIDAD DE RENGO,Aulas Conectadas 2025,SELECCIONADO,,https://docs.google.com/spreadsheets/d/11EPq1k3dRWyrXfsWJWh405slQ-tyEjJj/edit,https://datosabiertos.mineduc.cl/wp-content/uploads/2025/11/Directorio-Oficial-EE-2025.rar
selected,2312,ESCUELA MUNICIPAL DE PANQUEHUE,ESCUELA MUNICIPAL DE PANQUEHUE,6,LGBO,6109,MALLOA,1,"-34,408791","-70,918793",2,1,241,1,1,0,ILUSTRE MUNICIPALIDAD DE MALLOA,Aulas Conectadas 2025,SELECCIONADO,,https://docs.google.com/spreadsheets/d/11EPq1k3dRWyrXfsWJWh405slQ-tyEjJj/edit,https://datosabiertos.mineduc.cl/wp-content/uploads/2025/11/Directorio-Oficial-EE-2025.rar
selected,2329,LICEO IGNACIO CARRERA PINTO,LICEO IGNACIO CARRERA PINTO,6,LGBO,6117,SAN VICENTE,0,"-34,441521","-71,079399",1,1,1503,1,1,1,CORP DESARROLLO DE SAN VICENTE DE T.T.,Aulas Conectadas 2025,SELECCIONADO,,https://docs.google.com/spreadsheets/d/11EPq1k3dRWyrXfsWJWh405slQ-tyEjJj/edit,https://datosabiertos.mineduc.cl/wp-content/uploads/2025/11/Directorio-Oficial-EE-2025.rar
selected,2334,ESCUELA MUNICIPAL RASTROJOS,ESCUELA MUNICIPAL RASTROJOS,6,LGBO,6117,SAN VICENTE,1,"-34,463638","-71,028313",1,1,159,1,1,0,CORP DESARROLLO DE SAN VICENTE DE T.T.,Aulas Conectadas 2025,SELECCIONADO,,https://docs.google.com/spreadsheets/d/11EPq1k3dRWyrXfsWJWh405slQ-tyEjJj/edit,https://datosabiertos.mineduc.cl/wp-content/uploads/2025/11/Directorio-Oficial-EE-2025.rar
selected,2360,CENTRO EDUCATIVO SIGLO XXI,CENTRO EDUCATIVO SIGLO XXI,6,LGBO,6113,PICHIDEGUA,1,"-34,366261","-71,265259",2,1,177,1,1,0,ILUSTRE MUNICIPALIDAD DE PICHIDEGUA,Aulas Conectadas 2025,SELECCIONADO,,https://docs.google.com/spreadsheets/d/11EPq1k3dRWyrXfsWJWh405slQ-tyEjJj/edit,https://datosabiertos.mineduc.cl/wp-content/uploads/2025/11/Directorio-Oficial-EE-2025.rar
selected,2362,ESCUELA AMELIA LYNCH DE LYON,ESCUELA AMELIA LYNCH DE LYON,6,LGBO,6113,PICHIDEGUA,1,"-34,408218","-71,301964",2,1,230,1,1,0,ILUSTRE MUNICIPALIDAD DE PICHIDEGUA,Aulas Conectadas 2025,SELECCIONADO,,https://docs.google.com/spreadsheets/d/11EPq1k3dRWyrXfsWJWh405slQ-tyEjJj/edit,https://datosabiertos.mineduc.cl/wp-content/uploads/2025/11/Directorio-Oficial-EE-2025.rar
selected,2363,ESCUELA MUNICIPAL DE SAN ROBERTO,ESCUELA MUNICIPAL DE SAN ROBERTO,6,LGBO,6113,PICHIDEGUA,1,"-34,401371","-71,366707",2,1,241,1,1,0,ILUSTRE MUNICIPALIDAD DE PICHIDEGUA,Aulas Conectadas 2025,SELECCIONADO,,https://docs.google.com/spreadsheets/d/11EPq1k3dRWyrXfsWJWh405slQ-tyEjJj/edit,https://datosabiertos.mineduc.cl/wp-content/uploads/2025/11/Directorio-Oficial-EE-2025.rar
selected,2364,ESCUELA REINO DE DINAMARCA,ESCUELA REINO DE DINAMARCA,6,LGBO,6113,PICHIDEGUA,1,"-34,309929","-71,344292",2,1,189,1,1,0,ILUSTRE MUNICIPALIDAD DE PICHIDEGUA,Aulas Conectadas 2025,SELECCIONADO,,https://docs.google.com/spreadsheets/d/11EPq1k3dRWyrXfsWJWh405slQ-tyEjJj/edit,https://datosabiertos.mineduc.cl/wp-content/uploads/2025/11/Directorio-Oficial-EE-2025.rar
selected,2375,LICEO BICENTENARIO LATINOAMERICANO DE PICHIDEGUA,LICEO BICENTENARIO LATINOAMERICANO DE PICHIDEGUA,6,LGBO,6113,PICHIDEGUA,0,"-34,361252","-71,278816",2,1,549,1,1,1,ILUSTRE MUNICIPALIDAD DE PICHIDEGUA,Aulas Conectadas 2025,SELECCIONADO,,https://docs.google.com/spreadsheets/d/11EPq1k3dRWyrXfsWJWh405slQ-tyEjJj/edit,https://datosabiertos.mineduc.cl/wp-content/uploads/2025/11/Directorio-Oficial-EE-2025.rar
selected,2387,ESCUELA MUNICIPAL OSVALDO RUIZ GARCÍA,ESCUELA MUNICIPAL OSVALDO RUIZ GARCIA,6,LGBO,6104,COLTAUCO,0,"-34,293419","-71,089081",2,1,216,1,1,0,ILUSTRE MUNICIPALIDAD DE COLTAUCO,Aulas Conectadas 2025,SELECCIONADO,,https://docs.google.com/spreadsheets/d/11EPq1k3dRWyrXfsWJWh405slQ-tyEjJj/edit,https://datosabiertos.mineduc.cl/wp-content/uploads/2025/11/Directorio-Oficial-EE-2025.rar
selected,2395,ESCUELA MUNICIPAL DE VIÑA LA CRUZ,ESCUELA MUNICIPAL DE VINA LA CRUZ,6,LGBO,6104,COLTAUCO,1,"-34,325329","-71,146057",2,1,151,1,1,0,ILUSTRE MUNICIPALIDAD DE COLTAUCO,Aulas Conectadas 2025,SELECCIONADO,,https://docs.google.com/spreadsheets/d/11EPq1k3dRWyrXfsWJWh405slQ-tyEjJj/edit,https://datosabiertos.mineduc.cl/wp-content/uploads/2025/11/Directorio-Oficial-EE-2025.rar
selected,2409,ESCUELA MUNICIPAL COPEQUEN,ESCUELA MUNICIPAL COPEQUEN,6,LGBO,6103,COINCO,1,"-34,249611","-70,926041",2,1,202,1,1,0,ILUSTRE MUNICIPALIDAD DE COINCO,Aulas Conectadas 2025,SELECCIONADO,,https://docs.google.com/spreadsheets/d/11EPq1k3dRWyrXfsWJWh405slQ-tyEjJj/edit,https://datosabiertos.mineduc.cl/wp-content/uploads/2025/11/Directorio-Oficial-EE-2025.rar
selected,2424,ESCUELA OSVALDO CORREA FUENZALIDA,ESCUELA OSVALDO CORREA FUENZALIDA,6,LGBO,6107,LAS CABRAS,1,"-34,207451","-71,275673",2,1,171,1,1,0,ILUSTRE MUNICIPALIDAD DE LAS CABRAS,Aulas Conectadas 2025,SELECCIONADO,,https://docs.google.com/spreadsheets/d/11EPq1k3dRWyrXfsWJWh405slQ-tyEjJj/edit,https://datosabiertos.mineduc.cl/wp-content/uploads/2025/11/Directorio-Oficial-EE-2025.rar
selected,2425,ESCUELA MUNICIPAL DE LOS AROMOS,ESCUELA MUNICIPAL DE LOS AROMOS,6,LGBO,6107,LAS CABRAS,1,"-34,178028","-71,363297",2,1,208,1,1,0,ILUSTRE MUNICIPALIDAD DE LAS CABRAS,Aulas Conectadas 2025,SELECCIONADO,,https://docs.google.com/spreadsheets/d/11EPq1k3dRWyrXfsWJWh405slQ-tyEjJj/edit,https://datosabiertos.mineduc.cl/wp-content/uploads/2025/11/Directorio-Oficial-EE-2025.rar
selected,2428,ESCUELA REPÚBLICA DE GRECIA,ESCUELA REPUBLICA DE GRECIA,6,LGBO,6107,LAS CABRAS,0,"-34,220421","-71,440163",2,1,304,1,1,0,ILUSTRE MUNICIPALIDAD DE LAS CABRAS,Aulas Conectadas 2025,SELECCIONADO,,https://docs.google.com/spreadsheets/d/11EPq1k3dRWyrXfsWJWh405slQ-tyEjJj/edit,https://datosabiertos.mineduc.cl/wp-content/uploads/2025/11/Directorio-Oficial-EE-2025.rar
selected,2429,COLEGIO INÉS DE SUÁREZ,COLEGIO INES DE SUAREZ,6,LGBO,6107,LAS CABRAS,1,"-34,094021","-71,373611",2,1,299,1,1,0,ILUSTRE MUNICIPALIDAD DE LAS CABRAS,Aulas Conectadas 2025,SELECCIONADO,,https://docs.google.com/spreadsheets/d/11EPq1k3dRWyrXfsWJWh405slQ-tyEjJj/edit,https://datosabiertos.mineduc.cl/wp-content/uploads/2025/11/Directorio-Oficial-EE-2025.rar
selected,2442,LICEO TÉCNICO BICENTENARIO FELISA TOLUP,LICEO TECNICO BICENTENARIO FELISA TOLUP,6,LGBO,6301,SAN FERNANDO,0,"-34,589771","-70,985451",5,4,526,1,0,0,FUND. NACIONAL DEL COMERCIO PARA LA EDUCACION,Aulas Conectadas 2025,SELECCIONADO,,https://docs.google.com/spreadsheets/d/11EPq1k3dRWyrXfsWJWh405slQ-tyEjJj/edit,https://datosabiertos.mineduc.cl/wp-content/uploads/2025/11/Directorio-Oficial-EE-2025.rar
selected,2444,INSTITUTO COMERCIAL ALBERTO VALENZUELA LLANOS DE SAN FERNANDO,INSTITUTO COMERCIAL ALBERTO VALENZUELA LLANOS DE SAN FERNANDO,6,LGBO,6301,SAN FERNANDO,0,"-34,57774","-70,98877",6,5,764,1,1,0,SERVICIO LOCAL DE EDUCACION DE COLCHAGUA,Aulas Conectadas 2025,SELECCIONADO,,https://docs.google.com/spreadsheets/d/11EPq1k3dRWyrXfsWJWh405slQ-tyEjJj/edit,https://datosabiertos.mineduc.cl/wp-content/uploads/2025/11/Directorio-Oficial-EE-2025.rar
selected,2447,LICEO DE HOMBRES NEANDRO SCHILLING,LICEO DE HOMBRES NEANDRO SCHILLING,6,LGBO,6301,SAN FERNANDO,0,"-34,583179","-70,98922",6,5,361,1,1,1,SERVICIO LOCAL DE EDUCACION DE COLCHAGUA,Aulas Conectadas 2025,SELECCIONADO,,https://docs.google.com/spreadsheets/d/11EPq1k3dRWyrXfsWJWh405slQ-tyEjJj/edit,https://datosabiertos.mineduc.cl/wp-content/uploads/2025/11/Directorio-Oficial-EE-2025.rar
selected,2456,ESCUELA OLEGARIO LAZO BAEZA,ESCUELA OLEGARIO LAZO BAEZA,6,LGBO,6301,SAN FERNANDO,0,"-34,59214","-70,987503",6,5,370,1,1,0,SERVICIO LOCAL DE EDUCACION DE COLCHAGUA,Aulas Conectadas 2025,SELECCIONADO,,https://docs.google.com/spreadsheets/d/11EPq1k3dRWyrXfsWJWh405slQ-tyEjJj/edit,https://datosabiertos.mineduc.cl/wp-content/uploads/2025/11/Directorio-Oficial-EE-2025.rar
selected,2457,ESCUELA BÁSICA ISABEL LA CATÓLICA,ESCUELA BASICA ISABEL LA CATOLICA,6,LGBO,6301,SAN FERNANDO,0,"-34,587101","-70,98793",6,5,593,1,1,0,SERVICIO LOCAL DE EDUCACION DE COLCHAGUA,Aulas Conectadas 2025,SELECCIONADO,,https://docs.google.com/spreadsheets/d/11EPq1k3dRWyrXfsWJWh405slQ-tyEjJj/edit,https://datosabiertos.mineduc.cl/wp-content/uploads/2025/11/Directorio-Oficial-EE-2025.rar
selected,2461,ESCUELA VILLA CENTINELA,ESCUELA VILLA CENTINELA,6,LGBO,6301,SAN FERNANDO,0,"-34,575081","-70,994186",6,5,551,1,1,0,SERVICIO LOCAL DE EDUCACION DE COLCHAGUA,Aulas Conectadas 2025,SELECCIONADO,,https://docs.google.com/spreadsheets/d/11EPq1k3dRWyrXfsWJWh405slQ-tyEjJj/edit,https://datosabiertos.mineduc.cl/wp-content/uploads/2025/11/Directorio-Oficial-EE-2025.rar
selected,2462,ESCUELA WASHINGTON OMAR VENEGAS,ESCUELA WASHINGTON OMAR VENEGAS,6,LGBO,6301,SAN FERNANDO,0,"-34,58799","-70,995293",6,5,140,1,1,0,SERVICIO LOCAL DE EDUCACION DE COLCHAGUA,Aulas Conectadas 2025,SELECCIONADO,,https://docs.google.com/spreadsheets/d/11EPq1k3dRWyrXfsWJWh405slQ-tyEjJj/edit,https://datosabiertos.mineduc.cl/wp-content/uploads/2025/11/Directorio-Oficial-EE-2025.rar
selected,2465,ESCUELA CONCENTRAC. RURAL SERGIO VERDUGO HERRERA,ESCUELA CONCENTRAC. RURAL SERGIO VERDUGO HERRERA,6,LGBO,6301,SAN FERNANDO,1,"-34,68578","-70,870323",6,5,252,1,1,0,SERVICIO LOCAL DE EDUCACION DE COLCHAGUA,Aulas Conectadas 2025,SELECCIONADO,,https://docs.google.com/spreadsheets/d/11EPq1k3dRWyrXfsWJWh405slQ-tyEjJj/edit,https://datosabiertos.mineduc.cl/wp-content/uploads/2025/11/Directorio-Oficial-EE-2025.rar
selected,2469,ESCUELA ABRAHAM LINCOLN DE AGUA BUENA,ESCUELA ABRAHAM LINCOLN DE AGUA BUENA,6,LGBO,6301,SAN FERNANDO,1,"-34,650211","-70,853607",6,5,158,1,1,0,SERVICIO LOCAL DE EDUCACION DE COLCHAGUA,Aulas Conectadas 2025,SELECCIONADO,,https://docs.google.com/spreadsheets/d/11EPq1k3dRWyrXfsWJWh405slQ-tyEjJj/edit,https://datosabiertos.mineduc.cl/wp-content/uploads/2025/11/Directorio-Oficial-EE-2025.rar
selected,2487,ESCUELA BAS. FERNANDO ARENAS ALMARZA,ESCUELA BAS.FERNANDO ARENAS ALMARZA,6,LGBO,6303,CHIMBARONGO,0,"-34,713612","-71,045174",6,5,285,1,1,0,SERVICIO LOCAL DE EDUCACION DE COLCHAGUA,Aulas Conectadas 2025,SELECCIONADO,,https://docs.google.com/spreadsheets/d/11EPq1k3dRWyrXfsWJWh405slQ-tyEjJj/edit,https://datosabiertos.mineduc.cl/wp-content/uploads/2025/11/Directorio-Oficial-EE-2025.rar
selected,2488,ESCUELA MUNICIPAL E-456,ESCUELA MUNICIPAL E-456,6,LGBO,6303,CHIMBARONGO,0,"-34,696041","-71,032883",6,5,225,1,1,0,SERVICIO LOCAL DE EDUCACION DE COLCHAGUA,Aulas Conectadas 2025,SELECCIONADO,,https://docs.google.com/spreadsheets/d/11EPq1k3dRWyrXfsWJWh405slQ-tyEjJj/edit,https://datosabiertos.mineduc.cl/wp-content/uploads/2025/11/Directorio-Oficial-EE-2025.rar
selected,2489,ESCUELA BAS. VILLA CONVENTO VIEJO,ESCUELA BAS. VILLA CONVENTO VIEJO,6,LGBO,6303,CHIMBARONGO,1,"-34,720051","-71,053886",6,5,226,1,1,0,SERVICIO LOCAL DE EDUCACION DE COLCHAGUA,Aulas Conectadas 2025,SELECCIONADO,,https://docs.google.com/spreadsheets/d/11EPq1k3dRWyrXfsWJWh405slQ-tyEjJj/edit,https://datosabiertos.mineduc.cl/wp-content/uploads/2025/11/Directorio-Oficial-EE-2025.rar
selected,2492,ESCUELA MUNICIPAL F415 LO GONZÁLEZ,ESCUELA MUNICIPAL F415 LO GONZALEZ,6,LGBO,6303,CHIMBARONGO,1,"-34,66267","-71,001694",6,5,128,1,1,0,SERVICIO LOCAL DE EDUCACION DE COLCHAGUA,Aulas Conectadas 2025,SELECCIONADO,,https://docs.google.com/spreadsheets/d/11EPq1k3dRWyrXfsWJWh405slQ-tyEjJj/edit,https://datosabiertos.mineduc.cl/wp-content/uploads/2025/11/Directorio-Oficial-EE-2025.rar
selected,2495,ESCUELA MUNICIPAL F451 CODEGUA,ESCUELA MUNICIPAL F451 CODEGUA,6,LGBO,6303,CHIMBARONGO,1,"-34,77301","-70,946327",6,5,141,1,1,0,SERVICIO LOCAL DE EDUCACION DE COLCHAGUA,Aulas Conectadas 2025,SELECCIONADO,,https://docs.google.com/spreadsheets/d/11EPq1k3dRWyrXfsWJWh405slQ-tyEjJj/edit,https://datosabiertos.mineduc.cl/wp-content/uploads/2025/11/Directorio-Oficial-EE-2025.rar
selected,2508,ESCUELA SANTA EUGENIA,ESCUELA SANTA EUGENIA,6,LGBO,6303,CHIMBARONGO,1,"-34,678329","-71,003181",6,5,162,1,1,0,SERVICIO LOCAL DE EDUCACION DE COLCHAGUA,Aulas Conectadas 2025,SELECCIONADO,,https://docs.google.com/spreadsheets/d/11EPq1k3dRWyrXfsWJWh405slQ-tyEjJj/edit,https://datosabiertos.mineduc.cl/wp-content/uploads/2025/11/Directorio-Oficial-EE-2025.rar
selected,2518,LICEO SAN FRANCISCO,LICEO SAN FRANCISCO,6,LGBO,6308,PLACILLA,0,"-34,63797","-71,11911",6,5,329,1,1,1,SERVICIO LOCAL DE EDUCACION DE COLCHAGUA,Aulas Conectadas 2025,SELECCIONADO,,https://docs.google.com/spreadsheets/d/11EPq1k3dRWyrXfsWJWh405slQ-tyEjJj/edit,https://datosabiertos.mineduc.cl/wp-content/uploads/2025/11/Directorio-Oficial-EE-2025.rar
selected,2520,ESCUELA MUNICIPAL LA DEHESA,ESCUELA MUNICIPAL LA DEHESA,6,LGBO,6308,PLACILLA,1,"-34,65509","-71,114853",6,5,200,1,1,0,SERVICIO LOCAL DE EDUCACION DE COLCHAGUA,Aulas Conectadas 2025,SELECCIONADO,,https://docs.google.com/spreadsheets/d/11EPq1k3dRWyrXfsWJWh405slQ-tyEjJj/edit,https://datosabiertos.mineduc.cl/wp-content/uploads/2025/11/Directorio-Oficial-EE-2025.rar
selected,2525,COLEGIO BÁSICO CONSOLIDADO,COLEGIO BASICO CONSOLIDADO,6,LGBO,6305,NANCAGUA,0,"-34,650249","-71,204147",6,5,269,1,1,0,SERVICIO LOCAL DE EDUCACION DE COLCHAGUA,Aulas Conectadas 2025,SELECCIONADO,,https://docs.google.com/spreadsheets/d/11EPq1k3dRWyrXfsWJWh405slQ-tyEjJj/edit,https://datosabiertos.mineduc.cl/wp-content/uploads/2025/11/Directorio-Oficial-EE-2025.rar
selected,2527,ESCUELA BÁSICA PUQUILLAY,ESCUELA BÁSICA PUQUILLAY,6,LGBO,6305,NANCAGUA,1,"-34,683891","-71,198029",6,5,162,1,1,0,SERVICIO LOCAL DE EDUCACION DE COLCHAGUA,Aulas Conectadas 2025,SELECCIONADO,,https://docs.google.com/spreadsheets/d/11EPq1k3dRWyrXfsWJWh405slQ-tyEjJj/edit,https://datosabiertos.mineduc.cl/wp-content/uploads/2025/11/Directorio-Oficial-EE-2025.rar
selected,2528,ESCUELA BAS. ADRIANA LYON VIAL,ESCUELA BAS. ADRIANA LYON VIAL,6,LGBO,6305,NANCAGUA,1,"-34,651451","-71,168907",6,5,268,1,1,0,SERVICIO LOCAL DE EDUCACION DE COLCHAGUA,Aulas Conectadas 2025,SELECCIONADO,,https://docs.google.com/spreadsheets/d/11EPq1k3dRWyrXfsWJWh405slQ-tyEjJj/edit,https://datosabiertos.mineduc.cl/wp-content/uploads/2025/11/Directorio-Oficial-EE-2025.rar
selected,2530,LICEO MUNICIPAL JUAN PABLO II,LICEO MUNICIPAL JUAN PABLO II,6,LGBO,6305,NANCAGUA,0,"-34,649879","-71,199463",6,5,513,1,1,1,SERVICIO LOCAL DE EDUCACION DE COLCHAGUA,Aulas Conectadas 2025,SELECCIONADO,,https://docs.google.com/spreadsheets/d/11EPq1k3dRWyrXfsWJWh405slQ-tyEjJj/edit,https://datosabiertos.mineduc.cl/wp-content/uploads/2025/11/Directorio-Oficial-EE-2025.rar
selected,2636,ESCUELA PUEBLO DE VIUDAS,ESCUELA PUEBLO DE VIUDAS,6,LGBO,6201,PICHILEMU,1,"-34,403469","-71,996239",2,1,191,1,1,0,ILUSTRE MUNICIPALIDAD DE PICHILEMU,Aulas Conectadas 2025,SELECCIONADO,,https://docs.google.com/spreadsheets/d/11EPq1k3dRWyrXfsWJWh405slQ-tyEjJj/edit,https://datosabiertos.mineduc.cl/wp-content/uploads/2025/11/Directorio-Oficial-EE-2025.rar
selected,2650,ESCUELA CAHUIL,ESCUELA CAHUIL,6,LGBO,6201,PICHILEMU,1,"-34,482208","-72,011551",2,1,176,1,1,0,ILUSTRE MUNICIPALIDAD DE PICHILEMU,Aulas Conectadas 2025,SELECCIONADO,,https://docs.google.com/spreadsheets/d/11EPq1k3dRWyrXfsWJWh405slQ-tyEjJj/edit,https://datosabiertos.mineduc.cl/wp-content/uploads/2025/11/Directorio-Oficial-EE-2025.rar
selected,2701,LICEO MUNICIPAL INSTITUTO CARDENAL CARO,LICEO MUNICIPAL INSTITUTO CARDENAL CARO,6,LGBO,6204,MARCHIHUE,0,"-34,397259","-71,619331",2,1,339,1,1,1,ILUSTRE MUNICIPALIDAD DE MARCHIGUE,Aulas Conectadas 2025,SELECCIONADO,,https://docs.google.com/spreadsheets/d/11EPq1k3dRWyrXfsWJWh405slQ-tyEjJj/edit,https://datosabiertos.mineduc.cl/wp-content/uploads/2025/11/Directorio-Oficial-EE-2025.rar
selected,2707,ESCUELA MUNICIPAL NÓBELES DE CHILE,ESCUELA MUNICIPAL NOBELES DE CHILE,6,LGBO,6204,MARCHIHUE,1,"-34,35622","-71,735237",2,1,196,1,1,0,ILUSTRE MUNICIPALIDAD DE MARCHIGUE,Aulas Conectadas 2025,SELECCIONADO,,https://docs.google.com/spreadsheets/d/11EPq1k3dRWyrXfsWJWh405slQ-tyEjJj/edit,https://datosabiertos.mineduc.cl/wp-content/uploads/2025/11/Directorio-Oficial-EE-2025.rar
selected,2715,ESC.BÁSICA MERCEDES URZUA DÍAZ,ESC.BASICA MERCEDES URZUA DIAZ,6,LGBO,6206,PAREDONES,0,"-34,643921","-71,899361",2,1,357,1,1,0,ILUSTRE MUNICIPALIDAD DE PAREDONES,Aulas Conectadas 2025,SELECCIONADO,,https://docs.google.com/spreadsheets/d/11EPq1k3dRWyrXfsWJWh405slQ-tyEjJj/edit,https://datosabiertos.mineduc.cl/wp-content/uploads/2025/11/Directorio-Oficial-EE-2025.rar
selected,2730,CENTRO EDUCATIVO INTEGRAL DE CURICÓ (CEIC),CENTRO EDUCATIVO INTEGRAL DE CURICO (CEIC),7,MAULE,7301,CURICÓ,0,"-34,99466324","-71,2441864",2,1,196,1,0,0,ILUSTRE MUNICIPALIDAD DE CURICO,Aulas Conectadas 2025,SELECCIONADO,,https://docs.google.com/spreadsheets/d/11EPq1k3dRWyrXfsWJWh405slQ-tyEjJj/edit,https://datosabiertos.mineduc.cl/wp-content/uploads/2025/11/Directorio-Oficial-EE-2025.rar
selected,2732,LICEO FERNANDO LAZCANO,LICEO FERNANDO LAZCANO,7,MAULE,7301,CURICÓ,0,"-34,985668","-71,24015",2,1,361,1,1,1,ILUSTRE MUNICIPALIDAD DE CURICO,Aulas Conectadas 2025,SELECCIONADO,,https://docs.google.com/spreadsheets/d/11EPq1k3dRWyrXfsWJWh405slQ-tyEjJj/edit,https://datosabiertos.mineduc.cl/wp-content/uploads/2025/11/Directorio-Oficial-EE-2025.rar
selected,2737,COLEGIO POLIVALENTE JAPÓN,COLEGIO POLIVALENTE JAPÓN,7,MAULE,7301,CURICÓ,0,"-34,990822","-71,248871",2,1,229,1,1,1,ILUSTRE MUNICIPALIDAD DE CURICO,Aulas Conectadas 2025,SELECCIONADO,,https://docs.google.com/spreadsheets/d/11EPq1k3dRWyrXfsWJWh405slQ-tyEjJj/edit,https://datosabiertos.mineduc.cl/wp-content/uploads/2025/11/Directorio-Oficial-EE-2025.rar
selected,2748,ESCUELA REPÚBLICA ARGENTINA,ESCUELA REPUBLICA ARGENTINA,7,MAULE,7301,CURICÓ,0,"-34,997002","-71,243202",2,1,173,1,1,0,ILUSTRE MUNICIPALIDAD DE CURICO,Aulas Conectadas 2025,SELECCIONADO,,https://docs.google.com/spreadsheets/d/11EPq1k3dRWyrXfsWJWh405slQ-tyEjJj/edit,https://datosabiertos.mineduc.cl/wp-content/uploads/2025/11/Directorio-Oficial-EE-2025.rar
selected,2756,ESCUELA DIEGO PORTALES P.,ESCUELA DIEGO PORTALES P.,7,MAULE,7301,CURICÓ,1,"-35,124668","-71,147751",2,1,207,1,1,0,ILUSTRE MUNICIPALIDAD DE CURICO,Aulas Conectadas 2025,SELECCIONADO,,https://docs.google.com/spreadsheets/d/11EPq1k3dRWyrXfsWJWh405slQ-tyEjJj/edit,https://datosabiertos.mineduc.cl/wp-content/uploads/2025/11/Directorio-Oficial-EE-2025.rar
selected,2761,ESCUELA LA OBRA,ESCUELA LA OBRA,7,MAULE,7301,CURICÓ,1,"-35,023209","-71,219383",2,1,189,1,1,0,ILUSTRE MUNICIPALIDAD DE CURICO,Aulas Conectadas 2025,SELECCIONADO,,https://docs.google.com/spreadsheets/d/11EPq1k3dRWyrXfsWJWh405slQ-tyEjJj/edit,https://datosabiertos.mineduc.cl/wp-content/uploads/2025/11/Directorio-Oficial-EE-2025.rar
selected,2795,ESCUELA TENO,ESCUELA TENO,7,MAULE,7308,TENO,0,"-34,871998","-71,166489",2,1,498,1,1,0,ILUSTRE MUNICIPALIDAD DE TENO,Aulas Conectadas 2025,SELECCIONADO,,https://docs.google.com/spreadsheets/d/11EPq1k3dRWyrXfsWJWh405slQ-tyEjJj/edit,https://datosabiertos.mineduc.cl/wp-content/uploads/2025/11/Directorio-Oficial-EE-2025.rar
selected,2817,ESCUELA SAN CRISTOBAL,ESCUELA SAN CRISTOBAL,7,MAULE,7308,TENO,1,"-34,882099","-71,147583",2,1,358,1,1,0,ILUSTRE MUNICIPALIDAD DE TENO,Aulas Conectadas 2025,SELECCIONADO,,https://docs.google.com/spreadsheets/d/11EPq1k3dRWyrXfsWJWh405slQ-tyEjJj/edit,https://datosabiertos.mineduc.cl/wp-content/uploads/2025/11/Directorio-Oficial-EE-2025.rar
selected,2836,LICEO JUAN AGUSTÍN MORALES GONZÁLEZ,LICEO JUAN AGUSTIN MORALES GONZALEZ,7,MAULE,7304,MOLINA,0,"-35,05389","-71,27597",2,1,328,1,1,1,ILUSTRE MUNICIPALIDAD DE MOLINA,Aulas Conectadas 2025,SELECCIONADO,,https://docs.google.com/spreadsheets/d/11EPq1k3dRWyrXfsWJWh405slQ-tyEjJj/edit,https://datosabiertos.mineduc.cl/wp-content/uploads/2025/11/Directorio-Oficial-EE-2025.rar
selected,2843,ESCUELA EL PROGRESO,ESCUELA EL PROGRESO,7,MAULE,7304,MOLINA,1,"-35,13237","-71,29026",2,1,210,1,1,0,ILUSTRE MUNICIPALIDAD DE MOLINA,Aulas Conectadas 2025,SELECCIONADO,,https://docs.google.com/spreadsheets/d/11EPq1k3dRWyrXfsWJWh405slQ-tyEjJj/edit,https://datosabiertos.mineduc.cl/wp-content/uploads/2025/11/Directorio-Oficial-EE-2025.rar
selected,2882,LICEO BICENTENARIO HUALAÑE,LICEO BICENTENARIO HUALAÑE,7,MAULE,7302,HUALAÑÉ,0,"-34,975441","-71,80587",2,1,568,1,1,1,ILUSTRE MUNICIPALIDAD DE HUALANE,Aulas Conectadas 2025,SELECCIONADO,,https://docs.google.com/spreadsheets/d/11EPq1k3dRWyrXfsWJWh405slQ-tyEjJj/edit,https://datosabiertos.mineduc.cl/wp-content/uploads/2025/11/Directorio-Oficial-EE-2025.rar
selected,2894,ESCUELA AMELIA VIAL DE CONCHA,ESCUELA AMELIA VIAL DE CONCHA,7,MAULE,7302,HUALAÑÉ,1,"-35,026932","-71,72464",2,1,211,1,1,0,ILUSTRE MUNICIPALIDAD DE HUALANE,Aulas Conectadas 2025,SELECCIONADO,,https://docs.google.com/spreadsheets/d/11EPq1k3dRWyrXfsWJWh405slQ-tyEjJj/edit,https://datosabiertos.mineduc.cl/wp-content/uploads/2025/11/Directorio-Oficial-EE-2025.rar
selected,2917,ESCUELA RAUCO,ESCUELA RAUCO,7,MAULE,7305,RAUCO,0,"-34,925701","-71,316551",2,1,273,1,1,0,ILUSTRE MUNICIPALIDAD DE RAUCO,Aulas Conectadas 2025,SELECCIONADO,,https://docs.google.com/spreadsheets/d/11EPq1k3dRWyrXfsWJWh405slQ-tyEjJj/edit,https://datosabiertos.mineduc.cl/wp-content/uploads/2025/11/Directorio-Oficial-EE-2025.rar
selected,2920,ESCUELA LUIS LEYTON RUBIO,ESCUELA LUIS LEYTON RUBIO,7,MAULE,7305,RAUCO,1,"-34,95623","-71,345718",2,1,257,1,1,0,ILUSTRE MUNICIPALIDAD DE RAUCO,Aulas Conectadas 2025,SELECCIONADO,,https://docs.google.com/spreadsheets/d/11EPq1k3dRWyrXfsWJWh405slQ-tyEjJj/edit,https://datosabiertos.mineduc.cl/wp-content/uploads/2025/11/Directorio-Oficial-EE-2025.rar
selected,2927,ESCUELA EL PLUMERO,ESCUELA EL PLUMERO,7,MAULE,7305,RAUCO,1,"-34,8815","-71,266518",2,1,196,1,1,0,ILUSTRE MUNICIPALIDAD DE RAUCO,Aulas Conectadas 2025,SELECCIONADO,,https://docs.google.com/spreadsheets/d/11EPq1k3dRWyrXfsWJWh405slQ-tyEjJj/edit,https://datosabiertos.mineduc.cl/wp-content/uploads/2025/11/Directorio-Oficial-EE-2025.rar
selected,2931,ESCUELA INÉS SYLVESTER DE ARTOZÓN,ESCUELA INÉS SYLVESTER DE ARTOZÓN,7,MAULE,7101,TALCA,0,"-35,42910004","-71,65167236",2,1,127,1,0,0,ILUSTRE MUNICIPALIDAD DE TALCA,Aulas Conectadas 2025,SELECCIONADO,,https://docs.google.com/spreadsheets/d/11EPq1k3dRWyrXfsWJWh405slQ-tyEjJj/edit,https://datosabiertos.mineduc.cl/wp-content/uploads/2025/11/Directorio-Oficial-EE-2025.rar
selected,2939,LICEO BICENTENARIO DIEGO PORTALES,LICEO BICENTENARIO DIEGO PORTALES,7,MAULE,7101,TALCA,0,"-35,42112","-71,670563",2,1,372,1,1,1,ILUSTRE MUNICIPALIDAD DE TALCA,Aulas Conectadas 2025,SELECCIONADO,,https://docs.google.com/spreadsheets/d/11EPq1k3dRWyrXfsWJWh405slQ-tyEjJj/edit,https://datosabiertos.mineduc.cl/wp-content/uploads/2025/11/Directorio-Oficial-EE-2025.rar
selected,2941,ESCUELA HERMANO GUIDO GOOSSENS,ESCUELA HERMANO GUIDO GOOSSENS,7,MAULE,7101,TALCA,0,"-35,442829","-71,655586",2,1,206,1,1,0,ILUSTRE MUNICIPALIDAD DE TALCA,Aulas Conectadas 2025,SELECCIONADO,,https://docs.google.com/spreadsheets/d/11EPq1k3dRWyrXfsWJWh405slQ-tyEjJj/edit,https://datosabiertos.mineduc.cl/wp-content/uploads/2025/11/Directorio-Oficial-EE-2025.rar
selected,2951,ESCUELA LA FLORIDA,ESCUELA LA FLORIDA,7,MAULE,7101,TALCA,0,"-35,435249","-71,682747",2,1,185,1,1,0,ILUSTRE MUNICIPALIDAD DE TALCA,Aulas Conectadas 2025,SELECCIONADO,,https://docs.google.com/spreadsheets/d/11EPq1k3dRWyrXfsWJWh405slQ-tyEjJj/edit,https://datosabiertos.mineduc.cl/wp-content/uploads/2025/11/Directorio-Oficial-EE-2025.rar
selected,2955,ESCUELA FELIPE CUBILLOS BRILLA EL SOL,ESCUELA FELIPE CUBILLOS BRILLA EL SOL,7,MAULE,7101,TALCA,0,"-35,440639","-71,661438",2,1,186,1,1,0,ILUSTRE MUNICIPALIDAD DE TALCA,Aulas Conectadas 2025,SELECCIONADO,,https://docs.google.com/spreadsheets/d/11EPq1k3dRWyrXfsWJWh405slQ-tyEjJj/edit,https://datosabiertos.mineduc.cl/wp-content/uploads/2025/11/Directorio-Oficial-EE-2025.rar
selected,2959,LORENZO VAROLI GHERARDI,LORENZO VAROLI GHERARDI,7,MAULE,7101,TALCA,0,"-35,434929","-71,64135",2,1,269,1,1,0,ILUSTRE MUNICIPALIDAD DE TALCA,Aulas Conectadas 2025,SELECCIONADO,,https://docs.google.com/spreadsheets/d/11EPq1k3dRWyrXfsWJWh405slQ-tyEjJj/edit,https://datosabiertos.mineduc.cl/wp-content/uploads/2025/11/Directorio-Oficial-EE-2025.rar
selected,2966,ESCUELA COSTANERA,ESCUELA COSTANERA,7,MAULE,7101,TALCA,0,"-35,436501","-71,658882",2,1,181,1,1,0,ILUSTRE MUNICIPALIDAD DE TALCA,Aulas Conectadas 2025,SELECCIONADO,,https://docs.google.com/spreadsheets/d/11EPq1k3dRWyrXfsWJWh405slQ-tyEjJj/edit,https://datosabiertos.mineduc.cl/wp-content/uploads/2025/11/Directorio-Oficial-EE-2025.rar
selected,2975,ESCUELA HUILQUILEMU,ESCUELA HUILQUILEMU,7,MAULE,7101,TALCA,1,"-35,460899","-71,578033",2,1,205,1,1,0,ILUSTRE MUNICIPALIDAD DE TALCA,Aulas Conectadas 2025,SELECCIONADO,,https://docs.google.com/spreadsheets/d/11EPq1k3dRWyrXfsWJWh405slQ-tyEjJj/edit,https://datosabiertos.mineduc.cl/wp-content/uploads/2025/11/Directorio-Oficial-EE-2025.rar
selected,2977,ESCUELA VIÑA PURISIMA,ESCUELA VINA PURISIMA,7,MAULE,7101,TALCA,1,"-35,431179","-71,518204",2,1,239,1,1,0,ILUSTRE MUNICIPALIDAD DE TALCA,Aulas Conectadas 2025,SELECCIONADO,,https://docs.google.com/spreadsheets/d/11EPq1k3dRWyrXfsWJWh405slQ-tyEjJj/edit,https://datosabiertos.mineduc.cl/wp-content/uploads/2025/11/Directorio-Oficial-EE-2025.rar
selected,3110,COMPLEJO EDUCACIÓNAL MAULE,COMPLEJO EDUCACIONAL MAULE,7,MAULE,7105,MAULE,0,"-35,524601","-71,693077",2,1,569,1,1,0,ILUSTRE MUNICIPALIDAD DE MAULE,Aulas Conectadas 2025,SELECCIONADO,,https://docs.google.com/spreadsheets/d/11EPq1k3dRWyrXfsWJWh405slQ-tyEjJj/edit,https://datosabiertos.mineduc.cl/wp-content/uploads/2025/11/Directorio-Oficial-EE-2025.rar
selected,3113,ESCUELA COLÍN,ESCUELA COLIN,7,MAULE,7105,MAULE,1,"-35,475319","-71,743027",2,1,238,1,1,0,ILUSTRE MUNICIPALIDAD DE MAULE,Aulas Conectadas 2025,SELECCIONADO,,https://docs.google.com/spreadsheets/d/11EPq1k3dRWyrXfsWJWh405slQ-tyEjJj/edit,https://datosabiertos.mineduc.cl/wp-content/uploads/2025/11/Directorio-Oficial-EE-2025.rar
selected,3114,ESCUELA CHACARILLA,ESCUELA CHACARILLA,7,MAULE,7105,MAULE,1,"-35,483181","-71,65654",2,1,245,1,1,0,ILUSTRE MUNICIPALIDAD DE MAULE,Aulas Conectadas 2025,SELECCIONADO,,https://docs.google.com/spreadsheets/d/11EPq1k3dRWyrXfsWJWh405slQ-tyEjJj/edit,https://datosabiertos.mineduc.cl/wp-content/uploads/2025/11/Directorio-Oficial-EE-2025.rar
selected,3117,ESCUELA RURAL NUMPAY,ESCUELA RURAL NUMPAY,7,MAULE,7105,MAULE,1,"-35,490711","-71,705429",2,1,235,1,1,0,ILUSTRE MUNICIPALIDAD DE MAULE,Aulas Conectadas 2025,SELECCIONADO,,https://docs.google.com/spreadsheets/d/11EPq1k3dRWyrXfsWJWh405slQ-tyEjJj/edit,https://datosabiertos.mineduc.cl/wp-content/uploads/2025/11/Directorio-Oficial-EE-2025.rar
selected,3166,ESCUELA ENRIQUE DONN MULLER,ESCUELA ENRIQUE DONN MULLER,7,MAULE,7102,CONSTITUCIÓN,0,"-35,333672","-72,407028",6,5,519,1,1,0,SERVICIO LOCAL DE EDUCACIÓN PÚBLICA DE MAULE COSTA,Aulas Conectadas 2025,SELECCIONADO,,https://docs.google.com/spreadsheets/d/11EPq1k3dRWyrXfsWJWh405slQ-tyEjJj/edit,https://datosabiertos.mineduc.cl/wp-content/uploads/2025/11/Directorio-Oficial-EE-2025.rar
selected,3168,ESCUELA SUPERIOR NUEVA BILBAO,ESCUELA SUPERIOR NUEVA BILBAO,7,MAULE,7102,CONSTITUCIÓN,0,"-35,338749","-72,400169",6,5,253,1,1,0,SERVICIO LOCAL DE EDUCACIÓN PÚBLICA DE MAULE COSTA,Aulas Conectadas 2025,SELECCIONADO,,https://docs.google.com/spreadsheets/d/11EPq1k3dRWyrXfsWJWh405slQ-tyEjJj/edit,https://datosabiertos.mineduc.cl/wp-content/uploads/2025/11/Directorio-Oficial-EE-2025.rar
selected,3169,ESCUELA CERRO ALTO JOSÉ OPAZO DÍAZ,ESCUELA CERRO ALTO JOSE OPAZO DIAZ,7,MAULE,7102,CONSTITUCIÓN,0,"-35,343578","-72,416267",6,5,505,1,1,0,SERVICIO LOCAL DE EDUCACIÓN PÚBLICA DE MAULE COSTA,Aulas Conectadas 2025,SELECCIONADO,,https://docs.google.com/spreadsheets/d/11EPq1k3dRWyrXfsWJWh405slQ-tyEjJj/edit,https://datosabiertos.mineduc.cl/wp-content/uploads/2025/11/Directorio-Oficial-EE-2025.rar
selected,3172,LICEO BICENTENARIO DE EXCELENCIA TECNICO PROFESIONAL PUTÚ,LICEO BICENTENARIO DE EXCELENCIA TECNICO PROFESIONAL PUTÚ,7,MAULE,7102,CONSTITUCIÓN,1,"-35,2136","-72,285896",6,5,514,1,1,1,SERVICIO LOCAL DE EDUCACIÓN PÚBLICA DE MAULE COSTA,Aulas Conectadas 2025,SELECCIONADO,,https://docs.google.com/spreadsheets/d/11EPq1k3dRWyrXfsWJWh405slQ-tyEjJj/edit,https://datosabiertos.mineduc.cl/wp-content/uploads/2025/11/Directorio-Oficial-EE-2025.rar
selected,3173,LICEO RURAL ENRIQUE MAC IVER,LICEO RURAL ENRIQUE MAC IVER,7,MAULE,7102,CONSTITUCIÓN,1,"-35,45433","-72,273872",6,5,682,1,1,1,SERVICIO LOCAL DE EDUCACIÓN PÚBLICA DE MAULE COSTA,Aulas Conectadas 2025,SELECCIONADO,,https://docs.google.com/spreadsheets/d/11EPq1k3dRWyrXfsWJWh405slQ-tyEjJj/edit,https://datosabiertos.mineduc.cl/wp-content/uploads/2025/11/Directorio-Oficial-EE-2025.rar
selected,3185,ESCUELA COSTA BLANCA,ESCUELA COSTA BLANCA,7,MAULE,7102,CONSTITUCIÓN,1,"-35,478","-72,5071",6,5,223,1,1,0,SERVICIO LOCAL DE EDUCACIÓN PÚBLICA DE MAULE COSTA,Aulas Conectadas 2025,SELECCIONADO,,https://docs.google.com/spreadsheets/d/11EPq1k3dRWyrXfsWJWh405slQ-tyEjJj/edit,https://datosabiertos.mineduc.cl/wp-content/uploads/2025/11/Directorio-Oficial-EE-2025.rar
selected,3255,ESCUELA SANTA BARBARA,ESCUELA SANTA BARBARA,7,MAULE,7401,LINARES,0,"-35,836979","-71,594177",2,1,163,1,1,0,ILUSTRE MUNICIPALIDAD DE LINARES,Aulas Conectadas 2025,SELECCIONADO,,https://docs.google.com/spreadsheets/d/11EPq1k3dRWyrXfsWJWh405slQ-tyEjJj/edit,https://datosabiertos.mineduc.cl/wp-content/uploads/2025/11/Directorio-Oficial-EE-2025.rar
selected,3257,ESCUELA ALEJANDRO GIDI,ESCUELA ALEJANDRO GIDI,7,MAULE,7401,LINARES,0,"-35,841541","-71,576698",2,1,157,1,1,0,ILUSTRE MUNICIPALIDAD DE LINARES,Aulas Conectadas 2025,SELECCIONADO,,https://docs.google.com/spreadsheets/d/11EPq1k3dRWyrXfsWJWh405slQ-tyEjJj/edit,https://datosabiertos.mineduc.cl/wp-content/uploads/2025/11/Directorio-Oficial-EE-2025.rar
selected,3260,ESCUELA LOS LEONES,ESCUELA LOS LEONES,7,MAULE,7401,LINARES,0,"-35,84552","-71,584953",2,1,185,1,1,0,ILUSTRE MUNICIPALIDAD DE LINARES,Aulas Conectadas 2025,SELECCIONADO,,https://docs.google.com/spreadsheets/d/11EPq1k3dRWyrXfsWJWh405slQ-tyEjJj/edit,https://datosabiertos.mineduc.cl/wp-content/uploads/2025/11/Directorio-Oficial-EE-2025.rar
selected,3356,ESCUELA CARDENAL JOSÉ MARÍA CARO,ESCUELA CARDENAL JOSE MARIA CARO,7,MAULE,7403,LONGAVÍ,1,"-36,0233165075037","-71,6207776910847",2,1,300,1,1,0,ILUSTRE MUNICIPALIDAD DE LONGAVI,Aulas Conectadas 2025,SELECCIONADO,,https://docs.google.com/spreadsheets/d/11EPq1k3dRWyrXfsWJWh405slQ-tyEjJj/edit,https://datosabiertos.mineduc.cl/wp-content/uploads/2025/11/Directorio-Oficial-EE-2025.rar
selected,3382,ESCUELA PEDRO ALESSANDRI VARGAS,ESCUELA PEDRO ALESSANDRI VARGAS,7,MAULE,7403,LONGAVÍ,1,"-36,087749","-71,622726",2,1,220,1,1,0,ILUSTRE MUNICIPALIDAD DE LONGAVI,Aulas Conectadas 2025,SELECCIONADO,,https://docs.google.com/spreadsheets/d/11EPq1k3dRWyrXfsWJWh405slQ-tyEjJj/edit,https://datosabiertos.mineduc.cl/wp-content/uploads/2025/11/Directorio-Oficial-EE-2025.rar
selected,3389,ESCUELA SANTIAGO URRUTIA BENAVENTE,ESCUELA SANTIAGO URRUTIA BENAVENTE,7,MAULE,7404,PARRAL,0,"-36,13473","-71,839239",2,1,175,1,1,0,ILUSTRE MUNICIPALIDAD DE PARRAL,Aulas Conectadas 2025,SELECCIONADO,,https://docs.google.com/spreadsheets/d/11EPq1k3dRWyrXfsWJWh405slQ-tyEjJj/edit,https://datosabiertos.mineduc.cl/wp-content/uploads/2025/11/Directorio-Oficial-EE-2025.rar
selected,3393,ESCUELA ARRAU MÉNDEZ,ESCUELA ARRAU MENDEZ,7,MAULE,7404,PARRAL,0,"-36,144032","-71,837097",2,1,264,1,1,0,ILUSTRE MUNICIPALIDAD DE PARRAL,Aulas Conectadas 2025,SELECCIONADO,,https://docs.google.com/spreadsheets/d/11EPq1k3dRWyrXfsWJWh405slQ-tyEjJj/edit,https://datosabiertos.mineduc.cl/wp-content/uploads/2025/11/Directorio-Oficial-EE-2025.rar
selected,3396,ESCUELA JUANITA ZUÑIGA FUENTES,ESCUELA JUANITA ZUNIGA FUENTES,7,MAULE,7404,PARRAL,0,"-36,13949203","-71,82733154",2,1,176,1,1,0,ILUSTRE MUNICIPALIDAD DE PARRAL,Aulas Conectadas 2025,SELECCIONADO,,https://docs.google.com/spreadsheets/d/11EPq1k3dRWyrXfsWJWh405slQ-tyEjJj/edit,https://datosabiertos.mineduc.cl/wp-content/uploads/2025/11/Directorio-Oficial-EE-2025.rar
selected,3398,ESCUELA JOSÉ MATTA CALLEJÓN,ESCUELA JOSE MATTA CALLEJON,7,MAULE,7404,PARRAL,0,"-36,133331","-71,81987",2,1,256,1,1,0,ILUSTRE MUNICIPALIDAD DE PARRAL,Aulas Conectadas 2025,SELECCIONADO,,https://docs.google.com/spreadsheets/d/11EPq1k3dRWyrXfsWJWh405slQ-tyEjJj/edit,https://datosabiertos.mineduc.cl/wp-content/uploads/2025/11/Directorio-Oficial-EE-2025.rar
selected,3434,LICEO GUILLERMO MARÍN LARRAÍN,LICEO GUILLERMO MARIN LARRAIN,7,MAULE,7405,RETIRO,0,"-36,056702","-71,762657",2,1,884,1,1,1,ILUSTRE MUNICIPALIDAD DE RETIRO,Aulas Conectadas 2025,SELECCIONADO,,https://docs.google.com/spreadsheets/d/11EPq1k3dRWyrXfsWJWh405slQ-tyEjJj/edit,https://datosabiertos.mineduc.cl/wp-content/uploads/2025/11/Directorio-Oficial-EE-2025.rar
selected,3461,LICEO FRANCISCO ANTONIO ENCINA ARMANET,LICEO FRANCISCO ANTONIO ENCINA ARMANET,7,MAULE,7407,VILLA ALEGRE,0,"-35,67638","-71,74012",2,1,213,1,1,1,ILUSTRE MUNICIPALIDAD DE VILLA ALEGRE,Aulas Conectadas 2025,SELECCIONADO,,https://docs.google.com/spreadsheets/d/11EPq1k3dRWyrXfsWJWh405slQ-tyEjJj/edit,https://datosabiertos.mineduc.cl/wp-content/uploads/2025/11/Directorio-Oficial-EE-2025.rar
selected,3482,ESCUELA JUSTA NARVAEZ,ESCUELA JUSTA NARVAEZ,7,MAULE,7406,SAN JAVIER,0,"-35,59272","-71,741737",2,1,232,1,1,0,ILUSTRE MUNICIPALIDAD DE SAN JAVIER,Aulas Conectadas 2025,SELECCIONADO,,https://docs.google.com/spreadsheets/d/11EPq1k3dRWyrXfsWJWh405slQ-tyEjJj/edit,https://datosabiertos.mineduc.cl/wp-content/uploads/2025/11/Directorio-Oficial-EE-2025.rar
selected,3490,ESCUELA JULIO MONTT SALAMANCA,ESCUELA JULIO MONTT SALAMANCA,7,MAULE,7406,SAN JAVIER,1,"-35,726681","-71,807877",2,1,187,1,1,0,ILUSTRE MUNICIPALIDAD DE SAN JAVIER,Aulas Conectadas 2025,SELECCIONADO,,https://docs.google.com/spreadsheets/d/11EPq1k3dRWyrXfsWJWh405slQ-tyEjJj/edit,https://datosabiertos.mineduc.cl/wp-content/uploads/2025/11/Directorio-Oficial-EE-2025.rar
selected,3492,ESCUELA BERNARDO O´HIGGINS,ESCUELA BERNARDO OHIGGINS,7,MAULE,7406,SAN JAVIER,1,"-35,57592","-71,659981",2,1,187,1,1,0,ILUSTRE MUNICIPALIDAD DE SAN JAVIER,Aulas Conectadas 2025,SELECCIONADO,,https://docs.google.com/spreadsheets/d/11EPq1k3dRWyrXfsWJWh405slQ-tyEjJj/edit,https://datosabiertos.mineduc.cl/wp-content/uploads/2025/11/Directorio-Oficial-EE-2025.rar
selected,3544,COLEGIO BLANCO ENCALADA,COLEGIO BLANCO ENCALADA,7,MAULE,7201,CAUQUENES,0,"-35,965229","-72,320534",6,5,311,1,1,0,SERVICIO LOCAL DE EDUCACIÓN PÚBLICA DE MAULE COSTA,Aulas Conectadas 2025,SELECCIONADO,,https://docs.google.com/spreadsheets/d/11EPq1k3dRWyrXfsWJWh405slQ-tyEjJj/edit,https://datosabiertos.mineduc.cl/wp-content/uploads/2025/11/Directorio-Oficial-EE-2025.rar
selected,3546,ESCUELA INDEPENDENCIA,ESCUELA INDEPENDENCIA,7,MAULE,7201,CAUQUENES,0,"-35,968529","-72,313683",6,5,436,1,1,0,SERVICIO LOCAL DE EDUCACIÓN PÚBLICA DE MAULE COSTA,Aulas Conectadas 2025,SELECCIONADO,,https://docs.google.com/spreadsheets/d/11EPq1k3dRWyrXfsWJWh405slQ-tyEjJj/edit,https://datosabiertos.mineduc.cl/wp-content/uploads/2025/11/Directorio-Oficial-EE-2025.rar
selected,3548,ESCUELA ECOLÓGICA ROSITA O´HIGGINS,ESCUELA ECOLOGICA ROSITA OHIGGINS,7,MAULE,7201,CAUQUENES,0,"-35,961102","-72,338142",6,5,190,1,1,0,SERVICIO LOCAL DE EDUCACIÓN PÚBLICA DE MAULE COSTA,Aulas Conectadas 2025,SELECCIONADO,,https://docs.google.com/spreadsheets/d/11EPq1k3dRWyrXfsWJWh405slQ-tyEjJj/edit,https://datosabiertos.mineduc.cl/wp-content/uploads/2025/11/Directorio-Oficial-EE-2025.rar
selected,3609,LICEO PELLUHUE,LICEO PELLUHUE,7,MAULE,7203,PELLUHUE,0,"-35,811852","-72,572548",6,5,984,1,1,1,SERVICIO LOCAL DE EDUCACIÓN PÚBLICA DE MAULE COSTA,Aulas Conectadas 2025,SELECCIONADO,,https://docs.google.com/spreadsheets/d/11EPq1k3dRWyrXfsWJWh405slQ-tyEjJj/edit,https://datosabiertos.mineduc.cl/wp-content/uploads/2025/11/Directorio-Oficial-EE-2025.rar
selected,3611,ESCUELA BLANCA BUSTOS CASTILLO,ESCUELA BLANCA BUSTOS CASTILLO,7,MAULE,7203,PELLUHUE,1,"-35,910912","-72,664284",6,5,209,1,1,0,SERVICIO LOCAL DE EDUCACIÓN PÚBLICA DE MAULE COSTA,Aulas Conectadas 2025,SELECCIONADO,,https://docs.google.com/spreadsheets/d/11EPq1k3dRWyrXfsWJWh405slQ-tyEjJj/edit,https://datosabiertos.mineduc.cl/wp-content/uploads/2025/11/Directorio-Oficial-EE-2025.rar
selected,3642,INSTITUTO TÉCNICO MABEL CONDEMARÍN GRIMBERG,INSTITUTO TÉCNICO MABEL CONDEMARÍN GRIMBERG,16,NUBLE,16101,CHILLÁN,0,"-36,605949","-72,104683",5,4,374,1,0,0,FUND. NACIONAL DEL COMERCIO PARA LA EDUCACION,Aulas Conectadas 2025,SELECCIONADO,,https://docs.google.com/spreadsheets/d/11EPq1k3dRWyrXfsWJWh405slQ-tyEjJj/edit,https://datosabiertos.mineduc.cl/wp-content/uploads/2025/11/Directorio-Oficial-EE-2025.rar
selected,3740,ESCUELA GENERAL DOMINGO URRUTIA,ESCUELA GENERAL DOMINGO URRUTIA,16,NUBLE,16301,SAN CARLOS,0,"-36,424149","-71,969429",6,5,160,1,1,0,SERVICIO LOCAL DE EDUCACIÓN PÚBLICA DE PUNILLA CORDILLERA,Aulas Conectadas 2025,SELECCIONADO,,https://docs.google.com/spreadsheets/d/11EPq1k3dRWyrXfsWJWh405slQ-tyEjJj/edit,https://datosabiertos.mineduc.cl/wp-content/uploads/2025/11/Directorio-Oficial-EE-2025.rar
selected,3744,ESCUELA GENERAL JOSÉ MIGUEL CARRERA VERDUGO,ESCUELA GENERAL JOSÉ MIGUEL CARRERA VERDUGO,16,NUBLE,16301,SAN CARLOS,0,"-36,416828","-71,955841",6,5,200,1,1,0,SERVICIO LOCAL DE EDUCACIÓN PÚBLICA DE PUNILLA CORDILLERA,Aulas Conectadas 2025,SELECCIONADO,,https://docs.google.com/spreadsheets/d/11EPq1k3dRWyrXfsWJWh405slQ-tyEjJj/edit,https://datosabiertos.mineduc.cl/wp-content/uploads/2025/11/Directorio-Oficial-EE-2025.rar
selected,3745,ESCUELA GENERAL SOFANOR PARRA HERMOSILLA,ESCUELA GENERAL SOFANOR PARRA HERMOSILLA,16,NUBLE,16301,SAN CARLOS,0,"-36,430691","-71,951286",6,5,193,1,1,0,SERVICIO LOCAL DE EDUCACIÓN PÚBLICA DE PUNILLA CORDILLERA,Aulas Conectadas 2025,SELECCIONADO,,https://docs.google.com/spreadsheets/d/11EPq1k3dRWyrXfsWJWh405slQ-tyEjJj/edit,https://datosabiertos.mineduc.cl/wp-content/uploads/2025/11/Directorio-Oficial-EE-2025.rar
selected,3823,LICEO BICENTENARIO POLIVALENTE JORGE ALESSANDRI RODRÍGUEZ,LICEO BICENTENARIO POLIVALENTE JORGE ALESSANDRI RODRIGUEZ,16,NUBLE,16304,SAN FABIÁN,0,"-36,556252","-71,549698",6,5,707,1,1,1,SERVICIO LOCAL DE EDUCACIÓN PÚBLICA DE PUNILLA CORDILLERA,Aulas Conectadas 2025,SELECCIONADO,,https://docs.google.com/spreadsheets/d/11EPq1k3dRWyrXfsWJWh405slQ-tyEjJj/edit,https://datosabiertos.mineduc.cl/wp-content/uploads/2025/11/Directorio-Oficial-EE-2025.rar
selected,3871,LICEO BICENTENARIO POLITÉCNICO JOSÉ MANUEL PINTO ARIAS,LICEO BICENTENARIO POLITÉCNICO JOSÉ MANUEL PINTO ARIAS,16,NUBLE,16106,PINTO,0,"-36,70417","-71,894096",6,5,416,1,1,1,SERVICIO LOCAL DE EDUCACIÓN PÚBLICA DE PUNILLA CORDILLERA,Aulas Conectadas 2025,SELECCIONADO,,https://docs.google.com/spreadsheets/d/11EPq1k3dRWyrXfsWJWh405slQ-tyEjJj/edit,https://datosabiertos.mineduc.cl/wp-content/uploads/2025/11/Directorio-Oficial-EE-2025.rar
selected,3888,COLEGIO BICENTENARIO DE EXCELENCIA POLITECNICO VÍCTOR JARA,COLEGIO BICENTENARIO DE EXCELENCIA POLITECNICO VICTOR JARA,16,NUBLE,16108,SAN IGNACIO,1,"-36,841282","-72,101822",2,1,317,1,1,1,ILUSTRE MUNICIPALIDAD DE SAN IGNACIO,Aulas Conectadas 2025,SELECCIONADO,,https://docs.google.com/spreadsheets/d/11EPq1k3dRWyrXfsWJWh405slQ-tyEjJj/edit,https://datosabiertos.mineduc.cl/wp-content/uploads/2025/11/Directorio-Oficial-EE-2025.rar
selected,3910,ESCUELA VIRGEN DEL CARMEN,ESCUELA VIRGEN DEL CARMEN,16,NUBLE,16104,EL CARMEN,0,"-36,89959","-72,03006",2,1,827,1,1,0,ILUSTRE MUNICIPALIDAD DE EL CARMEN,Aulas Conectadas 2025,SELECCIONADO,,https://docs.google.com/spreadsheets/d/11EPq1k3dRWyrXfsWJWh405slQ-tyEjJj/edit,https://datosabiertos.mineduc.cl/wp-content/uploads/2025/11/Directorio-Oficial-EE-2025.rar
selected,3941,LICEO CAMPANARIO,LICEO CAMPANARIO,16,NUBLE,16109,YUNGAY,0,"-37,135799","-72,182709",2,1,387,1,1,1,ILUSTRE MUNICIPALIDAD DE YUNGAY,Aulas Conectadas 2025,SELECCIONADO,,https://docs.google.com/spreadsheets/d/11EPq1k3dRWyrXfsWJWh405slQ-tyEjJj/edit,https://datosabiertos.mineduc.cl/wp-content/uploads/2025/11/Directorio-Oficial-EE-2025.rar
selected,3999,ESCUELA BÁSICA HÉROES DEL ITATA,ESCUELA BASICA HEROES DEL ITATA,16,NUBLE,16107,QUILLÓN,0,"-36,746269","-72,474854",2,1,307,1,1,0,ILUSTRE MUNICIPALIDAD DE QUILLON,Aulas Conectadas 2025,SELECCIONADO,,https://docs.google.com/spreadsheets/d/11EPq1k3dRWyrXfsWJWh405slQ-tyEjJj/edit,https://datosabiertos.mineduc.cl/wp-content/uploads/2025/11/Directorio-Oficial-EE-2025.rar
selected,4000,ESCUELA BÁSICA AMANDA CHÁVEZ NAVARRETE,ESCUELA BÁSICA AMANDA CHÁVEZ NAVARRETE,16,NUBLE,16107,QUILLÓN,0,"-36,750938","-72,478462",2,1,302,1,1,0,ILUSTRE MUNICIPALIDAD DE QUILLON,Aulas Conectadas 2025,SELECCIONADO,,https://docs.google.com/spreadsheets/d/11EPq1k3dRWyrXfsWJWh405slQ-tyEjJj/edit,https://datosabiertos.mineduc.cl/wp-content/uploads/2025/11/Directorio-Oficial-EE-2025.rar
selected,4002,ESCUELA BÁSICA EL CASINO,ESCUELA BASICA EL CASINO,16,NUBLE,16107,QUILLÓN,1,"-36,832729","-72,431183",2,1,274,1,1,0,ILUSTRE MUNICIPALIDAD DE QUILLON,Aulas Conectadas 2025,SELECCIONADO,,https://docs.google.com/spreadsheets/d/11EPq1k3dRWyrXfsWJWh405slQ-tyEjJj/edit,https://datosabiertos.mineduc.cl/wp-content/uploads/2025/11/Directorio-Oficial-EE-2025.rar
selected,4019,ESCUELA BÁSICA LAGUNA AVENDAÑO,ESCUELA BÁSICA LAGUNA AVENDAÑO,16,NUBLE,16107,QUILLÓN,1,"-36,752239","-72,47525",2,1,218,1,1,0,ILUSTRE MUNICIPALIDAD DE QUILLON,Aulas Conectadas 2025,SELECCIONADO,,https://docs.google.com/spreadsheets/d/11EPq1k3dRWyrXfsWJWh405slQ-tyEjJj/edit,https://datosabiertos.mineduc.cl/wp-content/uploads/2025/11/Directorio-Oficial-EE-2025.rar
selected,4032,LICEO BICENTENARIO DE EXCELENCIA NIBALDO SEPÚLVEDA FERNÁNDEZ,LICEO BICENTENARIO DE EXCELENCIA NIBALDO SEPÚLVEDA FERNÁNDEZ,16,NUBLE,16205,PORTEZUELO,0,"-36,527649","-72,429207",2,1,360,1,1,1,ILUSTRE MUNICIPALIDAD DE PORTEZUELO,Aulas Conectadas 2025,SELECCIONADO,,https://docs.google.com/spreadsheets/d/11EPq1k3dRWyrXfsWJWh405slQ-tyEjJj/edit,https://datosabiertos.mineduc.cl/wp-content/uploads/2025/11/Directorio-Oficial-EE-2025.rar
selected,4048,ESCUELA VILLA JESÚS DE COELEMU,ESCUELA VILLA JESUS DE COELEMU,16,NUBLE,16203,COELEMU,0,"-36,492409","-72,702751",2,1,565,1,1,0,ILUSTRE MUNICIPALIDAD DE COELEMU,Aulas Conectadas 2025,SELECCIONADO,,https://docs.google.com/spreadsheets/d/11EPq1k3dRWyrXfsWJWh405slQ-tyEjJj/edit,https://datosabiertos.mineduc.cl/wp-content/uploads/2025/11/Directorio-Oficial-EE-2025.rar
selected,4071,ESCUELA BÁSICA VALLE LONQUÉN,ESCUELA BÁSICA VALLE LONQUÉN,16,NUBLE,16207,TREHUACO,1,"-36,432362","-72,669998",2,1,190,1,1,0,ILUSTRE MUNICIPALIDAD DE TREHUACO,Aulas Conectadas 2025,SELECCIONADO,,https://docs.google.com/spreadsheets/d/11EPq1k3dRWyrXfsWJWh405slQ-tyEjJj/edit,https://datosabiertos.mineduc.cl/wp-content/uploads/2025/11/Directorio-Oficial-EE-2025.rar
selected,4124,LICEO BICENTENARIO DE EXCELENCIA ARTURO PRAT CHACÓN,LICEO BICENTENARIO DE EXCELENCIA ARTURO PRAT CHACON,16,NUBLE,16204,NINHUE,0,"-36,397839","-72,399368",2,1,264,1,1,1,ILUSTRE MUNICIPALIDAD DE NINHUE,Aulas Conectadas 2025,SELECCIONADO,,https://docs.google.com/spreadsheets/d/11EPq1k3dRWyrXfsWJWh405slQ-tyEjJj/edit,https://datosabiertos.mineduc.cl/wp-content/uploads/2025/11/Directorio-Oficial-EE-2025.rar
selected,4162,LICEO COMERCIAL DIEGO PORTALES PALAZUELO,LICEO COMERCIAL DIEGO PORTALES PALAZUELO,8,BBIO,8301,LOS ÁNGELES,0,"-37,471207","-72,351662",2,1,1495,1,1,0,ILUSTRE MUNICIPALIDAD DE LOS ANGELES,Aulas Conectadas 2025,SELECCIONADO,,https://docs.google.com/spreadsheets/d/11EPq1k3dRWyrXfsWJWh405slQ-tyEjJj/edit,https://datosabiertos.mineduc.cl/wp-content/uploads/2025/11/Directorio-Oficial-EE-2025.rar
selected,4172,ESCUELA GENERAL JOSÉ DE SAN MARTÍN,ESCUELA GENERAL JOSE DE SAN MARTIN,8,BBIO,8301,LOS ÁNGELES,0,"-37,46674","-72,355003",2,1,210,1,1,0,ILUSTRE MUNICIPALIDAD DE LOS ANGELES,Aulas Conectadas 2025,SELECCIONADO,,https://docs.google.com/spreadsheets/d/11EPq1k3dRWyrXfsWJWh405slQ-tyEjJj/edit,https://datosabiertos.mineduc.cl/wp-content/uploads/2025/11/Directorio-Oficial-EE-2025.rar
selected,4186,ESCUELA BÁSICA REPÚBLICA DE ALEMANIA,ESCUELA BASICA REPUBLICA DE ALEMANIA,8,BBIO,8301,LOS ÁNGELES,0,"-37,482491","-72,356987",2,1,258,1,1,0,ILUSTRE MUNICIPALIDAD DE LOS ANGELES,Aulas Conectadas 2025,SELECCIONADO,,https://docs.google.com/spreadsheets/d/11EPq1k3dRWyrXfsWJWh405slQ-tyEjJj/edit,https://datosabiertos.mineduc.cl/wp-content/uploads/2025/11/Directorio-Oficial-EE-2025.rar
selected,4189,ESCUELA BÁSICA 11 DE SEPTIEMBRE,ESCUELA BASICA 11 DE SEPTIEMBRE,8,BBIO,8301,LOS ÁNGELES,0,"-37,47007","-72,367569",2,1,156,1,1,0,ILUSTRE MUNICIPALIDAD DE LOS ANGELES,Aulas Conectadas 2025,SELECCIONADO,,https://docs.google.com/spreadsheets/d/11EPq1k3dRWyrXfsWJWh405slQ-tyEjJj/edit,https://datosabiertos.mineduc.cl/wp-content/uploads/2025/11/Directorio-Oficial-EE-2025.rar
selected,4190,LICEO SANTA FE,LICEO SANTA FE,8,BBIO,8301,LOS ÁNGELES,1,"-37,466728","-72,579788",2,1,657,1,1,1,ILUSTRE MUNICIPALIDAD DE LOS ANGELES,Aulas Conectadas 2025,SELECCIONADO,,https://docs.google.com/spreadsheets/d/11EPq1k3dRWyrXfsWJWh405slQ-tyEjJj/edit,https://datosabiertos.mineduc.cl/wp-content/uploads/2025/11/Directorio-Oficial-EE-2025.rar
selected,4191,ESCUELA BÁSICA SANTA CLARA DE CHACAYAL,ESCUELA BASICA SANTA CLARA DE CHACAYAL,8,BBIO,8301,LOS ÁNGELES,1,"-37,429089","-72,136253",2,1,219,1,1,0,ILUSTRE MUNICIPALIDAD DE LOS ANGELES,Aulas Conectadas 2025,SELECCIONADO,,https://docs.google.com/spreadsheets/d/11EPq1k3dRWyrXfsWJWh405slQ-tyEjJj/edit,https://datosabiertos.mineduc.cl/wp-content/uploads/2025/11/Directorio-Oficial-EE-2025.rar
selected,4235,ESCUELA BÁSICA EL AMANECER DE DUQUECO,ESCUELA BASICA EL AMANECER DE DUQUECO,8,BBIO,8301,LOS ÁNGELES,1,"-37,54158","-72,31205",2,1,237,1,1,0,ILUSTRE MUNICIPALIDAD DE LOS ANGELES,Aulas Conectadas 2025,SELECCIONADO,,https://docs.google.com/spreadsheets/d/11EPq1k3dRWyrXfsWJWh405slQ-tyEjJj/edit,https://datosabiertos.mineduc.cl/wp-content/uploads/2025/11/Directorio-Oficial-EE-2025.rar
selected,4289,LICEO MANUEL ARÍSTIDES ZAÑARTU,LICEO MANUEL ARÍSTIDES ZAÑARTU,8,BBIO,8303,CABRERO,0,"-37,03413","-72,397346",2,1,635,1,1,0,ILUSTRE MUNICIPALIDAD DE CABRERO,Aulas Conectadas 2025,SELECCIONADO,,https://docs.google.com/spreadsheets/d/11EPq1k3dRWyrXfsWJWh405slQ-tyEjJj/edit,https://datosabiertos.mineduc.cl/wp-content/uploads/2025/11/Directorio-Oficial-EE-2025.rar
selected,4334,ESCUELA BÁSICA VILLA MERCEDES,ESCUELA BASICA VILLA MERCEDES,8,BBIO,8309,QUILLECO,0,"-37,40472","-71,979584",2,1,141,1,1,0,ILUSTRE MUNICIPALIDAD DE QUILLECO,Aulas Conectadas 2025,SELECCIONADO,,https://docs.google.com/spreadsheets/d/11EPq1k3dRWyrXfsWJWh405slQ-tyEjJj/edit,https://datosabiertos.mineduc.cl/wp-content/uploads/2025/11/Directorio-Oficial-EE-2025.rar
selected,4352,ESCUELA BÁSICA ENRIQUE BERNSTEIN CARABANTES,ESCUELA BÁSICA ENRIQUE BERNSTEIN CARABANTES,8,BBIO,8311,SANTA BÁRBARA,0,"-37,66907883","-72,02516174",2,1,188,1,1,0,ILUSTRE MUNICIPALIDAD DE SANTA BARBARA,Aulas Conectadas 2025,SELECCIONADO,,https://docs.google.com/spreadsheets/d/11EPq1k3dRWyrXfsWJWh405slQ-tyEjJj/edit,https://datosabiertos.mineduc.cl/wp-content/uploads/2025/11/Directorio-Oficial-EE-2025.rar
selected,4354,ESCUELA DE CONCENTRACIÓN FRONTERIZA RALCO ALTO BIOBÍO,ESCUELA DE CONCENTRACIÓN FRONTERIZA RALCO ALTO BIOBÍO,8,BBIO,8314,ALTO BIOBÍO,1,"-37,880081","-71,637192",2,1,333,1,1,0,ILUSTRE MUNICIPALIDAD DE ALTO BIO-BIO,Aulas Conectadas 2025,SELECCIONADO,,https://docs.google.com/spreadsheets/d/11EPq1k3dRWyrXfsWJWh405slQ-tyEjJj/edit,https://datosabiertos.mineduc.cl/wp-content/uploads/2025/11/Directorio-Oficial-EE-2025.rar
selected,4407,ESCUELA IGNACIO VERDUGO CAVADA,ESCUELA IGNACIO VERDUGO CAVADA,8,BBIO,8305,MULCHÉN,0,"-37,720951","-72,250504",2,1,265,1,1,0,ILUSTRE MUNICIPALIDAD DE MULCHEN,Aulas Conectadas 2025,SELECCIONADO,,https://docs.google.com/spreadsheets/d/11EPq1k3dRWyrXfsWJWh405slQ-tyEjJj/edit,https://datosabiertos.mineduc.cl/wp-content/uploads/2025/11/Directorio-Oficial-EE-2025.rar
selected,4408,LICEO CRISOL,LICEO CRISOL,8,BBIO,8305,MULCHÉN,0,"-37,719139","-72,234833",2,1,526,1,1,1,ILUSTRE MUNICIPALIDAD DE MULCHEN,Aulas Conectadas 2025,SELECCIONADO,,https://docs.google.com/spreadsheets/d/11EPq1k3dRWyrXfsWJWh405slQ-tyEjJj/edit,https://datosabiertos.mineduc.cl/wp-content/uploads/2025/11/Directorio-Oficial-EE-2025.rar
selected,4410,ESCUELA ARTÍSTICA VILLA LAS PEÑAS,ESCUELA ARTÍSTICA VILLA LAS PEÑAS,8,BBIO,8305,MULCHÉN,0,"-37,711449","-72,240578",2,1,174,1,1,0,ILUSTRE MUNICIPALIDAD DE MULCHEN,Aulas Conectadas 2025,SELECCIONADO,,https://docs.google.com/spreadsheets/d/11EPq1k3dRWyrXfsWJWh405slQ-tyEjJj/edit,https://datosabiertos.mineduc.cl/wp-content/uploads/2025/11/Directorio-Oficial-EE-2025.rar
selected,4446,LICEO POLIVALENTE LA FRONTERA,LICEO POLIVALENTE LA FRONTERA,8,BBIO,8307,NEGRETE,0,"-37,58379","-72,532333",2,1,963,1,1,1,ILUSTRE MUNICIPALIDAD DE NEGRETE,Aulas Conectadas 2025,SELECCIONADO,,https://docs.google.com/spreadsheets/d/11EPq1k3dRWyrXfsWJWh405slQ-tyEjJj/edit,https://datosabiertos.mineduc.cl/wp-content/uploads/2025/11/Directorio-Oficial-EE-2025.rar
selected,4447,ESCUELA BÁSICA RIHUE,ESCUELA BASICA RIHUE,8,BBIO,8307,NEGRETE,1,"-37,626011","-72,593071",2,1,173,1,1,0,ILUSTRE MUNICIPALIDAD DE NEGRETE,Aulas Conectadas 2025,SELECCIONADO,,https://docs.google.com/spreadsheets/d/11EPq1k3dRWyrXfsWJWh405slQ-tyEjJj/edit,https://datosabiertos.mineduc.cl/wp-content/uploads/2025/11/Directorio-Oficial-EE-2025.rar
selected,4453,ESCUELA OSCAR GUERRERO QUINSAC,ESCUELA OSCAR GUERRERO QUINSAC,8,BBIO,8306,NACIMIENTO,0,"-37,496281","-72,679733",2,1,190,1,1,0,ILUSTRE MUNICIPALIDAD DE NACIMIENTO,Aulas Conectadas 2025,SELECCIONADO,,https://docs.google.com/spreadsheets/d/11EPq1k3dRWyrXfsWJWh405slQ-tyEjJj/edit,https://datosabiertos.mineduc.cl/wp-content/uploads/2025/11/Directorio-Oficial-EE-2025.rar
selected,4500,LICEO ISIDORA AGUIRRE TUPPER,LICEO ISIDORA AGUIRRE TUPPER,8,BBIO,8310,SAN ROSENDO,0,"-37,261749","-72,722427",2,1,347,1,1,1,ILUSTRE MUNICIPALIDAD DE SAN ROSENDO,Aulas Conectadas 2025,SELECCIONADO,,https://docs.google.com/spreadsheets/d/11EPq1k3dRWyrXfsWJWh405slQ-tyEjJj/edit,https://datosabiertos.mineduc.cl/wp-content/uploads/2025/11/Directorio-Oficial-EE-2025.rar
selected,4562,LICEO SAN PEDRO,LICEO SAN PEDRO,8,BBIO,8108,SAN PEDRO DE LA PAZ,0,"-36,83963","-73,11097",6,5,403,1,1,0,SERVICIO LOCAL DE EDUCACIÓN PÚBLICA ANDALIÉN COSTA,Aulas Conectadas 2025,SELECCIONADO,,https://docs.google.com/spreadsheets/d/11EPq1k3dRWyrXfsWJWh405slQ-tyEjJj/edit,https://datosabiertos.mineduc.cl/wp-content/uploads/2025/11/Directorio-Oficial-EE-2025.rar
selected,4593,BÁSICA SARGENTO CANDELARIA PÉREZ,BASICA SARGENTO CANDELARIA PEREZ,8,BBIO,8108,SAN PEDRO DE LA PAZ,0,"-36,8265","-73,127434",6,5,187,1,1,0,SERVICIO LOCAL DE EDUCACIÓN PÚBLICA ANDALIÉN COSTA,Aulas Conectadas 2025,SELECCIONADO,,https://docs.google.com/spreadsheets/d/11EPq1k3dRWyrXfsWJWh405slQ-tyEjJj/edit,https://datosabiertos.mineduc.cl/wp-content/uploads/2025/11/Directorio-Oficial-EE-2025.rar
selected,4594,ESCUELA MIGUEL JOSÉ ZAÑARTU SANTA MARÍA,ESCUELA MIGUEL JOSE ZANARTU SANTA MARIA,8,BBIO,8108,SAN PEDRO DE LA PAZ,0,"-36,84647","-73,100502",6,5,509,1,1,0,SERVICIO LOCAL DE EDUCACIÓN PÚBLICA ANDALIÉN COSTA,Aulas Conectadas 2025,SELECCIONADO,,https://docs.google.com/spreadsheets/d/11EPq1k3dRWyrXfsWJWh405slQ-tyEjJj/edit,https://datosabiertos.mineduc.cl/wp-content/uploads/2025/11/Directorio-Oficial-EE-2025.rar
selected,4614,ESCUELA BÁSICA AGUA DE LA GLORIA,ESCUELA BASICA AGUA DE LA GLORIA,8,BBIO,8101,CONCEPCIÓN,1,"-36,829979","-72,923378",6,5,170,1,1,0,SERVICIO LOCAL DE EDUCACIÓN PÚBLICA ANDALIÉN SUR,Aulas Conectadas 2025,SELECCIONADO,,https://docs.google.com/spreadsheets/d/11EPq1k3dRWyrXfsWJWh405slQ-tyEjJj/edit,https://datosabiertos.mineduc.cl/wp-content/uploads/2025/11/Directorio-Oficial-EE-2025.rar
selected,4615,ESCUELA BÁSICA BOCA DEL BIO BÍO SUR,ESCUELA BASICA BOCA DEL BIO BIO SUR,8,BBIO,8108,SAN PEDRO DE LA PAZ,0,"-36,835609","-73,137703",6,5,332,1,1,0,SERVICIO LOCAL DE EDUCACIÓN PÚBLICA ANDALIÉN COSTA,Aulas Conectadas 2025,SELECCIONADO,,https://docs.google.com/spreadsheets/d/11EPq1k3dRWyrXfsWJWh405slQ-tyEjJj/edit,https://datosabiertos.mineduc.cl/wp-content/uploads/2025/11/Directorio-Oficial-EE-2025.rar
selected,4808,ESCUELA PENCO,ESCUELA PENCO,8,BBIO,8107,PENCO,0,"-36,74696","-72,993271",2,1,187,1,1,0,ILUSTRE MUNICIPALIDAD DE PENCO,Aulas Conectadas 2025,SELECCIONADO,,https://docs.google.com/spreadsheets/d/11EPq1k3dRWyrXfsWJWh405slQ-tyEjJj/edit,https://datosabiertos.mineduc.cl/wp-content/uploads/2025/11/Directorio-Oficial-EE-2025.rar
selected,4814,ESCUELA ETHEL HENCK DE GRANT,ESCUELA ETHEL HENCK DE GRANT,8,BBIO,8107,PENCO,1,"-36,781651","-73,021019",2,1,175,1,1,0,ILUSTRE MUNICIPALIDAD DE PENCO,Aulas Conectadas 2025,SELECCIONADO,,https://docs.google.com/spreadsheets/d/11EPq1k3dRWyrXfsWJWh405slQ-tyEjJj/edit,https://datosabiertos.mineduc.cl/wp-content/uploads/2025/11/Directorio-Oficial-EE-2025.rar
selected,4837,ESCUELA BÁSICA RAFAEL,ESCUELA BASICA RAFAEL,8,BBIO,8111,TOMÉ,1,"-36,62891","-72,792976",2,1,199,1,1,0,ILUSTRE MUNICIPALIDAD DE TOME,Aulas Conectadas 2025,SELECCIONADO,,https://docs.google.com/spreadsheets/d/11EPq1k3dRWyrXfsWJWh405slQ-tyEjJj/edit,https://datosabiertos.mineduc.cl/wp-content/uploads/2025/11/Directorio-Oficial-EE-2025.rar
selected,4842,ESCUELA MARIANO EGAÑA,ESCUELA MARIANO EGANA,8,BBIO,8111,TOMÉ,0,"-36,607738","-72,949463",2,1,143,1,1,0,ILUSTRE MUNICIPALIDAD DE TOME,Aulas Conectadas 2025,SELECCIONADO,,https://docs.google.com/spreadsheets/d/11EPq1k3dRWyrXfsWJWh405slQ-tyEjJj/edit,https://datosabiertos.mineduc.cl/wp-content/uploads/2025/11/Directorio-Oficial-EE-2025.rar
selected,4845,ESCUELA BÁSICA PUNTA DE PARRA,ESCUELA BASICA PUNTA DE PARRA,8,BBIO,8111,TOMÉ,1,"-36,672951","-72,961723",2,1,194,1,1,0,ILUSTRE MUNICIPALIDAD DE TOME,Aulas Conectadas 2025,SELECCIONADO,,https://docs.google.com/spreadsheets/d/11EPq1k3dRWyrXfsWJWh405slQ-tyEjJj/edit,https://datosabiertos.mineduc.cl/wp-content/uploads/2025/11/Directorio-Oficial-EE-2025.rar
selected,4902,ESCUELA CARLOS ALBERTO FERNÁNDEZ CASTILLO,ESCUELA CARLOS ALBERTO FERNÁNDEZ CASTILLO,8,BBIO,8105,HUALQUI,1,"-37,162411","-72,908096",6,5,202,1,1,0,SERVICIO LOCAL DE EDUCACIÓN PÚBLICA ANDALIÉN SUR,Aulas Conectadas 2025,SELECCIONADO,,https://docs.google.com/spreadsheets/d/11EPq1k3dRWyrXfsWJWh405slQ-tyEjJj/edit,https://datosabiertos.mineduc.cl/wp-content/uploads/2025/11/Directorio-Oficial-EE-2025.rar
selected,4948,LICEO POLITÉCNICO ROSAURO SANTANA RÍOS,LICEO POLITECNICO ROSAURO SANTANA RIOS,8,BBIO,8106,LOTA,0,"-37,0952","-73,152512",6,5,260,1,1,1,SERVICIO LOCAL DE EDUCACIÓN PÚBLICA ANDALIÉN COSTA,Aulas Conectadas 2025,SELECCIONADO,,https://docs.google.com/spreadsheets/d/11EPq1k3dRWyrXfsWJWh405slQ-tyEjJj/edit,https://datosabiertos.mineduc.cl/wp-content/uploads/2025/11/Directorio-Oficial-EE-2025.rar
selected,4951,LICEO CARLOS COUSIÑO GOYENECHEA,LICEO CARLOS COUSIÑO GOYENECHEA,8,BBIO,8106,LOTA,0,"-37,085049","-73,162247",6,5,580,1,1,0,SERVICIO LOCAL DE EDUCACIÓN PÚBLICA ANDALIÉN COSTA,Aulas Conectadas 2025,SELECCIONADO,,https://docs.google.com/spreadsheets/d/11EPq1k3dRWyrXfsWJWh405slQ-tyEjJj/edit,https://datosabiertos.mineduc.cl/wp-content/uploads/2025/11/Directorio-Oficial-EE-2025.rar
selected,4952,LICEO BALDOMERO LILLO FIGUEROA,LICEO BALDOMERO LILLO FIGUEROA,8,BBIO,8106,LOTA,0,"-37,092091","-73,155777",6,5,610,1,1,0,SERVICIO LOCAL DE EDUCACIÓN PÚBLICA ANDALIÉN COSTA,Aulas Conectadas 2025,SELECCIONADO,,https://docs.google.com/spreadsheets/d/11EPq1k3dRWyrXfsWJWh405slQ-tyEjJj/edit,https://datosabiertos.mineduc.cl/wp-content/uploads/2025/11/Directorio-Oficial-EE-2025.rar
selected,4953,ESCUELA ISIDORA GOYENECHEA,ESCUELA ISIDORA GOYENECHEA,8,BBIO,8106,LOTA,0,"-37,084572","-73,153992",6,5,287,1,1,0,SERVICIO LOCAL DE EDUCACIÓN PÚBLICA ANDALIÉN COSTA,Aulas Conectadas 2025,SELECCIONADO,,https://docs.google.com/spreadsheets/d/11EPq1k3dRWyrXfsWJWh405slQ-tyEjJj/edit,https://datosabiertos.mineduc.cl/wp-content/uploads/2025/11/Directorio-Oficial-EE-2025.rar
selected,4954,ESCUELA BÁSICA SANTA MARÍA DE GUADALUPE,ESCUELA BASICA SANTA MARIA DE GUADALUPE,8,BBIO,8106,LOTA,0,"-37,094749","-73,15554",6,5,179,1,1,0,SERVICIO LOCAL DE EDUCACIÓN PÚBLICA ANDALIÉN COSTA,Aulas Conectadas 2025,SELECCIONADO,,https://docs.google.com/spreadsheets/d/11EPq1k3dRWyrXfsWJWh405slQ-tyEjJj/edit,https://datosabiertos.mineduc.cl/wp-content/uploads/2025/11/Directorio-Oficial-EE-2025.rar
selected,4960,COLEGIO ÁNGEL DE PEREDO,COLEGIO ANGEL DE PEREDO,8,BBIO,8106,LOTA,0,"-37,0909","-73,1558",6,5,536,1,1,0,SERVICIO LOCAL DE EDUCACIÓN PÚBLICA ANDALIÉN COSTA,Aulas Conectadas 2025,SELECCIONADO,,https://docs.google.com/spreadsheets/d/11EPq1k3dRWyrXfsWJWh405slQ-tyEjJj/edit,https://datosabiertos.mineduc.cl/wp-content/uploads/2025/11/Directorio-Oficial-EE-2025.rar
selected,4961,ESCUELA BÁSICA COLCURA,ESCUELA BASICA COLCURA,8,BBIO,8106,LOTA,0,"-37,109821","-73,145737",6,5,163,1,1,0,SERVICIO LOCAL DE EDUCACIÓN PÚBLICA ANDALIÉN COSTA,Aulas Conectadas 2025,SELECCIONADO,,https://docs.google.com/spreadsheets/d/11EPq1k3dRWyrXfsWJWh405slQ-tyEjJj/edit,https://datosabiertos.mineduc.cl/wp-content/uploads/2025/11/Directorio-Oficial-EE-2025.rar
selected,4965,C.E.I.A SAN LUIS DE POTOSÍ REPÚBLICA DE MÉXICO,C.E.I.A SAN LUIS DE POTOSI REPÚBLICA DE MÉXICO,8,BBIO,8106,LOTA,0,"-37,09513092","-73,15384674",6,5,258,1,1,0,SERVICIO LOCAL DE EDUCACIÓN PÚBLICA ANDALIÉN COSTA,Aulas Conectadas 2025,SELECCIONADO,,https://docs.google.com/spreadsheets/d/11EPq1k3dRWyrXfsWJWh405slQ-tyEjJj/edit,https://datosabiertos.mineduc.cl/wp-content/uploads/2025/11/Directorio-Oficial-EE-2025.rar
selected,4967,ESCUELA BÁSICA CENTENARIO,ESCUELA BASICA CENTENARIO,8,BBIO,8106,LOTA,0,"-37,080891","-73,161186",6,5,201,1,1,0,SERVICIO LOCAL DE EDUCACIÓN PÚBLICA ANDALIÉN COSTA,Aulas Conectadas 2025,SELECCIONADO,,https://docs.google.com/spreadsheets/d/11EPq1k3dRWyrXfsWJWh405slQ-tyEjJj/edit,https://datosabiertos.mineduc.cl/wp-content/uploads/2025/11/Directorio-Oficial-EE-2025.rar
selected,4975,LICEO BICENTENARIO DE EXCELENCIA INDUSTRIAL FEDERICO SCHWAGER,LICEO BICENTENARIO DE EXCELENCIA INDUSTRIAL FEDERICO SCHWAGER,8,BBIO,8102,CORONEL,0,"-37,02623","-73,177689",5,4,279,1,0,1,"CORP. DE ESTUDIO,CAP. Y EMPLEO DE LA CÁMARA DE PRODUCCIÓN Y COMERCIO CONCEPCIÓN",Aulas Conectadas 2025,SELECCIONADO,,https://docs.google.com/spreadsheets/d/11EPq1k3dRWyrXfsWJWh405slQ-tyEjJj/edit,https://datosabiertos.mineduc.cl/wp-content/uploads/2025/11/Directorio-Oficial-EE-2025.rar
selected,4983,LICEO YOBILO DE CORONEL,LICEO YOBILO DE CORONEL,8,BBIO,8102,CORONEL,0,"-37,007721","-73,153137",6,5,593,1,1,1,SERVICIO LOCAL DE EDUCACIÓN PÚBLICA ANDALIÉN COSTA,Aulas Conectadas 2025,SELECCIONADO,,https://docs.google.com/spreadsheets/d/11EPq1k3dRWyrXfsWJWh405slQ-tyEjJj/edit,https://datosabiertos.mineduc.cl/wp-content/uploads/2025/11/Directorio-Oficial-EE-2025.rar
selected,4987,ESCUELA BÁSICA JAVIERA CARRERA,ESCUELA BASICA JAVIERA CARRERA,8,BBIO,8102,CORONEL,0,"-37,015091","-73,153893",6,5,306,1,1,0,SERVICIO LOCAL DE EDUCACIÓN PÚBLICA ANDALIÉN COSTA,Aulas Conectadas 2025,SELECCIONADO,,https://docs.google.com/spreadsheets/d/11EPq1k3dRWyrXfsWJWh405slQ-tyEjJj/edit,https://datosabiertos.mineduc.cl/wp-content/uploads/2025/11/Directorio-Oficial-EE-2025.rar
selected,4990,ESCUELA AMBROSIO O´HIGGINS,ESCUELA AMBROSIO O´HIGGINS,8,BBIO,8102,CORONEL,0,"-36,996319","-73,157509",6,5,299,1,1,0,SERVICIO LOCAL DE EDUCACIÓN PÚBLICA ANDALIÉN COSTA,Aulas Conectadas 2025,SELECCIONADO,,https://docs.google.com/spreadsheets/d/11EPq1k3dRWyrXfsWJWh405slQ-tyEjJj/edit,https://datosabiertos.mineduc.cl/wp-content/uploads/2025/11/Directorio-Oficial-EE-2025.rar
selected,4991,ESCUELA REPÚBLICA DE FRANCIA,ESCUELA REPUBLICA DE FRANCIA,8,BBIO,8102,CORONEL,0,"-37,031731","-73,139137",6,5,226,1,1,0,SERVICIO LOCAL DE EDUCACIÓN PÚBLICA ANDALIÉN COSTA,Aulas Conectadas 2025,SELECCIONADO,,https://docs.google.com/spreadsheets/d/11EPq1k3dRWyrXfsWJWh405slQ-tyEjJj/edit,https://datosabiertos.mineduc.cl/wp-content/uploads/2025/11/Directorio-Oficial-EE-2025.rar
selected,4992,ESCUELA REMIGIO CASTRO ABURTO,ESCUELA REMIGIO CASTRO ABURTO,8,BBIO,8102,CORONEL,0,"-37,030121","-73,145332",6,5,267,1,1,0,SERVICIO LOCAL DE EDUCACIÓN PÚBLICA ANDALIÉN COSTA,Aulas Conectadas 2025,SELECCIONADO,,https://docs.google.com/spreadsheets/d/11EPq1k3dRWyrXfsWJWh405slQ-tyEjJj/edit,https://datosabiertos.mineduc.cl/wp-content/uploads/2025/11/Directorio-Oficial-EE-2025.rar
selected,4996,ESCUELA VISTA HERMOSA,ESCUELA VISTA HERMOSA,8,BBIO,8102,CORONEL,0,"-37,025558","-73,131912",6,5,233,1,1,0,SERVICIO LOCAL DE EDUCACIÓN PÚBLICA ANDALIÉN COSTA,Aulas Conectadas 2025,SELECCIONADO,,https://docs.google.com/spreadsheets/d/11EPq1k3dRWyrXfsWJWh405slQ-tyEjJj/edit,https://datosabiertos.mineduc.cl/wp-content/uploads/2025/11/Directorio-Oficial-EE-2025.rar
selected,4997,ESCUELA JORGE ROJAS MIRANDA,ESCUELA JORGE ROJAS MIRANDA,8,BBIO,8102,CORONEL,0,"-37,022289","-73,149841",6,5,159,1,1,0,SERVICIO LOCAL DE EDUCACIÓN PÚBLICA ANDALIÉN COSTA,Aulas Conectadas 2025,SELECCIONADO,,https://docs.google.com/spreadsheets/d/11EPq1k3dRWyrXfsWJWh405slQ-tyEjJj/edit,https://datosabiertos.mineduc.cl/wp-content/uploads/2025/11/Directorio-Oficial-EE-2025.rar
selected,4998,ESCUELA ROSA YAÑEZ RODRÍGUEZ,ESCUELA ROSA YANEZ RODRIGUEZ,8,BBIO,8102,CORONEL,0,"-37,024288","-73,178101",6,5,193,1,1,0,SERVICIO LOCAL DE EDUCACIÓN PÚBLICA ANDALIÉN COSTA,Aulas Conectadas 2025,SELECCIONADO,,https://docs.google.com/spreadsheets/d/11EPq1k3dRWyrXfsWJWh405slQ-tyEjJj/edit,https://datosabiertos.mineduc.cl/wp-content/uploads/2025/11/Directorio-Oficial-EE-2025.rar
selected,4999,ESCUELA BÁSICA RAMÓN FREIRE SERRANO,ESCUELA BASICA RAMON FREIRE SERRANO,8,BBIO,8102,CORONEL,0,"-36,98518","-73,158623",6,5,132,1,1,0,SERVICIO LOCAL DE EDUCACIÓN PÚBLICA ANDALIÉN COSTA,Aulas Conectadas 2025,SELECCIONADO,,https://docs.google.com/spreadsheets/d/11EPq1k3dRWyrXfsWJWh405slQ-tyEjJj/edit,https://datosabiertos.mineduc.cl/wp-content/uploads/2025/11/Directorio-Oficial-EE-2025.rar
selected,5001,ESCUELA ARTURO HUGHES CERNA,ESCUELA ARTURO HUGHES CERNA,8,BBIO,8102,CORONEL,0,"-36,982231","-73,158531",6,5,533,1,1,0,SERVICIO LOCAL DE EDUCACIÓN PÚBLICA ANDALIÉN COSTA,Aulas Conectadas 2025,SELECCIONADO,,https://docs.google.com/spreadsheets/d/11EPq1k3dRWyrXfsWJWh405slQ-tyEjJj/edit,https://datosabiertos.mineduc.cl/wp-content/uploads/2025/11/Directorio-Oficial-EE-2025.rar
selected,5106,ESCUELA FELIX EYHERAMENDY,ESCUELA FELIX EYHERAMENDY,8,BBIO,8206,LOS ÁLAMOS,0,"-37,62553","-73,462784",2,1,488,1,1,0,ILUSTRE MUNICIPALIDAD DE LOS ALAMOS,Aulas Conectadas 2025,SELECCIONADO,,https://docs.google.com/spreadsheets/d/11EPq1k3dRWyrXfsWJWh405slQ-tyEjJj/edit,https://datosabiertos.mineduc.cl/wp-content/uploads/2025/11/Directorio-Oficial-EE-2025.rar
selected,5109,LICEO CLAUDIO FLORES SOTO,LICEO CLAUDIO FLORES SOTO,8,BBIO,8206,LOS ÁLAMOS,1,"-37,613861","-73,412392",2,1,779,1,1,0,ILUSTRE MUNICIPALIDAD DE LOS ALAMOS,Aulas Conectadas 2025,SELECCIONADO,,https://docs.google.com/spreadsheets/d/11EPq1k3dRWyrXfsWJWh405slQ-tyEjJj/edit,https://datosabiertos.mineduc.cl/wp-content/uploads/2025/11/Directorio-Oficial-EE-2025.rar
selected,5110,ESCUELA PILPILCO,ESCUELA PILPILCO,8,BBIO,8206,LOS ÁLAMOS,1,"-37,60677","-73,407539",2,1,209,1,1,0,ILUSTRE MUNICIPALIDAD DE LOS ALAMOS,Aulas Conectadas 2025,SELECCIONADO,,https://docs.google.com/spreadsheets/d/11EPq1k3dRWyrXfsWJWh405slQ-tyEjJj/edit,https://datosabiertos.mineduc.cl/wp-content/uploads/2025/11/Directorio-Oficial-EE-2025.rar
selected,5112,ESCUELA ZAIDA ARANEDA VIGUERAS,ESCUELA ZAIDA ARANEDA VIGUERAS,8,BBIO,8206,LOS ÁLAMOS,1,"-37,630791","-73,407089",2,1,182,1,1,0,ILUSTRE MUNICIPALIDAD DE LOS ALAMOS,Aulas Conectadas 2025,SELECCIONADO,,https://docs.google.com/spreadsheets/d/11EPq1k3dRWyrXfsWJWh405slQ-tyEjJj/edit,https://datosabiertos.mineduc.cl/wp-content/uploads/2025/11/Directorio-Oficial-EE-2025.rar
selected,5113,LICEO ORLANDO DELGADO ZÚNIGA,LICEO ORLANDO DELGADO ZÚNIGA,8,BBIO,8206,LOS ÁLAMOS,1,"-37,673969","-73,394287",2,1,277,1,1,0,ILUSTRE MUNICIPALIDAD DE LOS ALAMOS,Aulas Conectadas 2025,SELECCIONADO,,https://docs.google.com/spreadsheets/d/11EPq1k3dRWyrXfsWJWh405slQ-tyEjJj/edit,https://datosabiertos.mineduc.cl/wp-content/uploads/2025/11/Directorio-Oficial-EE-2025.rar
selected,5123,ESCUELA BÁSICA CACIQUE FRANCISCO MELIN,ESCUELA BASICA CACIQUE FRANCISCO MELIN,8,BBIO,8203,CAÑETE,1,"-37,809792","-73,442032",2,1,183,1,1,0,ILUSTRE MUNICIPALIDAD DE CANETE,Aulas Conectadas 2025,SELECCIONADO,,https://docs.google.com/spreadsheets/d/11EPq1k3dRWyrXfsWJWh405slQ-tyEjJj/edit,https://datosabiertos.mineduc.cl/wp-content/uploads/2025/11/Directorio-Oficial-EE-2025.rar
selected,5130,ESCUELA BÁSICA RUBI NELSON SILVA SALAS,ESCUELA BASICA RUBI NELSON SILVA SALAS,8,BBIO,8203,CAÑETE,0,"-37,803501","-73,408089",2,1,234,1,1,0,ILUSTRE MUNICIPALIDAD DE CANETE,Aulas Conectadas 2025,SELECCIONADO,,https://docs.google.com/spreadsheets/d/11EPq1k3dRWyrXfsWJWh405slQ-tyEjJj/edit,https://datosabiertos.mineduc.cl/wp-content/uploads/2025/11/Directorio-Oficial-EE-2025.rar
selected,5132,ESCUELA RICARDO COLOMA DÍAZ,ESCUELA RICARDO COLOMA DIAZ,8,BBIO,8203,CAÑETE,1,"-37,81282","-73,261253",2,1,210,1,1,0,ILUSTRE MUNICIPALIDAD DE CANETE,Aulas Conectadas 2025,SELECCIONADO,,https://docs.google.com/spreadsheets/d/11EPq1k3dRWyrXfsWJWh405slQ-tyEjJj/edit,https://datosabiertos.mineduc.cl/wp-content/uploads/2025/11/Directorio-Oficial-EE-2025.rar
selected,5155,LICEO POLIVALENTE NAHUELBUTA,LICEO POLIVALENTE NAHUELBUTA,8,BBIO,8204,CONTULMO,0,"-38,01646","-73,228943",2,1,341,1,1,1,ILUSTRE MUNICIPALIDAD DE CONTULMO,Aulas Conectadas 2025,SELECCIONADO,,https://docs.google.com/spreadsheets/d/11EPq1k3dRWyrXfsWJWh405slQ-tyEjJj/edit,https://datosabiertos.mineduc.cl/wp-content/uploads/2025/11/Directorio-Oficial-EE-2025.rar
selected,5202,ESCUELA MAPUDUNGUN,ESCUELA MAPUDUNGUN,8,BBIO,8207,TIRÚA,1,"-38,143021","-73,391479",2,1,192,1,1,0,ILUSTRE MUNICIPALIDAD DE TIRUA,Aulas Conectadas 2025,SELECCIONADO,,https://docs.google.com/spreadsheets/d/11EPq1k3dRWyrXfsWJWh405slQ-tyEjJj/edit,https://datosabiertos.mineduc.cl/wp-content/uploads/2025/11/Directorio-Oficial-EE-2025.rar
selected,5225,COLEGIO MARÍA SYLVESTER RASCH,COLEGIO MARÍA SYLVESTER RASCH,9,ARAUC,9201,ANGOL,0,"-37,79731","-72,708633",2,1,187,1,1,0,ILUSTRE MUNICIPALIDAD DE ANGOL,Aulas Conectadas 2025,SELECCIONADO,,https://docs.google.com/spreadsheets/d/11EPq1k3dRWyrXfsWJWh405slQ-tyEjJj/edit,https://datosabiertos.mineduc.cl/wp-content/uploads/2025/11/Directorio-Oficial-EE-2025.rar
selected,5227,ESCUELA JOSÉ ELÍAS BOLIVAR HERRERA,ESCUELA JOSÉ ELÍAS BOLIVAR HERRERA,9,ARAUC,9201,ANGOL,0,"-37,795731","-72,711113",2,1,251,1,1,0,ILUSTRE MUNICIPALIDAD DE ANGOL,Aulas Conectadas 2025,SELECCIONADO,,https://docs.google.com/spreadsheets/d/11EPq1k3dRWyrXfsWJWh405slQ-tyEjJj/edit,https://datosabiertos.mineduc.cl/wp-content/uploads/2025/11/Directorio-Oficial-EE-2025.rar
selected,5288,ESCUELA MICHIGAN EL AMANECER,ESCUELA MICHIGAN EL AMANECER,9,ARAUC,9202,COLLIPULLI,0,"-37,952961","-72,422684",2,1,257,1,1,0,ILUSTRE MUNICIPALIDAD DE COLLIPULLI,Aulas Conectadas 2025,SELECCIONADO,,https://docs.google.com/spreadsheets/d/11EPq1k3dRWyrXfsWJWh405slQ-tyEjJj/edit,https://datosabiertos.mineduc.cl/wp-content/uploads/2025/11/Directorio-Oficial-EE-2025.rar
selected,5323,LICEO BICENTENARIO POLIVALENTE LONQUIMAY,LICEO BICENTENARIO POLIVALENTE LONQUIMAY,9,ARAUC,9205,LONQUIMAY,0,"-38,449059","-71,373108",2,1,571,1,1,1,ILUSTRE MUNICIPALIDAD DE LONQUIMAY,Aulas Conectadas 2025,SELECCIONADO,,https://docs.google.com/spreadsheets/d/11EPq1k3dRWyrXfsWJWh405slQ-tyEjJj/edit,https://datosabiertos.mineduc.cl/wp-content/uploads/2025/11/Directorio-Oficial-EE-2025.rar
selected,5344,LICEO LAS ARAUCARIAS,LICEO LAS ARAUCARIAS,9,ARAUC,9203,CURACAUTÍN,0,"-38,436062","-71,894073",2,1,1090,1,1,1,ILUSTRE MUNICIPALIDAD DE CURACAUTIN,Aulas Conectadas 2025,SELECCIONADO,,https://docs.google.com/spreadsheets/d/11EPq1k3dRWyrXfsWJWh405slQ-tyEjJj/edit,https://datosabiertos.mineduc.cl/wp-content/uploads/2025/11/Directorio-Oficial-EE-2025.rar
selected,5345,ESCUELA LUIS CRUZ MARTÍNEZ,ESCUELA LUIS CRUZ MARTINEZ,9,ARAUC,9203,CURACAUTÍN,0,"-38,438629","-71,87426",2,1,177,1,1,0,ILUSTRE MUNICIPALIDAD DE CURACAUTIN,Aulas Conectadas 2025,SELECCIONADO,,https://docs.google.com/spreadsheets/d/11EPq1k3dRWyrXfsWJWh405slQ-tyEjJj/edit,https://datosabiertos.mineduc.cl/wp-content/uploads/2025/11/Directorio-Oficial-EE-2025.rar
selected,5374,LICEO ALONSO DE ERCILLA Y ZUÑIGA,LICEO ALONSO DE ERCILLA Y ZUÑIGA,9,ARAUC,9204,ERCILLA,0,"-38,064232","-72,375603",2,1,338,1,1,1,ILUSTRE MUNICIPALIDAD DE ERCILLA,Aulas Conectadas 2025,SELECCIONADO,,https://docs.google.com/spreadsheets/d/11EPq1k3dRWyrXfsWJWh405slQ-tyEjJj/edit,https://datosabiertos.mineduc.cl/wp-content/uploads/2025/11/Directorio-Oficial-EE-2025.rar
selected,5375,ESCUELA BÁSICA SALVADOR ALLENDE,ESCUELA BASICA SALVADOR ALLENDE,9,ARAUC,9204,ERCILLA,0,"-38,12978","-72,320663",2,1,150,1,1,0,ILUSTRE MUNICIPALIDAD DE ERCILLA,Aulas Conectadas 2025,SELECCIONADO,,https://docs.google.com/spreadsheets/d/11EPq1k3dRWyrXfsWJWh405slQ-tyEjJj/edit,https://datosabiertos.mineduc.cl/wp-content/uploads/2025/11/Directorio-Oficial-EE-2025.rar
selected,5508,ESCUELA PEDRO DE OÑA,ESCUELA PEDRO DE ONA,9,ARAUC,9208,PURÉN,0,"-38,034401","-73,069023",2,1,528,1,1,0,ILUSTRE MUNICIPALIDAD DE PUREN,Aulas Conectadas 2025,SELECCIONADO,,https://docs.google.com/spreadsheets/d/11EPq1k3dRWyrXfsWJWh405slQ-tyEjJj/edit,https://datosabiertos.mineduc.cl/wp-content/uploads/2025/11/Directorio-Oficial-EE-2025.rar
selected,5624,ESCUELA METRENCO,ESCUELA METRENCO,9,ARAUC,9112,PADRE LAS CASAS,1,"-38,823071","-72,618347",2,1,193,1,1,0,ILUSTRE MUNICIPALIDAD DE PADRE LAS CASAS,Aulas Conectadas 2025,SELECCIONADO,,https://docs.google.com/spreadsheets/d/11EPq1k3dRWyrXfsWJWh405slQ-tyEjJj/edit,https://datosabiertos.mineduc.cl/wp-content/uploads/2025/11/Directorio-Oficial-EE-2025.rar
selected,5625,ESCUELA TRUF-TRUF,ESCUELA TRUF-TRUF.,9,ARAUC,9112,PADRE LAS CASAS,1,"-38,744019","-72,537239",2,1,179,1,1,0,ILUSTRE MUNICIPALIDAD DE PADRE LAS CASAS,Aulas Conectadas 2025,SELECCIONADO,,https://docs.google.com/spreadsheets/d/11EPq1k3dRWyrXfsWJWh405slQ-tyEjJj/edit,https://datosabiertos.mineduc.cl/wp-content/uploads/2025/11/Directorio-Oficial-EE-2025.rar
selected,5824,ESC. BÁSICA NÚMERO SEIS,ESC. BASICA NUMERO SEIS,9,ARAUC,9108,LAUTARO,0,"-38,526951","-72,434799",2,1,609,1,1,0,ILUSTRE MUNICIPALIDAD DE LAUTARO,Aulas Conectadas 2025,SELECCIONADO,,https://docs.google.com/spreadsheets/d/11EPq1k3dRWyrXfsWJWh405slQ-tyEjJj/edit,https://datosabiertos.mineduc.cl/wp-content/uploads/2025/11/Directorio-Oficial-EE-2025.rar
selected,5825,ESC. BÁSICA AMELIA GODOY,ESC. BASICA AMELIA GODOY,9,ARAUC,9108,LAUTARO,0,"-38,540081","-72,437508",2,1,185,1,1,0,ILUSTRE MUNICIPALIDAD DE LAUTARO,Aulas Conectadas 2025,SELECCIONADO,,https://docs.google.com/spreadsheets/d/11EPq1k3dRWyrXfsWJWh405slQ-tyEjJj/edit,https://datosabiertos.mineduc.cl/wp-content/uploads/2025/11/Directorio-Oficial-EE-2025.rar
selected,5827,ESCUELA IRENE FREI,ESCUELA IRENE FREI,9,ARAUC,9108,LAUTARO,0,"-38,52037","-72,436577",2,1,251,1,1,0,ILUSTRE MUNICIPALIDAD DE LAUTARO,Aulas Conectadas 2025,SELECCIONADO,,https://docs.google.com/spreadsheets/d/11EPq1k3dRWyrXfsWJWh405slQ-tyEjJj/edit,https://datosabiertos.mineduc.cl/wp-content/uploads/2025/11/Directorio-Oficial-EE-2025.rar
selected,5828,ESC. BÁSICA GUACOLDA,ESC. BASICA GUACOLDA,9,ARAUC,9108,LAUTARO,0,"-38,537201","-72,422279",2,1,365,1,1,0,ILUSTRE MUNICIPALIDAD DE LAUTARO,Aulas Conectadas 2025,SELECCIONADO,,https://docs.google.com/spreadsheets/d/11EPq1k3dRWyrXfsWJWh405slQ-tyEjJj/edit,https://datosabiertos.mineduc.cl/wp-content/uploads/2025/11/Directorio-Oficial-EE-2025.rar
selected,5831,LICEO LOS CASTAÑOS,LICEO LOS CASTANOS,9,ARAUC,9108,LAUTARO,0,"-38,63699","-72,449677",2,1,316,1,1,0,ILUSTRE MUNICIPALIDAD DE LAUTARO,Aulas Conectadas 2025,SELECCIONADO,,https://docs.google.com/spreadsheets/d/11EPq1k3dRWyrXfsWJWh405slQ-tyEjJj/edit,https://datosabiertos.mineduc.cl/wp-content/uploads/2025/11/Directorio-Oficial-EE-2025.rar
selected,5880,ESCUELA EDUARDO FREI MONTALVA,ESCUELA EDUARDO FREI MONTALVA,9,ARAUC,9113,PERQUENCO,0,"-38,421421","-72,375977",2,1,359,1,1,0,ILUSTRE MUNICIPALIDAD DE PERQUENCO,Aulas Conectadas 2025,SELECCIONADO,,https://docs.google.com/spreadsheets/d/11EPq1k3dRWyrXfsWJWh405slQ-tyEjJj/edit,https://datosabiertos.mineduc.cl/wp-content/uploads/2025/11/Directorio-Oficial-EE-2025.rar
selected,5957,LICEO MUNICIPAL ATENEA,LICEO MUNICIPAL ATENEA,9,ARAUC,9103,CUNCO,0,"-38,93259","-72,030823",2,1,726,1,1,1,ILUSTRE MUNICIPALIDAD DE CUNCO,Aulas Conectadas 2025,SELECCIONADO,,https://docs.google.com/spreadsheets/d/11EPq1k3dRWyrXfsWJWh405slQ-tyEjJj/edit,https://datosabiertos.mineduc.cl/wp-content/uploads/2025/11/Directorio-Oficial-EE-2025.rar
selected,6056,ESCUELA BÁSICA MUNICIPAL DE EL CLARO,ESCUELA BASICA MUNICIPAL DE EL CLARO,9,ARAUC,9115,PUCÓN,1,"-39,298779","-71,900398",2,1,290,1,1,0,ILUSTRE MUNICIPALIDAD DE PUCON,Aulas Conectadas 2025,SELECCIONADO,,https://docs.google.com/spreadsheets/d/11EPq1k3dRWyrXfsWJWh405slQ-tyEjJj/edit,https://datosabiertos.mineduc.cl/wp-content/uploads/2025/11/Directorio-Oficial-EE-2025.rar
selected,6060,ESC. BÁSICA VILLA SAN PEDRO,ESC. BASICA VILLA SAN PEDRO,9,ARAUC,9115,PUCÓN,1,"-39,266819","-71,786743",2,1,149,1,1,0,ILUSTRE MUNICIPALIDAD DE PUCON,Aulas Conectadas 2025,SELECCIONADO,,https://docs.google.com/spreadsheets/d/11EPq1k3dRWyrXfsWJWh405slQ-tyEjJj/edit,https://datosabiertos.mineduc.cl/wp-content/uploads/2025/11/Directorio-Oficial-EE-2025.rar
selected,6088,ESCUELA VALENTÍN LETELIER,ESCUELA VALENTIN LETELIER,9,ARAUC,9120,VILLARRICA,0,"-39,278679","-72,229218",2,1,279,1,1,0,ILUSTRE MUNICIPALIDAD DE VILLARRICA,Aulas Conectadas 2025,SELECCIONADO,,https://docs.google.com/spreadsheets/d/11EPq1k3dRWyrXfsWJWh405slQ-tyEjJj/edit,https://datosabiertos.mineduc.cl/wp-content/uploads/2025/11/Directorio-Oficial-EE-2025.rar
selected,6089,ESCUELA VOIPIR DE NANCUL,ESCUELA VOIPIR DE NANCUL,9,ARAUC,9120,VILLARRICA,0,"-39,278111","-72,232872",2,1,285,1,1,0,ILUSTRE MUNICIPALIDAD DE VILLARRICA,Aulas Conectadas 2025,SELECCIONADO,,https://docs.google.com/spreadsheets/d/11EPq1k3dRWyrXfsWJWh405slQ-tyEjJj/edit,https://datosabiertos.mineduc.cl/wp-content/uploads/2025/11/Directorio-Oficial-EE-2025.rar
selected,6092,ESCUELA EPUKLEI,ESCUELA EPUKLEI,9,ARAUC,9120,VILLARRICA,0,"-39,48732","-72,155838",2,1,205,1,1,0,ILUSTRE MUNICIPALIDAD DE VILLARRICA,Aulas Conectadas 2025,SELECCIONADO,,https://docs.google.com/spreadsheets/d/11EPq1k3dRWyrXfsWJWh405slQ-tyEjJj/edit,https://datosabiertos.mineduc.cl/wp-content/uploads/2025/11/Directorio-Oficial-EE-2025.rar
selected,6227,ESCUELA LAS AMÉRICAS,ESCUELA LAS AMERICAS,9,ARAUC,9114,PITRUFQUÉN,0,"-38,98317","-72,643181",2,1,222,1,1,0,ILUSTRE MUNICIPALIDAD DE PITRUFQUEN,Aulas Conectadas 2025,SELECCIONADO,,https://docs.google.com/spreadsheets/d/11EPq1k3dRWyrXfsWJWh405slQ-tyEjJj/edit,https://datosabiertos.mineduc.cl/wp-content/uploads/2025/11/Directorio-Oficial-EE-2025.rar
selected,6285,ESCUELA BÁSICA LOS PERALES,ESCUELA BASICA LOS PERALES,9,ARAUC,9107,GORBEA,0,"-39,098122","-72,676071",2,1,146,1,1,0,ILUSTRE MUNICIPALIDAD DE GORBEA,Aulas Conectadas 2025,SELECCIONADO,,https://docs.google.com/spreadsheets/d/11EPq1k3dRWyrXfsWJWh405slQ-tyEjJj/edit,https://datosabiertos.mineduc.cl/wp-content/uploads/2025/11/Directorio-Oficial-EE-2025.rar
selected,6305,ESCUELA DOMITILA PINNA PARRA,ESCUELA DOMITILA PINNA PARRA,9,ARAUC,9109,LONCOCHE,0,"-39,410099","-72,709679",2,1,215,1,1,0,ILUSTRE MUNICIPALIDAD DE LONCOCHE,Aulas Conectadas 2025,SELECCIONADO,,https://docs.google.com/spreadsheets/d/11EPq1k3dRWyrXfsWJWh405slQ-tyEjJj/edit,https://datosabiertos.mineduc.cl/wp-content/uploads/2025/11/Directorio-Oficial-EE-2025.rar
selected,6772,C.E.I.A. NARCISO GARCÍA BARRÍA,C.E.I.A. NARCISO GARCIA BARRIA,10,LAGOS,10101,PUERTO MONTT,1,"-41,46338272","-72,93325043",2,1,124,1,1,0,ILUSTRE MUNICIPALIDAD DE PUERTO MONTT,Aulas Conectadas 2025,SELECCIONADO,,https://docs.google.com/spreadsheets/d/11EPq1k3dRWyrXfsWJWh405slQ-tyEjJj/edit,https://datosabiertos.mineduc.cl/wp-content/uploads/2025/11/Directorio-Oficial-EE-2025.rar
selected,6774,ESCUELA EL LAUREL,ESCUELA EL LAUREL,14,RIOS,14101,VALDIVIA,0,"-39,840172","-73,207787",6,5,195,1,1,0,SERVICIO LOCAL DE EDUCACION PUBLICA VALDIVIA (SLEP VALDIVIA),Aulas Conectadas 2025,SELECCIONADO,,https://docs.google.com/spreadsheets/d/11EPq1k3dRWyrXfsWJWh405slQ-tyEjJj/edit,https://datosabiertos.mineduc.cl/wp-content/uploads/2025/11/Directorio-Oficial-EE-2025.rar
selected,6777,ESCUELA FEDOR M. DOSTOIEVSKI,ESCUELA FEDOR M.DOSTOIEVSKI,14,RIOS,14101,VALDIVIA,0,"-39,823738","-73,213493",6,5,251,1,1,0,SERVICIO LOCAL DE EDUCACION PUBLICA VALDIVIA (SLEP VALDIVIA),Aulas Conectadas 2025,SELECCIONADO,,https://docs.google.com/spreadsheets/d/11EPq1k3dRWyrXfsWJWh405slQ-tyEjJj/edit,https://datosabiertos.mineduc.cl/wp-content/uploads/2025/11/Directorio-Oficial-EE-2025.rar
selected,6780,ESCUELA FERNANDO SANTIVAN,ESCUELA FERNANDO SANTIVAN,14,RIOS,14101,VALDIVIA,0,"-39,833118","-73,21106",6,5,225,1,1,0,SERVICIO LOCAL DE EDUCACION PUBLICA VALDIVIA (SLEP VALDIVIA),Aulas Conectadas 2025,SELECCIONADO,,https://docs.google.com/spreadsheets/d/11EPq1k3dRWyrXfsWJWh405slQ-tyEjJj/edit,https://datosabiertos.mineduc.cl/wp-content/uploads/2025/11/Directorio-Oficial-EE-2025.rar
selected,6785,ESCUELA ANGACHILLA,ESCUELA ANGACHILLA,14,RIOS,14101,VALDIVIA,0,"-39,85006","-73,221123",6,5,185,1,1,0,SERVICIO LOCAL DE EDUCACION PUBLICA VALDIVIA (SLEP VALDIVIA),Aulas Conectadas 2025,SELECCIONADO,,https://docs.google.com/spreadsheets/d/11EPq1k3dRWyrXfsWJWh405slQ-tyEjJj/edit,https://datosabiertos.mineduc.cl/wp-content/uploads/2025/11/Directorio-Oficial-EE-2025.rar
selected,6787,CENTRO EDUC. ADULTOS LUIS MOLL BRIONES,CENTRO EDUC.ADULTOS LUIS MOLL BRIONES,14,RIOS,14101,VALDIVIA,0,"-39,83191299","-73,22041321",6,5,315,1,1,0,SERVICIO LOCAL DE EDUCACION PUBLICA VALDIVIA (SLEP VALDIVIA),Aulas Conectadas 2025,SELECCIONADO,,https://docs.google.com/spreadsheets/d/11EPq1k3dRWyrXfsWJWh405slQ-tyEjJj/edit,https://datosabiertos.mineduc.cl/wp-content/uploads/2025/11/Directorio-Oficial-EE-2025.rar
selected,6791,ESCUELA DE NIEBLA JUAN BOSCH,ESCUELA DE NIEBLA JUAN BOSCH,14,RIOS,14101,VALDIVIA,1,"-39,873058","-73,398987",6,5,413,1,1,0,SERVICIO LOCAL DE EDUCACION PUBLICA VALDIVIA (SLEP VALDIVIA),Aulas Conectadas 2025,SELECCIONADO,,https://docs.google.com/spreadsheets/d/11EPq1k3dRWyrXfsWJWh405slQ-tyEjJj/edit,https://datosabiertos.mineduc.cl/wp-content/uploads/2025/11/Directorio-Oficial-EE-2025.rar
selected,6846,LICEO SAN LUIS DE ALBA,LICEO SAN LUIS DE ALBA,14,RIOS,14106,MARIQUINA,0,"-39,537159","-72,958687",6,5,357,1,1,1,SERVICIO LOCAL DE EDUCACION PUBLICA VALDIVIA (SLEP VALDIVIA),Aulas Conectadas 2025,SELECCIONADO,,https://docs.google.com/spreadsheets/d/11EPq1k3dRWyrXfsWJWh405slQ-tyEjJj/edit,https://datosabiertos.mineduc.cl/wp-content/uploads/2025/11/Directorio-Oficial-EE-2025.rar
selected,6852,COLEGIO PELCHUQUIN,COLEGIO PELCHUQUIN,14,RIOS,14106,MARIQUINA,1,"-39,625721","-73,079529",6,5,144,1,1,0,SERVICIO LOCAL DE EDUCACION PUBLICA VALDIVIA (SLEP VALDIVIA),Aulas Conectadas 2025,SELECCIONADO,,https://docs.google.com/spreadsheets/d/11EPq1k3dRWyrXfsWJWh405slQ-tyEjJj/edit,https://datosabiertos.mineduc.cl/wp-content/uploads/2025/11/Directorio-Oficial-EE-2025.rar
selected,6876,ESCUELA FRAY BERNABE DE LUCERNA,ESCUELA FRAY BERNABE DE LUCERNA,14,RIOS,14106,MARIQUINA,1,"-39,54121","-72,86869",6,5,167,1,1,0,SERVICIO LOCAL DE EDUCACION PUBLICA VALDIVIA (SLEP VALDIVIA),Aulas Conectadas 2025,SELECCIONADO,,https://docs.google.com/spreadsheets/d/11EPq1k3dRWyrXfsWJWh405slQ-tyEjJj/edit,https://datosabiertos.mineduc.cl/wp-content/uploads/2025/11/Directorio-Oficial-EE-2025.rar
selected,6886,ESCUELA VALLE DE MARIQUINA,ESCUELA VALLE DE MARIQUINA,14,RIOS,14106,MARIQUINA,0,"-39,539249","-72,975311",6,5,188,1,1,0,SERVICIO LOCAL DE EDUCACION PUBLICA VALDIVIA (SLEP VALDIVIA),Aulas Conectadas 2025,SELECCIONADO,,https://docs.google.com/spreadsheets/d/11EPq1k3dRWyrXfsWJWh405slQ-tyEjJj/edit,https://datosabiertos.mineduc.cl/wp-content/uploads/2025/11/Directorio-Oficial-EE-2025.rar
selected,6897,LICEO BICENTENERIO DE EXCELENCIA CAMILO HENRÍQUEZ GONZÁLEZ DE LANCO,LICEO BICENTENERIO DE EXCELENCIA CAMILO HENRIQUEZ GONZALEZ DE LANCO.,14,RIOS,14103,LANCO,0,"-39,45113","-72,771851",6,5,581,1,1,1,SERVICIO LOCAL DE EDUCACION PUBLICA VALDIVIA (SLEP VALDIVIA),Aulas Conectadas 2025,SELECCIONADO,,https://docs.google.com/spreadsheets/d/11EPq1k3dRWyrXfsWJWh405slQ-tyEjJj/edit,https://datosabiertos.mineduc.cl/wp-content/uploads/2025/11/Directorio-Oficial-EE-2025.rar
selected,6899,LICEO REPÚBLICA DEL BRASIL,LICEO REPUBLICA DEL BRASIL,14,RIOS,14103,LANCO,1,"-39,539982","-72,508507",6,5,275,1,1,1,SERVICIO LOCAL DE EDUCACION PUBLICA VALDIVIA (SLEP VALDIVIA),Aulas Conectadas 2025,SELECCIONADO,,https://docs.google.com/spreadsheets/d/11EPq1k3dRWyrXfsWJWh405slQ-tyEjJj/edit,https://datosabiertos.mineduc.cl/wp-content/uploads/2025/11/Directorio-Oficial-EE-2025.rar
selected,7063,ESCUELA RURAL HUELLAHUE,ESCUELA RURAL HUELLAHUE,14,RIOS,14108,PANGUIPULLI,1,"-39,60638","-72,367851",6,5,171,1,1,0,SERVICIO LOCAL DE EDUCACION PUBLICA VALDIVIA (SLEP VALDIVIA),Aulas Conectadas 2025,SELECCIONADO,,https://docs.google.com/spreadsheets/d/11EPq1k3dRWyrXfsWJWh405slQ-tyEjJj/edit,https://datosabiertos.mineduc.cl/wp-content/uploads/2025/11/Directorio-Oficial-EE-2025.rar
selected,7085,COMPLEJO EDUCACIÓNAL TIERRA DE ESPERANZA,COMPLEJO EDUCACIONAL TIERRA DE ESPERANZA,14,RIOS,14108,PANGUIPULLI,1,"-39,84993","-71,945099",6,5,204,1,1,1,SERVICIO LOCAL DE EDUCACION PUBLICA VALDIVIA (SLEP VALDIVIA),Aulas Conectadas 2025,SELECCIONADO,,https://docs.google.com/spreadsheets/d/11EPq1k3dRWyrXfsWJWh405slQ-tyEjJj/edit,https://datosabiertos.mineduc.cl/wp-content/uploads/2025/11/Directorio-Oficial-EE-2025.rar
selected,7205,ESCUELA ROBERTO OJEDA TÓRRES,ESCUELA ROBERTO OJEDA TORRES,14,RIOS,14107,PAILLACO,0,"-39,99324","-72,834717",6,5,205,1,1,0,SERVICIO LOCAL DE EDUCACION PUBLICA VALDIVIA (SLEP VALDIVIA),Aulas Conectadas 2025,SELECCIONADO,,https://docs.google.com/spreadsheets/d/11EPq1k3dRWyrXfsWJWh405slQ-tyEjJj/edit,https://datosabiertos.mineduc.cl/wp-content/uploads/2025/11/Directorio-Oficial-EE-2025.rar
selected,7238,ESCUELA BÁSICA PATRICIO LYNCH,ESCUELA BASICA PATRICIO LYNCH,14,RIOS,14204,RÍO BUENO,0,"-40,330379","-72,943176",2,1,211,1,1,0,ILUSTRE MUNICIPALIDAD DE RIO BUENO,Aulas Conectadas 2025,SELECCIONADO,,https://docs.google.com/spreadsheets/d/11EPq1k3dRWyrXfsWJWh405slQ-tyEjJj/edit,https://datosabiertos.mineduc.cl/wp-content/uploads/2025/11/Directorio-Oficial-EE-2025.rar
selected,7328,LICEO RAHUE,LICEO RAHUE,10,LAGOS,10301,OSORNO,0,"-40,577839","-73,163918",2,1,547,1,1,1,ILUSTRE MUNICIPALIDAD DE OSORNO,Aulas Conectadas 2025,SELECCIONADO,,https://docs.google.com/spreadsheets/d/11EPq1k3dRWyrXfsWJWh405slQ-tyEjJj/edit,https://datosabiertos.mineduc.cl/wp-content/uploads/2025/11/Directorio-Oficial-EE-2025.rar
selected,7331,INSTITUTO COMERCIAL DE OSORNO,LICEO BICENTENARIO DE EXCELENCIA INSTITUTO COMERCIAL DE OSORNO,10,LAGOS,10301,OSORNO,0,"-40,571758","-73,138161",2,1,1021,1,1,1,ILUSTRE MUNICIPALIDAD DE OSORNO,Aulas Conectadas 2025,SELECCIONADO,,https://docs.google.com/spreadsheets/d/11EPq1k3dRWyrXfsWJWh405slQ-tyEjJj/edit,https://datosabiertos.mineduc.cl/wp-content/uploads/2025/11/Directorio-Oficial-EE-2025.rar
selected,7335,ESCUELA SUIZA,ESCUELA SUIZA,10,LAGOS,10301,OSORNO,0,"-40,585781","-73,145248",2,1,262,1,1,0,ILUSTRE MUNICIPALIDAD DE OSORNO,Aulas Conectadas 2025,SELECCIONADO,,https://docs.google.com/spreadsheets/d/11EPq1k3dRWyrXfsWJWh405slQ-tyEjJj/edit,https://datosabiertos.mineduc.cl/wp-content/uploads/2025/11/Directorio-Oficial-EE-2025.rar
selected,7336,ESCUELA FUNDACIÓN PAUL HARRIS,ESCUELA FUNDACION PAUL HARRIS,10,LAGOS,10301,OSORNO,0,"-40,568001","-73,161217",2,1,186,1,1,0,ILUSTRE MUNICIPALIDAD DE OSORNO,Aulas Conectadas 2025,SELECCIONADO,,https://docs.google.com/spreadsheets/d/11EPq1k3dRWyrXfsWJWh405slQ-tyEjJj/edit,https://datosabiertos.mineduc.cl/wp-content/uploads/2025/11/Directorio-Oficial-EE-2025.rar
selected,7340,ESCUELA CLAUDIO ARRAU,ESCUELA CLAUDIO ARRAU,10,LAGOS,10301,OSORNO,0,"-40,577419","-73,148773",2,1,154,1,1,0,ILUSTRE MUNICIPALIDAD DE OSORNO,Aulas Conectadas 2025,SELECCIONADO,,https://docs.google.com/spreadsheets/d/11EPq1k3dRWyrXfsWJWh405slQ-tyEjJj/edit,https://datosabiertos.mineduc.cl/wp-content/uploads/2025/11/Directorio-Oficial-EE-2025.rar
selected,7341,ESCUELA MONSEÑOR FRANCISCO VALDÉS SUBERCASEAUX,ESCUELA MONSEÑOR FRANCISCO VALDES SUBERCASEAUX,10,LAGOS,10301,OSORNO,0,"-40,562969","-73,151253",2,1,188,1,1,0,ILUSTRE MUNICIPALIDAD DE OSORNO,Aulas Conectadas 2025,SELECCIONADO,,https://docs.google.com/spreadsheets/d/11EPq1k3dRWyrXfsWJWh405slQ-tyEjJj/edit,https://datosabiertos.mineduc.cl/wp-content/uploads/2025/11/Directorio-Oficial-EE-2025.rar
selected,7347,ESCUELA DEPORTIVA OSORNO,ESCUELA DEPORTIVA OSORNO,10,LAGOS,10301,OSORNO,0,"-40,58717","-73,153709",2,1,157,1,1,0,ILUSTRE MUNICIPALIDAD DE OSORNO,Aulas Conectadas 2025,SELECCIONADO,,https://docs.google.com/spreadsheets/d/11EPq1k3dRWyrXfsWJWh405slQ-tyEjJj/edit,https://datosabiertos.mineduc.cl/wp-content/uploads/2025/11/Directorio-Oficial-EE-2025.rar
selected,7418,ESCUELA BÁSICA SAN PABLO,ESCUELA BASICA SAN PABLO,10,LAGOS,10307,SAN PABLO,0,"-40,410851","-73,011742",2,1,233,1,1,0,ILUSTRE MUNICIPALIDAD DE SAN PABLO,Aulas Conectadas 2025,SELECCIONADO,,https://docs.google.com/spreadsheets/d/11EPq1k3dRWyrXfsWJWh405slQ-tyEjJj/edit,https://datosabiertos.mineduc.cl/wp-content/uploads/2025/11/Directorio-Oficial-EE-2025.rar
selected,7476,ESCUELA ALBERTO HURTADO,ESCUELA ALBERTO HURTADO,10,LAGOS,10302,PUERTO OCTAY,0,"-40,974751","-72,881157",2,1,162,1,1,0,ILUSTRE MUNICIPALIDAD DE PUERTO OCTAY,Aulas Conectadas 2025,SELECCIONADO,,https://docs.google.com/spreadsheets/d/11EPq1k3dRWyrXfsWJWh405slQ-tyEjJj/edit,https://datosabiertos.mineduc.cl/wp-content/uploads/2025/11/Directorio-Oficial-EE-2025.rar
selected,7507,ESCUELA BERTOLDO HOFMANN KAHLER,ESCUELA BERTOLDO HOFMANN KAHLER,10,LAGOS,10303,PURRANQUE,0,"-40,954479","-73,160919",2,1,191,1,1,0,ILUSTRE MUNICIPALIDAD DE PURRANQUE,Aulas Conectadas 2025,SELECCIONADO,,https://docs.google.com/spreadsheets/d/11EPq1k3dRWyrXfsWJWh405slQ-tyEjJj/edit,https://datosabiertos.mineduc.cl/wp-content/uploads/2025/11/Directorio-Oficial-EE-2025.rar
selected,7541,ESCUELA ANDREW JACKSON,ESCUELA ANDREW JACKSON,10,LAGOS,10305,RÍO NEGRO,0,"-40,791611","-73,217293",2,1,328,1,1,0,ILUSTRE MUNICIPALIDAD DE RIO NEGRO,Aulas Conectadas 2025,SELECCIONADO,,https://docs.google.com/spreadsheets/d/11EPq1k3dRWyrXfsWJWh405slQ-tyEjJj/edit,https://datosabiertos.mineduc.cl/wp-content/uploads/2025/11/Directorio-Oficial-EE-2025.rar
selected,7542,LICEO JOSÉ TORIBIO MEDINA,LICEO JOSE TORIBIO MEDINA,10,LAGOS,10305,RÍO NEGRO,0,"-40,790031","-73,213387",2,1,241,1,1,1,ILUSTRE MUNICIPALIDAD DE RIO NEGRO,Aulas Conectadas 2025,SELECCIONADO,,https://docs.google.com/spreadsheets/d/11EPq1k3dRWyrXfsWJWh405slQ-tyEjJj/edit,https://datosabiertos.mineduc.cl/wp-content/uploads/2025/11/Directorio-Oficial-EE-2025.rar
selected,7543,ESCUELA RÍO NEGRO,ESCUELA RIO NEGRO,10,LAGOS,10305,RÍO NEGRO,0,"-40,804649","-73,21373",2,1,234,1,1,0,ILUSTRE MUNICIPALIDAD DE RIO NEGRO,Aulas Conectadas 2025,SELECCIONADO,,https://docs.google.com/spreadsheets/d/11EPq1k3dRWyrXfsWJWh405slQ-tyEjJj/edit,https://datosabiertos.mineduc.cl/wp-content/uploads/2025/11/Directorio-Oficial-EE-2025.rar
selected,7583,ESCUELA RURAL PUAUCHO,ESCUELA RURAL PUAUCHO,10,LAGOS,10306,SAN JUAN DE LA COSTA,1,"-40,606369","-73,468193",2,1,186,1,1,0,ILUSTRE MUNICIPALIDAD DE SAN JUAN DE LA COSTA,Aulas Conectadas 2025,SELECCIONADO,,https://docs.google.com/spreadsheets/d/11EPq1k3dRWyrXfsWJWh405slQ-tyEjJj/edit,https://datosabiertos.mineduc.cl/wp-content/uploads/2025/11/Directorio-Oficial-EE-2025.rar
selected,7636,ESCUELA N 5 MIRAMAR,ESCUELA N 5 MIRAMAR,10,LAGOS,10101,PUERTO MONTT,0,"-41,4716","-72,922592",2,1,264,1,1,0,ILUSTRE MUNICIPALIDAD DE PUERTO MONTT,Aulas Conectadas 2025,SELECCIONADO,,https://docs.google.com/spreadsheets/d/11EPq1k3dRWyrXfsWJWh405slQ-tyEjJj/edit,https://datosabiertos.mineduc.cl/wp-content/uploads/2025/11/Directorio-Oficial-EE-2025.rar
selected,7644,ESCUELA BÁSICA SANTA INÉS,ESCUELA BASICA SANTA INES,10,LAGOS,10101,PUERTO MONTT,0,"-41,464821","-72,962868",2,1,275,1,1,0,ILUSTRE MUNICIPALIDAD DE PUERTO MONTT,Aulas Conectadas 2025,SELECCIONADO,,https://docs.google.com/spreadsheets/d/11EPq1k3dRWyrXfsWJWh405slQ-tyEjJj/edit,https://datosabiertos.mineduc.cl/wp-content/uploads/2025/11/Directorio-Oficial-EE-2025.rar
selected,7646,ESCUELA ROTARIO PEDRO AVELINO BRAVO,ESCUELA ROTARIO PEDRO AVELINO BRAVO,10,LAGOS,10101,PUERTO MONTT,0,"-41,46711","-72,974091",2,1,298,1,1,0,ILUSTRE MUNICIPALIDAD DE PUERTO MONTT,Aulas Conectadas 2025,SELECCIONADO,,https://docs.google.com/spreadsheets/d/11EPq1k3dRWyrXfsWJWh405slQ-tyEjJj/edit,https://datosabiertos.mineduc.cl/wp-content/uploads/2025/11/Directorio-Oficial-EE-2025.rar
selected,7650,ESCUELA DE CULTURA Y DIFUSION ARTÍSTICA,ESCUELA DE CULTURA Y DIFUSION ARTISTICA,10,LAGOS,10101,PUERTO MONTT,0,"-41,47690582","-72,95062256",2,1,266,1,1,0,ILUSTRE MUNICIPALIDAD DE PUERTO MONTT,Aulas Conectadas 2025,SELECCIONADO,,https://docs.google.com/spreadsheets/d/11EPq1k3dRWyrXfsWJWh405slQ-tyEjJj/edit,https://datosabiertos.mineduc.cl/wp-content/uploads/2025/11/Directorio-Oficial-EE-2025.rar
selected,7664,ESCUELA CAYENEL,ESCUELA CAYENEL,10,LAGOS,10101,PUERTO MONTT,1,"-41,451229","-72,963142",2,1,196,1,1,0,ILUSTRE MUNICIPALIDAD DE PUERTO MONTT,Aulas Conectadas 2025,SELECCIONADO,,https://docs.google.com/spreadsheets/d/11EPq1k3dRWyrXfsWJWh405slQ-tyEjJj/edit,https://datosabiertos.mineduc.cl/wp-content/uploads/2025/11/Directorio-Oficial-EE-2025.rar
selected,7671,ESCUELA RURAL LAGUNITAS,ESCUELA RURAL LAGUNITAS,10,LAGOS,10101,PUERTO MONTT,1,"-41,44767","-73,021103",2,1,300,1,1,0,ILUSTRE MUNICIPALIDAD DE PUERTO MONTT,Aulas Conectadas 2025,SELECCIONADO,,https://docs.google.com/spreadsheets/d/11EPq1k3dRWyrXfsWJWh405slQ-tyEjJj/edit,https://datosabiertos.mineduc.cl/wp-content/uploads/2025/11/Directorio-Oficial-EE-2025.rar
selected,7679,ESCUELA RURAL HUELMO,ESCUELA RURAL HUELMO,10,LAGOS,10101,PUERTO MONTT,1,"-41,67305","-73,062592",2,1,226,1,1,0,ILUSTRE MUNICIPALIDAD DE PUERTO MONTT,Aulas Conectadas 2025,SELECCIONADO,,https://docs.google.com/spreadsheets/d/11EPq1k3dRWyrXfsWJWh405slQ-tyEjJj/edit,https://datosabiertos.mineduc.cl/wp-content/uploads/2025/11/Directorio-Oficial-EE-2025.rar
selected,7685,ESCUELA RURAL LA VARA,ESCUELA RURAL LA VARA,10,LAGOS,10101,PUERTO MONTT,1,"-41,425671","-72,906792",2,1,288,1,1,0,ILUSTRE MUNICIPALIDAD DE PUERTO MONTT,Aulas Conectadas 2025,SELECCIONADO,,https://docs.google.com/spreadsheets/d/11EPq1k3dRWyrXfsWJWh405slQ-tyEjJj/edit,https://datosabiertos.mineduc.cl/wp-content/uploads/2025/11/Directorio-Oficial-EE-2025.rar
selected,7723,ESCUELA GRUPO ESCOLAR,ESCUELA GRUPO ESCOLAR,10,LAGOS,10109,PUERTO VARAS,0,"-41,321602","-72,985641",6,5,564,1,1,0,SERVICIO LOCAL DE EDUCACIÓN PÚBLICA DE LLANQUIHUE,Aulas Conectadas 2025,SELECCIONADO,,https://docs.google.com/spreadsheets/d/11EPq1k3dRWyrXfsWJWh405slQ-tyEjJj/edit,https://datosabiertos.mineduc.cl/wp-content/uploads/2025/11/Directorio-Oficial-EE-2025.rar
selected,7740,ESCUELA RURAL EPSON DE ENSENADA,ESCUELA RURAL EPSON DE ENSENADA,10,LAGOS,10109,PUERTO VARAS,1,"-41,208179","-72,539429",6,5,208,1,1,0,SERVICIO LOCAL DE EDUCACIÓN PÚBLICA DE LLANQUIHUE,Aulas Conectadas 2025,SELECCIONADO,,https://docs.google.com/spreadsheets/d/11EPq1k3dRWyrXfsWJWh405slQ-tyEjJj/edit,https://datosabiertos.mineduc.cl/wp-content/uploads/2025/11/Directorio-Oficial-EE-2025.rar
selected,7830,LICEO CAPITÁN DE FRAGATA FRANCISCO VIDAL GORMAZ,LICEO CAPITAN DE FRAGATA FRANCISCO VIDAL GORMAZ,10,LAGOS,10108,MAULLIN,0,"-41,615688","-73,600861",2,1,228,1,1,1,ILUSTRE MUNICIPALIDAD DE MAULLIN,Aulas Conectadas 2025,SELECCIONADO,,https://docs.google.com/spreadsheets/d/11EPq1k3dRWyrXfsWJWh405slQ-tyEjJj/edit,https://datosabiertos.mineduc.cl/wp-content/uploads/2025/11/Directorio-Oficial-EE-2025.rar
selected,7832,ESCUELA RURAL FRANCISCO CORTES OJEDA,ESCUELA RURAL FRANCISCO CORTES OJEDA,10,LAGOS,10108,MAULLIN,0,"-41,74831","-73,706772",2,1,163,1,1,0,ILUSTRE MUNICIPALIDAD DE MAULLIN,Aulas Conectadas 2025,SELECCIONADO,,https://docs.google.com/spreadsheets/d/11EPq1k3dRWyrXfsWJWh405slQ-tyEjJj/edit,https://datosabiertos.mineduc.cl/wp-content/uploads/2025/11/Directorio-Oficial-EE-2025.rar
selected,7834,ESCUELA ENCARNACION OLIVARES,ESCUELA ENCARNACION OLIVARES,10,LAGOS,10108,MAULLIN,0,"-41,61618","-73,599953",2,1,199,1,1,0,ILUSTRE MUNICIPALIDAD DE MAULLIN,Aulas Conectadas 2025,SELECCIONADO,,https://docs.google.com/spreadsheets/d/11EPq1k3dRWyrXfsWJWh405slQ-tyEjJj/edit,https://datosabiertos.mineduc.cl/wp-content/uploads/2025/11/Directorio-Oficial-EE-2025.rar
selected,7872,COLEGIO BICENTENARIO DE DIFUSIÓN ARTÍSTICA LOS ULMOS,COLEGIO BICENTENARIO DE DIFUSION ARTISTICA LOS ULMOS,10,LAGOS,10106,LOS MUERMOS,0,"-41,391781","-73,457581",6,5,379,1,1,1,SERVICIO LOCAL DE EDUCACIÓN PÚBLICA DE LLANQUIHUE,Aulas Conectadas 2025,SELECCIONADO,,https://docs.google.com/spreadsheets/d/11EPq1k3dRWyrXfsWJWh405slQ-tyEjJj/edit,https://datosabiertos.mineduc.cl/wp-content/uploads/2025/11/Directorio-Oficial-EE-2025.rar
selected,7941,LICEO CARLOS IBAÑEZ DEL CAMPO,LICEO CARLOS IBAÑEZ DEL CAMPO,10,LAGOS,10104,FRESIA,0,"-41,153351","-73,416786",6,5,433,1,1,1,SERVICIO LOCAL DE EDUCACIÓN PÚBLICA DE LLANQUIHUE,Aulas Conectadas 2025,SELECCIONADO,,https://docs.google.com/spreadsheets/d/11EPq1k3dRWyrXfsWJWh405slQ-tyEjJj/edit,https://datosabiertos.mineduc.cl/wp-content/uploads/2025/11/Directorio-Oficial-EE-2025.rar
selected,7958,ESCUELA INÉS GALLARDO ALVARADO,ESCUELA INES GALLARDO ALVARADO,10,LAGOS,10107,LLANQUIHUE,0,"-41,252258","-73,007477",6,5,509,1,1,0,SERVICIO LOCAL DE EDUCACIÓN PÚBLICA DE LLANQUIHUE,Aulas Conectadas 2025,SELECCIONADO,,https://docs.google.com/spreadsheets/d/11EPq1k3dRWyrXfsWJWh405slQ-tyEjJj/edit,https://datosabiertos.mineduc.cl/wp-content/uploads/2025/11/Directorio-Oficial-EE-2025.rar
selected,7959,ESCUELA BÁSICA GABRIELA MISTRAL,ESCUELA BASICA GABRIELA MISTRAL,10,LAGOS,10107,LLANQUIHUE,0,"-41,268581","-72,996933",6,5,519,1,1,0,SERVICIO LOCAL DE EDUCACIÓN PÚBLICA DE LLANQUIHUE,Aulas Conectadas 2025,SELECCIONADO,,https://docs.google.com/spreadsheets/d/11EPq1k3dRWyrXfsWJWh405slQ-tyEjJj/edit,https://datosabiertos.mineduc.cl/wp-content/uploads/2025/11/Directorio-Oficial-EE-2025.rar
selected,8044,LICEO POLIVALENTE DE ANCUD,LICEO POLIVALENTE DE ANCUD,10,LAGOS,10202,ANCUD,0,"-41,866901","-73,817543",6,5,156,1,1,1,SERVICIO LOCAL DE EDUCACIÓN PÚBLICA DE CHILOÉ,Aulas Conectadas 2025,SELECCIONADO,,https://docs.google.com/spreadsheets/d/11EPq1k3dRWyrXfsWJWh405slQ-tyEjJj/edit,https://datosabiertos.mineduc.cl/wp-content/uploads/2025/11/Directorio-Oficial-EE-2025.rar
selected,8111,LICEO BICENTENARIO QUEMCHI,LICEO BICENTENARIO QUEMCHI,10,LAGOS,10209,QUEMCHI,0,"-42,14151","-73,477173",6,5,156,1,1,1,SERVICIO LOCAL DE EDUCACIÓN PÚBLICA DE CHILOÉ,Aulas Conectadas 2025,SELECCIONADO,,https://docs.google.com/spreadsheets/d/11EPq1k3dRWyrXfsWJWh405slQ-tyEjJj/edit,https://datosabiertos.mineduc.cl/wp-content/uploads/2025/11/Directorio-Oficial-EE-2025.rar
selected,8289,ESCUELA RURAL ARTÍSTICA ALUMNO MARCELO GUENTEO SOLIS,ESCUELA RURAL ARTISTICA ALUMNO MARCELO GUENTEO SOLIS,10,LAGOS,10208,QUELLÓN,1,"-42,85747147","-73,74250031",6,5,152,1,1,0,SERVICIO LOCAL DE EDUCACIÓN PÚBLICA DE CHILOÉ,Aulas Conectadas 2025,SELECCIONADO,,https://docs.google.com/spreadsheets/d/11EPq1k3dRWyrXfsWJWh405slQ-tyEjJj/edit,https://datosabiertos.mineduc.cl/wp-content/uploads/2025/11/Directorio-Oficial-EE-2025.rar
selected,8353,ESCUELA NIEVES DEL SUR,ESCUELA NIEVES DEL SUR,11,AYSEN,11101,COYHAIQUE,0,"-45,583721","-72,069321",6,5,169,1,1,0,"SERVICIO LOCAL DE EDUACIÓN PÚBLICA, DE LA REGIÓN DE AYSÉN",Aulas Conectadas 2025,SELECCIONADO,,https://docs.google.com/spreadsheets/d/11EPq1k3dRWyrXfsWJWh405slQ-tyEjJj/edit,https://datosabiertos.mineduc.cl/wp-content/uploads/2025/11/Directorio-Oficial-EE-2025.rar
selected,8375,LICEO POLITÉCNICO DE AYSÉN,LICEO POLITECNICO DE AYSEN,11,AYSEN,11201,AYSÉN,0,"-45,410599","-72,686127",6,5,343,1,1,1,"SERVICIO LOCAL DE EDUACIÓN PÚBLICA, DE LA REGIÓN DE AYSÉN",Aulas Conectadas 2025,SELECCIONADO,,https://docs.google.com/spreadsheets/d/11EPq1k3dRWyrXfsWJWh405slQ-tyEjJj/edit,https://datosabiertos.mineduc.cl/wp-content/uploads/2025/11/Directorio-Oficial-EE-2025.rar
selected,8376,ESCUELA BÁSICA MUNICIPAL POETISA GABRIELA MISTRAL,ESCUELA BASICA MUNICIPAL POETISA GABRIELA MISTRAL,11,AYSEN,11201,AYSÉN,0,"-45,396751","-72,688072",6,5,306,1,1,0,"SERVICIO LOCAL DE EDUACIÓN PÚBLICA, DE LA REGIÓN DE AYSÉN",Aulas Conectadas 2025,SELECCIONADO,,https://docs.google.com/spreadsheets/d/11EPq1k3dRWyrXfsWJWh405slQ-tyEjJj/edit,https://datosabiertos.mineduc.cl/wp-content/uploads/2025/11/Directorio-Oficial-EE-2025.rar
selected,8377,ESCUELA AYSÉN,ESCUELA AYSEN,11,AYSEN,11201,AYSÉN,0,"-45,40493","-72,695503",6,5,165,1,1,0,"SERVICIO LOCAL DE EDUACIÓN PÚBLICA, DE LA REGIÓN DE AYSÉN",Aulas Conectadas 2025,SELECCIONADO,,https://docs.google.com/spreadsheets/d/11EPq1k3dRWyrXfsWJWh405slQ-tyEjJj/edit,https://datosabiertos.mineduc.cl/wp-content/uploads/2025/11/Directorio-Oficial-EE-2025.rar
selected,8380,LICEO MANIHUALES,LICEO MANIHUALES,11,AYSEN,11201,AYSÉN,0,"-45,1717","-72,144897",6,5,336,1,1,1,"SERVICIO LOCAL DE EDUACIÓN PÚBLICA, DE LA REGIÓN DE AYSÉN",Aulas Conectadas 2025,SELECCIONADO,,https://docs.google.com/spreadsheets/d/11EPq1k3dRWyrXfsWJWh405slQ-tyEjJj/edit,https://datosabiertos.mineduc.cl/wp-content/uploads/2025/11/Directorio-Oficial-EE-2025.rar
selected,8408,ESC. BÁSICA HERNÁN MERINO CORREA,ESC. BASICA HERNAN MERINO CORREA,11,AYSEN,11301,COCHRANE,1,"-47,253288","-72,572487",6,5,382,1,1,0,"SERVICIO LOCAL DE EDUACIÓN PÚBLICA, DE LA REGIÓN DE AYSÉN",Aulas Conectadas 2025,SELECCIONADO,,https://docs.google.com/spreadsheets/d/11EPq1k3dRWyrXfsWJWh405slQ-tyEjJj/edit,https://datosabiertos.mineduc.cl/wp-content/uploads/2025/11/Directorio-Oficial-EE-2025.rar
selected,8411,LICEO BICENTENARIO POLITÉCNICO LUIS CRUZ MARTÍNEZ,LICEO BICENTENARIO POLITECNICO LUIS CRUZ MARTINEZ,12,MAG,12401,NATALES,0,"-51,7244","-72,505783",6,5,372,1,1,1,SERVICIO LOCAL DE EDUCACIÓN PÚBLICA DE MAGALLANES,Aulas Conectadas 2025,SELECCIONADO,,https://docs.google.com/spreadsheets/d/11EPq1k3dRWyrXfsWJWh405slQ-tyEjJj/edit,https://datosabiertos.mineduc.cl/wp-content/uploads/2025/11/Directorio-Oficial-EE-2025.rar
selected,8417,ESCUELA BAUDILIA AVENDAÑO DE YOUSSUF,ESCUELA BAUDILIA AVENDANO DE YOUSSUF,12,MAG,12401,NATALES,0,"-51,721432","-72,496353",6,5,190,1,1,0,SERVICIO LOCAL DE EDUCACIÓN PÚBLICA DE MAGALLANES,Aulas Conectadas 2025,SELECCIONADO,,https://docs.google.com/spreadsheets/d/11EPq1k3dRWyrXfsWJWh405slQ-tyEjJj/edit,https://datosabiertos.mineduc.cl/wp-content/uploads/2025/11/Directorio-Oficial-EE-2025.rar
selected,8430,LICEO POLIVALENTE SARA BRAUN,LICEO POLIVALENTE SARA BRAUN,12,MAG,12101,PUNTA ARENAS,0,"-53,162498","-70,901573",6,5,308,1,1,1,SERVICIO LOCAL DE EDUCACIÓN PÚBLICA DE MAGALLANES,Aulas Conectadas 2025,SELECCIONADO,,https://docs.google.com/spreadsheets/d/11EPq1k3dRWyrXfsWJWh405slQ-tyEjJj/edit,https://datosabiertos.mineduc.cl/wp-content/uploads/2025/11/Directorio-Oficial-EE-2025.rar
selected,8432,CENTRO DE EDUC. INTEGRAL DE ADULTOS CEIA,CENTRO DE EDUC.INTEGRAL DE ADULTOS CEIA.,12,MAG,12101,PUNTA ARENAS,0,"-53,159551","-70,904254",6,5,178,1,1,0,SERVICIO LOCAL DE EDUCACIÓN PÚBLICA DE MAGALLANES,Aulas Conectadas 2025,SELECCIONADO,,https://docs.google.com/spreadsheets/d/11EPq1k3dRWyrXfsWJWh405slQ-tyEjJj/edit,https://datosabiertos.mineduc.cl/wp-content/uploads/2025/11/Directorio-Oficial-EE-2025.rar
selected,8434,ESCUELA ESPAÑA,ESCUELA ESPANA,12,MAG,12101,PUNTA ARENAS,0,"-53,171909","-70,924309",6,5,395,1,1,0,SERVICIO LOCAL DE EDUCACIÓN PÚBLICA DE MAGALLANES,Aulas Conectadas 2025,SELECCIONADO,,https://docs.google.com/spreadsheets/d/11EPq1k3dRWyrXfsWJWh405slQ-tyEjJj/edit,https://datosabiertos.mineduc.cl/wp-content/uploads/2025/11/Directorio-Oficial-EE-2025.rar
selected,8435,ESCUELA DIECIOCHO DE SEPTIEMBRE,ESCUELA DIECIOCHO DE SEPTIEMBRE,12,MAG,12101,PUNTA ARENAS,0,"-53,165199","-70,929893",6,5,360,1,1,0,SERVICIO LOCAL DE EDUCACIÓN PÚBLICA DE MAGALLANES,Aulas Conectadas 2025,SELECCIONADO,,https://docs.google.com/spreadsheets/d/11EPq1k3dRWyrXfsWJWh405slQ-tyEjJj/edit,https://datosabiertos.mineduc.cl/wp-content/uploads/2025/11/Directorio-Oficial-EE-2025.rar
selected,8444,ESCUELA PATAGONIA,ESCUELA PATAGONIA,12,MAG,12101,PUNTA ARENAS,0,"-53,142632","-70,912209",6,5,470,1,1,0,SERVICIO LOCAL DE EDUCACIÓN PÚBLICA DE MAGALLANES,Aulas Conectadas 2025,SELECCIONADO,,https://docs.google.com/spreadsheets/d/11EPq1k3dRWyrXfsWJWh405slQ-tyEjJj/edit,https://datosabiertos.mineduc.cl/wp-content/uploads/2025/11/Directorio-Oficial-EE-2025.rar
selected,8449,ESCUELA ELBA OJEDA GÓMEZ,ESCUELA ELBA OJEDA GOMEZ,12,MAG,12101,PUNTA ARENAS,0,"-53,057171","-70,859978",6,5,243,1,1,0,SERVICIO LOCAL DE EDUCACIÓN PÚBLICA DE MAGALLANES,Aulas Conectadas 2025,SELECCIONADO,,https://docs.google.com/spreadsheets/d/11EPq1k3dRWyrXfsWJWh405slQ-tyEjJj/edit,https://datosabiertos.mineduc.cl/wp-content/uploads/2025/11/Directorio-Oficial-EE-2025.rar
selected,8474,LICEO BICENTENARIO HERNANDO DE MAGALLANES,LICEO BICENTENARIO HERNANDO DE MAGALLANES,12,MAG,12301,PORVENIR,0,"-53,291279","-70,373123",6,5,346,1,1,1,SERVICIO LOCAL DE EDUCACIÓN PÚBLICA DE MAGALLANES,Aulas Conectadas 2025,SELECCIONADO,,https://docs.google.com/spreadsheets/d/11EPq1k3dRWyrXfsWJWh405slQ-tyEjJj/edit,https://datosabiertos.mineduc.cl/wp-content/uploads/2025/11/Directorio-Oficial-EE-2025.rar
selected,8475,ESCUELA LIBERTADOR BDO. O´HIGGINS R.,ESCUELA LIBERTADOR BDO. O´HIGGINS R.,12,MAG,12301,PORVENIR,0,"-53,296082","-70,372093",6,5,500,1,1,0,SERVICIO LOCAL DE EDUCACIÓN PÚBLICA DE MAGALLANES,Aulas Conectadas 2025,SELECCIONADO,,https://docs.google.com/spreadsheets/d/11EPq1k3dRWyrXfsWJWh405slQ-tyEjJj/edit,https://datosabiertos.mineduc.cl/wp-content/uploads/2025/11/Directorio-Oficial-EE-2025.rar
selected,8483,LICEO BICENTENARIO DONALD MC-INTYRE GRIFFITHS,LICEO BICENTENARIO DONALD MC-INTYRE GRIFFITHS,12,MAG,12201,CABO DE HORNOS,0,"-54,934799","-67,605339",6,5,376,1,1,1,SERVICIO LOCAL DE EDUCACIÓN PÚBLICA DE MAGALLANES,Aulas Conectadas 2025,SELECCIONADO,,https://docs.google.com/spreadsheets/d/11EPq1k3dRWyrXfsWJWh405slQ-tyEjJj/edit,https://datosabiertos.mineduc.cl/wp-content/uploads/2025/11/Directorio-Oficial-EE-2025.rar
selected,8495,LICEO CONFEDERACIÓN SUIZA,LICEO CONFEDERACION SUIZA,13,RM,13101,SANTIAGO,0,"-33,451304","-70,63777581",2,1,286,1,1,0,ILUSTRE MUNICIPALIDAD DE SANTIAGO,Aulas Conectadas 2025,SELECCIONADO,,https://docs.google.com/spreadsheets/d/11EPq1k3dRWyrXfsWJWh405slQ-tyEjJj/edit,https://datosabiertos.mineduc.cl/wp-content/uploads/2025/11/Directorio-Oficial-EE-2025.rar
selected,8500,LICEO INDUSTRIAL ELIODORO GARCÍA ZEGERS,LICEO INDUSTRIAL ELIODORO GARCIA ZEGERS,13,RM,13101,SANTIAGO,0,"-33,43735876","-70,66281847",2,1,725,1,1,1,ILUSTRE MUNICIPALIDAD DE SANTIAGO,Aulas Conectadas 2025,SELECCIONADO,,https://docs.google.com/spreadsheets/d/11EPq1k3dRWyrXfsWJWh405slQ-tyEjJj/edit,https://datosabiertos.mineduc.cl/wp-content/uploads/2025/11/Directorio-Oficial-EE-2025.rar
selected,8504,LICEO TÉCNICO A N° 27 CLELIA CLAVEL DINAT,LICEO TECNICO A N° 27 CLELIA CLAVEL DINAT,13,RM,13101,SANTIAGO,0,"-33,44304697","-70,67052414",5,4,711,1,0,0,FUND. NACIONAL DEL COMERCIO PARA LA EDUCACION,Aulas Conectadas 2025,SELECCIONADO,,https://docs.google.com/spreadsheets/d/11EPq1k3dRWyrXfsWJWh405slQ-tyEjJj/edit,https://datosabiertos.mineduc.cl/wp-content/uploads/2025/11/Directorio-Oficial-EE-2025.rar
selected,8541,LICEO DE ADULTOS HERBERT VARGAS WALLIS,LICEO DE ADULTOS HERBERT VARGAS WALLIS,13,RM,13101,SANTIAGO,0,"-33,473263","-70,65968",2,1,757,1,1,0,ILUSTRE MUNICIPALIDAD DE SANTIAGO,Aulas Conectadas 2025,SELECCIONADO,,https://docs.google.com/spreadsheets/d/11EPq1k3dRWyrXfsWJWh405slQ-tyEjJj/edit,https://datosabiertos.mineduc.cl/wp-content/uploads/2025/11/Directorio-Oficial-EE-2025.rar
selected,8555,ESCUELA REPÚBLICA EL LIBANO,ESCUELA REPUBLICA EL LIBANO,13,RM,13101,SANTIAGO,0,"-33,45570718","-70,65809855",2,1,263,1,1,0,ILUSTRE MUNICIPALIDAD DE SANTIAGO,Aulas Conectadas 2025,SELECCIONADO,,https://docs.google.com/spreadsheets/d/11EPq1k3dRWyrXfsWJWh405slQ-tyEjJj/edit,https://datosabiertos.mineduc.cl/wp-content/uploads/2025/11/Directorio-Oficial-EE-2025.rar
selected,8564,ESCUELA BÁSICA REINO DE NORUEGA,ESCUELA BASICA REINO DE NORUEGA,13,RM,13126,QUINTA NORMAL,0,"-33,43227444","-70,68794874",2,1,542,1,1,0,DEPARTAMENTO EDUC. MUN. DE QUINTA NORMAL,Aulas Conectadas 2025,SELECCIONADO,,https://docs.google.com/spreadsheets/d/11EPq1k3dRWyrXfsWJWh405slQ-tyEjJj/edit,https://datosabiertos.mineduc.cl/wp-content/uploads/2025/11/Directorio-Oficial-EE-2025.rar
selected,8586,ESCUELA DIFERENCIAL JUAN SANDOVAL C.,ESCUELA DIFERENCIAL JUAN SANDOVAL C,13,RM,13101,SANTIAGO,0,"-33,47032","-70,65161",2,1,240,1,0,0,ILUSTRE MUNICIPALIDAD DE SANTIAGO,Aulas Conectadas 2025,SELECCIONADO,,https://docs.google.com/spreadsheets/d/11EPq1k3dRWyrXfsWJWh405slQ-tyEjJj/edit,https://datosabiertos.mineduc.cl/wp-content/uploads/2025/11/Directorio-Oficial-EE-2025.rar
selected,8839,INSTITUTO FERMIN VIVACETA,INSTITUTO FERMIN VIVACETA,13,RM,13115,LO BARNECHEA,0,"-33,36119","-70,504845",2,1,175,1,1,0,ILUSTRE MUNICIPALIDAD LO BARNECHEA,Aulas Conectadas 2025,SELECCIONADO,,https://docs.google.com/spreadsheets/d/11EPq1k3dRWyrXfsWJWh405slQ-tyEjJj/edit,https://datosabiertos.mineduc.cl/wp-content/uploads/2025/11/Directorio-Oficial-EE-2025.rar
selected,9090,ESCUELA BAS. CENTRO EDUCACIÓNAL MILLANTU,ESCUELA BAS. CENTRO EDUCACIONAL MILLANTU,13,RM,13118,MACUL,0,"-33,47423508","-70,58377177",6,5,240,1,1,0,SERVICIO LOCAL DE EDUCACIÓN PÚBLICA GABRIELA MISTRAL,Aulas Conectadas 2025,SELECCIONADO,,https://docs.google.com/spreadsheets/d/11EPq1k3dRWyrXfsWJWh405slQ-tyEjJj/edit,https://datosabiertos.mineduc.cl/wp-content/uploads/2025/11/Directorio-Oficial-EE-2025.rar
selected,9290,ESCUELA SOTERO DEL RÍO,ESCUELA SOTERO DEL RIO,13,RM,13110,LA FLORIDA,0,"-33,53852784","-70,60538748",1,1,203,1,1,0,CORP.MUNICIPAL DE EDUCACION-LA FLORIDA,Aulas Conectadas 2025,SELECCIONADO,,https://docs.google.com/spreadsheets/d/11EPq1k3dRWyrXfsWJWh405slQ-tyEjJj/edit,https://datosabiertos.mineduc.cl/wp-content/uploads/2025/11/Directorio-Oficial-EE-2025.rar
selected,9304,ESCUELA LOS CEREZOS,ESCUELA LOS CEREZOS,13,RM,13110,LA FLORIDA,0,"-33,512649","-70,5537213",1,1,217,1,0,0,CORP.MUNICIPAL DE EDUCACION-LA FLORIDA,Aulas Conectadas 2025,SELECCIONADO,,https://docs.google.com/spreadsheets/d/11EPq1k3dRWyrXfsWJWh405slQ-tyEjJj/edit,https://datosabiertos.mineduc.cl/wp-content/uploads/2025/11/Directorio-Oficial-EE-2025.rar
selected,9307,ESCUELA OSCAR CASTRO,ESCUELA  OSCAR CASTRO,13,RM,13110,LA FLORIDA,0,"-33,56023188","-70,59603428",1,1,181,1,1,0,CORP.MUNICIPAL DE EDUCACION-LA FLORIDA,Aulas Conectadas 2025,SELECCIONADO,,https://docs.google.com/spreadsheets/d/11EPq1k3dRWyrXfsWJWh405slQ-tyEjJj/edit,https://datosabiertos.mineduc.cl/wp-content/uploads/2025/11/Directorio-Oficial-EE-2025.rar
selected,9410,ESCUELA CONSOLIDADA DÁVILA,ESCUELA  CONSOLIDADA DAVILA,13,RM,13121,PEDRO AGUIRRE CERDA,0,"-33,50665601","-70,66965572",6,5,374,1,1,1,SERVICIO LOCAL DE EDUCACIÓN PUBLICA SANTA ROSA,Aulas Conectadas 2025,SELECCIONADO,,https://docs.google.com/spreadsheets/d/11EPq1k3dRWyrXfsWJWh405slQ-tyEjJj/edit,https://datosabiertos.mineduc.cl/wp-content/uploads/2025/11/Directorio-Oficial-EE-2025.rar
selected,9416,ESCUELA POETAS DE CHILE,ESCUELA POETAS DE CHILE,13,RM,13121,PEDRO AGUIRRE CERDA,0,"-33,48073675","-70,6604761",6,5,371,1,1,0,SERVICIO LOCAL DE EDUCACIÓN PUBLICA SANTA ROSA,Aulas Conectadas 2025,SELECCIONADO,,https://docs.google.com/spreadsheets/d/11EPq1k3dRWyrXfsWJWh405slQ-tyEjJj/edit,https://datosabiertos.mineduc.cl/wp-content/uploads/2025/11/Directorio-Oficial-EE-2025.rar
selected,9419,LICEO MUNICIPAL ENRIQUE BACKAUSSE,LICEO MUNICIPAL ENRIQUE BACKAUSSE,13,RM,13121,PEDRO AGUIRRE CERDA,0,"-33,48263186","-70,67448238",6,5,337,1,1,1,SERVICIO LOCAL DE EDUCACIÓN PUBLICA SANTA ROSA,Aulas Conectadas 2025,SELECCIONADO,,https://docs.google.com/spreadsheets/d/11EPq1k3dRWyrXfsWJWh405slQ-tyEjJj/edit,https://datosabiertos.mineduc.cl/wp-content/uploads/2025/11/Directorio-Oficial-EE-2025.rar
selected,9422,ESCUELA CENTRO EDUC. REP. MEXICANA,ESCUELA CENTRO EDUC. REP. MEXICANA,13,RM,13121,PEDRO AGUIRRE CERDA,0,"-33,48876641","-70,66537197",6,5,339,1,1,0,SERVICIO LOCAL DE EDUCACIÓN PUBLICA SANTA ROSA,Aulas Conectadas 2025,SELECCIONADO,,https://docs.google.com/spreadsheets/d/11EPq1k3dRWyrXfsWJWh405slQ-tyEjJj/edit,https://datosabiertos.mineduc.cl/wp-content/uploads/2025/11/Directorio-Oficial-EE-2025.rar
selected,9429,ESCUELA POETA VÍCTOR DOMINGO SILVA,ESCUELA POETA VICTOR DOMINGO SILVA,13,RM,13129,SAN JOAQUÍN,0,"-33,50312755","-70,63456899",6,5,302,1,1,0,SERVICIO LOCAL DE EDUCACIÓN PÚBLICA GABRIELA MISTRAL,Aulas Conectadas 2025,SELECCIONADO,,https://docs.google.com/spreadsheets/d/11EPq1k3dRWyrXfsWJWh405slQ-tyEjJj/edit,https://datosabiertos.mineduc.cl/wp-content/uploads/2025/11/Directorio-Oficial-EE-2025.rar
selected,9433,ESCUELA PABLO NERUDA,ESCUELA PABLO NERUDA,13,RM,13130,SAN MIGUEL,0,"-33,507162","-70,65172916",6,5,361,1,1,0,SERVICIO LOCAL DE EDUCACIÓN PUBLICA SANTA ROSA,Aulas Conectadas 2025,SELECCIONADO,,https://docs.google.com/spreadsheets/d/11EPq1k3dRWyrXfsWJWh405slQ-tyEjJj/edit,https://datosabiertos.mineduc.cl/wp-content/uploads/2025/11/Directorio-Oficial-EE-2025.rar
selected,9446,ESCUELA DE PÁRVULOS RAYITO DE LUZ,ESCUELA DE PARVULOS RAYITO DE LUZ,13,RM,13121,PEDRO AGUIRRE CERDA,0,"-33,48273","-70,67844",6,5,122,1,1,0,SERVICIO LOCAL DE EDUCACIÓN PUBLICA SANTA ROSA,Aulas Conectadas 2025,SELECCIONADO,,https://docs.google.com/spreadsheets/d/11EPq1k3dRWyrXfsWJWh405slQ-tyEjJj/edit,https://datosabiertos.mineduc.cl/wp-content/uploads/2025/11/Directorio-Oficial-EE-2025.rar
selected,9460,INST. REG. EDUC ADULTOS SAN MIGUEL,INST. REG. EDUC ADULTOS SAN MIGUEL,13,RM,13130,SAN MIGUEL,0,"-33,48642","-70,65298",6,5,163,1,1,0,SERVICIO LOCAL DE EDUCACIÓN PUBLICA SANTA ROSA,Aulas Conectadas 2025,SELECCIONADO,,https://docs.google.com/spreadsheets/d/11EPq1k3dRWyrXfsWJWh405slQ-tyEjJj/edit,https://datosabiertos.mineduc.cl/wp-content/uploads/2025/11/Directorio-Oficial-EE-2025.rar
selected,9584,LICEO COMERCIAL VATE VICENTE HUIDOBRO,LICEO COMERCIAL VATE VICENTE HUIDOBRO,13,RM,13131,SAN RAMÓN,0,"-33,53761294","-70,63650029",5,4,500,1,0,1,FUND. NACIONAL DEL COMERCIO PARA LA EDUCACION,Aulas Conectadas 2025,SELECCIONADO,,https://docs.google.com/spreadsheets/d/11EPq1k3dRWyrXfsWJWh405slQ-tyEjJj/edit,https://datosabiertos.mineduc.cl/wp-content/uploads/2025/11/Directorio-Oficial-EE-2025.rar
selected,9586,LICEO MUNICIPALIZADO ARAUCANÍA,LICEO MUNICIPALIZADO ARAUCANIA,13,RM,13131,SAN RAMÓN,0,"-33,53481258","-70,63725008",6,5,335,1,1,0,SERVICIO LOCAL DE EDUCACIÓN PUBLICA SANTA ROSA,Aulas Conectadas 2025,SELECCIONADO,,https://docs.google.com/spreadsheets/d/11EPq1k3dRWyrXfsWJWh405slQ-tyEjJj/edit,https://datosabiertos.mineduc.cl/wp-content/uploads/2025/11/Directorio-Oficial-EE-2025.rar
selected,9593,ESCUELA BÁSICA EDUCADORES DE CHILE,ESCUELA BASICA EDUCADORES DE CHILE,13,RM,13131,SAN RAMÓN,0,"-33,53762321","-70,64003838",6,5,165,1,1,0,SERVICIO LOCAL DE EDUCACIÓN PUBLICA SANTA ROSA,Aulas Conectadas 2025,SELECCIONADO,,https://docs.google.com/spreadsheets/d/11EPq1k3dRWyrXfsWJWh405slQ-tyEjJj/edit,https://datosabiertos.mineduc.cl/wp-content/uploads/2025/11/Directorio-Oficial-EE-2025.rar
selected,9599,LICEO MUNICIPAL PURKUYEN,LICEO MUNICIPAL PURKUYEN,13,RM,13131,SAN RAMÓN,0,"-33,5372955","-70,63732312",6,5,371,1,1,1,SERVICIO LOCAL DE EDUCACIÓN PUBLICA SANTA ROSA,Aulas Conectadas 2025,SELECCIONADO,,https://docs.google.com/spreadsheets/d/11EPq1k3dRWyrXfsWJWh405slQ-tyEjJj/edit,https://datosabiertos.mineduc.cl/wp-content/uploads/2025/11/Directorio-Oficial-EE-2025.rar
selected,9600,ESCUELA NANIHUE,ESCUELA NANIHUE,13,RM,13131,SAN RAMÓN,0,"-33,55014102","-70,64043938",6,5,256,1,1,0,SERVICIO LOCAL DE EDUCACIÓN PUBLICA SANTA ROSA,Aulas Conectadas 2025,SELECCIONADO,,https://docs.google.com/spreadsheets/d/11EPq1k3dRWyrXfsWJWh405slQ-tyEjJj/edit,https://datosabiertos.mineduc.cl/wp-content/uploads/2025/11/Directorio-Oficial-EE-2025.rar
selected,9601,CENTRO EDUCACIÓNAL MUNICIPAL SAN RAMÓN,CENTRO EDUCACIONAL MUNICIPAL SAN RAMON,13,RM,13131,SAN RAMÓN,0,"-33,54977143","-70,64463024",6,5,339,1,1,1,SERVICIO LOCAL DE EDUCACIÓN PUBLICA SANTA ROSA,Aulas Conectadas 2025,SELECCIONADO,,https://docs.google.com/spreadsheets/d/11EPq1k3dRWyrXfsWJWh405slQ-tyEjJj/edit,https://datosabiertos.mineduc.cl/wp-content/uploads/2025/11/Directorio-Oficial-EE-2025.rar
selected,9611,ESCUELA BÁSICA TUPAHUE,ESCUELA BASICA TUPAHUE,13,RM,13131,SAN RAMÓN,0,"-33,55382014","-70,64141983",6,5,174,1,1,0,SERVICIO LOCAL DE EDUCACIÓN PUBLICA SANTA ROSA,Aulas Conectadas 2025,SELECCIONADO,,https://docs.google.com/spreadsheets/d/11EPq1k3dRWyrXfsWJWh405slQ-tyEjJj/edit,https://datosabiertos.mineduc.cl/wp-content/uploads/2025/11/Directorio-Oficial-EE-2025.rar
selected,9625,ESCUELA BÁSICA VILLA LA CULTURA,ESCUELA BASICA VILLA LA CULTURA,13,RM,13131,SAN RAMÓN,0,"-33,55540974","-70,63301527",6,5,222,1,1,0,SERVICIO LOCAL DE EDUCACIÓN PUBLICA SANTA ROSA,Aulas Conectadas 2025,SELECCIONADO,,https://docs.google.com/spreadsheets/d/11EPq1k3dRWyrXfsWJWh405slQ-tyEjJj/edit,https://datosabiertos.mineduc.cl/wp-content/uploads/2025/11/Directorio-Oficial-EE-2025.rar
selected,9631,ESCUELA ESPECIAL DE ADULTOS,ESCUELA ESPECIAL DE ADULTOS,13,RM,13131,SAN RAMÓN,0,"-33,549068","-70,633324",6,5,296,1,1,0,SERVICIO LOCAL DE EDUCACIÓN PUBLICA SANTA ROSA,Aulas Conectadas 2025,SELECCIONADO,,https://docs.google.com/spreadsheets/d/11EPq1k3dRWyrXfsWJWh405slQ-tyEjJj/edit,https://datosabiertos.mineduc.cl/wp-content/uploads/2025/11/Directorio-Oficial-EE-2025.rar
selected,9688,LICEO JUAN GÓMEZ MILLAS,LICEO JUAN GOMEZ MILLAS,13,RM,13105,EL BOSQUE,0,"-33,54948001","-70,67110271",6,5,564,1,1,1,SERVICIO LOCAL DE EDUCACION PUBLICA DEL PINO,Aulas Conectadas 2025,SELECCIONADO,,https://docs.google.com/spreadsheets/d/11EPq1k3dRWyrXfsWJWh405slQ-tyEjJj/edit,https://datosabiertos.mineduc.cl/wp-content/uploads/2025/11/Directorio-Oficial-EE-2025.rar
selected,9690,CENTRO EDUC. CARDENAL JOSÉ MARÍA CARO,CENTRO DUC.CARDENAL JOSE MARIA CARO,13,RM,13116,LO ESPEJO,0,"-33,50831662","-70,69328619",6,5,338,1,1,1,SERVICIO LOCAL DE EDUCACIÓN PUBLICA SANTA ROSA,Aulas Conectadas 2025,SELECCIONADO,,https://docs.google.com/spreadsheets/d/11EPq1k3dRWyrXfsWJWh405slQ-tyEjJj/edit,https://datosabiertos.mineduc.cl/wp-content/uploads/2025/11/Directorio-Oficial-EE-2025.rar
selected,9693,LICEO POLITÉCNICO CIENCIA Y TECNOLOGÍA,LICEO POLITECNICO CIENCIA Y TECNOLOGIA,13,RM,13109,LA CISTERNA,0,"-33,54133967","-70,65970618",6,5,900,1,1,1,SERVICIO LOCAL DE EDUCACIÓN PUBLICA SANTA ROSA,Aulas Conectadas 2025,SELECCIONADO,,https://docs.google.com/spreadsheets/d/11EPq1k3dRWyrXfsWJWh405slQ-tyEjJj/edit,https://datosabiertos.mineduc.cl/wp-content/uploads/2025/11/Directorio-Oficial-EE-2025.rar
selected,9694,INSTITUTO COMERCIAL PADRE ALBERTO HURTADO DE PEDRO AGUIRRE CERDA,INSTITUTO COMERCIAL PADRE ALBERTO HURTADO DE PEDRO AGUIRRE CERDA,13,RM,13121,PEDRO AGUIRRE CERDA,0,"-33,50209125","-70,68156263",5,4,341,1,0,0,FUND. NACIONAL DEL COMERCIO PARA LA EDUCACION,Aulas Conectadas 2025,SELECCIONADO,,https://docs.google.com/spreadsheets/d/11EPq1k3dRWyrXfsWJWh405slQ-tyEjJj/edit,https://datosabiertos.mineduc.cl/wp-content/uploads/2025/11/Directorio-Oficial-EE-2025.rar
selected,9697,LICEO POLIVALENTE,LICEO POLIVALENTE,13,RM,13116,LO ESPEJO,0,"-33,51331038","-70,68295849",6,5,395,1,1,1,SERVICIO LOCAL DE EDUCACIÓN PUBLICA SANTA ROSA,Aulas Conectadas 2025,SELECCIONADO,,https://docs.google.com/spreadsheets/d/11EPq1k3dRWyrXfsWJWh405slQ-tyEjJj/edit,https://datosabiertos.mineduc.cl/wp-content/uploads/2025/11/Directorio-Oficial-EE-2025.rar
selected,9698,ESCUELA BÁSICA AVIADORES,ESCUELA BASICA AVIADORES,13,RM,13105,EL BOSQUE,0,"-33,55008996","-70,66441069",6,5,304,1,1,0,SERVICIO LOCAL DE EDUCACION PUBLICA DEL PINO,Aulas Conectadas 2025,SELECCIONADO,,https://docs.google.com/spreadsheets/d/11EPq1k3dRWyrXfsWJWh405slQ-tyEjJj/edit,https://datosabiertos.mineduc.cl/wp-content/uploads/2025/11/Directorio-Oficial-EE-2025.rar
selected,9699,COLEGIO NACIONES UNIDAS,COLEGIO NACIONES UNIDAS,13,RM,13109,LA CISTERNA,0,"-33,5267235","-70,67379785",6,5,312,1,1,0,SERVICIO LOCAL DE EDUCACIÓN PUBLICA SANTA ROSA,Aulas Conectadas 2025,SELECCIONADO,,https://docs.google.com/spreadsheets/d/11EPq1k3dRWyrXfsWJWh405slQ-tyEjJj/edit,https://datosabiertos.mineduc.cl/wp-content/uploads/2025/11/Directorio-Oficial-EE-2025.rar
selected,9700,COLEGIO PALESTINO,COLEGIO PALESTINO,13,RM,13109,LA CISTERNA,0,"-33,52740653","-70,65477289",6,5,277,1,1,0,SERVICIO LOCAL DE EDUCACIÓN PUBLICA SANTA ROSA,Aulas Conectadas 2025,SELECCIONADO,,https://docs.google.com/spreadsheets/d/11EPq1k3dRWyrXfsWJWh405slQ-tyEjJj/edit,https://datosabiertos.mineduc.cl/wp-content/uploads/2025/11/Directorio-Oficial-EE-2025.rar
selected,9702,ESCUELA BÁSICA MARIO ARCE GATICA,ESCUELA BASICA MARIO ARCE GATICA,13,RM,13105,EL BOSQUE,0,"-33,56250224","-70,66464414",6,5,224,1,1,0,SERVICIO LOCAL DE EDUCACION PUBLICA DEL PINO,Aulas Conectadas 2025,SELECCIONADO,,https://docs.google.com/spreadsheets/d/11EPq1k3dRWyrXfsWJWh405slQ-tyEjJj/edit,https://datosabiertos.mineduc.cl/wp-content/uploads/2025/11/Directorio-Oficial-EE-2025.rar
selected,9705,ESCUELA BÁSICA SALOMON SACK,ESCUELA BASICA SALOMON SACK,13,RM,13116,LO ESPEJO,0,"-33,52018768","-70,68889316",6,5,200,1,1,0,SERVICIO LOCAL DE EDUCACIÓN PUBLICA SANTA ROSA,Aulas Conectadas 2025,SELECCIONADO,,https://docs.google.com/spreadsheets/d/11EPq1k3dRWyrXfsWJWh405slQ-tyEjJj/edit,https://datosabiertos.mineduc.cl/wp-content/uploads/2025/11/Directorio-Oficial-EE-2025.rar
selected,9710,ESCUELA BÁSICA SANTA ADRIANA,ESCUELA BASICA SANTA ADRIANA,13,RM,13116,LO ESPEJO,0,"-33,509108","-70,678897",6,5,147,1,1,0,SERVICIO LOCAL DE EDUCACIÓN PUBLICA SANTA ROSA,Aulas Conectadas 2025,SELECCIONADO,,https://docs.google.com/spreadsheets/d/11EPq1k3dRWyrXfsWJWh405slQ-tyEjJj/edit,https://datosabiertos.mineduc.cl/wp-content/uploads/2025/11/Directorio-Oficial-EE-2025.rar
selected,9713,COMPLEJO EDUCACIÓNAL FELIPE HERRERA LANE,COMPLEJO EDUCACIONAL FELIPE HERRERA LANE,13,RM,13105,EL BOSQUE,0,"-33,56033158","-70,66630028",6,5,211,1,1,0,SERVICIO LOCAL DE EDUCACION PUBLICA DEL PINO,Aulas Conectadas 2025,SELECCIONADO,,https://docs.google.com/spreadsheets/d/11EPq1k3dRWyrXfsWJWh405slQ-tyEjJj/edit,https://datosabiertos.mineduc.cl/wp-content/uploads/2025/11/Directorio-Oficial-EE-2025.rar
selected,9714,ESCUELA BÁSICA JOSÉ MARTÍ,ESCUELA BASICA JOSE MARTI,13,RM,13105,EL BOSQUE,0,"-33,54192616","-70,68393605",6,5,378,1,1,0,SERVICIO LOCAL DE EDUCACION PUBLICA DEL PINO,Aulas Conectadas 2025,SELECCIONADO,,https://docs.google.com/spreadsheets/d/11EPq1k3dRWyrXfsWJWh405slQ-tyEjJj/edit,https://datosabiertos.mineduc.cl/wp-content/uploads/2025/11/Directorio-Oficial-EE-2025.rar
selected,9716,ESCUELA BÁSICA ACAPULCO,ESCUELA BASICA ACAPULCO,13,RM,13116,LO ESPEJO,0,"-33,52006563","-70,6795458",6,5,208,1,1,0,SERVICIO LOCAL DE EDUCACIÓN PUBLICA SANTA ROSA,Aulas Conectadas 2025,SELECCIONADO,,https://docs.google.com/spreadsheets/d/11EPq1k3dRWyrXfsWJWh405slQ-tyEjJj/edit,https://datosabiertos.mineduc.cl/wp-content/uploads/2025/11/Directorio-Oficial-EE-2025.rar
selected,9718,ESCUELA BÁSICA PAUL HARRIS,ESCUELA BASICA PAUL HARRIS,13,RM,13105,EL BOSQUE,0,"-33,56638898","-70,65996378",6,5,217,1,1,0,SERVICIO LOCAL DE EDUCACION PUBLICA DEL PINO,Aulas Conectadas 2025,SELECCIONADO,,https://docs.google.com/spreadsheets/d/11EPq1k3dRWyrXfsWJWh405slQ-tyEjJj/edit,https://datosabiertos.mineduc.cl/wp-content/uploads/2025/11/Directorio-Oficial-EE-2025.rar
selected,9719,ESCUELA BÁSICA,ESCUELA BASICA,13,RM,13116,LO ESPEJO,0,"-33,51978828","-70,68376696",6,5,232,1,1,0,SERVICIO LOCAL DE EDUCACIÓN PUBLICA SANTA ROSA,Aulas Conectadas 2025,SELECCIONADO,,https://docs.google.com/spreadsheets/d/11EPq1k3dRWyrXfsWJWh405slQ-tyEjJj/edit,https://datosabiertos.mineduc.cl/wp-content/uploads/2025/11/Directorio-Oficial-EE-2025.rar
selected,9726,LICEO TENIENTE FRANCISCO MERY AGUIRRE,LICEO TENIENTE FRANCISCO MERY AGUIRRE,13,RM,13116,LO ESPEJO,0,"-33,53357756","-70,69548281",6,5,580,1,1,1,SERVICIO LOCAL DE EDUCACIÓN PUBLICA SANTA ROSA,Aulas Conectadas 2025,SELECCIONADO,,https://docs.google.com/spreadsheets/d/11EPq1k3dRWyrXfsWJWh405slQ-tyEjJj/edit,https://datosabiertos.mineduc.cl/wp-content/uploads/2025/11/Directorio-Oficial-EE-2025.rar
selected,9727,ESCUELA CIUDAD DE BARCELONA,ESCUELA CIUDAD DE BARCELONA,13,RM,13121,PEDRO AGUIRRE CERDA,0,"-33,49747193","-70,69021299",6,5,208,1,1,0,SERVICIO LOCAL DE EDUCACIÓN PUBLICA SANTA ROSA,Aulas Conectadas 2025,SELECCIONADO,,https://docs.google.com/spreadsheets/d/11EPq1k3dRWyrXfsWJWh405slQ-tyEjJj/edit,https://datosabiertos.mineduc.cl/wp-content/uploads/2025/11/Directorio-Oficial-EE-2025.rar
selected,9729,ESCUELA VILLA SUR,ESCUELA VILLA SUR,13,RM,13121,PEDRO AGUIRRE CERDA,0,"-33,50233314","-70,68227832",6,5,215,1,1,0,SERVICIO LOCAL DE EDUCACIÓN PUBLICA SANTA ROSA,Aulas Conectadas 2025,SELECCIONADO,,https://docs.google.com/spreadsheets/d/11EPq1k3dRWyrXfsWJWh405slQ-tyEjJj/edit,https://datosabiertos.mineduc.cl/wp-content/uploads/2025/11/Directorio-Oficial-EE-2025.rar
selected,9733,ESCUELA BÁSICA CLARA ESTRELLA,ESCUELA BASICA CLARA  ESTRELLA,13,RM,13116,LO ESPEJO,0,"-33,51579204","-70,6777272",6,5,275,1,1,0,SERVICIO LOCAL DE EDUCACIÓN PUBLICA SANTA ROSA,Aulas Conectadas 2025,SELECCIONADO,,https://docs.google.com/spreadsheets/d/11EPq1k3dRWyrXfsWJWh405slQ-tyEjJj/edit,https://datosabiertos.mineduc.cl/wp-content/uploads/2025/11/Directorio-Oficial-EE-2025.rar
selected,9741,ESCUELA BÁSICA COEDUCACIÓNAL,ESCUELA BASICA COEDUCACIONAL,13,RM,13116,LO ESPEJO,0,"-33,53110869","-70,70164222",6,5,231,1,1,0,SERVICIO LOCAL DE EDUCACIÓN PUBLICA SANTA ROSA,Aulas Conectadas 2025,SELECCIONADO,,https://docs.google.com/spreadsheets/d/11EPq1k3dRWyrXfsWJWh405slQ-tyEjJj/edit,https://datosabiertos.mineduc.cl/wp-content/uploads/2025/11/Directorio-Oficial-EE-2025.rar
selected,9747,C.E.I.A.PEDRO AGUIRRE CERDA,C.E.I.A.PEDRO AGUIRRE CERDA,13,RM,13121,PEDRO AGUIRRE CERDA,0,"-33,509","-70,67393",6,5,236,1,1,0,SERVICIO LOCAL DE EDUCACIÓN PUBLICA SANTA ROSA,Aulas Conectadas 2025,SELECCIONADO,,https://docs.google.com/spreadsheets/d/11EPq1k3dRWyrXfsWJWh405slQ-tyEjJj/edit,https://datosabiertos.mineduc.cl/wp-content/uploads/2025/11/Directorio-Oficial-EE-2025.rar
selected,9863,LICEO SANTIAGO BUERAS Y AVARIA,LICEO SANTIAGO BUERAS Y AVARIA,13,RM,13119,MAIPÚ,0,"-33,50527427","-70,75174176",6,5,702,1,1,1,SERVICIO LOCAL DE EDUCACION PUBLICA SANTA CORINA,Aulas Conectadas 2025,SELECCIONADO,,https://docs.google.com/spreadsheets/d/11EPq1k3dRWyrXfsWJWh405slQ-tyEjJj/edit,https://datosabiertos.mineduc.cl/wp-content/uploads/2025/11/Directorio-Oficial-EE-2025.rar
selected,9877,ESCUELA GENERAL O´HIGGINS,ESCUELA GENERAL OHIGGINS,13,RM,13119,MAIPÚ,0,"-33,50971551","-70,76308151",6,5,439,1,1,0,SERVICIO LOCAL DE EDUCACION PUBLICA SANTA CORINA,Aulas Conectadas 2025,SELECCIONADO,,https://docs.google.com/spreadsheets/d/11EPq1k3dRWyrXfsWJWh405slQ-tyEjJj/edit,https://datosabiertos.mineduc.cl/wp-content/uploads/2025/11/Directorio-Oficial-EE-2025.rar
selected,9889,LICEO REINO DE DINAMARCA,LICEO REINO DE DINAMARCA,13,RM,13119,MAIPÚ,0,"-33,5086","-70,8278",6,5,624,1,1,1,SERVICIO LOCAL DE EDUCACION PUBLICA SANTA CORINA,Aulas Conectadas 2025,SELECCIONADO,,https://docs.google.com/spreadsheets/d/11EPq1k3dRWyrXfsWJWh405slQ-tyEjJj/edit,https://datosabiertos.mineduc.cl/wp-content/uploads/2025/11/Directorio-Oficial-EE-2025.rar
selected,9893,ESCUELA ESPECIAL ANDALUE,ESCUELA ESPECIAL ANDALUE,13,RM,13119,MAIPÚ,0,"-33,51586","-70,767456",6,5,194,1,0,0,SERVICIO LOCAL DE EDUCACION PUBLICA SANTA CORINA,Aulas Conectadas 2025,SELECCIONADO,,https://docs.google.com/spreadsheets/d/11EPq1k3dRWyrXfsWJWh405slQ-tyEjJj/edit,https://datosabiertos.mineduc.cl/wp-content/uploads/2025/11/Directorio-Oficial-EE-2025.rar
selected,9982,LICEO COMERCIAL MOLINA LAVÍN,LICEO COMERCIAL MOLINA LAVIN,13,RM,13126,QUINTA NORMAL,0,"-33,43004782","-70,70916643",5,4,903,1,0,1,FUND. NACIONAL DEL COMERCIO PARA LA EDUCACION,Aulas Conectadas 2025,SELECCIONADO,,https://docs.google.com/spreadsheets/d/11EPq1k3dRWyrXfsWJWh405slQ-tyEjJj/edit,https://datosabiertos.mineduc.cl/wp-content/uploads/2025/11/Directorio-Oficial-EE-2025.rar
selected,10075,LICEO POLIVALENTE LOS HÉROES DE LA CONCEPCIÓN,LICEO POLIVALENTE LOS HEROES DE LA CONCEPCIÓN,13,RM,13103,CERRO NAVIA,0,"-33,42281724","-70,74179704",6,5,510,1,1,1,SERVICIO LOCAL DE EDUCACIÓN PÚBLICA LAS BARRANCAS,Aulas Conectadas 2025,SELECCIONADO,,https://docs.google.com/spreadsheets/d/11EPq1k3dRWyrXfsWJWh405slQ-tyEjJj/edit,https://datosabiertos.mineduc.cl/wp-content/uploads/2025/11/Directorio-Oficial-EE-2025.rar
selected,10093,ESCUELA MILLAHUE,ESCUELA MILLAHUE,13,RM,13103,CERRO NAVIA,0,"-33,419499","-70,74398051",6,5,225,1,1,0,SERVICIO LOCAL DE EDUCACIÓN PÚBLICA LAS BARRANCAS,Aulas Conectadas 2025,SELECCIONADO,,https://docs.google.com/spreadsheets/d/11EPq1k3dRWyrXfsWJWh405slQ-tyEjJj/edit,https://datosabiertos.mineduc.cl/wp-content/uploads/2025/11/Directorio-Oficial-EE-2025.rar
selected,10095,ESCUELA IGNACIO CARRERA PINTO,ESCUELA IGNACIO CARRERA PINTO,13,RM,13117,LO PRADO,0,"-33,43726596","-70,7395033",6,5,201,1,1,0,SERVICIO LOCAL DE EDUCACIÓN PÚBLICA LAS BARRANCAS,Aulas Conectadas 2025,SELECCIONADO,,https://docs.google.com/spreadsheets/d/11EPq1k3dRWyrXfsWJWh405slQ-tyEjJj/edit,https://datosabiertos.mineduc.cl/wp-content/uploads/2025/11/Directorio-Oficial-EE-2025.rar
selected,10120,LICEO DE ADULTOS ALBERTO GALLEGUILLOS J.,LICEO DE ADULTOS ALBERTO GALLEGUILLOS J.,13,RM,13124,PUDAHUEL,0,"-33,442444","-70,75491",6,5,354,1,0,0,SERVICIO LOCAL DE EDUCACIÓN PÚBLICA LAS BARRANCAS,Aulas Conectadas 2025,SELECCIONADO,,https://docs.google.com/spreadsheets/d/11EPq1k3dRWyrXfsWJWh405slQ-tyEjJj/edit,https://datosabiertos.mineduc.cl/wp-content/uploads/2025/11/Directorio-Oficial-EE-2025.rar
selected,10127,ESC. DE EDUCACIÓN DIFERENCIAL QUILLAHUE,ESC.DE EDUCACION DIFERENCIAL QUILLAHUE,13,RM,13117,LO PRADO,0,"-33,449547","-70,7274",6,5,228,1,0,0,SERVICIO LOCAL DE EDUCACIÓN PÚBLICA LAS BARRANCAS,Aulas Conectadas 2025,SELECCIONADO,,https://docs.google.com/spreadsheets/d/11EPq1k3dRWyrXfsWJWh405slQ-tyEjJj/edit,https://datosabiertos.mineduc.cl/wp-content/uploads/2025/11/Directorio-Oficial-EE-2025.rar
selected,10263,ESCUELA D-114,ESCUELA D-114,13,RM,13104,CONCHALÍ,0,"-33,37152685","-70,67835331",6,5,250,1,1,0,SERVICIO LOCAL DE EDUCACION PUBLICA LOS LIBERTADORES,Aulas Conectadas 2025,SELECCIONADO,,https://docs.google.com/spreadsheets/d/11EPq1k3dRWyrXfsWJWh405slQ-tyEjJj/edit,https://datosabiertos.mineduc.cl/wp-content/uploads/2025/11/Directorio-Oficial-EE-2025.rar
selected,10271,ESCUELA ARAUCARIAS DE CHILE,ESCUELA ARAUCARIAS DE CHILE,13,RM,13104,CONCHALÍ,0,"-33,3798493","-70,66044333",6,5,277,1,1,0,SERVICIO LOCAL DE EDUCACION PUBLICA LOS LIBERTADORES,Aulas Conectadas 2025,SELECCIONADO,,https://docs.google.com/spreadsheets/d/11EPq1k3dRWyrXfsWJWh405slQ-tyEjJj/edit,https://datosabiertos.mineduc.cl/wp-content/uploads/2025/11/Directorio-Oficial-EE-2025.rar
selected,10278,ESCUELA PEDRO AGUIRRE CERDA,ESCUELA PEDRO AGUIRRE CERDA,13,RM,13104,CONCHALÍ,0,"-33,39430708","-70,6823422",6,5,281,1,1,0,SERVICIO LOCAL DE EDUCACION PUBLICA LOS LIBERTADORES,Aulas Conectadas 2025,SELECCIONADO,,https://docs.google.com/spreadsheets/d/11EPq1k3dRWyrXfsWJWh405slQ-tyEjJj/edit,https://datosabiertos.mineduc.cl/wp-content/uploads/2025/11/Directorio-Oficial-EE-2025.rar
selected,10280,ESCUELA BÁSICA POETA EUSEBIO LILLO,ESCUELA BÁSICA POETA EUSEBIO LILLO,13,RM,13104,CONCHALÍ,0,"-33,37750382","-70,69332638",6,5,306,1,1,0,SERVICIO LOCAL DE EDUCACION PUBLICA LOS LIBERTADORES,Aulas Conectadas 2025,SELECCIONADO,,https://docs.google.com/spreadsheets/d/11EPq1k3dRWyrXfsWJWh405slQ-tyEjJj/edit,https://datosabiertos.mineduc.cl/wp-content/uploads/2025/11/Directorio-Oficial-EE-2025.rar
selected,10300,ESCUELA MARTA COLVÍN,ESCUELA MARTA COLVIN,13,RM,13127,RECOLETA,0,"-33,40627169","-70,62420549",2,1,217,1,1,0,ILUSTRE MUNICIPALIDAD DE RECOLETA,Aulas Conectadas 2025,SELECCIONADO,,https://docs.google.com/spreadsheets/d/11EPq1k3dRWyrXfsWJWh405slQ-tyEjJj/edit,https://datosabiertos.mineduc.cl/wp-content/uploads/2025/11/Directorio-Oficial-EE-2025.rar
selected,10302,ESCUELA ANNE ELEONOR ROOSEVELT,ESCUELA ANNE ELEONOR ROOSEVELT,13,RM,13127,RECOLETA,0,"-33,41242581","-70,62560669",2,1,147,1,1,0,ILUSTRE MUNICIPALIDAD DE RECOLETA,Aulas Conectadas 2025,SELECCIONADO,,https://docs.google.com/spreadsheets/d/11EPq1k3dRWyrXfsWJWh405slQ-tyEjJj/edit,https://datosabiertos.mineduc.cl/wp-content/uploads/2025/11/Directorio-Oficial-EE-2025.rar
selected,10419,LICEO BICENTENARIO MANUEL PLAZA REYES DE LAMPA,LICEO BICENTENARIO MANUEL PLAZA REYES DE LAMPA,13,RM,13302,LAMPA,0,"-33,28672949","-70,87187869",1,1,1230,1,1,1,CORP.MUNICIPAL DE DES.SOCIAL DE LAMPA,Aulas Conectadas 2025,SELECCIONADO,,https://docs.google.com/spreadsheets/d/11EPq1k3dRWyrXfsWJWh405slQ-tyEjJj/edit,https://datosabiertos.mineduc.cl/wp-content/uploads/2025/11/Directorio-Oficial-EE-2025.rar
selected,10424,ESCUELA SANTA BÁRBARA,ESCUELA SANTA  BARBARA,13,RM,13302,LAMPA,0,"-33,24309135","-70,82385077",1,1,351,1,1,0,CORP.MUNICIPAL DE DES.SOCIAL DE LAMPA,Aulas Conectadas 2025,SELECCIONADO,,https://docs.google.com/spreadsheets/d/11EPq1k3dRWyrXfsWJWh405slQ-tyEjJj/edit,https://datosabiertos.mineduc.cl/wp-content/uploads/2025/11/Directorio-Oficial-EE-2025.rar
selected,10425,ESCUELA POLONIA GUTIÉRREZ C.,ESCUELA POLONIA GUTIERREZ C.,13,RM,13302,LAMPA,0,"-33,2807056","-70,88011593",1,1,850,1,1,0,CORP.MUNICIPAL DE DES.SOCIAL DE LAMPA,Aulas Conectadas 2025,SELECCIONADO,,https://docs.google.com/spreadsheets/d/11EPq1k3dRWyrXfsWJWh405slQ-tyEjJj/edit,https://datosabiertos.mineduc.cl/wp-content/uploads/2025/11/Directorio-Oficial-EE-2025.rar
selected,10450,ESCUELA CONSOLIDADA,ESCUELA CONSOLIDADA,13,RM,13201,PUENTE ALTO,0,"-33,61137297","-70,5710284",1,1,1193,1,1,0,CORP MUNIC EDUC SALUD Y AT MEN PTE ALTO,Aulas Conectadas 2025,SELECCIONADO,,https://docs.google.com/spreadsheets/d/11EPq1k3dRWyrXfsWJWh405slQ-tyEjJj/edit,https://datosabiertos.mineduc.cl/wp-content/uploads/2025/11/Directorio-Oficial-EE-2025.rar
selected,10452,LICEO PUENTE ALTO,LICEO PUENTE ALTO,13,RM,13201,PUENTE ALTO,0,"-33,60613511","-70,57771838",1,1,284,1,1,1,CORP MUNIC EDUC SALUD Y AT MEN PTE ALTO,Aulas Conectadas 2025,SELECCIONADO,,https://docs.google.com/spreadsheets/d/11EPq1k3dRWyrXfsWJWh405slQ-tyEjJj/edit,https://datosabiertos.mineduc.cl/wp-content/uploads/2025/11/Directorio-Oficial-EE-2025.rar
selected,10453,LICEO IND. MUNICIPALIZADO A N° 116,LICEO IND. MUNICIPALIZADO A N_ 116,13,RM,13201,PUENTE ALTO,0,"-33,60936185","-70,58020562",1,1,662,1,1,1,CORP MUNIC EDUC SALUD Y AT MEN PTE ALTO,Aulas Conectadas 2025,SELECCIONADO,,https://docs.google.com/spreadsheets/d/11EPq1k3dRWyrXfsWJWh405slQ-tyEjJj/edit,https://datosabiertos.mineduc.cl/wp-content/uploads/2025/11/Directorio-Oficial-EE-2025.rar
selected,10455,LICEO SAN GERÓNIMO,LICEO SAN GERONIMO,13,RM,13201,PUENTE ALTO,0,"-33,62778915","-70,58716797",1,1,542,1,1,1,CORP MUNIC EDUC SALUD Y AT MEN PTE ALTO,Aulas Conectadas 2025,SELECCIONADO,,https://docs.google.com/spreadsheets/d/11EPq1k3dRWyrXfsWJWh405slQ-tyEjJj/edit,https://datosabiertos.mineduc.cl/wp-content/uploads/2025/11/Directorio-Oficial-EE-2025.rar
selected,10457,COLEGIO MAIPO,COLEGIO MAIPO,13,RM,13201,PUENTE ALTO,0,"-33,6162672","-70,57938391",1,1,646,1,1,1,CORP MUNIC EDUC SALUD Y AT MEN PTE ALTO,Aulas Conectadas 2025,SELECCIONADO,,https://docs.google.com/spreadsheets/d/11EPq1k3dRWyrXfsWJWh405slQ-tyEjJj/edit,https://datosabiertos.mineduc.cl/wp-content/uploads/2025/11/Directorio-Oficial-EE-2025.rar
selected,10458,ESCUELA VILLA INDEPENDENCIA,ESCUELA VILLA INDEPENDENCIA,13,RM,13201,PUENTE ALTO,0,"-33,61752886","-70,58903996",1,1,567,1,1,0,CORP MUNIC EDUC SALUD Y AT MEN PTE ALTO,Aulas Conectadas 2025,SELECCIONADO,,https://docs.google.com/spreadsheets/d/11EPq1k3dRWyrXfsWJWh405slQ-tyEjJj/edit,https://datosabiertos.mineduc.cl/wp-content/uploads/2025/11/Directorio-Oficial-EE-2025.rar
selected,10460,CENTRO EDUCACIÓNAL NUEVA CREACIÓN,CENTRO EDUCACIONAL NUEVA CREACION,13,RM,13201,PUENTE ALTO,0,"-33,61601113","-70,57171065",1,1,385,1,0,0,CORP MUNIC EDUC SALUD Y AT MEN PTE ALTO,Aulas Conectadas 2025,SELECCIONADO,,https://docs.google.com/spreadsheets/d/11EPq1k3dRWyrXfsWJWh405slQ-tyEjJj/edit,https://datosabiertos.mineduc.cl/wp-content/uploads/2025/11/Directorio-Oficial-EE-2025.rar
selected,10461,ESCUELA LOS ANDES,ESCUELA LOS ANDES,13,RM,13201,PUENTE ALTO,0,"-33,61415964","-70,56332401",1,1,376,1,1,0,CORP MUNIC EDUC SALUD Y AT MEN PTE ALTO,Aulas Conectadas 2025,SELECCIONADO,,https://docs.google.com/spreadsheets/d/11EPq1k3dRWyrXfsWJWh405slQ-tyEjJj/edit,https://datosabiertos.mineduc.cl/wp-content/uploads/2025/11/Directorio-Oficial-EE-2025.rar
selected,10462,ESCUELA NONATO COO,ESCUELA NONATO COO,13,RM,13201,PUENTE ALTO,0,"-33,60340318","-70,57067045",1,1,223,1,1,0,CORP MUNIC EDUC SALUD Y AT MEN PTE ALTO,Aulas Conectadas 2025,SELECCIONADO,,https://docs.google.com/spreadsheets/d/11EPq1k3dRWyrXfsWJWh405slQ-tyEjJj/edit,https://datosabiertos.mineduc.cl/wp-content/uploads/2025/11/Directorio-Oficial-EE-2025.rar
selected,10464,ESCUELA VILLA PEDRO AGUIRRE CERDA,ESCUELA VILLA PEDRO AGUIRRE CERDA,13,RM,13201,PUENTE ALTO,0,"-33,62153345","-70,58505038",1,1,251,1,1,0,CORP MUNIC EDUC SALUD Y AT MEN PTE ALTO,Aulas Conectadas 2025,SELECCIONADO,,https://docs.google.com/spreadsheets/d/11EPq1k3dRWyrXfsWJWh405slQ-tyEjJj/edit,https://datosabiertos.mineduc.cl/wp-content/uploads/2025/11/Directorio-Oficial-EE-2025.rar
selected,10465,ESCUELA EJÉRCITO LIBERTADOR,ESCUELA EJERCITO LIBERTADOR,13,RM,13201,PUENTE ALTO,0,"-33,60897418","-70,59179337",1,1,530,1,1,0,CORP MUNIC EDUC SALUD Y AT MEN PTE ALTO,Aulas Conectadas 2025,SELECCIONADO,,https://docs.google.com/spreadsheets/d/11EPq1k3dRWyrXfsWJWh405slQ-tyEjJj/edit,https://datosabiertos.mineduc.cl/wp-content/uploads/2025/11/Directorio-Oficial-EE-2025.rar
selected,10470,LICEO MUNIC. ING. MILITAR JUAN MACKENA O.,LICEO MUNIC.ING.MILITAR JUAN MACKENA O.,13,RM,13201,PUENTE ALTO,0,"-33,56326682","-70,55471886",1,1,752,1,1,0,CORP MUNIC EDUC SALUD Y AT MEN PTE ALTO,Aulas Conectadas 2025,SELECCIONADO,,https://docs.google.com/spreadsheets/d/11EPq1k3dRWyrXfsWJWh405slQ-tyEjJj/edit,https://datosabiertos.mineduc.cl/wp-content/uploads/2025/11/Directorio-Oficial-EE-2025.rar
selected,10473,ESCUELA OSCAR BONILLA,ESCUELA OSCAR BONILLA,13,RM,13201,PUENTE ALTO,0,"-33,621555","-70,59256143",1,1,422,1,1,0,CORP MUNIC EDUC SALUD Y AT MEN PTE ALTO,Aulas Conectadas 2025,SELECCIONADO,,https://docs.google.com/spreadsheets/d/11EPq1k3dRWyrXfsWJWh405slQ-tyEjJj/edit,https://datosabiertos.mineduc.cl/wp-content/uploads/2025/11/Directorio-Oficial-EE-2025.rar
selected,10474,ESCUELA LUIS MATTE LARRAÍN,ESCUELA LUIS MATTE LARRAIN,13,RM,13201,PUENTE ALTO,0,"-33,58543964","-70,57549234",1,1,703,1,1,0,CORP MUNIC EDUC SALUD Y AT MEN PTE ALTO,Aulas Conectadas 2025,SELECCIONADO,,https://docs.google.com/spreadsheets/d/11EPq1k3dRWyrXfsWJWh405slQ-tyEjJj/edit,https://datosabiertos.mineduc.cl/wp-content/uploads/2025/11/Directorio-Oficial-EE-2025.rar
selected,10476,ESCUELA LAS PALMAS,ESCUELA LAS PALMAS,13,RM,13201,PUENTE ALTO,0,"-33,61247952","-70,58053074",1,1,805,1,1,0,CORP MUNIC EDUC SALUD Y AT MEN PTE ALTO,Aulas Conectadas 2025,SELECCIONADO,,https://docs.google.com/spreadsheets/d/11EPq1k3dRWyrXfsWJWh405slQ-tyEjJj/edit,https://datosabiertos.mineduc.cl/wp-content/uploads/2025/11/Directorio-Oficial-EE-2025.rar
selected,10522,ESCUELA BÁSICA G-N°643 SAN JUAN DE PIRQUE,ESCUELA BASICA G-N°643 SAN JUAN DE PIRQUE,13,RM,13202,PIRQUE,1,"-33,60706764","-70,48489487",1,1,171,1,1,0,CORPORACION MUNIC DE EDUC Y SALUD PIRQUE,Aulas Conectadas 2025,SELECCIONADO,,https://docs.google.com/spreadsheets/d/11EPq1k3dRWyrXfsWJWh405slQ-tyEjJj/edit,https://datosabiertos.mineduc.cl/wp-content/uploads/2025/11/Directorio-Oficial-EE-2025.rar
selected,10541,LICEO COMERCIAL DE SAN BERNARDO,LICEO COMERCIAL DE SAN BERNARDO,13,RM,13401,SAN BERNARDO,0,"-33,59399895","-70,704265",5,4,1150,1,0,1,FUND. NACIONAL DEL COMERCIO PARA LA EDUCACION,Aulas Conectadas 2025,SELECCIONADO,,https://docs.google.com/spreadsheets/d/11EPq1k3dRWyrXfsWJWh405slQ-tyEjJj/edit,https://datosabiertos.mineduc.cl/wp-content/uploads/2025/11/Directorio-Oficial-EE-2025.rar
selected,10542,CENTRO EDUCACIÓNAL BALDOMERO LILLO,CENTRO EDUCACIONAL BALDOMERO LILLO,13,RM,13401,SAN BERNARDO,0,"-33,58039894","-70,68901981",6,5,674,1,1,1,SERVICIO LOCAL DE EDUCACION PUBLICA DEL PINO,Aulas Conectadas 2025,SELECCIONADO,,https://docs.google.com/spreadsheets/d/11EPq1k3dRWyrXfsWJWh405slQ-tyEjJj/edit,https://datosabiertos.mineduc.cl/wp-content/uploads/2025/11/Directorio-Oficial-EE-2025.rar
selected,10544,LICEO ELVIRA BRADY MALDONADO-SN. BERNARDO,LICEO ELVIRA BRADY MALDONADO-SN.BERNARDO,13,RM,13401,SAN BERNARDO,0,"-33,60004662","-70,70386476",6,5,883,1,1,1,SERVICIO LOCAL DE EDUCACION PUBLICA DEL PINO,Aulas Conectadas 2025,SELECCIONADO,,https://docs.google.com/spreadsheets/d/11EPq1k3dRWyrXfsWJWh405slQ-tyEjJj/edit,https://datosabiertos.mineduc.cl/wp-content/uploads/2025/11/Directorio-Oficial-EE-2025.rar
selected,10545,LICEO IND. MIGUEL AYLWIN GAJARDO,LICEO IND. MIGUEL AYLWIN GAJARDO,13,RM,13401,SAN BERNARDO,0,"-33,58766572","-70,70023881",6,5,380,1,1,1,SERVICIO LOCAL DE EDUCACION PUBLICA DEL PINO,Aulas Conectadas 2025,SELECCIONADO,,https://docs.google.com/spreadsheets/d/11EPq1k3dRWyrXfsWJWh405slQ-tyEjJj/edit,https://datosabiertos.mineduc.cl/wp-content/uploads/2025/11/Directorio-Oficial-EE-2025.rar
selected,10546,ESCUELA PILAR MOLINER DE NUÑEZ,ESCUELA PILAR MOLINER DE NUEZ,13,RM,13401,SAN BERNARDO,0,"-33,59428638","-70,70694806",6,5,326,1,1,0,SERVICIO LOCAL DE EDUCACION PUBLICA DEL PINO,Aulas Conectadas 2025,SELECCIONADO,,https://docs.google.com/spreadsheets/d/11EPq1k3dRWyrXfsWJWh405slQ-tyEjJj/edit,https://datosabiertos.mineduc.cl/wp-content/uploads/2025/11/Directorio-Oficial-EE-2025.rar
selected,10547,ESCUELA REPÚBLICA DEL BRASIL,ESCUELA REPUBLICA DEL BRASIL,13,RM,13401,SAN BERNARDO,0,"-33,60402366","-70,69876828",6,5,169,1,1,0,SERVICIO LOCAL DE EDUCACION PUBLICA DEL PINO,Aulas Conectadas 2025,SELECCIONADO,,https://docs.google.com/spreadsheets/d/11EPq1k3dRWyrXfsWJWh405slQ-tyEjJj/edit,https://datosabiertos.mineduc.cl/wp-content/uploads/2025/11/Directorio-Oficial-EE-2025.rar
selected,10548,ESCUELA ISABEL RIQUELME,ESCUELA ISABEL RIQUELME,13,RM,13401,SAN BERNARDO,0,"-33,59246927","-70,69451769",6,5,197,1,1,0,SERVICIO LOCAL DE EDUCACION PUBLICA DEL PINO,Aulas Conectadas 2025,SELECCIONADO,,https://docs.google.com/spreadsheets/d/11EPq1k3dRWyrXfsWJWh405slQ-tyEjJj/edit,https://datosabiertos.mineduc.cl/wp-content/uploads/2025/11/Directorio-Oficial-EE-2025.rar
selected,10550,ESCUELA L. GRAL. BERNARDO O´HIGGINS,ESCUELA L.GRAL. BERNARDO O´HIGGINS,13,RM,13401,SAN BERNARDO,0,"-33,59237225","-70,69495127",6,5,227,1,1,0,SERVICIO LOCAL DE EDUCACION PUBLICA DEL PINO,Aulas Conectadas 2025,SELECCIONADO,,https://docs.google.com/spreadsheets/d/11EPq1k3dRWyrXfsWJWh405slQ-tyEjJj/edit,https://datosabiertos.mineduc.cl/wp-content/uploads/2025/11/Directorio-Oficial-EE-2025.rar
selected,10554,ESCUELA GENERAL RENÉ SCHNEIDER CHEREAU,ESCUELA GENERAL RENE SCHNEIDER CHEREAU,13,RM,13401,SAN BERNARDO,0,"-33,58365644","-70,69237978",6,5,258,1,1,0,SERVICIO LOCAL DE EDUCACION PUBLICA DEL PINO,Aulas Conectadas 2025,SELECCIONADO,,https://docs.google.com/spreadsheets/d/11EPq1k3dRWyrXfsWJWh405slQ-tyEjJj/edit,https://datosabiertos.mineduc.cl/wp-content/uploads/2025/11/Directorio-Oficial-EE-2025.rar
selected,10555,ESCUELA BÁSICA BASE EL BOSQUE,ESCUELA BASICA BASE EL BOSQUE,13,RM,13105,EL BOSQUE,0,"-33,56213461","-70,67533683",6,5,410,1,1,0,SERVICIO LOCAL DE EDUCACION PUBLICA DEL PINO,Aulas Conectadas 2025,SELECCIONADO,,https://docs.google.com/spreadsheets/d/11EPq1k3dRWyrXfsWJWh405slQ-tyEjJj/edit,https://datosabiertos.mineduc.cl/wp-content/uploads/2025/11/Directorio-Oficial-EE-2025.rar
selected,10557,ESCUELA GENERAL ALBERTO A. BACHELET MARTÍNEZ,ESCUELA GENERAL ALBERTO A. BACHELET MARTINEZ,13,RM,13105,EL BOSQUE,0,"-33,56626066","-70,68113354",6,5,306,1,0,0,SERVICIO LOCAL DE EDUCACION PUBLICA DEL PINO,Aulas Conectadas 2025,SELECCIONADO,,https://docs.google.com/spreadsheets/d/11EPq1k3dRWyrXfsWJWh405slQ-tyEjJj/edit,https://datosabiertos.mineduc.cl/wp-content/uploads/2025/11/Directorio-Oficial-EE-2025.rar
selected,10558,ESCUELA REPÚBLICA DE LOS EE.UU. DE AMÉRICA,ESCUELA REPUBLICA DE LOS EE.UU. DE AMERICA,13,RM,13401,SAN BERNARDO,0,"-33,57665711","-70,70382197",6,5,186,1,1,0,SERVICIO LOCAL DE EDUCACION PUBLICA DEL PINO,Aulas Conectadas 2025,SELECCIONADO,,https://docs.google.com/spreadsheets/d/11EPq1k3dRWyrXfsWJWh405slQ-tyEjJj/edit,https://datosabiertos.mineduc.cl/wp-content/uploads/2025/11/Directorio-Oficial-EE-2025.rar
selected,10559,ESCUELA BERNARDO LEIGHTON,ESCUELA BERNARDO LEIGHTON,13,RM,13105,EL BOSQUE,0,"-33,5744692","-70,67959837",6,5,201,1,1,0,SERVICIO LOCAL DE EDUCACION PUBLICA DEL PINO,Aulas Conectadas 2025,SELECCIONADO,,https://docs.google.com/spreadsheets/d/11EPq1k3dRWyrXfsWJWh405slQ-tyEjJj/edit,https://datosabiertos.mineduc.cl/wp-content/uploads/2025/11/Directorio-Oficial-EE-2025.rar
selected,10560,ESCUELA JAVIERA CARRERA VERDUGO,ESCUELA JAVIERA CARRERA VERDUGO,13,RM,13401,SAN BERNARDO,0,"-33,58403713","-70,68637883",6,5,270,1,1,0,SERVICIO LOCAL DE EDUCACION PUBLICA DEL PINO,Aulas Conectadas 2025,SELECCIONADO,,https://docs.google.com/spreadsheets/d/11EPq1k3dRWyrXfsWJWh405slQ-tyEjJj/edit,https://datosabiertos.mineduc.cl/wp-content/uploads/2025/11/Directorio-Oficial-EE-2025.rar
selected,10561,ESCUELA CLAUDIO ARRAU LEÓN,ESCUELA CLAUDIO ARRAU LEON,13,RM,13105,EL BOSQUE,0,"-33,57174781","-70,68081411",6,5,223,1,1,0,SERVICIO LOCAL DE EDUCACION PUBLICA DEL PINO,Aulas Conectadas 2025,SELECCIONADO,,https://docs.google.com/spreadsheets/d/11EPq1k3dRWyrXfsWJWh405slQ-tyEjJj/edit,https://datosabiertos.mineduc.cl/wp-content/uploads/2025/11/Directorio-Oficial-EE-2025.rar
selected,10563,ESCUELA MANUEL MAGALLANES MOURE,ESCUELA MANUEL MAGALLANES MOURE,13,RM,13401,SAN BERNARDO,0,"-33,58902018","-70,70352673",6,5,147,1,1,0,SERVICIO LOCAL DE EDUCACION PUBLICA DEL PINO,Aulas Conectadas 2025,SELECCIONADO,,https://docs.google.com/spreadsheets/d/11EPq1k3dRWyrXfsWJWh405slQ-tyEjJj/edit,https://datosabiertos.mineduc.cl/wp-content/uploads/2025/11/Directorio-Oficial-EE-2025.rar
selected,10565,ESCUELA DIEGO PORTALES,ESCUELA DIEGO PORTALES,13,RM,13401,SAN BERNARDO,0,"-33,60390273","-70,68466792",6,5,659,1,1,0,SERVICIO LOCAL DE EDUCACION PUBLICA DEL PINO,Aulas Conectadas 2025,SELECCIONADO,,https://docs.google.com/spreadsheets/d/11EPq1k3dRWyrXfsWJWh405slQ-tyEjJj/edit,https://datosabiertos.mineduc.cl/wp-content/uploads/2025/11/Directorio-Oficial-EE-2025.rar
selected,10567,ESCUELA MAHUIDA,ESCUELA MAHUIDA,13,RM,13401,SAN BERNARDO,0,"-33,59828611","-70,71021102",6,5,268,1,1,0,SERVICIO LOCAL DE EDUCACION PUBLICA DEL PINO,Aulas Conectadas 2025,SELECCIONADO,,https://docs.google.com/spreadsheets/d/11EPq1k3dRWyrXfsWJWh405slQ-tyEjJj/edit,https://datosabiertos.mineduc.cl/wp-content/uploads/2025/11/Directorio-Oficial-EE-2025.rar
selected,10568,ESCUELA ORLANDO LETELIER,ESCUELA ORLANDO LETELIER,13,RM,13105,EL BOSQUE,0,"-33,55212415","-70,68780458",6,5,273,1,1,0,SERVICIO LOCAL DE EDUCACION PUBLICA DEL PINO,Aulas Conectadas 2025,SELECCIONADO,,https://docs.google.com/spreadsheets/d/11EPq1k3dRWyrXfsWJWh405slQ-tyEjJj/edit,https://datosabiertos.mineduc.cl/wp-content/uploads/2025/11/Directorio-Oficial-EE-2025.rar
selected,10569,LICEO NUEVO PORVENIR,LICEO NUEVO PORVENIR,13,RM,13401,SAN BERNARDO,0,"-33,5906608","-70,68170621",6,5,447,1,1,0,SERVICIO LOCAL DE EDUCACION PUBLICA DEL PINO,Aulas Conectadas 2025,SELECCIONADO,,https://docs.google.com/spreadsheets/d/11EPq1k3dRWyrXfsWJWh405slQ-tyEjJj/edit,https://datosabiertos.mineduc.cl/wp-content/uploads/2025/11/Directorio-Oficial-EE-2025.rar
selected,10570,ESCUELA BÁSICA DR. LUIS SEPULVEDA SALVATI,ESCUELA BASICA DR LUIS SEPULVEDA SALVATI,13,RM,13401,SAN BERNARDO,0,"-33,63890266","-70,70923193",6,5,219,1,1,0,SERVICIO LOCAL DE EDUCACION PUBLICA DEL PINO,Aulas Conectadas 2025,SELECCIONADO,,https://docs.google.com/spreadsheets/d/11EPq1k3dRWyrXfsWJWh405slQ-tyEjJj/edit,https://datosabiertos.mineduc.cl/wp-content/uploads/2025/11/Directorio-Oficial-EE-2025.rar
selected,10571,ESCUELA ESCRITORA MARCELA PAZ,ESCUELA ESCRITORA  MARCELA PAZ,13,RM,13401,SAN BERNARDO,0,"-33,60630484","-70,70662136",6,5,279,1,1,0,SERVICIO LOCAL DE EDUCACION PUBLICA DEL PINO,Aulas Conectadas 2025,SELECCIONADO,,https://docs.google.com/spreadsheets/d/11EPq1k3dRWyrXfsWJWh405slQ-tyEjJj/edit,https://datosabiertos.mineduc.cl/wp-content/uploads/2025/11/Directorio-Oficial-EE-2025.rar
selected,10577,ESCUELA DE EDUCACIÓN DIFERENCIAL,ESCUELA DE EDUCACION DIFERENCIAL,13,RM,13401,SAN BERNARDO,0,"-33,58811","-70,70066",6,5,203,1,0,0,SERVICIO LOCAL DE EDUCACION PUBLICA DEL PINO,Aulas Conectadas 2025,SELECCIONADO,,https://docs.google.com/spreadsheets/d/11EPq1k3dRWyrXfsWJWh405slQ-tyEjJj/edit,https://datosabiertos.mineduc.cl/wp-content/uploads/2025/11/Directorio-Oficial-EE-2025.rar
selected,10580,ESCUELA ABRAHAM LINCOLN,ESCUELA ABRAHAM LINCOLN,13,RM,13401,SAN BERNARDO,0,"-33,61982174","-70,69227511",6,5,318,1,1,0,SERVICIO LOCAL DE EDUCACION PUBLICA DEL PINO,Aulas Conectadas 2025,SELECCIONADO,,https://docs.google.com/spreadsheets/d/11EPq1k3dRWyrXfsWJWh405slQ-tyEjJj/edit,https://datosabiertos.mineduc.cl/wp-content/uploads/2025/11/Directorio-Oficial-EE-2025.rar
selected,10581,ESCUELA BÁSICA ANTUPILLAN,ESCUELA BASICA ANTUPILLAN,13,RM,13401,SAN BERNARDO,0,"-33,58064077","-70,70120398",6,5,347,1,1,0,SERVICIO LOCAL DE EDUCACION PUBLICA DEL PINO,Aulas Conectadas 2025,SELECCIONADO,,https://docs.google.com/spreadsheets/d/11EPq1k3dRWyrXfsWJWh405slQ-tyEjJj/edit,https://datosabiertos.mineduc.cl/wp-content/uploads/2025/11/Directorio-Oficial-EE-2025.rar
selected,10584,LICEO DE ADULTOS PUCARA DE CHENA,LICEO DE ADULTOS PUCARA DE CHENA,13,RM,13401,SAN BERNARDO,0,"-33,596607","-70,70192",6,5,444,1,1,0,SERVICIO LOCAL DE EDUCACION PUBLICA DEL PINO,Aulas Conectadas 2025,SELECCIONADO,,https://docs.google.com/spreadsheets/d/11EPq1k3dRWyrXfsWJWh405slQ-tyEjJj/edit,https://datosabiertos.mineduc.cl/wp-content/uploads/2025/11/Directorio-Oficial-EE-2025.rar
selected,10586,ESCUELA ELEODORO YAÑEZ PONCE DE LEÓN,ESCUELA ELEODORO YANEZ PONCE DE LEON,13,RM,13401,SAN BERNARDO,0,"-33,66880609","-70,74256407",6,5,538,1,1,0,SERVICIO LOCAL DE EDUCACION PUBLICA DEL PINO,Aulas Conectadas 2025,SELECCIONADO,,https://docs.google.com/spreadsheets/d/11EPq1k3dRWyrXfsWJWh405slQ-tyEjJj/edit,https://datosabiertos.mineduc.cl/wp-content/uploads/2025/11/Directorio-Oficial-EE-2025.rar
selected,10588,LICEO CARDENAL ANTONIO SAMORÉ,LICEO CARDENAL ANTONIO SAMORE,13,RM,13401,SAN BERNARDO,0,"-33,5643348","-70,70628385",6,5,513,1,1,1,SERVICIO LOCAL DE EDUCACION PUBLICA DEL PINO,Aulas Conectadas 2025,SELECCIONADO,,https://docs.google.com/spreadsheets/d/11EPq1k3dRWyrXfsWJWh405slQ-tyEjJj/edit,https://datosabiertos.mineduc.cl/wp-content/uploads/2025/11/Directorio-Oficial-EE-2025.rar
selected,10589,ESCUELA HARAS LOS CONDORES,ESCUELA HARAS LOS CONDORES,13,RM,13401,SAN BERNARDO,0,"-33,63910357","-70,67546514",6,5,386,1,1,0,SERVICIO LOCAL DE EDUCACION PUBLICA DEL PINO,Aulas Conectadas 2025,SELECCIONADO,,https://docs.google.com/spreadsheets/d/11EPq1k3dRWyrXfsWJWh405slQ-tyEjJj/edit,https://datosabiertos.mineduc.cl/wp-content/uploads/2025/11/Directorio-Oficial-EE-2025.rar
selected,10592,LICEO CLARA SOLOVERA,LICEO CLARA SOLOVERA,13,RM,13401,SAN BERNARDO,0,"-33,64869065","-70,66313639",6,5,550,1,1,1,SERVICIO LOCAL DE EDUCACION PUBLICA DEL PINO,Aulas Conectadas 2025,SELECCIONADO,,https://docs.google.com/spreadsheets/d/11EPq1k3dRWyrXfsWJWh405slQ-tyEjJj/edit,https://datosabiertos.mineduc.cl/wp-content/uploads/2025/11/Directorio-Oficial-EE-2025.rar
selected,10687,ESCUELA BÁSICA F-N°798 CALERA DE TANGO,ESCUELA BASICA F-N°798 CALERA DE TANGO,13,RM,13403,CALERA DE TANGO,1,"-33,63701714","-70,81222029",6,5,577,1,1,0,SERVICIO LOCAL DE EDUCACION PUBLICA DEL PINO,Aulas Conectadas 2025,SELECCIONADO,,https://docs.google.com/spreadsheets/d/11EPq1k3dRWyrXfsWJWh405slQ-tyEjJj/edit,https://datosabiertos.mineduc.cl/wp-content/uploads/2025/11/Directorio-Oficial-EE-2025.rar
selected,10752,ESCUELA REPÚBLICA ARGENTINA,ESCUELA REPUBLICA ARGENTINA,13,RM,13604,PADRE HURTADO,0,"-33,57234732","-70,82072865",2,1,388,1,1,0,ILUSTRE MUNICIPALIDAD DE PADRE HURTADO,Aulas Conectadas 2025,SELECCIONADO,,https://docs.google.com/spreadsheets/d/11EPq1k3dRWyrXfsWJWh405slQ-tyEjJj/edit,https://datosabiertos.mineduc.cl/wp-content/uploads/2025/11/Directorio-Oficial-EE-2025.rar
selected,10782,ESCUELA IGNACIO SERRANO MONTANER,ESCUELA IGNACIO SERRANO MONTANER,13,RM,13501,MELIPILLA,0,"-33,68191429","-71,21328955",1,1,227,1,1,0,CORPORACION MUNICIPAL DE MELIPILLA,Aulas Conectadas 2025,SELECCIONADO,,https://docs.google.com/spreadsheets/d/11EPq1k3dRWyrXfsWJWh405slQ-tyEjJj/edit,https://datosabiertos.mineduc.cl/wp-content/uploads/2025/11/Directorio-Oficial-EE-2025.rar
selected,10784,COLEGIO HUILCO ALTO,COLEGIO HUILCO ALTO,13,RM,13501,MELIPILLA,0,"-33,70305693","-71,22065023",1,1,305,1,1,0,CORPORACION MUNICIPAL DE MELIPILLA,Aulas Conectadas 2025,SELECCIONADO,,https://docs.google.com/spreadsheets/d/11EPq1k3dRWyrXfsWJWh405slQ-tyEjJj/edit,https://datosabiertos.mineduc.cl/wp-content/uploads/2025/11/Directorio-Oficial-EE-2025.rar
selected,10796,ESCUELA PATRICIO LARRAÍN GANDARILLAS,ESCUELA PATRICIO LARRAIN GANDARILLAS,13,RM,13501,MELIPILLA,1,"-33,58191848","-70,98892126",1,1,176,1,1,0,CORPORACION MUNICIPAL DE MELIPILLA,Aulas Conectadas 2025,SELECCIONADO,,https://docs.google.com/spreadsheets/d/11EPq1k3dRWyrXfsWJWh405slQ-tyEjJj/edit,https://datosabiertos.mineduc.cl/wp-content/uploads/2025/11/Directorio-Oficial-EE-2025.rar
selected,10798,ESCUELA BÁSICA CARMEN BAJO,ESCUELA BASICA CARMEN BAJO,13,RM,13501,MELIPILLA,1,"-33,74214974","-71,16606256",1,1,259,1,1,0,CORPORACION MUNICIPAL DE MELIPILLA,Aulas Conectadas 2025,SELECCIONADO,,https://docs.google.com/spreadsheets/d/11EPq1k3dRWyrXfsWJWh405slQ-tyEjJj/edit,https://datosabiertos.mineduc.cl/wp-content/uploads/2025/11/Directorio-Oficial-EE-2025.rar
selected,10805,ESCUELA PUANGUE,ESCUELA PUANGUE,13,RM,13501,MELIPILLA,1,"-33,6666921","-71,32217863",1,1,176,1,1,0,CORPORACION MUNICIPAL DE MELIPILLA,Aulas Conectadas 2025,SELECCIONADO,,https://docs.google.com/spreadsheets/d/11EPq1k3dRWyrXfsWJWh405slQ-tyEjJj/edit,https://datosabiertos.mineduc.cl/wp-content/uploads/2025/11/Directorio-Oficial-EE-2025.rar
selected,10810,ESCUELA LIDIA MATTE HURTADO,ESCUELA LIDIA MATTE HURTADO,13,RM,13501,MELIPILLA,1,"-33,58033306","-71,05611024",1,1,243,1,1,0,CORPORACION MUNICIPAL DE MELIPILLA,Aulas Conectadas 2025,SELECCIONADO,,https://docs.google.com/spreadsheets/d/11EPq1k3dRWyrXfsWJWh405slQ-tyEjJj/edit,https://datosabiertos.mineduc.cl/wp-content/uploads/2025/11/Directorio-Oficial-EE-2025.rar
selected,10816,ESCUELA JOSÉ CAMARENA ESCRIVA,ESCUELA JOSE CAMARENA ESCRIVA,13,RM,13501,MELIPILLA,1,"-33,85504814","-71,38432627",1,1,272,1,1,0,CORPORACION MUNICIPAL DE MELIPILLA,Aulas Conectadas 2025,SELECCIONADO,,https://docs.google.com/spreadsheets/d/11EPq1k3dRWyrXfsWJWh405slQ-tyEjJj/edit,https://datosabiertos.mineduc.cl/wp-content/uploads/2025/11/Directorio-Oficial-EE-2025.rar
selected,10818,ESCUELA HUECHUN,ESCUELA HUECHUN,13,RM,13501,MELIPILLA,1,"-33,70548476","-71,29497926",1,1,217,1,1,0,CORPORACION MUNICIPAL DE MELIPILLA,Aulas Conectadas 2025,SELECCIONADO,,https://docs.google.com/spreadsheets/d/11EPq1k3dRWyrXfsWJWh405slQ-tyEjJj/edit,https://datosabiertos.mineduc.cl/wp-content/uploads/2025/11/Directorio-Oficial-EE-2025.rar
selected,10821,ESCUELA RAQUEL FERNÁNDEZ DE MORANDE,ESCUELA RAQUEL FERNANDEZ DE MORANDE,13,RM,13501,MELIPILLA,1,"-33,81437","-71,26995",1,1,194,1,1,0,CORPORACION MUNICIPAL DE MELIPILLA,Aulas Conectadas 2025,SELECCIONADO,,https://docs.google.com/spreadsheets/d/11EPq1k3dRWyrXfsWJWh405slQ-tyEjJj/edit,https://datosabiertos.mineduc.cl/wp-content/uploads/2025/11/Directorio-Oficial-EE-2025.rar
selected,10854,LICEO MUNICIPAL DE SAN PEDRO,LICEO MUNICIPAL DE SAN PEDRO,13,RM,13505,SAN PEDRO,1,"-33,8933870930568","-71,4531647660316",2,1,823,1,1,1,ILUSTRE MUNICIPALIDAD DE SAN PEDRO,Aulas Conectadas 2025,SELECCIONADO,,https://docs.google.com/spreadsheets/d/11EPq1k3dRWyrXfsWJWh405slQ-tyEjJj/edit,https://datosabiertos.mineduc.cl/wp-content/uploads/2025/11/Directorio-Oficial-EE-2025.rar
selected,10862,ESCUELA BÁSICA G-N°131,ESCUELA BASICA G-N°131,13,RM,13505,SAN PEDRO,1,"-33,87316197","-71,40147595",2,1,168,1,1,0,ILUSTRE MUNICIPALIDAD DE SAN PEDRO,Aulas Conectadas 2025,SELECCIONADO,,https://docs.google.com/spreadsheets/d/11EPq1k3dRWyrXfsWJWh405slQ-tyEjJj/edit,https://datosabiertos.mineduc.cl/wp-content/uploads/2025/11/Directorio-Oficial-EE-2025.rar
selected,10879,ESCUELA SAN ALFONSO,ESCUELA SAN ALFONSO,13,RM,13502,ALHUÉ,1,"-34,0282626","-71,09655025",2,1,259,1,1,0,ILUSTRE MUNICIPALIDAD DE ALHUE,Aulas Conectadas 2025,SELECCIONADO,,https://docs.google.com/spreadsheets/d/11EPq1k3dRWyrXfsWJWh405slQ-tyEjJj/edit,https://datosabiertos.mineduc.cl/wp-content/uploads/2025/11/Directorio-Oficial-EE-2025.rar
selected,10905,ESCUELA BÁSICA FUERTE BAQUEDANO,ESCUELA BASICA FUERTE BAQUEDANO,1,TPCA,1401,POZO ALMONTE,1,"-20,13748","-69,751862",1,1,243,1,1,0,COR.MUNICIPAL DE DES.SOCIAL POZO ALMONTE,Aulas Conectadas 2025,SELECCIONADO,,https://docs.google.com/spreadsheets/d/11EPq1k3dRWyrXfsWJWh405slQ-tyEjJj/edit,https://datosabiertos.mineduc.cl/wp-content/uploads/2025/11/Directorio-Oficial-EE-2025.rar
selected,10917,LICEO S.S JUAN PABLO SEGUNDO,LICEO S.S JUAN PABLO SEGUNDO,1,TPCA,1107,ALTO HOSPICIO,0,"-20,27158","-70,095253",6,5,1142,1,1,1,SERVICIO LOCAL DE EDUCACION PÚBLICA DE IQUIQUE,Aulas Conectadas 2025,SELECCIONADO,,https://docs.google.com/spreadsheets/d/11EPq1k3dRWyrXfsWJWh405slQ-tyEjJj/edit,https://datosabiertos.mineduc.cl/wp-content/uploads/2025/11/Directorio-Oficial-EE-2025.rar
selected,10967,LICEO ELEUTERIO RAMÍREZ MOLINA,LICEO ELEUTERIO RAMIREZ MOLINA,2,ANTOF,2201,CALAMA,0,"-22,458389","-68,924637",6,5,599,1,1,1,SERVICIO LOCAL DE EDUCACIÓN PÚBLICA LICANCABUR,Aulas Conectadas 2025,SELECCIONADO,,https://docs.google.com/spreadsheets/d/11EPq1k3dRWyrXfsWJWh405slQ-tyEjJj/edit,https://datosabiertos.mineduc.cl/wp-content/uploads/2025/11/Directorio-Oficial-EE-2025.rar
selected,11034,LICEO JORGE ALESSANDRI RODRÍGUEZ,LICEO JORGE ALESSANDRI RODRÍGUEZ,3,ATCMA,3103,TIERRA AMARILLA,0,"-27,4802","-70,2645",6,5,613,1,1,1,SERVICIO LOCAL DE EDUCACIÓN PÚBLICA DE ATACAMA,Aulas Conectadas 2025,SELECCIONADO,,https://docs.google.com/spreadsheets/d/11EPq1k3dRWyrXfsWJWh405slQ-tyEjJj/edit,https://datosabiertos.mineduc.cl/wp-content/uploads/2025/11/Directorio-Oficial-EE-2025.rar
selected,11199,COLEGIO LUIS CRUZ MARTÍNEZ,COLEGIO LUIS CRUZ MARTINEZ,5,VALPO,5401,LA LIGUA,0,"-32,45105","-71,232498",2,1,668,1,1,0,ILUSTRE MUNICIPALIDAD DE LA LIGUA,Aulas Conectadas 2025,SELECCIONADO,,https://docs.google.com/spreadsheets/d/11EPq1k3dRWyrXfsWJWh405slQ-tyEjJj/edit,https://datosabiertos.mineduc.cl/wp-content/uploads/2025/11/Directorio-Oficial-EE-2025.rar
selected,11230,COLEGIO DE ADULTOS PROFESOR MANUEL GUERRERO CEBALLOS,COLEGIO DE ADULTOS PROFESOR MANUEL GUERRERO CEBALLOS,5,VALPO,5501,QUILLOTA,0,"-32,878105","-71,257965",2,1,257,1,1,0,ILUSTRE MUNICIPALIDAD DE QUILLOTA,Aulas Conectadas 2025,SELECCIONADO,,https://docs.google.com/spreadsheets/d/11EPq1k3dRWyrXfsWJWh405slQ-tyEjJj/edit,https://datosabiertos.mineduc.cl/wp-content/uploads/2025/11/Directorio-Oficial-EE-2025.rar
selected,11286,LICEO HERIBERTO SOTO SOTO,LICEO HERIBERTO SOTO SOTO,6,LGBO,6301,SAN FERNANDO,0,"-34,57745577","-70,99064065",6,5,345,1,1,0,SERVICIO LOCAL DE EDUCACION DE COLCHAGUA,Aulas Conectadas 2025,SELECCIONADO,,https://docs.google.com/spreadsheets/d/11EPq1k3dRWyrXfsWJWh405slQ-tyEjJj/edit,https://datosabiertos.mineduc.cl/wp-content/uploads/2025/11/Directorio-Oficial-EE-2025.rar
selected,11323,ESCUELA REINO DE DINAMARCA,ESCUELA REINO DE DINAMARCA,7,MAULE,7304,MOLINA,0,"-35,113461","-71,279556",2,1,551,1,1,0,ILUSTRE MUNICIPALIDAD DE MOLINA,Aulas Conectadas 2025,SELECCIONADO,,https://docs.google.com/spreadsheets/d/11EPq1k3dRWyrXfsWJWh405slQ-tyEjJj/edit,https://datosabiertos.mineduc.cl/wp-content/uploads/2025/11/Directorio-Oficial-EE-2025.rar
selected,11337,CENTRO DE EDUCACIÓN INTEGRADA DE ADULTOS,CENTRO DE EDUCACION INTEGRADA DE ADULTOS,7,MAULE,7406,SAN JAVIER,0,"-35,592293","-71,729866",2,1,217,1,0,0,ILUSTRE MUNICIPALIDAD DE SAN JAVIER,Aulas Conectadas 2025,SELECCIONADO,,https://docs.google.com/spreadsheets/d/11EPq1k3dRWyrXfsWJWh405slQ-tyEjJj/edit,https://datosabiertos.mineduc.cl/wp-content/uploads/2025/11/Directorio-Oficial-EE-2025.rar
selected,11398,ESCUELA MAULE,ESCUELA MAULE,8,BBIO,8102,CORONEL,0,"-37,00285","-73,186111",6,5,204,1,1,0,SERVICIO LOCAL DE EDUCACIÓN PÚBLICA ANDALIÉN COSTA,Aulas Conectadas 2025,SELECCIONADO,,https://docs.google.com/spreadsheets/d/11EPq1k3dRWyrXfsWJWh405slQ-tyEjJj/edit,https://datosabiertos.mineduc.cl/wp-content/uploads/2025/11/Directorio-Oficial-EE-2025.rar
selected,11400,LICEO TRAPAQUEANTE,LICEO TRAPAQUEANTE,8,BBIO,8207,TIRÚA,0,"-38,343781","-73,494942",2,1,388,1,1,1,ILUSTRE MUNICIPALIDAD DE TIRUA,Aulas Conectadas 2025,SELECCIONADO,,https://docs.google.com/spreadsheets/d/11EPq1k3dRWyrXfsWJWh405slQ-tyEjJj/edit,https://datosabiertos.mineduc.cl/wp-content/uploads/2025/11/Directorio-Oficial-EE-2025.rar
selected,11405,ESCUELA FERNANDO BAQUEDANO,ESCUELA FERNANDO BAQUEDANO,16,NUBLE,16109,YUNGAY,0,"-37,121052","-72,019447",2,1,657,1,1,0,ILUSTRE MUNICIPALIDAD DE YUNGAY,Aulas Conectadas 2025,SELECCIONADO,,https://docs.google.com/spreadsheets/d/11EPq1k3dRWyrXfsWJWh405slQ-tyEjJj/edit,https://datosabiertos.mineduc.cl/wp-content/uploads/2025/11/Directorio-Oficial-EE-2025.rar
selected,11472,ESCUELA ARAUCARIAS,ESCUELA ARAUCARIAS,9,ARAUC,9109,LONCOCHE,0,"-39,363602","-72,633774",2,1,245,1,1,0,ILUSTRE MUNICIPALIDAD DE LONCOCHE,Aulas Conectadas 2025,SELECCIONADO,,https://docs.google.com/spreadsheets/d/11EPq1k3dRWyrXfsWJWh405slQ-tyEjJj/edit,https://datosabiertos.mineduc.cl/wp-content/uploads/2025/11/Directorio-Oficial-EE-2025.rar
selected,11612,ESCUELA BÁSICA RIBERA SUR,ESCUELA BASICA RIBERA SUR,11,AYSEN,11201,AYSÉN,0,"-45,413559","-72,687103",6,5,167,1,1,0,"SERVICIO LOCAL DE EDUACIÓN PÚBLICA, DE LA REGIÓN DE AYSÉN",Aulas Conectadas 2025,SELECCIONADO,,https://docs.google.com/spreadsheets/d/11EPq1k3dRWyrXfsWJWh405slQ-tyEjJj/edit,https://datosabiertos.mineduc.cl/wp-content/uploads/2025/11/Directorio-Oficial-EE-2025.rar
selected,11704,ESCUELA PUERTA DE LA CORDILLERA,ESCUELA PUERTA DE LA CORDILLERA,16,NUBLE,16106,PINTO,0,"-36,705429","-71,892052",6,5,389,1,1,0,SERVICIO LOCAL DE EDUCACIÓN PÚBLICA DE PUNILLA CORDILLERA,Aulas Conectadas 2025,SELECCIONADO,,https://docs.google.com/spreadsheets/d/11EPq1k3dRWyrXfsWJWh405slQ-tyEjJj/edit,https://datosabiertos.mineduc.cl/wp-content/uploads/2025/11/Directorio-Oficial-EE-2025.rar
selected,11711,ESCUELA LUIS MARTÍNEZ GONZÁLEZ,ESCUELA LUIS MARTÍNEZ GONZÁLEZ,8,BBIO,8312,TUCAPEL,0,"-37,2397","-71,941139",2,1,626,1,1,0,ILUSTRE MUNICIPALIDAD DE TUCAPEL,Aulas Conectadas 2025,SELECCIONADO,,https://docs.google.com/spreadsheets/d/11EPq1k3dRWyrXfsWJWh405slQ-tyEjJj/edit,https://datosabiertos.mineduc.cl/wp-content/uploads/2025/11/Directorio-Oficial-EE-2025.rar
selected,12020,ESCUELA BÁSICA ENRIQUE ZANARTU PRIETO,ESCUELA BASICA ENRIQUE ZANARTU PRIETO,8,BBIO,8303,CABRERO,0,"-37,035938","-72,404984",2,1,487,1,1,0,ILUSTRE MUNICIPALIDAD DE CABRERO,Aulas Conectadas 2025,SELECCIONADO,,https://docs.google.com/spreadsheets/d/11EPq1k3dRWyrXfsWJWh405slQ-tyEjJj/edit,https://datosabiertos.mineduc.cl/wp-content/uploads/2025/11/Directorio-Oficial-EE-2025.rar
selected,12079,HERNÁN MERINO CORREA,HERNAN MERINO CORREA,13,RM,13401,SAN BERNARDO,0,"-33,59525441","-70,68632585",6,5,510,1,1,0,SERVICIO LOCAL DE EDUCACION PUBLICA DEL PINO,Aulas Conectadas 2025,SELECCIONADO,,https://docs.google.com/spreadsheets/d/11EPq1k3dRWyrXfsWJWh405slQ-tyEjJj/edit,https://datosabiertos.mineduc.cl/wp-content/uploads/2025/11/Directorio-Oficial-EE-2025.rar
selected,12251,COLEGIO BATALLA DE LA CONCEPCIÓN,COLEGIO BATALLA DE LA CONCEPCION,13,RM,13105,EL BOSQUE,0,"-33,58034729","-70,66967191",6,5,297,1,1,0,SERVICIO LOCAL DE EDUCACION PUBLICA DEL PINO,Aulas Conectadas 2025,SELECCIONADO,,https://docs.google.com/spreadsheets/d/11EPq1k3dRWyrXfsWJWh405slQ-tyEjJj/edit,https://datosabiertos.mineduc.cl/wp-content/uploads/2025/11/Directorio-Oficial-EE-2025.rar
selected,12255,COLEGIO ALCAZAR,COLEGIO ALCAZAR,13,RM,13119,MAIPÚ,0,"-33,55705055","-70,79134011",6,5,1026,1,1,0,SERVICIO LOCAL DE EDUCACION PUBLICA SANTA CORINA,Aulas Conectadas 2025,SELECCIONADO,,https://docs.google.com/spreadsheets/d/11EPq1k3dRWyrXfsWJWh405slQ-tyEjJj/edit,https://datosabiertos.mineduc.cl/wp-content/uploads/2025/11/Directorio-Oficial-EE-2025.rar
selected,12538,ESCUELA CHIPANA,ESCUELA CHIPANA,1,TPCA,1101,IQUIQUE,0,"-20,25197","-70,125587",6,5,582,1,1,0,SERVICIO LOCAL DE EDUCACION PÚBLICA DE IQUIQUE,Aulas Conectadas 2025,SELECCIONADO,,https://docs.google.com/spreadsheets/d/11EPq1k3dRWyrXfsWJWh405slQ-tyEjJj/edit,https://datosabiertos.mineduc.cl/wp-content/uploads/2025/11/Directorio-Oficial-EE-2025.rar
selected,12617,ESCUELA ESTRELLA DEL SUR,ESCUELA ESTRELLA DEL SUR,1,TPCA,1401,POZO ALMONTE,1,"-20,261311","-69,783974",1,1,1212,1,1,0,COR.MUNICIPAL DE DES.SOCIAL POZO ALMONTE,Aulas Conectadas 2025,SELECCIONADO,,https://docs.google.com/spreadsheets/d/11EPq1k3dRWyrXfsWJWh405slQ-tyEjJj/edit,https://datosabiertos.mineduc.cl/wp-content/uploads/2025/11/Directorio-Oficial-EE-2025.rar
selected,12623,ESCUELA SAN ANDRÉS DE PICA,ESCUELA SAN ANDRES DE PICA,1,TPCA,1405,PICA,1,"-20,489071","-69,332771",2,1,672,1,1,0,ILUSTRE MUNICIPALIDAD DE PICA,Aulas Conectadas 2025,SELECCIONADO,,https://docs.google.com/spreadsheets/d/11EPq1k3dRWyrXfsWJWh405slQ-tyEjJj/edit,https://datosabiertos.mineduc.cl/wp-content/uploads/2025/11/Directorio-Oficial-EE-2025.rar
selected,12739,ESC. ESP. DE LENGUAJE OASIS DEL SABER,ESC ESP DE LENGUAJE OASIS DEL SABER,1,TPCA,1101,IQUIQUE,0,"-20,271652","-70,09429",6,5,188,1,0,0,SERVICIO LOCAL DE EDUCACION PÚBLICA DE IQUIQUE,Aulas Conectadas 2025,SELECCIONADO,,https://docs.google.com/spreadsheets/d/11EPq1k3dRWyrXfsWJWh405slQ-tyEjJj/edit,https://datosabiertos.mineduc.cl/wp-content/uploads/2025/11/Directorio-Oficial-EE-2025.rar
selected,12758,LICEO C.E.I.A. JOSÉ ALEJANDRO SORIA VARAS,LICEO C.E.I.A. JOSE ALEJANDRO SORIA VARAS,1,TPCA,1101,IQUIQUE,0,"-20,256474","-70,128456",6,5,783,1,1,0,SERVICIO LOCAL DE EDUCACION PÚBLICA DE IQUIQUE,Aulas Conectadas 2025,SELECCIONADO,,https://docs.google.com/spreadsheets/d/11EPq1k3dRWyrXfsWJWh405slQ-tyEjJj/edit,https://datosabiertos.mineduc.cl/wp-content/uploads/2025/11/Directorio-Oficial-EE-2025.rar
selected,12811,ESCUELA DE PÁRVULOS QUILLA ANTAY,ESCUELA DE PARVULOS QUILLA ANTAY,2,ANTOF,2201,CALAMA,0,"-22,437914","-68,90948",6,5,167,1,1,0,SERVICIO LOCAL DE EDUCACIÓN PÚBLICA LICANCABUR,Aulas Conectadas 2025,SELECCIONADO,,https://docs.google.com/spreadsheets/d/11EPq1k3dRWyrXfsWJWh405slQ-tyEjJj/edit,https://datosabiertos.mineduc.cl/wp-content/uploads/2025/11/Directorio-Oficial-EE-2025.rar
selected,12822,ESCUELA DE PÁRVULOS SEMILLITA,ESCUELA DE PARVULOS SEMILLITA,2,ANTOF,2101,ANTOFAGASTA,0,"-23,651112","-70,40155",1,1,188,1,1,0,CORP MUNIC DESARROLLO SOCIAL ANTOFAGASTA,Aulas Conectadas 2025,SELECCIONADO,,https://docs.google.com/spreadsheets/d/11EPq1k3dRWyrXfsWJWh405slQ-tyEjJj/edit,https://datosabiertos.mineduc.cl/wp-content/uploads/2025/11/Directorio-Oficial-EE-2025.rar
selected,12870,C.E.I.A. ANTONIO RENDIC.,C.E.I.A. ANTONIO RENDIC.,2,ANTOF,2101,ANTOFAGASTA,0,"-23,65363","-70,40262",1,1,834,1,1,0,CORP MUNIC DESARROLLO SOCIAL ANTOFAGASTA,Aulas Conectadas 2025,SELECCIONADO,,https://docs.google.com/spreadsheets/d/11EPq1k3dRWyrXfsWJWh405slQ-tyEjJj/edit,https://datosabiertos.mineduc.cl/wp-content/uploads/2025/11/Directorio-Oficial-EE-2025.rar
selected,12942,ESCUELA GABRIELA MISTRAL,ESCUELA GABRIELA MISTRAL,2,ANTOF,2301,TOCOPILLA,0,"-22,09321","-70,196991",6,5,614,1,1,0,SERVICIO LOCAL DE EDUCACIÓN PÚBLICA LICANCABUR,Aulas Conectadas 2025,SELECCIONADO,,https://docs.google.com/spreadsheets/d/11EPq1k3dRWyrXfsWJWh405slQ-tyEjJj/edit,https://datosabiertos.mineduc.cl/wp-content/uploads/2025/11/Directorio-Oficial-EE-2025.rar
selected,12944,REVERENDO PADRE PATRICIO CARIOLA,REVERENDO PADRE PATRICIO CARIOLA,2,ANTOF,2101,ANTOFAGASTA,0,"-23,569481","-70,380737",1,1,1047,1,1,0,CORP MUNIC DESARROLLO SOCIAL ANTOFAGASTA,Aulas Conectadas 2025,SELECCIONADO,,https://docs.google.com/spreadsheets/d/11EPq1k3dRWyrXfsWJWh405slQ-tyEjJj/edit,https://datosabiertos.mineduc.cl/wp-content/uploads/2025/11/Directorio-Oficial-EE-2025.rar
selected,12945,ESCUELA ECOLÓGICA PADRE ALBERTO HURTADO,ESCUELA ECOLOGICA PADRE ALBERTO HURTADO,2,ANTOF,2101,ANTOFAGASTA,0,"-23,588461","-70,383133",1,1,598,1,1,0,CORP MUNIC DESARROLLO SOCIAL ANTOFAGASTA,Aulas Conectadas 2025,SELECCIONADO,,https://docs.google.com/spreadsheets/d/11EPq1k3dRWyrXfsWJWh405slQ-tyEjJj/edit,https://datosabiertos.mineduc.cl/wp-content/uploads/2025/11/Directorio-Oficial-EE-2025.rar
selected,12962,ESCUELA ELMO FUNEZ CARRIZO,ESCUELA ELMO FUNEZ CARRIZO,2,ANTOF,2101,ANTOFAGASTA,0,"-23,58806","-70,377037",1,1,1151,1,1,0,CORP MUNIC DESARROLLO SOCIAL ANTOFAGASTA,Aulas Conectadas 2025,SELECCIONADO,,https://docs.google.com/spreadsheets/d/11EPq1k3dRWyrXfsWJWh405slQ-tyEjJj/edit,https://datosabiertos.mineduc.cl/wp-content/uploads/2025/11/Directorio-Oficial-EE-2025.rar
selected,13104,ESCUELA MANUEL ORELLA ECHANEZ,ESCUELA MANUEL ORELLA ECHANEZ,3,ATCMA,3102,CALDERA,0,"-27,06863","-70,821854",6,5,574,1,1,0,SERVICIO LOCAL DE EDUCACIÓN PÚBLICA DE ATACAMA,Aulas Conectadas 2025,SELECCIONADO,,https://docs.google.com/spreadsheets/d/11EPq1k3dRWyrXfsWJWh405slQ-tyEjJj/edit,https://datosabiertos.mineduc.cl/wp-content/uploads/2025/11/Directorio-Oficial-EE-2025.rar
selected,13133,ESCUELA MANUEL RODRÍGUEZ,ESCUELA MANUEL RODRÍGUEZ,3,ATCMA,3101,COPIAPÓ,0,"-27,38088","-70,303719",6,5,304,1,1,0,SERVICIO LOCAL DE EDUCACIÓN PÚBLICA DE ATACAMA,Aulas Conectadas 2025,SELECCIONADO,,https://docs.google.com/spreadsheets/d/11EPq1k3dRWyrXfsWJWh405slQ-tyEjJj/edit,https://datosabiertos.mineduc.cl/wp-content/uploads/2025/11/Directorio-Oficial-EE-2025.rar
selected,13143,ESCUELA BYRON GIGOUX JAMES,ESCUELA BYRON GIGOUX JAMES,3,ATCMA,3102,CALDERA,0,"-27,071911","-70,813789",6,5,348,1,1,0,SERVICIO LOCAL DE EDUCACIÓN PÚBLICA DE ATACAMA,Aulas Conectadas 2025,SELECCIONADO,,https://docs.google.com/spreadsheets/d/11EPq1k3dRWyrXfsWJWh405slQ-tyEjJj/edit,https://datosabiertos.mineduc.cl/wp-content/uploads/2025/11/Directorio-Oficial-EE-2025.rar
selected,13428,ESCUELA BÁSICA SAN ISIDRO DE CUZ CUZ,ESCUELA BASICA SAN ISIDRO DE CUZ CUZ,4,COQ,4201,ILLAPEL,1,"-31,64827","-71,205833",2,1,167,1,1,0,ILUSTRE MUNICIPALIDAD DE ILLAPEL,Aulas Conectadas 2025,SELECCIONADO,,https://docs.google.com/spreadsheets/d/11EPq1k3dRWyrXfsWJWh405slQ-tyEjJj/edit,https://datosabiertos.mineduc.cl/wp-content/uploads/2025/11/Directorio-Oficial-EE-2025.rar
selected,13494,COLEGIO LA VILLA,COLEGIO LA VILLA,4,COQ,4303,MONTE PATRIA,0,"-30,7819","-70,938026",2,1,206,1,1,0,ILUSTRE MUNICIPALIDAD DE MONTE PATRIA,Aulas Conectadas 2025,SELECCIONADO,,https://docs.google.com/spreadsheets/d/11EPq1k3dRWyrXfsWJWh405slQ-tyEjJj/edit,https://datosabiertos.mineduc.cl/wp-content/uploads/2025/11/Directorio-Oficial-EE-2025.rar
selected,13563,COLEGIO NUESTRA SEÑORA DEL ROSARIO,COLEGIO NUESTRA SEÑORA DEL ROSARIO,4,COQ,4103,ANDACOLLO,0,"-30,23897","-71,080017",6,5,158,1,1,0,SERVICIO LOCAL DE EDUCACIÓN PÚBLICA PUERTO CORDILLERA,Aulas Conectadas 2025,SELECCIONADO,,https://docs.google.com/spreadsheets/d/11EPq1k3dRWyrXfsWJWh405slQ-tyEjJj/edit,https://datosabiertos.mineduc.cl/wp-content/uploads/2025/11/Directorio-Oficial-EE-2025.rar
selected,13591,CENTRO INTEGRAL DE ADULTOS LIMARI,CENTRO INTEGRAL DE ADULTOS LIMARI,4,COQ,4301,OVALLE,0,"-30,603537","-71,20629",2,1,182,1,1,0,ILUSTRE MUNICIPALIDAD DE OVALLE,Aulas Conectadas 2025,SELECCIONADO,,https://docs.google.com/spreadsheets/d/11EPq1k3dRWyrXfsWJWh405slQ-tyEjJj/edit,https://datosabiertos.mineduc.cl/wp-content/uploads/2025/11/Directorio-Oficial-EE-2025.rar
selected,14202,LICEO BICENTENARIO COLEGIO PANQUEHUE,LICEO BICENTENARIO COLEGIO PANQUEHUE,5,VALPO,5704,PANQUEHUE,0,"-32,742771","-70,785248",2,1,260,1,1,1,ILUSTRE MUNICIPALIDAD DE PANQUEHUE,Aulas Conectadas 2025,SELECCIONADO,,https://docs.google.com/spreadsheets/d/11EPq1k3dRWyrXfsWJWh405slQ-tyEjJj/edit,https://datosabiertos.mineduc.cl/wp-content/uploads/2025/11/Directorio-Oficial-EE-2025.rar
selected,14213,COLEGIO VALLE DE NARAU,COLEGIO VALLE DE NARAU,5,VALPO,5107,QUINTERO,0,"-32,79414","-71,534317",6,5,361,1,1,0,SERVICIO LOCAL DE EDUCACION PUBLICA DE COSTA CENTRAL,Aulas Conectadas 2025,SELECCIONADO,,https://docs.google.com/spreadsheets/d/11EPq1k3dRWyrXfsWJWh405slQ-tyEjJj/edit,https://datosabiertos.mineduc.cl/wp-content/uploads/2025/11/Directorio-Oficial-EE-2025.rar
selected,14720,LICEO GASTRONOMÍA Y TURISMO,LICEO GASTRONOMIA Y TURISMO,5,VALPO,5801,QUILPUÉ,0,"-33,048092","-71,421562",1,1,433,1,1,1,CORP. MUNICIPAL DE EDUCACION DE QUILPUE,Aulas Conectadas 2025,SELECCIONADO,,https://docs.google.com/spreadsheets/d/11EPq1k3dRWyrXfsWJWh405slQ-tyEjJj/edit,https://datosabiertos.mineduc.cl/wp-content/uploads/2025/11/Directorio-Oficial-EE-2025.rar
selected,14805,COLEGIO EL QUISCO,COLEGIO EL QUISCO,5,VALPO,5604,EL QUISCO,0,"-33,402229","-71,694389",2,1,278,1,1,0,ILUSTRE MUNICIPALIDAD DE EL QUISCO,Aulas Conectadas 2025,SELECCIONADO,,https://docs.google.com/spreadsheets/d/11EPq1k3dRWyrXfsWJWh405slQ-tyEjJj/edit,https://datosabiertos.mineduc.cl/wp-content/uploads/2025/11/Directorio-Oficial-EE-2025.rar
selected,15503,ESCUELA DUENDE MELODIA,ESCUELA DUENDE MELODIA,6,LGBO,6101,RANCAGUA,0,"-34,16532135","-70,7423172",1,1,212,1,0,0,CORP MUNICP SERV PUBL TRASP DE RANCAGUA,Aulas Conectadas 2025,SELECCIONADO,,https://docs.google.com/spreadsheets/d/11EPq1k3dRWyrXfsWJWh405slQ-tyEjJj/edit,https://datosabiertos.mineduc.cl/wp-content/uploads/2025/11/Directorio-Oficial-EE-2025.rar
selected,15596,INSTITUTO SAN VICENTE DE TAGUA TAGUA,INSTITUTO SAN VICENTE DE TAGUA TAGUA,6,LGBO,6117,SAN VICENTE,0,"-34,43483","-71,080719",1,1,305,1,1,0,CORP DESARROLLO DE SAN VICENTE DE T.T.,Aulas Conectadas 2025,SELECCIONADO,,https://docs.google.com/spreadsheets/d/11EPq1k3dRWyrXfsWJWh405slQ-tyEjJj/edit,https://datosabiertos.mineduc.cl/wp-content/uploads/2025/11/Directorio-Oficial-EE-2025.rar
selected,15769,LICEO TÉCNICO SANTA CRUZ DE TRIANA,LICEO TÉCNICO SANTA CRUZ DE TRIANA,6,LGBO,6101,RANCAGUA,0,"-34,150509","-70,708946",1,1,302,1,1,0,CORP MUNICP SERV PUBL TRASP DE RANCAGUA,Aulas Conectadas 2025,SELECCIONADO,,https://docs.google.com/spreadsheets/d/11EPq1k3dRWyrXfsWJWh405slQ-tyEjJj/edit,https://datosabiertos.mineduc.cl/wp-content/uploads/2025/11/Directorio-Oficial-EE-2025.rar
selected,15770,ESCUELA DIVINO MAESTRO,ESCUELA DIVINO MAESTRO,6,LGBO,6201,PICHILEMU,0,"-34,395378","-71,990173",2,1,542,1,1,0,ILUSTRE MUNICIPALIDAD DE PICHILEMU,Aulas Conectadas 2025,SELECCIONADO,,https://docs.google.com/spreadsheets/d/11EPq1k3dRWyrXfsWJWh405slQ-tyEjJj/edit,https://datosabiertos.mineduc.cl/wp-content/uploads/2025/11/Directorio-Oficial-EE-2025.rar
selected,15781,LICEO MUNICIPAL DE CODEGUA,LICEO MUNICIPAL DE CODEGUA,6,LGBO,6102,CODEGUA,0,"-34,038509","-70,664452",2,1,470,1,1,1,ILUSTRE MUNICIPALIDAD DE CODEGUA,Aulas Conectadas 2025,SELECCIONADO,,https://docs.google.com/spreadsheets/d/11EPq1k3dRWyrXfsWJWh405slQ-tyEjJj/edit,https://datosabiertos.mineduc.cl/wp-content/uploads/2025/11/Directorio-Oficial-EE-2025.rar
selected,15808,LICEO MIRELLA CATALÁN URZÚA,LICEO MIRELLA CATALAN URZUA,6,LGBO,6206,PAREDONES,0,"-34,650249","-71,90667",2,1,273,1,1,1,ILUSTRE MUNICIPALIDAD DE PAREDONES,Aulas Conectadas 2025,SELECCIONADO,,https://docs.google.com/spreadsheets/d/11EPq1k3dRWyrXfsWJWh405slQ-tyEjJj/edit,https://datosabiertos.mineduc.cl/wp-content/uploads/2025/11/Directorio-Oficial-EE-2025.rar
selected,16428,ESC. MONSEÑOR MANUEL LARRAÍN ERRÁZURIZ,ESC. MONSENOR MANUEL LARRAIN ERRAZURIZ,7,MAULE,7302,HUALAÑÉ,0,"-34,97406","-71,804321",2,1,546,1,1,0,ILUSTRE MUNICIPALIDAD DE HUALANE,Aulas Conectadas 2025,SELECCIONADO,,https://docs.google.com/spreadsheets/d/11EPq1k3dRWyrXfsWJWh405slQ-tyEjJj/edit,https://datosabiertos.mineduc.cl/wp-content/uploads/2025/11/Directorio-Oficial-EE-2025.rar
selected,16452,LICEO POLITÉCNICO DE CURICÓ,LICEO POLITECNICO DE CURICO,7,MAULE,7301,CURICÓ,0,"-34,9958","-71,2485",2,1,492,1,1,1,ILUSTRE MUNICIPALIDAD DE CURICO,Aulas Conectadas 2025,SELECCIONADO,,https://docs.google.com/spreadsheets/d/11EPq1k3dRWyrXfsWJWh405slQ-tyEjJj/edit,https://datosabiertos.mineduc.cl/wp-content/uploads/2025/11/Directorio-Oficial-EE-2025.rar
selected,16715,COLEGIO EL BOLDO,COLEGIO EL BOLDO,7,MAULE,7301,CURICÓ,0,"-34,962521","-71,229492",2,1,557,1,1,0,ILUSTRE MUNICIPALIDAD DE CURICO,Aulas Conectadas 2025,SELECCIONADO,,https://docs.google.com/spreadsheets/d/11EPq1k3dRWyrXfsWJWh405slQ-tyEjJj/edit,https://datosabiertos.mineduc.cl/wp-content/uploads/2025/11/Directorio-Oficial-EE-2025.rar
selected,16729,INSTITUTO INGLÉS,INSTITUTO INGLES,7,MAULE,7301,CURICÓ,0,"-34,9711","-71,2437",2,1,368,1,1,0,ILUSTRE MUNICIPALIDAD DE CURICO,Aulas Conectadas 2025,SELECCIONADO,,https://docs.google.com/spreadsheets/d/11EPq1k3dRWyrXfsWJWh405slQ-tyEjJj/edit,https://datosabiertos.mineduc.cl/wp-content/uploads/2025/11/Directorio-Oficial-EE-2025.rar
selected,16985,LICEO BICENTENARIO PAULO FREIRE,LICEO BICENTENARIO PAULO FREIRE,10,LAGOS,10208,QUELLÓN,0,"-43,120121","-73,615433",6,5,302,1,1,0,SERVICIO LOCAL DE EDUCACIÓN PÚBLICA DE CHILOÉ,Aulas Conectadas 2025,SELECCIONADO,,https://docs.google.com/spreadsheets/d/11EPq1k3dRWyrXfsWJWh405slQ-tyEjJj/edit,https://datosabiertos.mineduc.cl/wp-content/uploads/2025/11/Directorio-Oficial-EE-2025.rar
selected,17654,CENTRO EDUCACIÓN INTEGRADA DE ADULTOS,CENTRO EDUCACIÓN INTEGRADA DE ADULTOS,8,BBIO,8102,CORONEL,0,"-37,02842","-73,14193",6,5,325,1,1,0,SERVICIO LOCAL DE EDUCACIÓN PÚBLICA ANDALIÉN COSTA,Aulas Conectadas 2025,SELECCIONADO,,https://docs.google.com/spreadsheets/d/11EPq1k3dRWyrXfsWJWh405slQ-tyEjJj/edit,https://datosabiertos.mineduc.cl/wp-content/uploads/2025/11/Directorio-Oficial-EE-2025.rar
selected,17723,ESCUELA DIEGO PORTALES,ESCUELA DIEGO PORTALES,8,BBIO,8109,SANTA JUANA,0,"-37,170971","-72,948151",6,5,173,1,1,0,SERVICIO LOCAL DE EDUCACIÓN PÚBLICA ANDALIÉN COSTA,Aulas Conectadas 2025,SELECCIONADO,,https://docs.google.com/spreadsheets/d/11EPq1k3dRWyrXfsWJWh405slQ-tyEjJj/edit,https://datosabiertos.mineduc.cl/wp-content/uploads/2025/11/Directorio-Oficial-EE-2025.rar
selected,17741,ESCUELA REINO DE SUECIA,ESCUELA REINO DE SUECIA,16,NUBLE,16202,COBQUECURA,0,"-36,13121","-72,788651",2,1,197,1,1,0,ILUSTRE MUNICIPALIDAD DE COBQUECURA,Aulas Conectadas 2025,SELECCIONADO,,https://docs.google.com/spreadsheets/d/11EPq1k3dRWyrXfsWJWh405slQ-tyEjJj/edit,https://datosabiertos.mineduc.cl/wp-content/uploads/2025/11/Directorio-Oficial-EE-2025.rar
selected,17814,ESCUELA ALTO CABRERO,ESCUELA ALTO CABRERO,8,BBIO,8303,CABRERO,0,"-37,032902","-72,399002",2,1,506,1,1,0,ILUSTRE MUNICIPALIDAD DE CABRERO,Aulas Conectadas 2025,SELECCIONADO,,https://docs.google.com/spreadsheets/d/11EPq1k3dRWyrXfsWJWh405slQ-tyEjJj/edit,https://datosabiertos.mineduc.cl/wp-content/uploads/2025/11/Directorio-Oficial-EE-2025.rar
selected,17897,ESCUELA GLORIAS NAVALES,ESCUELA GLORIAS NAVALES,16,NUBLE,16204,NINHUE,0,"-36,393459","-72,39901",2,1,293,1,1,0,ILUSTRE MUNICIPALIDAD DE NINHUE,Aulas Conectadas 2025,SELECCIONADO,,https://docs.google.com/spreadsheets/d/11EPq1k3dRWyrXfsWJWh405slQ-tyEjJj/edit,https://datosabiertos.mineduc.cl/wp-content/uploads/2025/11/Directorio-Oficial-EE-2025.rar
selected,17924,ESCUELA NACIMIENTO DE NUESTRO SEÑOR,ESCUELA NACIMIENTO DE NUESTRO SEÑOR,8,BBIO,8306,NACIMIENTO,0,"-37,492168","-72,684303",2,1,190,1,1,0,ILUSTRE MUNICIPALIDAD DE NACIMIENTO,Aulas Conectadas 2025,SELECCIONADO,,https://docs.google.com/spreadsheets/d/11EPq1k3dRWyrXfsWJWh405slQ-tyEjJj/edit,https://datosabiertos.mineduc.cl/wp-content/uploads/2025/11/Directorio-Oficial-EE-2025.rar
selected,18004,LICEO BICENTENARIO TÉCNICO PROFESIONAL ALONSO DE ERCILLA Y ZÚÑIGA,LICEO BICENTENARIO TÉCNICO PROFESIONAL ALONSO DE ERCILLA Y ZÚÑIGA,8,BBIO,8203,CAÑETE,0,"-37,774212","-73,381393",2,1,578,1,1,1,ILUSTRE MUNICIPALIDAD DE CANETE,Aulas Conectadas 2025,SELECCIONADO,,https://docs.google.com/spreadsheets/d/11EPq1k3dRWyrXfsWJWh405slQ-tyEjJj/edit,https://datosabiertos.mineduc.cl/wp-content/uploads/2025/11/Directorio-Oficial-EE-2025.rar
selected,18037,LICEO RALCO,LICEO RALCO,8,BBIO,8314,ALTO BIOBÍO,1,"-37,87896","-71,640213",2,1,169,1,1,1,ILUSTRE MUNICIPALIDAD DE ALTO BIO-BIO,Aulas Conectadas 2025,SELECCIONADO,,https://docs.google.com/spreadsheets/d/11EPq1k3dRWyrXfsWJWh405slQ-tyEjJj/edit,https://datosabiertos.mineduc.cl/wp-content/uploads/2025/11/Directorio-Oficial-EE-2025.rar
selected,19913,LICEO BICENTENARIO LOS SAUCES,LICEO BICENTENARIO LOS SAUCES,9,ARAUC,9206,LOS SAUCES,0,"-37,978142","-72,839867",2,1,368,1,1,1,ILUSTRE MUNICIPALIDAD DE LOS SAUCES,Aulas Conectadas 2025,SELECCIONADO,,https://docs.google.com/spreadsheets/d/11EPq1k3dRWyrXfsWJWh405slQ-tyEjJj/edit,https://datosabiertos.mineduc.cl/wp-content/uploads/2025/11/Directorio-Oficial-EE-2025.rar
selected,22050,LICEO BICENTENARIO DE EXCELENCIA BENJAMÍN MUÑOZ GAMERO,LICEO BICENTENARIO DE EXCELENCIA BENJAMIN MUÑOZ GAMERO,10,LAGOS,10302,PUERTO OCTAY,0,"-40,974121","-72,881912",2,1,261,1,1,1,ILUSTRE MUNICIPALIDAD DE PUERTO OCTAY,Aulas Conectadas 2025,SELECCIONADO,,https://docs.google.com/spreadsheets/d/11EPq1k3dRWyrXfsWJWh405slQ-tyEjJj/edit,https://datosabiertos.mineduc.cl/wp-content/uploads/2025/11/Directorio-Oficial-EE-2025.rar
selected,22307,CENTRO DE EDUCACIÓN DE ADULTOS QUELLÓN,CENTRO DE EDUCACION DE ADULTOS QUELLON,10,LAGOS,10208,QUELLÓN,0,"-43,114265","-73,61498",6,5,231,1,1,0,SERVICIO LOCAL DE EDUCACIÓN PÚBLICA DE CHILOÉ,Aulas Conectadas 2025,SELECCIONADO,,https://docs.google.com/spreadsheets/d/11EPq1k3dRWyrXfsWJWh405slQ-tyEjJj/edit,https://datosabiertos.mineduc.cl/wp-content/uploads/2025/11/Directorio-Oficial-EE-2025.rar
selected,22309,COLEGIO INGLÉS MABEL CONDEMARÍN,COLEGIO INGLÉS MABEL CONDEMARÍN,10,LAGOS,10106,LOS MUERMOS,1,"-41,397072","-73,459396",6,5,717,1,1,1,SERVICIO LOCAL DE EDUCACIÓN PÚBLICA DE LLANQUIHUE,Aulas Conectadas 2025,SELECCIONADO,,https://docs.google.com/spreadsheets/d/11EPq1k3dRWyrXfsWJWh405slQ-tyEjJj/edit,https://datosabiertos.mineduc.cl/wp-content/uploads/2025/11/Directorio-Oficial-EE-2025.rar
selected,22333,ESCUELA FRANCIA,ESCUELA FRANCIA,14,RIOS,14101,VALDIVIA,0,"-39,839088","-73,228447",6,5,301,1,1,0,SERVICIO LOCAL DE EDUCACION PUBLICA VALDIVIA (SLEP VALDIVIA),Aulas Conectadas 2025,SELECCIONADO,,https://docs.google.com/spreadsheets/d/11EPq1k3dRWyrXfsWJWh405slQ-tyEjJj/edit,https://datosabiertos.mineduc.cl/wp-content/uploads/2025/11/Directorio-Oficial-EE-2025.rar
selected,22430,COLEGIO CRECER,COLEGIO CRECER,10,LAGOS,10303,PURRANQUE,0,"-40,906361","-73,158997",2,1,167,1,1,0,ILUSTRE MUNICIPALIDAD DE PURRANQUE,Aulas Conectadas 2025,SELECCIONADO,,https://docs.google.com/spreadsheets/d/11EPq1k3dRWyrXfsWJWh405slQ-tyEjJj/edit,https://datosabiertos.mineduc.cl/wp-content/uploads/2025/11/Directorio-Oficial-EE-2025.rar
selected,22476,COLEGIO SAN JOSÉ,COLEGIO SAN JOSE,14,RIOS,14106,MARIQUINA,0,"-39,536572","-72,951019",6,5,207,1,1,0,SERVICIO LOCAL DE EDUCACION PUBLICA VALDIVIA (SLEP VALDIVIA),Aulas Conectadas 2025,SELECCIONADO,,https://docs.google.com/spreadsheets/d/11EPq1k3dRWyrXfsWJWh405slQ-tyEjJj/edit,https://datosabiertos.mineduc.cl/wp-content/uploads/2025/11/Directorio-Oficial-EE-2025.rar
selected,22493,ESCUELA VICENTE PÉREZ ROSALES,ESCUELA VICENTE PEREZ ROSALES,10,LAGOS,10105,FRUTILLAR,0,"-41,116619","-73,048958",6,5,303,1,1,0,SERVICIO LOCAL DE EDUCACIÓN PÚBLICA DE LLANQUIHUE,Aulas Conectadas 2025,SELECCIONADO,,https://docs.google.com/spreadsheets/d/11EPq1k3dRWyrXfsWJWh405slQ-tyEjJj/edit,https://datosabiertos.mineduc.cl/wp-content/uploads/2025/11/Directorio-Oficial-EE-2025.rar
selected,22509,ESCUELA ALEMANIA,ESCUELA ALEMANIA,10,LAGOS,10101,PUERTO MONTT,0,"-41,460609","-72,926369",2,1,214,1,1,0,ILUSTRE MUNICIPALIDAD DE PUERTO MONTT,Aulas Conectadas 2025,SELECCIONADO,,https://docs.google.com/spreadsheets/d/11EPq1k3dRWyrXfsWJWh405slQ-tyEjJj/edit,https://datosabiertos.mineduc.cl/wp-content/uploads/2025/11/Directorio-Oficial-EE-2025.rar
selected,22519,COLEGIO MIRADOR DEL LAGO,COLEGIO MIRADOR DEL LAGO,10,LAGOS,10109,PUERTO VARAS,0,"-41,330059","-72,965767",6,5,748,1,1,0,SERVICIO LOCAL DE EDUCACIÓN PÚBLICA DE LLANQUIHUE,Aulas Conectadas 2025,SELECCIONADO,,https://docs.google.com/spreadsheets/d/11EPq1k3dRWyrXfsWJWh405slQ-tyEjJj/edit,https://datosabiertos.mineduc.cl/wp-content/uploads/2025/11/Directorio-Oficial-EE-2025.rar
selected,22531,ESCUELA CLAUDIO ARRAU LEÓN,ESCUELA CLAUDIO ARRAU LEON,14,RIOS,14108,PANGUIPULLI,0,"-39,63559","-72,343452",6,5,278,1,1,0,SERVICIO LOCAL DE EDUCACION PUBLICA VALDIVIA (SLEP VALDIVIA),Aulas Conectadas 2025,SELECCIONADO,,https://docs.google.com/spreadsheets/d/11EPq1k3dRWyrXfsWJWh405slQ-tyEjJj/edit,https://datosabiertos.mineduc.cl/wp-content/uploads/2025/11/Directorio-Oficial-EE-2025.rar
selected,22539,ESCUELA JOSÉ MANUEL BALMACEDA,ESCUELA JOSE MANUEL BALMACEDA,10,LAGOS,10102,CALBUCO,0,"-41,773121","-73,133949",2,1,184,1,1,0,ILUSTRE MUNICIPALIDAD DE CALBUCO,Aulas Conectadas 2025,SELECCIONADO,,https://docs.google.com/spreadsheets/d/11EPq1k3dRWyrXfsWJWh405slQ-tyEjJj/edit,https://datosabiertos.mineduc.cl/wp-content/uploads/2025/11/Directorio-Oficial-EE-2025.rar
selected,22544,LICEO POLIVALENTE BENJAMÍN VICUÑA MACKENNA,LICEO POLIVALENTE BENJAMIN VICUÑA MACKENNA,10,LAGOS,10101,PUERTO MONTT,0,"-41,473301","-72,9823",2,1,376,1,1,1,ILUSTRE MUNICIPALIDAD DE PUERTO MONTT,Aulas Conectadas 2025,SELECCIONADO,,https://docs.google.com/spreadsheets/d/11EPq1k3dRWyrXfsWJWh405slQ-tyEjJj/edit,https://datosabiertos.mineduc.cl/wp-content/uploads/2025/11/Directorio-Oficial-EE-2025.rar
selected,22553,INSTITUTO TÉCNICO FORJADORES DE ALERCE,INSTITUTO TÉCNICO FORJADORES DE ALERCE,10,LAGOS,10101,PUERTO MONTT,0,"-41,389759","-72,906349",2,1,485,1,1,1,ILUSTRE MUNICIPALIDAD DE PUERTO MONTT,Aulas Conectadas 2025,SELECCIONADO,,https://docs.google.com/spreadsheets/d/11EPq1k3dRWyrXfsWJWh405slQ-tyEjJj/edit,https://datosabiertos.mineduc.cl/wp-content/uploads/2025/11/Directorio-Oficial-EE-2025.rar
selected,22655,LICEO CARELMAPU,LICEO CARELMAPU,10,LAGOS,10108,MAULLIN,0,"-41,733429","-73,691582",2,1,331,1,1,1,ILUSTRE MUNICIPALIDAD DE MAULLIN,Aulas Conectadas 2025,SELECCIONADO,,https://docs.google.com/spreadsheets/d/11EPq1k3dRWyrXfsWJWh405slQ-tyEjJj/edit,https://datosabiertos.mineduc.cl/wp-content/uploads/2025/11/Directorio-Oficial-EE-2025.rar
selected,24203,LICEO RAÚL BROUSSAIN CAMPINO,LICEO RAUL BROUSSAIN CAMPINO,11,AYSEN,11201,AYSÉN,0,"-45,405048","-72,696274",6,5,368,1,1,1,"SERVICIO LOCAL DE EDUACIÓN PÚBLICA, DE LA REGIÓN DE AYSÉN",Aulas Conectadas 2025,SELECCIONADO,,https://docs.google.com/spreadsheets/d/11EPq1k3dRWyrXfsWJWh405slQ-tyEjJj/edit,https://datosabiertos.mineduc.cl/wp-content/uploads/2025/11/Directorio-Oficial-EE-2025.rar
selected,24204,LICEO ARTURO PRAT CHACÓN,LICEO BICENTENARIO DE EXCELENCIA ARTURO PRAT CHACON,11,AYSEN,11202,CISNES,0,"-44,7256953","-72,6757079",6,5,206,1,1,1,"SERVICIO LOCAL DE EDUACIÓN PÚBLICA, DE LA REGIÓN DE AYSÉN",Aulas Conectadas 2025,SELECCIONADO,,https://docs.google.com/spreadsheets/d/11EPq1k3dRWyrXfsWJWh405slQ-tyEjJj/edit,https://datosabiertos.mineduc.cl/wp-content/uploads/2025/11/Directorio-Oficial-EE-2025.rar
selected,24302,ESCUELA GENERAL MANUEL BULNES P.,ESCUELA GENERAL MANUEL BULNES P.,12,MAG,12101,PUNTA ARENAS,0,"-53,174351","-70,937737",6,5,365,1,1,0,SERVICIO LOCAL DE EDUCACIÓN PÚBLICA DE MAGALLANES,Aulas Conectadas 2025,SELECCIONADO,,https://docs.google.com/spreadsheets/d/11EPq1k3dRWyrXfsWJWh405slQ-tyEjJj/edit,https://datosabiertos.mineduc.cl/wp-content/uploads/2025/11/Directorio-Oficial-EE-2025.rar
selected,24318,ESCUELA PADRE ALBERTO HURTADO CRUCHAGA,ESCUELA PADRE ALBERTO HURTADO CRUCHAGA,12,MAG,12101,PUNTA ARENAS,0,"-53,167179","-70,945503",6,5,530,1,1,0,SERVICIO LOCAL DE EDUCACIÓN PÚBLICA DE MAGALLANES,Aulas Conectadas 2025,SELECCIONADO,,https://docs.google.com/spreadsheets/d/11EPq1k3dRWyrXfsWJWh405slQ-tyEjJj/edit,https://datosabiertos.mineduc.cl/wp-content/uploads/2025/11/Directorio-Oficial-EE-2025.rar
selected,24442,ESCUELA ESPECIAL OPEN DOOR,ESCUELA ESPECIAL OPEN DOOR,13,RM,13201,PUENTE ALTO,0,"-33,57914","-70,55095",1,1,165,1,0,0,CORP MUNIC EDUC SALUD Y AT MEN PTE ALTO,Aulas Conectadas 2025,SELECCIONADO,,https://docs.google.com/spreadsheets/d/11EPq1k3dRWyrXfsWJWh405slQ-tyEjJj/edit,https://datosabiertos.mineduc.cl/wp-content/uploads/2025/11/Directorio-Oficial-EE-2025.rar
selected,24443,LICEO MUNICIPAL CHILOÉ,LICEO MUNICIPAL CHILOE,13,RM,13201,PUENTE ALTO,0,"-33,62666945","-70,62355033",1,1,940,1,1,1,CORP MUNIC EDUC SALUD Y AT MEN PTE ALTO,Aulas Conectadas 2025,SELECCIONADO,,https://docs.google.com/spreadsheets/d/11EPq1k3dRWyrXfsWJWh405slQ-tyEjJj/edit,https://datosabiertos.mineduc.cl/wp-content/uploads/2025/11/Directorio-Oficial-EE-2025.rar
selected,24444,LICEO INDUSTRIAL HARDWARE,LICEO INDUSTRIAL HARDWARE,13,RM,13401,SAN BERNARDO,0,"-33,59617345","-70,6867155",6,5,322,1,1,1,SERVICIO LOCAL DE EDUCACION PUBLICA DEL PINO,Aulas Conectadas 2025,SELECCIONADO,,https://docs.google.com/spreadsheets/d/11EPq1k3dRWyrXfsWJWh405slQ-tyEjJj/edit,https://datosabiertos.mineduc.cl/wp-content/uploads/2025/11/Directorio-Oficial-EE-2025.rar
selected,24754,CEIA GEORGINA SALAS DINAMARCA,CEIA GEORGINA SALAS DINAMARCA,13,RM,13103,CERRO NAVIA,0,"-33,41629","-70,741425",6,5,347,1,1,0,SERVICIO LOCAL DE EDUCACIÓN PÚBLICA LAS BARRANCAS,Aulas Conectadas 2025,SELECCIONADO,,https://docs.google.com/spreadsheets/d/11EPq1k3dRWyrXfsWJWh405slQ-tyEjJj/edit,https://datosabiertos.mineduc.cl/wp-content/uploads/2025/11/Directorio-Oficial-EE-2025.rar
selected,24822,ESC. BAS. PDTE. SALVADOR ALLENDE G.,ESC. BAS. PDTE. SALVADOR ALLENDE G.,13,RM,13105,EL BOSQUE,0,"-33,57698398","-70,66591897",6,5,384,1,1,0,SERVICIO LOCAL DE EDUCACION PUBLICA DEL PINO,Aulas Conectadas 2025,SELECCIONADO,,https://docs.google.com/spreadsheets/d/11EPq1k3dRWyrXfsWJWh405slQ-tyEjJj/edit,https://datosabiertos.mineduc.cl/wp-content/uploads/2025/11/Directorio-Oficial-EE-2025.rar
selected,25002,ESCUELA BÁSICA PADRE ALBERTO HURTADO,ESCUELA BASICA PADRE ALBERTO HURTADO,13,RM,13201,PUENTE ALTO,0,"-33,5919615","-70,60215633",1,1,560,1,1,0,CORP MUNIC EDUC SALUD Y AT MEN PTE ALTO,Aulas Conectadas 2025,SELECCIONADO,,https://docs.google.com/spreadsheets/d/11EPq1k3dRWyrXfsWJWh405slQ-tyEjJj/edit,https://datosabiertos.mineduc.cl/wp-content/uploads/2025/11/Directorio-Oficial-EE-2025.rar
selected,25009,LICEO VALLE DE LLUTA,LICEO VALLE DE LLUTA,13,RM,13401,SAN BERNARDO,0,"-33,58448464","-70,66789661",6,5,616,1,1,0,SERVICIO LOCAL DE EDUCACION PUBLICA DEL PINO,Aulas Conectadas 2025,SELECCIONADO,,https://docs.google.com/spreadsheets/d/11EPq1k3dRWyrXfsWJWh405slQ-tyEjJj/edit,https://datosabiertos.mineduc.cl/wp-content/uploads/2025/11/Directorio-Oficial-EE-2025.rar
selected,25043,ESCUELA VOLCÁN SAN JOSÉ,ESCUELA VOLCAN SAN JOSE,13,RM,13201,PUENTE ALTO,0,"-33,62703464","-70,61655961",1,1,524,1,1,0,CORP MUNIC EDUC SALUD Y AT MEN PTE ALTO,Aulas Conectadas 2025,SELECCIONADO,,https://docs.google.com/spreadsheets/d/11EPq1k3dRWyrXfsWJWh405slQ-tyEjJj/edit,https://datosabiertos.mineduc.cl/wp-content/uploads/2025/11/Directorio-Oficial-EE-2025.rar
selected,25173,ESC. BÁSICA MUNICIPAL RISOPATRÓN,ESC. BASICA MUNICIPAL RISOPATRON,13,RM,13121,PEDRO AGUIRRE CERDA,0,"-33,49051853","-70,68838224",6,5,226,1,1,0,SERVICIO LOCAL DE EDUCACIÓN PUBLICA SANTA ROSA,Aulas Conectadas 2025,SELECCIONADO,,https://docs.google.com/spreadsheets/d/11EPq1k3dRWyrXfsWJWh405slQ-tyEjJj/edit,https://datosabiertos.mineduc.cl/wp-content/uploads/2025/11/Directorio-Oficial-EE-2025.rar
selected,25182,LICEO ALCALDE JORGE INDO,LICEO ALCALDE JORGE INDO,13,RM,13125,QUILICURA,0,"-33,36518478","-70,70551471",6,5,241,1,1,0,SERVICIO LOCAL DE EDUCACION PUBLICA LOS LIBERTADORES,Aulas Conectadas 2025,SELECCIONADO,,https://docs.google.com/spreadsheets/d/11EPq1k3dRWyrXfsWJWh405slQ-tyEjJj/edit,https://datosabiertos.mineduc.cl/wp-content/uploads/2025/11/Directorio-Oficial-EE-2025.rar
selected,25194,ESCUELA MUNICIPAL VALLE DE LUNA,ESCUELA MUNICIPAL VALLE DE LUNA,13,RM,13125,QUILICURA,0,"-33,36751982","-70,74413397",6,5,357,1,1,0,SERVICIO LOCAL DE EDUCACION PUBLICA LOS LIBERTADORES,Aulas Conectadas 2025,SELECCIONADO,,https://docs.google.com/spreadsheets/d/11EPq1k3dRWyrXfsWJWh405slQ-tyEjJj/edit,https://datosabiertos.mineduc.cl/wp-content/uploads/2025/11/Directorio-Oficial-EE-2025.rar
selected,25235,LICEO DE ADULTOS POETA VICENTE HUIDOBRO,LICEO DE ADULTOS POETA VICENTE HUIDOBRO,13,RM,13125,QUILICURA,0,"-33,36586","-70,746765",6,5,511,1,1,0,SERVICIO LOCAL DE EDUCACION PUBLICA LOS LIBERTADORES,Aulas Conectadas 2025,SELECCIONADO,,https://docs.google.com/spreadsheets/d/11EPq1k3dRWyrXfsWJWh405slQ-tyEjJj/edit,https://datosabiertos.mineduc.cl/wp-content/uploads/2025/11/Directorio-Oficial-EE-2025.rar
selected,25271,PROFESOR FRANCISCO VERGARA BOBADILLA,PROFESOR FRANCISCO VERGARA BOBADILLA,13,RM,13110,LA FLORIDA,0,"-33,53227","-70,57412",1,1,244,1,0,0,CORP.MUNICIPAL DE EDUCACION-LA FLORIDA,Aulas Conectadas 2025,SELECCIONADO,,https://docs.google.com/spreadsheets/d/11EPq1k3dRWyrXfsWJWh405slQ-tyEjJj/edit,https://datosabiertos.mineduc.cl/wp-content/uploads/2025/11/Directorio-Oficial-EE-2025.rar
selected,25698,COLEGIO CORDILLERA DE LOS ANDES,COLEGIO CORDILLERA DE LOS ANDES,13,RM,13401,SAN BERNARDO,0,"-33,59556607","-70,67585805",6,5,767,1,1,0,SERVICIO LOCAL DE EDUCACION PUBLICA DEL PINO,Aulas Conectadas 2025,SELECCIONADO,,https://docs.google.com/spreadsheets/d/11EPq1k3dRWyrXfsWJWh405slQ-tyEjJj/edit,https://datosabiertos.mineduc.cl/wp-content/uploads/2025/11/Directorio-Oficial-EE-2025.rar
selected,25797,ESCUELA BÁSICA PUCARÁ LASAÑA,ESCUELA B-SICA PUCARA LASANA,13,RM,13125,QUILICURA,0,"-33,37732411","-70,72770616",6,5,272,1,1,0,SERVICIO LOCAL DE EDUCACION PUBLICA LOS LIBERTADORES,Aulas Conectadas 2025,SELECCIONADO,,https://docs.google.com/spreadsheets/d/11EPq1k3dRWyrXfsWJWh405slQ-tyEjJj/edit,https://datosabiertos.mineduc.cl/wp-content/uploads/2025/11/Directorio-Oficial-EE-2025.rar
selected,25938,LICEO DE ADULTOS CEIA DE LA PINTANA,LICEO DE ADULTOS CEIA DE LA PINTANA,13,RM,13112,LA PINTANA,0,"-33,5598","-70,62844",6,5,384,1,1,0,SERVICIO LOCAL DE EDUCACION PUBLICA DEL PINO,Aulas Conectadas 2025,SELECCIONADO,,https://docs.google.com/spreadsheets/d/11EPq1k3dRWyrXfsWJWh405slQ-tyEjJj/edit,https://datosabiertos.mineduc.cl/wp-content/uploads/2025/11/Directorio-Oficial-EE-2025.rar
selected,25960,CENTRO EDUC. PADRE ALBERTO HURTADO DE SAN BERNARDO,CENTRO EDUC. PADRE ALBERTO HURTADO DE SAN BER,13,RM,13401,SAN BERNARDO,0,"-33,60390082","-70,68000637",6,5,1105,1,1,1,SERVICIO LOCAL DE EDUCACION PUBLICA DEL PINO,Aulas Conectadas 2025,SELECCIONADO,,https://docs.google.com/spreadsheets/d/11EPq1k3dRWyrXfsWJWh405slQ-tyEjJj/edit,https://datosabiertos.mineduc.cl/wp-content/uploads/2025/11/Directorio-Oficial-EE-2025.rar
selected,26157,LICEO MUNICIPAL BICENTENARIO DE BATUCO,LICEO MUNICIPAL BICENTENARIO DE BATUCO,13,RM,13302,LAMPA,0,"-33,227146","-70,80329",1,1,1032,1,1,1,CORP.MUNICIPAL DE DES.SOCIAL DE LAMPA,Aulas Conectadas 2025,SELECCIONADO,,https://docs.google.com/spreadsheets/d/11EPq1k3dRWyrXfsWJWh405slQ-tyEjJj/edit,https://datosabiertos.mineduc.cl/wp-content/uploads/2025/11/Directorio-Oficial-EE-2025.rar
selected,26333,C. INTEGRAL DE AD. PROFESORA TERESA MOYA REYE,C. INTEGRAL DE AD. PROFESORA TERESA MOYA REYE,13,RM,13201,PUENTE ALTO,0,"-33,606583","-70,57646",1,1,817,1,1,0,CORP MUNIC EDUC SALUD Y AT MEN PTE ALTO,Aulas Conectadas 2025,SELECCIONADO,,https://docs.google.com/spreadsheets/d/11EPq1k3dRWyrXfsWJWh405slQ-tyEjJj/edit,https://datosabiertos.mineduc.cl/wp-content/uploads/2025/11/Directorio-Oficial-EE-2025.rar
selected,31074,LICEO BICENTENARIO DE NIÑAS DE MAIPÚ,LICEO BICENTENARIO DE NIÑAS DE MAIPU,13,RM,13119,MAIPÚ,0,"-33,491425","-70,78401",6,5,794,1,0,0,SERVICIO LOCAL DE EDUCACION PUBLICA SANTA CORINA,Aulas Conectadas 2025,SELECCIONADO,,https://docs.google.com/spreadsheets/d/11EPq1k3dRWyrXfsWJWh405slQ-tyEjJj/edit,https://datosabiertos.mineduc.cl/wp-content/uploads/2025/11/Directorio-Oficial-EE-2025.rar
selected,31078,LICEO BICENTENARIO SAN PEDRO DE PUENTE ALTO,LICEO BICENTENARIO SAN PEDRO DE PUENTE ALTO,13,RM,13201,PUENTE ALTO,0,"-33,6267","-70,577286",1,1,537,1,1,0,CORP MUNIC EDUC SALUD Y AT MEN PTE ALTO,Aulas Conectadas 2025,SELECCIONADO,,https://docs.google.com/spreadsheets/d/11EPq1k3dRWyrXfsWJWh405slQ-tyEjJj/edit,https://datosabiertos.mineduc.cl/wp-content/uploads/2025/11/Directorio-Oficial-EE-2025.rar
selected,31128,LICEO BICENTENARIO DE EXCELENCIA TREHUACO,LICEO BICENTENARIO DE EXCELENCIA TREHUACO,16,NUBLE,16207,TREHUACO,1,"-36,432869","-72,669952",2,1,298,1,1,1,ILUSTRE MUNICIPALIDAD DE TREHUACO,Aulas Conectadas 2025,SELECCIONADO,,https://docs.google.com/spreadsheets/d/11EPq1k3dRWyrXfsWJWh405slQ-tyEjJj/edit,https://datosabiertos.mineduc.cl/wp-content/uploads/2025/11/Directorio-Oficial-EE-2025.rar
selected,31293,LICEO NACIONAL BICENTENARIO DE EXCELENCIA,LICEO NACIONAL BICENTENARIO DE EXCELENCIA,13,RM,13401,SAN BERNARDO,0,"-33,6011085","-70,7043375",6,5,532,1,1,0,SERVICIO LOCAL DE EDUCACION PUBLICA DEL PINO,Aulas Conectadas 2025,SELECCIONADO,,https://docs.google.com/spreadsheets/d/11EPq1k3dRWyrXfsWJWh405slQ-tyEjJj/edit,https://datosabiertos.mineduc.cl/wp-content/uploads/2025/11/Directorio-Oficial-EE-2025.rar
selected,31299,LICEO BICENTENARIO DE EXCELENCIA FRANCISCO BILBAO BARQUÍN DE QUILICURA,LICEO BICENTENARIO DE EXCELENCIA FRANCISCO BILBAO BARQUIN DE QUILICURA,13,RM,13125,QUILICURA,0,"-33,366478","-70,73623",6,5,505,1,1,0,SERVICIO LOCAL DE EDUCACION PUBLICA LOS LIBERTADORES,Aulas Conectadas 2025,SELECCIONADO,,https://docs.google.com/spreadsheets/d/11EPq1k3dRWyrXfsWJWh405slQ-tyEjJj/edit,https://datosabiertos.mineduc.cl/wp-content/uploads/2025/11/Directorio-Oficial-EE-2025.rar
selected,31343,LICEO CIENTIFICO HUMANISTA LA CHIMBA,LICEO CIENTIFICO HUMANISTA LA CHIMBA,2,ANTOF,2101,ANTOFAGASTA,0,"-23,558701","-70,395317",1,1,975,1,1,0,CORP MUNIC DESARROLLO SOCIAL ANTOFAGASTA,Aulas Conectadas 2025,SELECCIONADO,,https://docs.google.com/spreadsheets/d/11EPq1k3dRWyrXfsWJWh405slQ-tyEjJj/edit,https://datosabiertos.mineduc.cl/wp-content/uploads/2025/11/Directorio-Oficial-EE-2025.rar
selected,31345,LICEO POLITÉCNICO LOS ARENALES,LICEO POLITÉCNICO LOS ARENALES,2,ANTOF,2101,ANTOFAGASTA,0,"-23,580839","-70,376823",1,1,943,1,1,1,CORP MUNIC DESARROLLO SOCIAL ANTOFAGASTA,Aulas Conectadas 2025,SELECCIONADO,,https://docs.google.com/spreadsheets/d/11EPq1k3dRWyrXfsWJWh405slQ-tyEjJj/edit,https://datosabiertos.mineduc.cl/wp-content/uploads/2025/11/Directorio-Oficial-EE-2025.rar
selected,40114,LICEO ORIENTE,LICEO ORIENTE,6,LGBO,6115,RENGO,0,"-34,41264","-70,84948",2,1,930,1,1,0,ILUSTRE MUNICIPALIDAD DE RENGO,Aulas Conectadas 2025,SELECCIONADO,,https://docs.google.com/spreadsheets/d/11EPq1k3dRWyrXfsWJWh405slQ-tyEjJj/edit,https://datosabiertos.mineduc.cl/wp-content/uploads/2025/11/Directorio-Oficial-EE-2025.rar
selected,40242,COLEGIO BICENTENARIO,COLEGIO BICENTENARIO,5,VALPO,5402,CABILDO,0,"-32,43409","-71,079422",2,1,243,1,0,0,ILUSTRE MUNICIPALIDAD DE CABILDO,Aulas Conectadas 2025,SELECCIONADO,,https://docs.google.com/spreadsheets/d/11EPq1k3dRWyrXfsWJWh405slQ-tyEjJj/edit,https://datosabiertos.mineduc.cl/wp-content/uploads/2025/11/Directorio-Oficial-EE-2025.rar
selected,40383,ESCUELA BÁSICA MIL PAISAJES-QUEMCHI,ESCUELA BASICA MIL PAISAJES-QUEMCHI,10,LAGOS,10209,QUEMCHI,0,"-42,144409","-73,475983",6,5,217,1,1,0,SERVICIO LOCAL DE EDUCACIÓN PÚBLICA DE CHILOÉ,Aulas Conectadas 2025,SELECCIONADO,,https://docs.google.com/spreadsheets/d/11EPq1k3dRWyrXfsWJWh405slQ-tyEjJj/edit,https://datosabiertos.mineduc.cl/wp-content/uploads/2025/11/Directorio-Oficial-EE-2025.rar
selected,40429,LICEO TÉCNICO PROFESIONAL DE ADULTOS,LICEO TECNICO PROFESIONAL DE ADULTOS,1,TPCA,1101,IQUIQUE,0,"-20,225159","-70,14927",6,5,597,1,1,0,SERVICIO LOCAL DE EDUCACION PÚBLICA DE IQUIQUE,Aulas Conectadas 2025,SELECCIONADO,,https://docs.google.com/spreadsheets/d/11EPq1k3dRWyrXfsWJWh405slQ-tyEjJj/edit,https://datosabiertos.mineduc.cl/wp-content/uploads/2025/11/Directorio-Oficial-EE-2025.rar
waitlist,7753,ESCUELA BÁSICA FRONTERIZA JUAN SOLER MANFREDINI,ESCUELA BASICA FRONTERIZA JUAN SOLER MANFREDINI,10,LAGOS,10103,COCHAMÓ,1,"-41,493","-72,307114",2,1,178,1,1,1,ILUSTRE MUNICIPALIDAD DE COCHAMO,Aulas Conectadas 2025,LISTA DE ESPERA,1,https://docs.google.com/spreadsheets/d/11EPq1k3dRWyrXfsWJWh405slQ-tyEjJj/edit,https://datosabiertos.mineduc.cl/wp-content/uploads/2025/11/Directorio-Oficial-EE-2025.rar
waitlist,9740,ESCUELA BÁSICA REPÚBLICA DE LAS FILIPINAS,ESCUELA BASICA REPUBLICA DE LAS FILIPINAS,13,RM,13116,LO ESPEJO,0,"-33,52309928","-70,68917334",6,5,206,1,1,0,SERVICIO LOCAL DE EDUCACIÓN PUBLICA SANTA ROSA,Aulas Conectadas 2025,LISTA DE ESPERA,2,https://docs.google.com/spreadsheets/d/11EPq1k3dRWyrXfsWJWh405slQ-tyEjJj/edit,https://datosabiertos.mineduc.cl/wp-content/uploads/2025/11/Directorio-Oficial-EE-2025.rar
waitlist,487,ESCUELA BÁSICA JOSÉ MIGUEL CARRERA,ESCUELA BÁSICA JOSÉ MIGUEL CARRERA,3,ATCMA,3304,HUASCO,0,"-28,46977","-71,219269",6,5,379,1,1,0,SERVICIO LOCAL DE EDUCACIÓN PUBLICA DE HUASCO,Aulas Conectadas 2025,LISTA DE ESPERA,3,https://docs.google.com/spreadsheets/d/11EPq1k3dRWyrXfsWJWh405slQ-tyEjJj/edit,https://datosabiertos.mineduc.cl/wp-content/uploads/2025/11/Directorio-Oficial-EE-2025.rar
waitlist,2338,ESC. JUAN BARROS ROLDÁN,ESC.JUAN BARROS ROLDAN,6,LGBO,6117,SAN VICENTE,1,"-34,496422","-71,074059",1,1,178,1,1,0,CORP DESARROLLO DE SAN VICENTE DE T.T.,Aulas Conectadas 2025,LISTA DE ESPERA,4,https://docs.google.com/spreadsheets/d/11EPq1k3dRWyrXfsWJWh405slQ-tyEjJj/edit,https://datosabiertos.mineduc.cl/wp-content/uploads/2025/11/Directorio-Oficial-EE-2025.rar
waitlist,22113,LICEO FRAY PABLO DE ROYO,LICEO FRAY PABLO DE ROYO,10,LAGOS,10307,SAN PABLO,0,"-40,41259","-73,010597",2,1,213,1,1,1,ILUSTRE MUNICIPALIDAD DE SAN PABLO,Aulas Conectadas 2025,LISTA DE ESPERA,5,https://docs.google.com/spreadsheets/d/11EPq1k3dRWyrXfsWJWh405slQ-tyEjJj/edit,https://datosabiertos.mineduc.cl/wp-content/uploads/2025/11/Directorio-Oficial-EE-2025.rar
waitlist,2313,ESCUELA MUNICIPAL DE LIMAHUE,ESCUELA MUNICIPAL DE LIMAHUE,6,LGBO,6109,MALLOA,1,"-34,464909","-70,92408",2,1,228,1,1,0,ILUSTRE MUNICIPALIDAD DE MALLOA,Aulas Conectadas 2025,LISTA DE ESPERA,6,https://docs.google.com/spreadsheets/d/11EPq1k3dRWyrXfsWJWh405slQ-tyEjJj/edit,https://datosabiertos.mineduc.cl/wp-content/uploads/2025/11/Directorio-Oficial-EE-2025.rar
waitlist,7802,ESCUELA RURAL SAN JOSÉ,ESCUELA RURAL SAN JOSE,10,LAGOS,10102,CALBUCO,1,"-41,773529","-73,128433",2,1,182,1,1,0,ILUSTRE MUNICIPALIDAD DE CALBUCO,Aulas Conectadas 2025,LISTA DE ESPERA,7,https://docs.google.com/spreadsheets/d/11EPq1k3dRWyrXfsWJWh405slQ-tyEjJj/edit,https://datosabiertos.mineduc.cl/wp-content/uploads/2025/11/Directorio-Oficial-EE-2025.rar
waitlist,10421,ESCUELA REPÚBLICA DE POLONIA,ESCUELA REPUBLICA DE POLONIA,13,RM,13302,LAMPA,0,"-33,23969409","-70,81209358",1,1,329,1,1,0,CORP.MUNICIPAL DE DES.SOCIAL DE LAMPA,Aulas Conectadas 2025,LISTA DE ESPERA,8,https://docs.google.com/spreadsheets/d/11EPq1k3dRWyrXfsWJWh405slQ-tyEjJj/edit,https://datosabiertos.mineduc.cl/wp-content/uploads/2025/11/Directorio-Oficial-EE-2025.rar
waitlist,1430,ESCUELA BÁSICA GABRIELA MISTRAL,ESCUELA BASICA GABRIELA MISTRAL,5,VALPO,5502,CALERA,0,"-32,78215","-71,197853",2,1,133,1,1,0,ILUSTRE MUNICIPALIDAD DE LA CALERA,Aulas Conectadas 2025,LISTA DE ESPERA,9,https://docs.google.com/spreadsheets/d/11EPq1k3dRWyrXfsWJWh405slQ-tyEjJj/edit,https://datosabiertos.mineduc.cl/wp-content/uploads/2025/11/Directorio-Oficial-EE-2025.rar
waitlist,4324,LICEO DOCTOR VÍCTOR RÍOS RUIZ,LICEO DOCTOR VÍCTOR RÍOS RUIZ,8,BBIO,8302,ANTUCO,0,"-37,332001","-71,677879",2,1,541,1,1,1,ILUSTRE MUNICIPALIDAD DE ANTUCO,Aulas Conectadas 2025,LISTA DE ESPERA,10,https://docs.google.com/spreadsheets/d/11EPq1k3dRWyrXfsWJWh405slQ-tyEjJj/edit,https://datosabiertos.mineduc.cl/wp-content/uploads/2025/11/Directorio-Oficial-EE-2025.rar
waitlist,1269,ESCUELA JOHN F KENNEDY,ESCUELA JOHN F KENNEDY,5,VALPO,5701,SAN FELIPE,0,"-32,749981","-70,714104",2,1,285,1,1,0,ILUSTRE MUNICIPALIDAD DE SAN FELIPE,Aulas Conectadas 2025,LISTA DE ESPERA,11,https://docs.google.com/spreadsheets/d/11EPq1k3dRWyrXfsWJWh405slQ-tyEjJj/edit,https://datosabiertos.mineduc.cl/wp-content/uploads/2025/11/Directorio-Oficial-EE-2025.rar
waitlist,7448,ESCUELA ENTRE LAGOS,ESCUELA ENTRE LAGOS,10,LAGOS,10304,PUYEHUE,0,"-40,683819","-72,60434",2,1,362,1,1,0,ILUSTRE MUNICIPALIDAD DE PUYEHUE,Aulas Conectadas 2025,LISTA DE ESPERA,12,https://docs.google.com/spreadsheets/d/11EPq1k3dRWyrXfsWJWh405slQ-tyEjJj/edit,https://datosabiertos.mineduc.cl/wp-content/uploads/2025/11/Directorio-Oficial-EE-2025.rar
waitlist,1264,LICEO SAN FELIPE,LICEO SAN FELIPE,5,VALPO,5701,SAN FELIPE,0,"-32,744122","-70,737984",2,1,481,1,1,0,ILUSTRE MUNICIPALIDAD DE SAN FELIPE,Aulas Conectadas 2025,LISTA DE ESPERA,13,https://docs.google.com/spreadsheets/d/11EPq1k3dRWyrXfsWJWh405slQ-tyEjJj/edit,https://datosabiertos.mineduc.cl/wp-content/uploads/2025/11/Directorio-Oficial-EE-2025.rar
waitlist,10686,LICEO MUNICIPAL POETISA GABRIELA MISTRAL,LICEO MUNICIPAL POETISA GABRIELA MISTRAL,13,RM,13403,CALERA DE TANGO,1,"-33,63056435","-70,76014643",6,5,781,1,1,1,SERVICIO LOCAL DE EDUCACION PUBLICA DEL PINO,Aulas Conectadas 2025,LISTA DE ESPERA,14,https://docs.google.com/spreadsheets/d/11EPq1k3dRWyrXfsWJWh405slQ-tyEjJj/edit,https://datosabiertos.mineduc.cl/wp-content/uploads/2025/11/Directorio-Oficial-EE-2025.rar
waitlist,2388,ESCUELA MUNIC. SBTE. LUIS CRUZ MARTÍNEZ,ESCUELA MUNIC.SBTE LUIS CRUZ MARTINEZ,6,LGBO,6104,COLTAUCO,1,"-34,265369","-71,05497",2,1,229,1,1,0,ILUSTRE MUNICIPALIDAD DE COLTAUCO,Aulas Conectadas 2025,LISTA DE ESPERA,15,https://docs.google.com/spreadsheets/d/11EPq1k3dRWyrXfsWJWh405slQ-tyEjJj/edit,https://datosabiertos.mineduc.cl/wp-content/uploads/2025/11/Directorio-Oficial-EE-2025.rar
waitlist,1678,ESCUELA UNESCO,ESCUELA UNESCO,5,VALPO,5109,VIÑA DEL MAR,0,"-32,996132","-71,513771",6,5,206,1,1,0,SERVICIO LOCAL DE EDUCACION PUBLICA DE COSTA CENTRAL,Aulas Conectadas 2025,LISTA DE ESPERA,16,https://docs.google.com/spreadsheets/d/11EPq1k3dRWyrXfsWJWh405slQ-tyEjJj/edit,https://datosabiertos.mineduc.cl/wp-content/uploads/2025/11/Directorio-Oficial-EE-2025.rar
waitlist,22664,LICEO POLITÉCNICO MIRASOL,LICEO POLITECNICO MIRASOL,10,LAGOS,10101,PUERTO MONTT,0,"-41,4781","-72,984016",2,1,559,1,1,0,ILUSTRE MUNICIPALIDAD DE PUERTO MONTT,Aulas Conectadas 2025,LISTA DE ESPERA,17,https://docs.google.com/spreadsheets/d/11EPq1k3dRWyrXfsWJWh405slQ-tyEjJj/edit,https://datosabiertos.mineduc.cl/wp-content/uploads/2025/11/Directorio-Oficial-EE-2025.rar
waitlist,10241,ESCUELA BASICA EL MAÑÍO,ESCUELA BASICA EL MANIO,13,RM,13125,QUILICURA,0,"-33,37081645","-70,74384787",6,5,330,1,1,0,SERVICIO LOCAL DE EDUCACION PUBLICA LOS LIBERTADORES,Aulas Conectadas 2025,LISTA DE ESPERA,18,https://docs.google.com/spreadsheets/d/11EPq1k3dRWyrXfsWJWh405slQ-tyEjJj/edit,https://datosabiertos.mineduc.cl/wp-content/uploads/2025/11/Directorio-Oficial-EE-2025.rar
waitlist,519,COLEGIO ARTURO PRAT CHACÓN,COLEGIO ARTURO PRAT CHACON,4,COQ,4101,LA SERENA,0,"-29,87921","-71,240692",6,5,813,1,1,0,SERVICIO LOCAL DE EDUCACIÓN DEL ELQUI,Aulas Conectadas 2025,LISTA DE ESPERA,19,https://docs.google.com/spreadsheets/d/11EPq1k3dRWyrXfsWJWh405slQ-tyEjJj/edit,https://datosabiertos.mineduc.cl/wp-content/uploads/2025/11/Directorio-Oficial-EE-2025.rar
waitlist,710,ESCUELA BÁSICA JOSÉ TOMÁS OVALLE B.,ESCUELA BASICA JOSE TOMAS OVALLE B.,4,COQ,4301,OVALLE,0,"-30,60251","-71,210564",2,1,249,1,1,0,ILUSTRE MUNICIPALIDAD DE OVALLE,Aulas Conectadas 2025,LISTA DE ESPERA,20,https://docs.google.com/spreadsheets/d/11EPq1k3dRWyrXfsWJWh405slQ-tyEjJj/edit,https://datosabiertos.mineduc.cl/wp-content/uploads/2025/11/Directorio-Oficial-EE-2025.rar
waitlist,2432,ESCUELA MUNICIPAL VILMA ALIAGA CALDERÓN,ESCUELA MUNICIPAL VILMA ALIAGA CALDERON,6,LGBO,6107,LAS CABRAS,1,"-34,16888","-71,325043",2,1,315,1,1,0,ILUSTRE MUNICIPALIDAD DE LAS CABRAS,Aulas Conectadas 2025,LISTA DE ESPERA,21,https://docs.google.com/spreadsheets/d/11EPq1k3dRWyrXfsWJWh405slQ-tyEjJj/edit,https://datosabiertos.mineduc.cl/wp-content/uploads/2025/11/Directorio-Oficial-EE-2025.rar
waitlist,2472,ESCUELA BÁSICA ANTONIO LARA MEDINA,ESCUELA BASICA ANTONIO LARA MEDINA,6,LGBO,6301,SAN FERNANDO,1,"-34,58168","-70,910461",6,5,232,1,1,0,SERVICIO LOCAL DE EDUCACION DE COLCHAGUA,Aulas Conectadas 2025,LISTA DE ESPERA,22,https://docs.google.com/spreadsheets/d/11EPq1k3dRWyrXfsWJWh405slQ-tyEjJj/edit,https://datosabiertos.mineduc.cl/wp-content/uploads/2025/11/Directorio-Oficial-EE-2025.rar
waitlist,2103,LICEO BICENTENARIO INDUSTRIAL PRESIDENTE PEDRO AGUIRRE,LICEO BICENTENARIO INDUSTRIAL PRESIDENTE PEDRO AGUIRRE,6,LGBO,6101,RANCAGUA,0,"-34,169121","-70,723778",5,4,990,1,0,1,UNIVERSIDAD DE SANTIAGO,Aulas Conectadas 2025,LISTA DE ESPERA,23,https://docs.google.com/spreadsheets/d/11EPq1k3dRWyrXfsWJWh405slQ-tyEjJj/edit,https://datosabiertos.mineduc.cl/wp-content/uploads/2025/11/Directorio-Oficial-EE-2025.rar
waitlist,2981,ESCUELA PANGUILEMO,ESCUELA PANGUILEMO,7,MAULE,7101,TALCA,0,"-35,36441","-71,588661",2,1,210,1,1,0,ILUSTRE MUNICIPALIDAD DE TALCA,Aulas Conectadas 2025,LISTA DE ESPERA,24,https://docs.google.com/spreadsheets/d/11EPq1k3dRWyrXfsWJWh405slQ-tyEjJj/edit,https://datosabiertos.mineduc.cl/wp-content/uploads/2025/11/Directorio-Oficial-EE-2025.rar
waitlist,2493,ESCUELA BAS. JOSÉ MIGUEL CARRERA VERDUGO,ESCUELA BAS. JOSE MIGUEL CARRERA VERDUGO,6,LGBO,6303,CHIMBARONGO,1,"-34,824928","-71,00322",6,5,219,1,1,0,SERVICIO LOCAL DE EDUCACION DE COLCHAGUA,Aulas Conectadas 2025,LISTA DE ESPERA,25,https://docs.google.com/spreadsheets/d/11EPq1k3dRWyrXfsWJWh405slQ-tyEjJj/edit,https://datosabiertos.mineduc.cl/wp-content/uploads/2025/11/Directorio-Oficial-EE-2025.rar
waitlist,3980,ESCUELA BÁSICA PUEBLO SECO SANTA CLARA,ESCUELA BASICA PUEBLO SECO SANTA CLARA,16,NUBLE,16102,BULNES,1,"-36,819981","-72,3274",2,1,212,1,1,0,ILUSTRE MUNICIPALIDAD DE BULNES,Aulas Conectadas 2025,LISTA DE ESPERA,26,https://docs.google.com/spreadsheets/d/11EPq1k3dRWyrXfsWJWh405slQ-tyEjJj/edit,https://datosabiertos.mineduc.cl/wp-content/uploads/2025/11/Directorio-Oficial-EE-2025.rar
waitlist,3483,ESCUELA GERÓNIMO LAGOS LISBOA,ESCUELA GERONIMO LAGOS LISBOA,7,MAULE,7406,SAN JAVIER,0,"-35,59866","-71,717789",2,1,563,1,1,0,ILUSTRE MUNICIPALIDAD DE SAN JAVIER,Aulas Conectadas 2025,LISTA DE ESPERA,27,https://docs.google.com/spreadsheets/d/11EPq1k3dRWyrXfsWJWh405slQ-tyEjJj/edit,https://datosabiertos.mineduc.cl/wp-content/uploads/2025/11/Directorio-Oficial-EE-2025.rar
waitlist,4310,LICEO ANDRÉS ALCÁZAR DE TUCAPEL,LICEO ANDRÉS ALCÁZAR DE TUCAPEL,8,BBIO,8312,TUCAPEL,0,"-37,290211","-71,945969",2,1,424,1,1,1,ILUSTRE MUNICIPALIDAD DE TUCAPEL,Aulas Conectadas 2025,LISTA DE ESPERA,28,https://docs.google.com/spreadsheets/d/11EPq1k3dRWyrXfsWJWh405slQ-tyEjJj/edit,https://datosabiertos.mineduc.cl/wp-content/uploads/2025/11/Directorio-Oficial-EE-2025.rar
waitlist,708,ESCUELA ANTONIO TIRADO LANAS,ESCUELA ANTONIO TIRADO LANAS,4,COQ,4301,OVALLE,0,"-30,601959","-71,190277",2,1,387,1,1,0,ILUSTRE MUNICIPALIDAD DE OVALLE,Aulas Conectadas 2025,LISTA DE ESPERA,29,https://docs.google.com/spreadsheets/d/11EPq1k3dRWyrXfsWJWh405slQ-tyEjJj/edit,https://datosabiertos.mineduc.cl/wp-content/uploads/2025/11/Directorio-Oficial-EE-2025.rar
waitlist,9629,ESCUELA BÁSICA ALIVEN,ESCUELA BASICA ALIVEN,13,RM,13131,SAN RAMÓN,0,"-33,55088432","-70,64459017",6,5,198,1,1,0,SERVICIO LOCAL DE EDUCACIÓN PUBLICA SANTA ROSA,Aulas Conectadas 2025,LISTA DE ESPERA,30,https://docs.google.com/spreadsheets/d/11EPq1k3dRWyrXfsWJWh405slQ-tyEjJj/edit,https://datosabiertos.mineduc.cl/wp-content/uploads/2025/11/Directorio-Oficial-EE-2025.rar
waitlist,10573,CENTRO EDUCACIONAL MATÍAS COUSIÑO,CENTRO EDUCACIONAL MATIAS COUSINO,13,RM,13105,EL BOSQUE,0,"-33,55054841","-70,67636413",6,5,180,1,1,1,SERVICIO LOCAL DE EDUCACION PUBLICA DEL PINO,Aulas Conectadas 2025,LISTA DE ESPERA,31,https://docs.google.com/spreadsheets/d/11EPq1k3dRWyrXfsWJWh405slQ-tyEjJj/edit,https://datosabiertos.mineduc.cl/wp-content/uploads/2025/11/Directorio-Oficial-EE-2025.rar
waitlist,9721,ESCUELA NEMESIO ANTÚNEZ,ESCUELA NEMESIO ANTUNEZ,13,RM,13105,EL BOSQUE,0,"-33,57130292","-70,66353185",6,5,246,1,1,0,SERVICIO LOCAL DE EDUCACION PUBLICA DEL PINO,Aulas Conectadas 2025,LISTA DE ESPERA,32,https://docs.google.com/spreadsheets/d/11EPq1k3dRWyrXfsWJWh405slQ-tyEjJj/edit,https://datosabiertos.mineduc.cl/wp-content/uploads/2025/11/Directorio-Oficial-EE-2025.rar
waitlist,7135,COLEGIO TÉCNICO PROFESIONAL N°1 HONORIO OJEDA VALDERAS,COLEGIO TECNICO PROFESIONAL N°1 HONORIO OJEDA VALDERAS,14,RIOS,14201,LA UNIÓN,0,"-40,292339","-73,079422",2,1,225,1,1,1,ILUSTRE MUNICIPALIDAD DE LA UNION,Aulas Conectadas 2025,LISTA DE ESPERA,33,https://docs.google.com/spreadsheets/d/11EPq1k3dRWyrXfsWJWh405slQ-tyEjJj/edit,https://datosabiertos.mineduc.cl/wp-content/uploads/2025/11/Directorio-Oficial-EE-2025.rar
waitlist,3128,LICEO SAN IGNACIO,LICEO SAN IGNACIO,7,MAULE,7104,EMPEDRADO,0,"-35,59116","-72,27697",6,5,546,1,1,1,SERVICIO LOCAL DE EDUCACIÓN PÚBLICA DE MAULE COSTA,Aulas Conectadas 2025,LISTA DE ESPERA,34,https://docs.google.com/spreadsheets/d/11EPq1k3dRWyrXfsWJWh405slQ-tyEjJj/edit,https://datosabiertos.mineduc.cl/wp-content/uploads/2025/11/Directorio-Oficial-EE-2025.rar
waitlist,946,ESCUELA TERESITA DE LOS ANDES,ESCUELA TERESITA DE LOS ANDES,4,COQ,4304,PUNITAQUI,1,"-30,797131","-71,256264",2,1,180,1,1,0,ILUSTRE MUNICIPALIDAD DE PUNITAQUI,Aulas Conectadas 2025,LISTA DE ESPERA,35,https://docs.google.com/spreadsheets/d/11EPq1k3dRWyrXfsWJWh405slQ-tyEjJj/edit,https://datosabiertos.mineduc.cl/wp-content/uploads/2025/11/Directorio-Oficial-EE-2025.rar
waitlist,6773,ESCUELA LAS ÁNIMAS,ESCUELA LAS ANIMAS,14,RIOS,14101,VALDIVIA,0,"-39,807388","-73,215981",6,5,230,1,1,0,SERVICIO LOCAL DE EDUCACION PUBLICA VALDIVIA (SLEP VALDIVIA),Aulas Conectadas 2025,LISTA DE ESPERA,36,https://docs.google.com/spreadsheets/d/11EPq1k3dRWyrXfsWJWh405slQ-tyEjJj/edit,https://datosabiertos.mineduc.cl/wp-content/uploads/2025/11/Directorio-Oficial-EE-2025.rar
waitlist,11284,CENTRO DE EDUCACIÓN DE ADULTOS,CENTRO DE EDUCACION DE ADULTOS,6,LGBO,6101,RANCAGUA,0,"-34,173046","-70,741615",1,1,445,1,1,0,CORP MUNICP SERV PUBL TRASP DE RANCAGUA,Aulas Conectadas 2025,LISTA DE ESPERA,37,https://docs.google.com/spreadsheets/d/11EPq1k3dRWyrXfsWJWh405slQ-tyEjJj/edit,https://datosabiertos.mineduc.cl/wp-content/uploads/2025/11/Directorio-Oficial-EE-2025.rar
waitlist,10426,ESCUELA BÁSICA F-N°371 SANTA ROSA DE LAMPA,ESCUELA BASICA F-N°371 SANTA ROSA DE LAMPA,13,RM,13302,LAMPA,1,"-33,26135131","-70,75796278",1,1,236,1,1,0,CORP.MUNICIPAL DE DES.SOCIAL DE LAMPA,Aulas Conectadas 2025,LISTA DE ESPERA,38,https://docs.google.com/spreadsheets/d/11EPq1k3dRWyrXfsWJWh405slQ-tyEjJj/edit,https://datosabiertos.mineduc.cl/wp-content/uploads/2025/11/Directorio-Oficial-EE-2025.rar
waitlist,1050,ESCUELA BÁSICA ERCOLE BENCINI,ESCUELA BASICA ERCOLE BENCINI,4,COQ,4203,LOS VILOS,0,"-32,142391","-71,525673",2,1,258,1,1,0,ILUSTRE MUNICIPALIDAD DE LOS VILOS,Aulas Conectadas 2025,LISTA DE ESPERA,39,https://docs.google.com/spreadsheets/d/11EPq1k3dRWyrXfsWJWh405slQ-tyEjJj/edit,https://datosabiertos.mineduc.cl/wp-content/uploads/2025/11/Directorio-Oficial-EE-2025.rar
waitlist,7637,ESCUELA N 7 ARABE-SIRIA,ESCUELA N 7 ARABE-SIRIA,10,LAGOS,10101,PUERTO MONTT,0,"-41,478901","-72,954727",2,1,341,1,1,0,ILUSTRE MUNICIPALIDAD DE PUERTO MONTT,Aulas Conectadas 2025,LISTA DE ESPERA,40,https://docs.google.com/spreadsheets/d/11EPq1k3dRWyrXfsWJWh405slQ-tyEjJj/edit,https://datosabiertos.mineduc.cl/wp-content/uploads/2025/11/Directorio-Oficial-EE-2025.rar
waitlist,7505,LICEO BICENTENARIO TOMÁS BURGOS,LICEO BICENTENARIO TOMAS BURGOS,10,LAGOS,10303,PURRANQUE,0,"-40,918579","-73,156914",2,1,366,1,1,1,ILUSTRE MUNICIPALIDAD DE PURRANQUE,Aulas Conectadas 2025,LISTA DE ESPERA,41,https://docs.google.com/spreadsheets/d/11EPq1k3dRWyrXfsWJWh405slQ-tyEjJj/edit,https://datosabiertos.mineduc.cl/wp-content/uploads/2025/11/Directorio-Oficial-EE-2025.rar
waitlist,2940,LICEO CARLOS CONDELL,LICEO CARLOS CONDELL,7,MAULE,7101,TALCA,0,"-35,43597","-71,646202",2,1,328,1,1,1,ILUSTRE MUNICIPALIDAD DE TALCA,Aulas Conectadas 2025,LISTA DE ESPERA,42,https://docs.google.com/spreadsheets/d/11EPq1k3dRWyrXfsWJWh405slQ-tyEjJj/edit,https://datosabiertos.mineduc.cl/wp-content/uploads/2025/11/Directorio-Oficial-EE-2025.rar
waitlist,17930,ESCUELA EL LLANO,ESCUELA EL LLANO,16,NUBLE,16201,QUIRIHUE,0,"-36,28212","-72,549881",2,1,116,1,1,0,ILUSTRE MUNICIPALIDAD DE QUIRIHUE,Aulas Conectadas 2025,LISTA DE ESPERA,43,https://docs.google.com/spreadsheets/d/11EPq1k3dRWyrXfsWJWh405slQ-tyEjJj/edit,https://datosabiertos.mineduc.cl/wp-content/uploads/2025/11/Directorio-Oficial-EE-2025.rar
waitlist,195,ESCUELA BASICA LA TIRANA,ESCUELA BASICA LA TIRANA,1,TPCA,1401,POZO ALMONTE,1,"-20,33765","-69,655434",1,1,300,1,1,0,COR.MUNICIPAL DE DES.SOCIAL POZO ALMONTE,Aulas Conectadas 2025,LISTA DE ESPERA,44,https://docs.google.com/spreadsheets/d/11EPq1k3dRWyrXfsWJWh405slQ-tyEjJj/edit,https://datosabiertos.mineduc.cl/wp-content/uploads/2025/11/Directorio-Oficial-EE-2025.rar
waitlist,4505,LICEO PADRE LUIS ALBERTO SALDES IRARRAZABAL,LICEO PADRE LUIS ALBERTO SALDES IRARRAZABAL,8,BBIO,8313,YUMBEL,0,"-37,096722","-72,565392",2,1,279,1,1,0,ILUSTRE MUNICIPALIDAD DE YUMBEL.,Aulas Conectadas 2025,LISTA DE ESPERA,45,https://docs.google.com/spreadsheets/d/11EPq1k3dRWyrXfsWJWh405slQ-tyEjJj/edit,https://datosabiertos.mineduc.cl/wp-content/uploads/2025/11/Directorio-Oficial-EE-2025.rar
waitlist,9715,ESCUELA BASICA VILLA SANTA ELENA,ESCUELA BASICA VILLA SANTA ELENA,13,RM,13105,EL BOSQUE,0,"-33,56490614","-70,66691155",6,5,199,1,1,0,SERVICIO LOCAL DE EDUCACION PUBLICA DEL PINO,Aulas Conectadas 2025,LISTA DE ESPERA,46,https://docs.google.com/spreadsheets/d/11EPq1k3dRWyrXfsWJWh405slQ-tyEjJj/edit,https://datosabiertos.mineduc.cl/wp-content/uploads/2025/11/Directorio-Oficial-EE-2025.rar
waitlist,1203,ESCUELA GABRIELA MISTRAL,ESCUELA GABRIELA MISTRAL,5,VALPO,5301,LOS ANDES,0,"-32,83149","-70,576141",2,1,263,1,1,0,ILUSTRE MUNICIPALIDAD DE LOS ANDES,Aulas Conectadas 2025,LISTA DE ESPERA,47,https://docs.google.com/spreadsheets/d/11EPq1k3dRWyrXfsWJWh405slQ-tyEjJj/edit,https://datosabiertos.mineduc.cl/wp-content/uploads/2025/11/Directorio-Oficial-EE-2025.rar
waitlist,5194,ESCUELA ELOISA GONZALEZ,ESCUELA ELOISA GONZALEZ,8,BBIO,8207,TIRÚA,0,"-38,342651","-73,490883",2,1,280,1,1,0,ILUSTRE MUNICIPALIDAD DE TIRUA,Aulas Conectadas 2025,LISTA DE ESPERA,48,https://docs.google.com/spreadsheets/d/11EPq1k3dRWyrXfsWJWh405slQ-tyEjJj/edit,https://datosabiertos.mineduc.cl/wp-content/uploads/2025/11/Directorio-Oficial-EE-2025.rar
waitlist,8502,LICEO COMERCIAL LUIS CORREA PRIETO,LICEO COMERCIAL LUIS CORREA PRIETO,13,RM,13127,RECOLETA,0,"-33,42213647","-70,64351607",5,4,638,1,0,0,FUND. NACIONAL DEL COMERCIO PARA LA EDUCACION,Aulas Conectadas 2025,LISTA DE ESPERA,49,https://docs.google.com/spreadsheets/d/11EPq1k3dRWyrXfsWJWh405slQ-tyEjJj/edit,https://datosabiertos.mineduc.cl/wp-content/uploads/2025/11/Directorio-Oficial-EE-2025.rar
waitlist,2422,LICEO FRANCISCO ANTONIO ENCINA ARMANET,LICEO FRANCISCO ANTONIO ENCINA ARMANET,6,LGBO,6107,LAS CABRAS,0,"-34,29343","-71,30838",2,1,1032,1,1,1,ILUSTRE MUNICIPALIDAD DE LAS CABRAS,Aulas Conectadas 2025,LISTA DE ESPERA,50,https://docs.google.com/spreadsheets/d/11EPq1k3dRWyrXfsWJWh405slQ-tyEjJj/edit,https://datosabiertos.mineduc.cl/wp-content/uploads/2025/11/Directorio-Oficial-EE-2025.rar
waitlist,298,ESCUELA DARIO SALAS DIAZ,ESCUELA DARIO SALAS DIAZ,2,ANTOF,2101,ANTOFAGASTA,0,"-23,66102","-70,396584",1,1,542,1,1,0,CORP MUNIC DESARROLLO SOCIAL ANTOFAGASTA,Aulas Conectadas 2025,LISTA DE ESPERA,51,https://docs.google.com/spreadsheets/d/11EPq1k3dRWyrXfsWJWh405slQ-tyEjJj/edit,https://datosabiertos.mineduc.cl/wp-content/uploads/2025/11/Directorio-Oficial-EE-2025.rar
waitlist,2804,ESC. MANUEL RODRIGUEZ ERDOIZA,ESC. MANUEL RODRIGUEZ ERDOIZA,7,MAULE,7308,TENO,1,"-34,959221","-70,971161",2,1,154,1,1,0,ILUSTRE MUNICIPALIDAD DE TENO,Aulas Conectadas 2025,LISTA DE ESPERA,52,https://docs.google.com/spreadsheets/d/11EPq1k3dRWyrXfsWJWh405slQ-tyEjJj/edit,https://datosabiertos.mineduc.cl/wp-content/uploads/2025/11/Directorio-Oficial-EE-2025.rar
waitlist,22130,ESCUELA ALLA-KINTUY,ESCUELA ALLA-KINTUY,10,LAGOS,10208,QUELLÓN,0,"-43,119381","-73,639236",6,5,231,1,1,0,SERVICIO LOCAL DE EDUCACIÓN PÚBLICA DE CHILOÉ,Aulas Conectadas 2025,LISTA DE ESPERA,53,https://docs.google.com/spreadsheets/d/11EPq1k3dRWyrXfsWJWh405slQ-tyEjJj/edit,https://datosabiertos.mineduc.cl/wp-content/uploads/2025/11/Directorio-Oficial-EE-2025.rar
waitlist,1369,ESCUELA SUPERIOR Nº 1,ESCUELA SUPERIOR Nº 1,5,VALPO,5501,QUILLOTA,0,"-32,882721","-71,249603",2,1,239,1,1,0,ILUSTRE MUNICIPALIDAD DE QUILLOTA,Aulas Conectadas 2025,LISTA DE ESPERA,54,https://docs.google.com/spreadsheets/d/11EPq1k3dRWyrXfsWJWh405slQ-tyEjJj/edit,https://datosabiertos.mineduc.cl/wp-content/uploads/2025/11/Directorio-Oficial-EE-2025.rar
waitlist,2654,COLEGIO LIBERTADORES,COLEGIO LIBERTADORES,6,LGBO,6201,PICHILEMU,1,"-34,390949","-72,018204",2,1,293,1,1,0,ILUSTRE MUNICIPALIDAD DE PICHILEMU,Aulas Conectadas 2025,LISTA DE ESPERA,55,https://docs.google.com/spreadsheets/d/11EPq1k3dRWyrXfsWJWh405slQ-tyEjJj/edit,https://datosabiertos.mineduc.cl/wp-content/uploads/2025/11/Directorio-Oficial-EE-2025.rar
waitlist,3497,ESCUELA JOSE MIGUEL CARRERA,ESCUELA JOSE MIGUEL CARRERA,7,MAULE,7406,SAN JAVIER,1,"-35,606461","-71,802818",2,1,182,1,1,0,ILUSTRE MUNICIPALIDAD DE SAN JAVIER,Aulas Conectadas 2025,LISTA DE ESPERA,56,https://docs.google.com/spreadsheets/d/11EPq1k3dRWyrXfsWJWh405slQ-tyEjJj/edit,https://datosabiertos.mineduc.cl/wp-content/uploads/2025/11/Directorio-Oficial-EE-2025.rar
waitlist,9597,ESCUELA PABLO DE ROKHA,ESCUELA PABLO DE ROKHA,13,RM,13112,LA PINTANA,0,"-33,58026544","-70,65106011",6,5,115,1,1,0,SERVICIO LOCAL DE EDUCACION PUBLICA DEL PINO,Aulas Conectadas 2025,LISTA DE ESPERA,57,https://docs.google.com/spreadsheets/d/11EPq1k3dRWyrXfsWJWh405slQ-tyEjJj/edit,https://datosabiertos.mineduc.cl/wp-content/uploads/2025/11/Directorio-Oficial-EE-2025.rar
waitlist,9592,ESCUELA BASICA SENDERO DEL SABER,ESCUELA BASICA SENDERO DEL SABER,13,RM,13131,SAN RAMÓN,0,"-33,52660334","-70,63856408",6,5,247,1,1,0,SERVICIO LOCAL DE EDUCACIÓN PUBLICA SANTA ROSA,Aulas Conectadas 2025,LISTA DE ESPERA,58,https://docs.google.com/spreadsheets/d/11EPq1k3dRWyrXfsWJWh405slQ-tyEjJj/edit,https://datosabiertos.mineduc.cl/wp-content/uploads/2025/11/Directorio-Oficial-EE-2025.rar
waitlist,2359,ESCUELA LARMAHUE,ESCUELA LARMAHUE,6,LGBO,6113,PICHIDEGUA,1,"-34,413479","-71,24247",2,1,176,1,1,0,ILUSTRE MUNICIPALIDAD DE PICHIDEGUA,Aulas Conectadas 2025,LISTA DE ESPERA,59,https://docs.google.com/spreadsheets/d/11EPq1k3dRWyrXfsWJWh405slQ-tyEjJj/edit,https://datosabiertos.mineduc.cl/wp-content/uploads/2025/11/Directorio-Oficial-EE-2025.rar
waitlist,418,ESCUELA ISABEL PEÑA MORALES,ESCUELA ISABEL PEÑA MORALES,3,ATCMA,3101,COPIAPÓ,0,"-27,3839","-70,307793",6,5,828,1,1,0,SERVICIO LOCAL DE EDUCACIÓN PÚBLICA DE ATACAMA,Aulas Conectadas 2025,LISTA DE ESPERA,60,https://docs.google.com/spreadsheets/d/11EPq1k3dRWyrXfsWJWh405slQ-tyEjJj/edit,https://datosabiertos.mineduc.cl/wp-content/uploads/2025/11/Directorio-Oficial-EE-2025.rar
waitlist,1261,LICEO DOCTOR ROBERTO HUMERES O.,LICEO DOCTOR ROBERTO HUMERES O.,5,VALPO,5701,SAN FELIPE,0,"-32,748631","-70,725761",2,1,296,1,1,1,ILUSTRE MUNICIPALIDAD DE SAN FELIPE,Aulas Conectadas 2025,LISTA DE ESPERA,61,https://docs.google.com/spreadsheets/d/11EPq1k3dRWyrXfsWJWh405slQ-tyEjJj/edit,https://datosabiertos.mineduc.cl/wp-content/uploads/2025/11/Directorio-Oficial-EE-2025.rar
waitlist,3323,ESCUELA LUIS AMBROSIO CONCHA,ESCUELA LUIS AMBROSIO CONCHA,7,MAULE,7408,YERBAS BUENAS,1,"-35,714291","-71,576103",2,1,225,1,1,0,ILUSTRE MUNICIPALIDAD DE YERBAS BUENAS,Aulas Conectadas 2025,LISTA DE ESPERA,62,https://docs.google.com/spreadsheets/d/11EPq1k3dRWyrXfsWJWh405slQ-tyEjJj/edit,https://datosabiertos.mineduc.cl/wp-content/uploads/2025/11/Directorio-Oficial-EE-2025.rar
waitlist,6753,LICEO SANTA MARIA LA BLANCA,LICEO SANTA MARIA LA BLANCA,14,RIOS,14101,VALDIVIA,0,"-39,81601","-73,240768",6,5,369,1,1,0,SERVICIO LOCAL DE EDUCACION PUBLICA VALDIVIA (SLEP VALDIVIA),Aulas Conectadas 2025,LISTA DE ESPERA,63,https://docs.google.com/spreadsheets/d/11EPq1k3dRWyrXfsWJWh405slQ-tyEjJj/edit,https://datosabiertos.mineduc.cl/wp-content/uploads/2025/11/Directorio-Oficial-EE-2025.rar
waitlist,10579,ESCUELA JOSE NUEZ MARTIN,ESCUELA JOSE NUEZ MARTIN,13,RM,13401,SAN BERNARDO,0,"-33,61635551","-70,69273977",6,5,310,1,1,0,SERVICIO LOCAL DE EDUCACION PUBLICA DEL PINO,Aulas Conectadas 2025,LISTA DE ESPERA,64,https://docs.google.com/spreadsheets/d/11EPq1k3dRWyrXfsWJWh405slQ-tyEjJj/edit,https://datosabiertos.mineduc.cl/wp-content/uploads/2025/11/Directorio-Oficial-EE-2025.rar
waitlist,9614,ESCUELA BASICA KARELMAPU,ESCUELA BASICA KARELMAPU,13,RM,13131,SAN RAMÓN,0,"-33,54572768","-70,64375712",6,5,192,1,1,0,SERVICIO LOCAL DE EDUCACIÓN PUBLICA SANTA ROSA,Aulas Conectadas 2025,LISTA DE ESPERA,65,https://docs.google.com/spreadsheets/d/11EPq1k3dRWyrXfsWJWh405slQ-tyEjJj/edit,https://datosabiertos.mineduc.cl/wp-content/uploads/2025/11/Directorio-Oficial-EE-2025.rar
waitlist,9736,ESCUELA BASICA BERNARDO O´HIGGINS,ESCUELA BASICA BERNARDO O´HIGGINS,13,RM,13116,LO ESPEJO,0,"-33,50994357","-70,69565764",6,5,246,1,1,0,SERVICIO LOCAL DE EDUCACIÓN PUBLICA SANTA ROSA,Aulas Conectadas 2025,LISTA DE ESPERA,66,https://docs.google.com/spreadsheets/d/11EPq1k3dRWyrXfsWJWh405slQ-tyEjJj/edit,https://datosabiertos.mineduc.cl/wp-content/uploads/2025/11/Directorio-Oficial-EE-2025.rar
waitlist,12980,LICEO BICENTENARIO DIEGO PORTALES PALAZUELOS,LICEO BICENTENARIO DIEGO PORTALES PALAZUELOS,2,ANTOF,2201,CALAMA,0,"-22,47016","-68,929382",6,5,852,1,1,0,SERVICIO LOCAL DE EDUCACIÓN PÚBLICA LICANCABUR,Aulas Conectadas 2025,LISTA DE ESPERA,67,https://docs.google.com/spreadsheets/d/11EPq1k3dRWyrXfsWJWh405slQ-tyEjJj/edit,https://datosabiertos.mineduc.cl/wp-content/uploads/2025/11/Directorio-Oficial-EE-2025.rar
waitlist,10543,LICEO POLIVALENTE A-127 FIDEL PINOCHET LE-BRUN,LICEO POLIVALENTE A-127 FIDEL PINOCHET LE-BRUN,13,RM,13401,SAN BERNARDO,0,"-33,60161529","-70,70430809",6,5,517,1,1,0,SERVICIO LOCAL DE EDUCACION PUBLICA DEL PINO,Aulas Conectadas 2025,LISTA DE ESPERA,68,https://docs.google.com/spreadsheets/d/11EPq1k3dRWyrXfsWJWh405slQ-tyEjJj/edit,https://datosabiertos.mineduc.cl/wp-content/uploads/2025/11/Directorio-Oficial-EE-2025.rar
waitlist,11111,LICEO ALBERTO GALLARDO LORCA,LICEO ALBERTO GALLARDO LORCA,4,COQ,4304,PUNITAQUI,0,"-30,833229","-71,25489",2,1,551,1,1,1,ILUSTRE MUNICIPALIDAD DE PUNITAQUI,Aulas Conectadas 2025,LISTA DE ESPERA,69,https://docs.google.com/spreadsheets/d/11EPq1k3dRWyrXfsWJWh405slQ-tyEjJj/edit,https://datosabiertos.mineduc.cl/wp-content/uploads/2025/11/Directorio-Oficial-EE-2025.rar
waitlist,1716,ESCUELA VILLA INDEPENDENCIA,ESCUELA VILLA INDEPENDENCIA,5,VALPO,5109,VIÑA DEL MAR,0,"-33,021511","-71,501556",6,5,215,1,1,0,SERVICIO LOCAL DE EDUCACION PUBLICA DE COSTA CENTRAL,Aulas Conectadas 2025,LISTA DE ESPERA,70,https://docs.google.com/spreadsheets/d/11EPq1k3dRWyrXfsWJWh405slQ-tyEjJj/edit,https://datosabiertos.mineduc.cl/wp-content/uploads/2025/11/Directorio-Oficial-EE-2025.rar
waitlist,193,ESCUELA BASICA POZO ALMONTE,ESCUELA BASICA POZO ALMONTE,1,TPCA,1401,POZO ALMONTE,1,"-20,245819","-69,78228",1,1,690,1,1,0,COR.MUNICIPAL DE DES.SOCIAL POZO ALMONTE,Aulas Conectadas 2025,LISTA DE ESPERA,71,https://docs.google.com/spreadsheets/d/11EPq1k3dRWyrXfsWJWh405slQ-tyEjJj/edit,https://datosabiertos.mineduc.cl/wp-content/uploads/2025/11/Directorio-Oficial-EE-2025.rar
waitlist,2122,ESCUELA MUNICIPAL EL COBRE,ESCUELA MUNICIPAL EL COBRE,6,LGBO,6101,RANCAGUA,0,"-34,152859","-70,744537",1,1,433,1,1,0,CORP MUNICP SERV PUBL TRASP DE RANCAGUA,Aulas Conectadas 2025,LISTA DE ESPERA,72,https://docs.google.com/spreadsheets/d/11EPq1k3dRWyrXfsWJWh405slQ-tyEjJj/edit,https://datosabiertos.mineduc.cl/wp-content/uploads/2025/11/Directorio-Oficial-EE-2025.rar
waitlist,1710,CENTRO DE EDUCACION INTEGRADA DE ADULTOS,CENTRO DE EDUCACION INTEGRADA DE ADULTOS,5,VALPO,5109,VIÑA DEL MAR,0,"-33,03749084","-71,52007294",6,5,227,1,1,0,SERVICIO LOCAL DE EDUCACION PUBLICA DE COSTA CENTRAL,Aulas Conectadas 2025,LISTA DE ESPERA,73,https://docs.google.com/spreadsheets/d/11EPq1k3dRWyrXfsWJWh405slQ-tyEjJj/edit,https://datosabiertos.mineduc.cl/wp-content/uploads/2025/11/Directorio-Oficial-EE-2025.rar
waitlist,2131,ESCUELA MUNICIPAL CARLOS MIRANDA MIRANDA,ESCUELA MUNICIPAL CARLOS MIRANDA MIRANDA,6,LGBO,6101,RANCAGUA,0,"-34,177479","-70,746758",1,1,185,1,1,0,CORP MUNICP SERV PUBL TRASP DE RANCAGUA,Aulas Conectadas 2025,LISTA DE ESPERA,74,https://docs.google.com/spreadsheets/d/11EPq1k3dRWyrXfsWJWh405slQ-tyEjJj/edit,https://datosabiertos.mineduc.cl/wp-content/uploads/2025/11/Directorio-Oficial-EE-2025.rar
waitlist,10564,ESCUELA REPUBLICA DEL PERU,ESCUELA REPUBLICA DEL PERU,13,RM,13401,SAN BERNARDO,0,"-33,60429845","-70,69771244",6,5,239,1,1,0,SERVICIO LOCAL DE EDUCACION PUBLICA DEL PINO,Aulas Conectadas 2025,LISTA DE ESPERA,75,https://docs.google.com/spreadsheets/d/11EPq1k3dRWyrXfsWJWh405slQ-tyEjJj/edit,https://datosabiertos.mineduc.cl/wp-content/uploads/2025/11/Directorio-Oficial-EE-2025.rar
waitlist,5005,ESCUELA ESCUADRON,ESCUELA ESCUADRON,8,BBIO,8102,CORONEL,1,"-36,95467","-73,14856",6,5,549,1,1,0,SERVICIO LOCAL DE EDUCACIÓN PÚBLICA ANDALIÉN COSTA,Aulas Conectadas 2025,LISTA DE ESPERA,76,https://docs.google.com/spreadsheets/d/11EPq1k3dRWyrXfsWJWh405slQ-tyEjJj/edit,https://datosabiertos.mineduc.cl/wp-content/uploads/2025/11/Directorio-Oficial-EE-2025.rar
waitlist,13122,CENTRO DE EDUCACIÓN INTEGRADA DE ADULTOS CEIA,CENTRO DE EDUCACIÓN INTEGRADA DE ADULTOS CEIA,3,ATCMA,3301,VALLENAR,0,"-28,58396985","-70,74437751",6,5,150,1,1,0,SERVICIO LOCAL DE EDUCACIÓN PUBLICA DE HUASCO,Aulas Conectadas 2025,LISTA DE ESPERA,77,https://docs.google.com/spreadsheets/d/11EPq1k3dRWyrXfsWJWh405slQ-tyEjJj/edit,https://datosabiertos.mineduc.cl/wp-content/uploads/2025/11/Directorio-Oficial-EE-2025.rar
waitlist,9444,ESCUELA ESPECIAL LOS CEDROS DEL LIBANO,ESCUELA ESPECIAL LOS CEDROS DEL LIBANO,13,RM,13130,SAN MIGUEL,0,"-33,486294","-70,65289",6,5,167,1,0,0,SERVICIO LOCAL DE EDUCACIÓN PUBLICA SANTA ROSA,Aulas Conectadas 2025,LISTA DE ESPERA,78,https://docs.google.com/spreadsheets/d/11EPq1k3dRWyrXfsWJWh405slQ-tyEjJj/edit,https://datosabiertos.mineduc.cl/wp-content/uploads/2025/11/Directorio-Oficial-EE-2025.rar
waitlist,2300,ESCUELA LA ISLA EMMA ESCOBAR DE LAGOS,ESCUELA LA ISLA EMMA ESCOBAR DE LAGOS,6,LGBO,6115,RENGO,0,"-34,38385","-70,845428",2,1,289,1,1,0,ILUSTRE MUNICIPALIDAD DE RENGO,Aulas Conectadas 2025,LISTA DE ESPERA,79,https://docs.google.com/spreadsheets/d/11EPq1k3dRWyrXfsWJWh405slQ-tyEjJj/edit,https://datosabiertos.mineduc.cl/wp-content/uploads/2025/11/Directorio-Oficial-EE-2025.rar
waitlist,2741,ESCUELA ERNESTO CASTRO ARELLANO,ESCUELA ERNESTO CASTRO ARELLANO,7,MAULE,7301,CURICÓ,0,"-34,97934","-71,239143",2,1,191,1,1,0,ILUSTRE MUNICIPALIDAD DE CURICO,Aulas Conectadas 2025,LISTA DE ESPERA,80,https://docs.google.com/spreadsheets/d/11EPq1k3dRWyrXfsWJWh405slQ-tyEjJj/edit,https://datosabiertos.mineduc.cl/wp-content/uploads/2025/11/Directorio-Oficial-EE-2025.rar
waitlist,1321,ESCUELA GUILLERMO BANADOS HONORATO,ESCUELA GUILLERMO BANADOS HONORATO,5,VALPO,5706,SANTA MARÍA,1,"-32,794331","-70,624252",2,1,184,1,1,0,ILUSTRE MUNICIPALIDAD DE SANTA MARIA,Aulas Conectadas 2025,LISTA DE ESPERA,81,https://docs.google.com/spreadsheets/d/11EPq1k3dRWyrXfsWJWh405slQ-tyEjJj/edit,https://datosabiertos.mineduc.cl/wp-content/uploads/2025/11/Directorio-Oficial-EE-2025.rar
waitlist,375,ESCUELA VICTOR CARVAJAL MEZA,ESCUELA VICTOR CARVAJAL MEZA,2,ANTOF,2104,TALTAL,0,"-25,406651","-70,485962",2,1,520,1,1,0,ILUSTRE MUNICIPALIDAD DE TALTAL,Aulas Conectadas 2025,LISTA DE ESPERA,82,https://docs.google.com/spreadsheets/d/11EPq1k3dRWyrXfsWJWh405slQ-tyEjJj/edit,https://datosabiertos.mineduc.cl/wp-content/uploads/2025/11/Directorio-Oficial-EE-2025.rar
waitlist,206,ESCUELA ESTADOS UNIDOS DE NORTEAMERICA,ESCUELA ESTADOS UNIDOS DE NORTEAMERICA,2,ANTOF,2301,TOCOPILLA,0,"-22,108561","-70,210274",6,5,417,1,1,0,SERVICIO LOCAL DE EDUCACIÓN PÚBLICA LICANCABUR,Aulas Conectadas 2025,LISTA DE ESPERA,83,https://docs.google.com/spreadsheets/d/11EPq1k3dRWyrXfsWJWh405slQ-tyEjJj/edit,https://datosabiertos.mineduc.cl/wp-content/uploads/2025/11/Directorio-Oficial-EE-2025.rar
waitlist,1851,LICEO POLITECNICO QUINTERO,LICEO POLITECNICO QUINTERO,5,VALPO,5107,QUINTERO,0,"-32,788761","-71,527283",6,5,612,1,1,1,SERVICIO LOCAL DE EDUCACION PUBLICA DE COSTA CENTRAL,Aulas Conectadas 2025,LISTA DE ESPERA,84,https://docs.google.com/spreadsheets/d/11EPq1k3dRWyrXfsWJWh405slQ-tyEjJj/edit,https://datosabiertos.mineduc.cl/wp-content/uploads/2025/11/Directorio-Oficial-EE-2025.rar
waitlist,556,ESCUELA DE ROMERO,ESCUELA DE ROMERO,4,COQ,4101,LA SERENA,1,"-29,88866","-71,141769",6,5,146,1,1,0,SERVICIO LOCAL DE EDUCACIÓN DEL ELQUI,Aulas Conectadas 2025,LISTA DE ESPERA,85,https://docs.google.com/spreadsheets/d/11EPq1k3dRWyrXfsWJWh405slQ-tyEjJj/edit,https://datosabiertos.mineduc.cl/wp-content/uploads/2025/11/Directorio-Oficial-EE-2025.rar
waitlist,232,ESCUELA BASICA PEDRO VERGARA KELLER,ESCUELA BASICA PEDRO VERGARA KELLER,2,ANTOF,2201,CALAMA,0,"-22,4417","-68,932564",6,5,631,1,1,0,SERVICIO LOCAL DE EDUCACIÓN PÚBLICA LICANCABUR,Aulas Conectadas 2025,LISTA DE ESPERA,86,https://docs.google.com/spreadsheets/d/11EPq1k3dRWyrXfsWJWh405slQ-tyEjJj/edit,https://datosabiertos.mineduc.cl/wp-content/uploads/2025/11/Directorio-Oficial-EE-2025.rar
waitlist,6225,ESCUELA JUAN BTA. CHESTA CH.,ESCUELA JUAN BTA. CHESTA CH.,9,ARAUC,9114,PITRUFQUÉN,0,"-38,993","-72,628143",2,1,214,1,1,0,ILUSTRE MUNICIPALIDAD DE PITRUFQUEN,Aulas Conectadas 2025,LISTA DE ESPERA,87,https://docs.google.com/spreadsheets/d/11EPq1k3dRWyrXfsWJWh405slQ-tyEjJj/edit,https://datosabiertos.mineduc.cl/wp-content/uploads/2025/11/Directorio-Oficial-EE-2025.rar
waitlist,18016,ESCUELA BASICA PUEBLO SECO,ESCUELA BASICA PUEBLO SECO,16,NUBLE,16108,SAN IGNACIO,0,"-36,880459","-72,093643",2,1,290,1,1,0,ILUSTRE MUNICIPALIDAD DE SAN IGNACIO,Aulas Conectadas 2025,LISTA DE ESPERA,88,https://docs.google.com/spreadsheets/d/11EPq1k3dRWyrXfsWJWh405slQ-tyEjJj/edit,https://datosabiertos.mineduc.cl/wp-content/uploads/2025/11/Directorio-Oficial-EE-2025.rar
waitlist,7833,ESCUELA JOSE ABELARDO NUÑEZ,ESCUELA JOSE ABELARDO NUÑEZ,10,LAGOS,10108,MAULLIN,0,"-41,617279","-73,601143",2,1,251,1,1,0,ILUSTRE MUNICIPALIDAD DE MAULLIN,Aulas Conectadas 2025,LISTA DE ESPERA,89,https://docs.google.com/spreadsheets/d/11EPq1k3dRWyrXfsWJWh405slQ-tyEjJj/edit,https://datosabiertos.mineduc.cl/wp-content/uploads/2025/11/Directorio-Oficial-EE-2025.rar
waitlist,9734,ESCUELA RAUL SAEZ SAEZ,ESCUELA  RAUL SAEZ SAEZ,13,RM,13116,LO ESPEJO,0,"-33,51240751","-70,68955443",6,5,269,1,1,0,SERVICIO LOCAL DE EDUCACIÓN PUBLICA SANTA ROSA,Aulas Conectadas 2025,LISTA DE ESPERA,90,https://docs.google.com/spreadsheets/d/11EPq1k3dRWyrXfsWJWh405slQ-tyEjJj/edit,https://datosabiertos.mineduc.cl/wp-content/uploads/2025/11/Directorio-Oficial-EE-2025.rar
waitlist,4201,ESCUELA BÁSICA HITILHUE,ESCUELA BÁSICA HITILHUE,8,BBIO,8301,LOS ÁNGELES,1,"-37,595131","-72,276901",2,1,215,1,1,0,ILUSTRE MUNICIPALIDAD DE LOS ANGELES,Aulas Conectadas 2025,LISTA DE ESPERA,91,https://docs.google.com/spreadsheets/d/11EPq1k3dRWyrXfsWJWh405slQ-tyEjJj/edit,https://datosabiertos.mineduc.cl/wp-content/uploads/2025/11/Directorio-Oficial-EE-2025.rar
waitlist,40289,INSTITUTO BICENTENARIO J.MIGUEL CARRERA,INSTITUTO BICENTENARIO J.MIGUEL CARRERA,5,VALPO,5601,SAN ANTONIO,0,"-33,597321","-71,613777",2,1,520,1,0,0,ILUSTRE MUNICIPALIDAD DE SAN ANTONIO,Aulas Conectadas 2025,LISTA DE ESPERA,92,https://docs.google.com/spreadsheets/d/11EPq1k3dRWyrXfsWJWh405slQ-tyEjJj/edit,https://datosabiertos.mineduc.cl/wp-content/uploads/2025/11/Directorio-Oficial-EE-2025.rar
waitlist,10475,ESCUELA GABRIELA,ESCUELA GABRIELA,13,RM,13201,PUENTE ALTO,0,"-33,5720615","-70,5986595",1,1,733,1,1,0,CORP MUNIC EDUC SALUD Y AT MEN PTE ALTO,Aulas Conectadas 2025,LISTA DE ESPERA,93,https://docs.google.com/spreadsheets/d/11EPq1k3dRWyrXfsWJWh405slQ-tyEjJj/edit,https://datosabiertos.mineduc.cl/wp-content/uploads/2025/11/Directorio-Oficial-EE-2025.rar
