comuna,comuna_nombre,region,region_nombre,operator,network_role,service_key,line_length_km,source_segments_intersecting,interpretation
1101,Iquique,1,Tarapacá,Claro,RedAcceso,claro_redacceso,210.0871,823,public regulatory RedAcceso linework clipped within commune; not retail service availability or geographic/population coverage
1101,Iquique,1,Tarapacá,Claro,RedAcceso_HFC,claro_redacceso_hfc,107.4148,244,public regulatory RedAcceso linework clipped within commune; not retail service availability or geographic/population coverage
1101,Iquique,1,Tarapacá,Entel,RedAcceso_distribucion,entel_redacceso_distribucion,243.3275,1172,public regulatory RedAcceso linework clipped within commune; not retail service availability or geographic/population coverage
1101,Iquique,1,Tarapacá,Entel,RedAcceso_primarias,entel_redacceso_primarias,65.4517,100,public regulatory RedAcceso linework clipped within commune; not retail service availability or geographic/population coverage
1101,Iquique,1,Tarapacá,Infraco,RedAcceso,infraco_redacceso,387.1253,4729,public regulatory RedAcceso linework clipped within commune; not retail service availability or geographic/population coverage
1101,Iquique,1,Tarapacá,VTR,RedAcceso_FTTH,vtr_redacceso_ftth,22.426,63,public regulatory RedAcceso linework clipped within commune; not retail service availability or geographic/population coverage
1107,Alto Hospicio,1,Tarapacá,Claro,RedAcceso,claro_redacceso,3.3635,4,public regulatory RedAcceso linework clipped within commune; not retail service availability or geographic/population coverage
1107,Alto Hospicio,1,Tarapacá,Claro,RedAcceso_HFC,claro_redacceso_hfc,65.0592,180,public regulatory RedAcceso linework clipped within commune; not retail service availability or geographic/population coverage
1107,Alto Hospicio,1,Tarapacá,Entel,RedAcceso_distribucion,entel_redacceso_distribucion,124.0906,620,public regulatory RedAcceso linework clipped within commune; not retail service availability or geographic/population coverage
1107,Alto Hospicio,1,Tarapacá,Entel,RedAcceso_primarias,entel_redacceso_primarias,5.3137,11,public regulatory RedAcceso linework clipped within commune; not retail service availability or geographic/population coverage
1107,Alto Hospicio,1,Tarapacá,Infraco,RedAcceso,infraco_redacceso,231.4048,3061,public regulatory RedAcceso linework clipped within commune; not retail service availability or geographic/population coverage
1107,Alto Hospicio,1,Tarapacá,VTR,RedAcceso_FTTH,vtr_redacceso_ftth,21.4173,58,public regulatory RedAcceso linework clipped within commune; not retail service availability or geographic/population coverage
1401,Pozo Almonte,1,Tarapacá,Claro,RedAcceso,claro_redacceso,2.9902,5,public regulatory RedAcceso linework clipped within commune; not retail service availability or geographic/population coverage
1401,Pozo Almonte,1,Tarapacá,Entel,RedAcceso_distribucion,entel_redacceso_distribucion,34.1145,192,public regulatory RedAcceso linework clipped within commune; not retail service availability or geographic/population coverage
1401,Pozo Almonte,1,Tarapacá,Entel,RedAcceso_primarias,entel_redacceso_primarias,0.0562,1,public regulatory RedAcceso linework clipped within commune; not retail service availability or geographic/population coverage
1401,Pozo Almonte,1,Tarapacá,Infraco,RedAcceso,infraco_redacceso,41.7654,342,public regulatory RedAcceso linework clipped within commune; not retail service availability or geographic/population coverage
1404,Huara,1,Tarapacá,Entel,RedAcceso_distribucion,entel_redacceso_distribucion,0.0542,2,public regulatory RedAcceso linework clipped within commune; not retail service availability or geographic/population coverage
1405,Pica,1,Tarapacá,Entel,RedAcceso_distribucion,entel_redacceso_distribucion,21.4977,47,public regulatory RedAcceso linework clipped within commune; not retail service availability or geographic/population coverage
1405,Pica,1,Tarapacá,Entel,RedAcceso_primarias,entel_redacceso_primarias,1.774,1,public regulatory RedAcceso linework clipped within commune; not retail service availability or geographic/population coverage
2101,Antofagasta,2,Antofagasta,Claro,RedAcceso,claro_redacceso,338.61,1178,public regulatory RedAcceso linework clipped within commune; not retail service availability or geographic/population coverage
2101,Antofagasta,2,Antofagasta,Claro,RedAcceso_HFC,claro_redacceso_hfc,271.9914,611,public regulatory RedAcceso linework clipped within commune; not retail service availability or geographic/population coverage
2101,Antofagasta,2,Antofagasta,Entel,RedAcceso_distribucion,entel_redacceso_distribucion,461.9889,2149,public regulatory RedAcceso linework clipped within commune; not retail service availability or geographic/population coverage
2101,Antofagasta,2,Antofagasta,Entel,RedAcceso_primarias,entel_redacceso_primarias,95.4226,209,public regulatory RedAcceso linework clipped within commune; not retail service availability or geographic/population coverage
2101,Antofagasta,2,Antofagasta,Infraco,RedAcceso,infraco_redacceso,146.8373,1176,public regulatory RedAcceso linework clipped within commune; not retail service availability or geographic/population coverage
2101,Antofagasta,2,Antofagasta,VTR,RedAcceso_FTTH,vtr_redacceso_ftth,36.1157,92,public regulatory RedAcceso linework clipped within commune; not retail service availability or geographic/population coverage
2102,Mejillones,2,Antofagasta,Claro,RedAcceso,claro_redacceso,11.9719,20,public regulatory RedAcceso linework clipped within commune; not retail service availability or geographic/population coverage
2102,Mejillones,2,Antofagasta,Entel,RedAcceso_distribucion,entel_redacceso_distribucion,17.9657,88,public regulatory RedAcceso linework clipped within commune; not retail service availability or geographic/population coverage
2102,Mejillones,2,Antofagasta,Entel,RedAcceso_primarias,entel_redacceso_primarias,1.8207,1,public regulatory RedAcceso linework clipped within commune; not retail service availability or geographic/population coverage
2102,Mejillones,2,Antofagasta,Infraco,RedAcceso,infraco_redacceso,31.5693,454,public regulatory RedAcceso linework clipped within commune; not retail service availability or geographic/population coverage
2102,Mejillones,2,Antofagasta,VTR,RedAcceso_FTTH,vtr_redacceso_ftth,2.6927,9,public regulatory RedAcceso linework clipped within commune; not retail service availability or geographic/population coverage
2103,Sierra Gorda,2,Antofagasta,Claro,RedAcceso,claro_redacceso,0.1785,2,public regulatory RedAcceso linework clipped within commune; not retail service availability or geographic/population coverage
2103,Sierra Gorda,2,Antofagasta,Entel,RedAcceso_distribucion,entel_redacceso_distribucion,62.9696,39,public regulatory RedAcceso linework clipped within commune; not retail service availability or geographic/population coverage
2103,Sierra Gorda,2,Antofagasta,Entel,RedAcceso_primarias,entel_redacceso_primarias,5.5052,2,public regulatory RedAcceso linework clipped within commune; not retail service availability or geographic/population coverage
2104,Taltal,2,Antofagasta,Entel,RedAcceso_distribucion,entel_redacceso_distribucion,9.9534,53,public regulatory RedAcceso linework clipped within commune; not retail service availability or geographic/population coverage
2104,Taltal,2,Antofagasta,Entel,RedAcceso_primarias,entel_redacceso_primarias,0.2471,1,public regulatory RedAcceso linework clipped within commune; not retail service availability or geographic/population coverage
2104,Taltal,2,Antofagasta,VTR,RedAcceso_FTTH,vtr_redacceso_ftth,2.7931,9,public regulatory RedAcceso linework clipped within commune; not retail service availability or geographic/population coverage
2201,Calama,2,Antofagasta,Claro,RedAcceso,claro_redacceso,254.801,694,public regulatory RedAcceso linework clipped within commune; not retail service availability or geographic/population coverage
2201,Calama,2,Antofagasta,Claro,RedAcceso_HFC,claro_redacceso_hfc,137.933,293,public regulatory RedAcceso linework clipped within commune; not retail service availability or geographic/population coverage
2201,Calama,2,Antofagasta,Entel,RedAcceso_distribucion,entel_redacceso_distribucion,197.1079,601,public regulatory RedAcceso linework clipped within commune; not retail service availability or geographic/population coverage
2201,Calama,2,Antofagasta,Entel,RedAcceso_primarias,entel_redacceso_primarias,56.9176,87,public regulatory RedAcceso linework clipped within commune; not retail service availability or geographic/population coverage
2201,Calama,2,Antofagasta,Infraco,RedAcceso,infraco_redacceso,419.0843,4276,public regulatory RedAcceso linework clipped within commune; not retail service availability or geographic/population coverage
2201,Calama,2,Antofagasta,VTR,RedAcceso_FTTH,vtr_redacceso_ftth,21.1409,48,public regulatory RedAcceso linework clipped within commune; not retail service availability or geographic/population coverage
2202,Ollagüe,2,Antofagasta,Entel,RedAcceso_distribucion,entel_redacceso_distribucion,0.6485,10,public regulatory RedAcceso linework clipped within commune; not retail service availability or geographic/population coverage
2203,San Pedro de Atacama,2,Antofagasta,Claro,RedAcceso,claro_redacceso,1.0354,5,public regulatory RedAcceso linework clipped within commune; not retail service availability or geographic/population coverage
2203,San Pedro de Atacama,2,Antofagasta,Entel,RedAcceso_distribucion,entel_redacceso_distribucion,67.9107,242,public regulatory RedAcceso linework clipped within commune; not retail service availability or geographic/population coverage
2203,San Pedro de Atacama,2,Antofagasta,Entel,RedAcceso_primarias,entel_redacceso_primarias,1.8922,7,public regulatory RedAcceso linework clipped within commune; not retail service availability or geographic/population coverage
2301,Tocopilla,2,Antofagasta,Claro,RedAcceso,claro_redacceso,2.3057,4,public regulatory RedAcceso linework clipped within commune; not retail service availability or geographic/population coverage
2301,Tocopilla,2,Antofagasta,Entel,RedAcceso_distribucion,entel_redacceso_distribucion,26.3537,119,public regulatory RedAcceso linework clipped within commune; not retail service availability or geographic/population coverage
2301,Tocopilla,2,Antofagasta,Entel,RedAcceso_primarias,entel_redacceso_primarias,0.063,2,public regulatory RedAcceso linework clipped within commune; not retail service availability or geographic/population coverage
2301,Tocopilla,2,Antofagasta,Infraco,RedAcceso,infraco_redacceso,83.2573,980,public regulatory RedAcceso linework clipped within commune; not retail service availability or geographic/population coverage
2301,Tocopilla,2,Antofagasta,VTR,RedAcceso_FTTH,vtr_redacceso_ftth,39.6958,319,public regulatory RedAcceso linework clipped within commune; not retail service availability or geographic/population coverage
2302,María Elena,2,Antofagasta,Entel,RedAcceso_distribucion,entel_redacceso_distribucion,21.829,20,public regulatory RedAcceso linework clipped within commune; not retail service availability or geographic/population coverage
2302,María Elena,2,Antofagasta,Entel,RedAcceso_primarias,entel_redacceso_primarias,1.9589,14,public regulatory RedAcceso linework clipped within commune; not retail service availability or geographic/population coverage
2302,María Elena,2,Antofagasta,VTR,RedAcceso_FTTH,vtr_redacceso_ftth,0.5304,4,public regulatory RedAcceso linework clipped within commune; not retail service availability or geographic/population coverage
3101,Copiapó,3,Atacama,Claro,RedAcceso,claro_redacceso,190.8952,721,public regulatory RedAcceso linework clipped within commune; not retail service availability or geographic/population coverage
3101,Copiapó,3,Atacama,Claro,RedAcceso_HFC,claro_redacceso_hfc,157.7929,375,public regulatory RedAcceso linework clipped within commune; not retail service availability or geographic/population coverage
3101,Copiapó,3,Atacama,Entel,RedAcceso_distribucion,entel_redacceso_distribucion,148.5415,570,public regulatory RedAcceso linework clipped within commune; not retail service availability or geographic/population coverage
3101,Copiapó,3,Atacama,Entel,RedAcceso_primarias,entel_redacceso_primarias,33.8485,74,public regulatory RedAcceso linework clipped within commune; not retail service availability or geographic/population coverage
3101,Copiapó,3,Atacama,Infraco,RedAcceso,infraco_redacceso,474.6335,4569,public regulatory RedAcceso linework clipped within commune; not retail service availability or geographic/population coverage
3102,Caldera,3,Atacama,Claro,RedAcceso,claro_redacceso,0.7486,2,public regulatory RedAcceso linework clipped within commune; not retail service availability or geographic/population coverage
3102,Caldera,3,Atacama,Entel,RedAcceso_distribucion,entel_redacceso_distribucion,17.2832,64,public regulatory RedAcceso linework clipped within commune; not retail service availability or geographic/population coverage
3102,Caldera,3,Atacama,Entel,RedAcceso_primarias,entel_redacceso_primarias,3.2951,8,public regulatory RedAcceso linework clipped within commune; not retail service availability or geographic/population coverage
3102,Caldera,3,Atacama,VTR,RedAcceso_FTTH,vtr_redacceso_ftth,40.765,256,public regulatory RedAcceso linework clipped within commune; not retail service availability or geographic/population coverage
3103,Tierra Amarilla,3,Atacama,Entel,RedAcceso_distribucion,entel_redacceso_distribucion,6.127,6,public regulatory RedAcceso linework clipped within commune; not retail service availability or geographic/population coverage
3201,Chañaral,3,Atacama,Claro,RedAcceso,claro_redacceso,0.2194,4,public regulatory RedAcceso linework clipped within commune; not retail service availability or geographic/population coverage
3201,Chañaral,3,Atacama,Entel,RedAcceso_distribucion,entel_redacceso_distribucion,15.2724,65,public regulatory RedAcceso linework clipped within commune; not retail service availability or geographic/population coverage
3202,Diego de Almagro,3,Atacama,Claro,RedAcceso,claro_redacceso,5.2435,12,public regulatory RedAcceso linework clipped within commune; not retail service availability or geographic/population coverage
3202,Diego de Almagro,3,Atacama,Entel,RedAcceso_distribucion,entel_redacceso_distribucion,14.2763,66,public regulatory RedAcceso linework clipped within commune; not retail service availability or geographic/population coverage
3202,Diego de Almagro,3,Atacama,Entel,RedAcceso_primarias,entel_redacceso_primarias,2.2029,6,public regulatory RedAcceso linework clipped within commune; not retail service availability or geographic/population coverage
3301,Vallenar,3,Atacama,Claro,RedAcceso,claro_redacceso,28.8166,84,public regulatory RedAcceso linework clipped within commune; not retail service availability or geographic/population coverage
3301,Vallenar,3,Atacama,Entel,RedAcceso_distribucion,entel_redacceso_distribucion,47.0343,172,public regulatory RedAcceso linework clipped within commune; not retail service availability or geographic/population coverage
3301,Vallenar,3,Atacama,Entel,RedAcceso_primarias,entel_redacceso_primarias,10.771,22,public regulatory RedAcceso linework clipped within commune; not retail service availability or geographic/population coverage
3301,Vallenar,3,Atacama,Infraco,RedAcceso,infraco_redacceso,144.157,1433,public regulatory RedAcceso linework clipped within commune; not retail service availability or geographic/population coverage
3301,Vallenar,3,Atacama,VTR,RedAcceso_FTTH,vtr_redacceso_ftth,88.2131,594,public regulatory RedAcceso linework clipped within commune; not retail service availability or geographic/population coverage
3302,Alto del Carmen,3,Atacama,Entel,RedAcceso_distribucion,entel_redacceso_distribucion,3.6903,11,public regulatory RedAcceso linework clipped within commune; not retail service availability or geographic/population coverage
3303,Freirina,3,Atacama,Entel,RedAcceso_distribucion,entel_redacceso_distribucion,2.6247,14,public regulatory RedAcceso linework clipped within commune; not retail service availability or geographic/population coverage
3303,Freirina,3,Atacama,Entel,RedAcceso_primarias,entel_redacceso_primarias,43.6107,14,public regulatory RedAcceso linework clipped within commune; not retail service availability or geographic/population coverage
3304,Huasco,3,Atacama,Claro,RedAcceso,claro_redacceso,0.1862,1,public regulatory RedAcceso linework clipped within commune; not retail service availability or geographic/population coverage
3304,Huasco,3,Atacama,Entel,RedAcceso_distribucion,entel_redacceso_distribucion,17.2086,54,public regulatory RedAcceso linework clipped within commune; not retail service availability or geographic/population coverage
3304,Huasco,3,Atacama,Entel,RedAcceso_primarias,entel_redacceso_primarias,29.8797,11,public regulatory RedAcceso linework clipped within commune; not retail service availability or geographic/population coverage
4101,La Serena,4,Coquimbo,Claro,RedAcceso,claro_redacceso,342.7168,979,public regulatory RedAcceso linework clipped within commune; not retail service availability or geographic/population coverage
4101,La Serena,4,Coquimbo,Claro,RedAcceso_HFC,claro_redacceso_hfc,362.519,661,public regulatory RedAcceso linework clipped within commune; not retail service availability or geographic/population coverage
4101,La Serena,4,Coquimbo,Entel,RedAcceso_distribucion,entel_redacceso_distribucion,253.5942,953,public regulatory RedAcceso linework clipped within commune; not retail service availability or geographic/population coverage
4101,La Serena,4,Coquimbo,Entel,RedAcceso_primarias,entel_redacceso_primarias,79.697,158,public regulatory RedAcceso linework clipped within commune; not retail service availability or geographic/population coverage
4101,La Serena,4,Coquimbo,Infraco,RedAcceso,infraco_redacceso,779.2006,7551,public regulatory RedAcceso linework clipped within commune; not retail service availability or geographic/population coverage
4101,La Serena,4,Coquimbo,VTR,RedAcceso_FTTH,vtr_redacceso_ftth,230.9862,828,public regulatory RedAcceso linework clipped within commune; not retail service availability or geographic/population coverage
4102,Coquimbo,4,Coquimbo,Claro,RedAcceso,claro_redacceso,271.8853,788,public regulatory RedAcceso linework clipped within commune; not retail service availability or geographic/population coverage
4102,Coquimbo,4,Coquimbo,Claro,RedAcceso_HFC,claro_redacceso_hfc,313.3078,630,public regulatory RedAcceso linework clipped within commune; not retail service availability or geographic/population coverage
4102,Coquimbo,4,Coquimbo,Entel,RedAcceso_distribucion,entel_redacceso_distribucion,169.7961,635,public regulatory RedAcceso linework clipped within commune; not retail service availability or geographic/population coverage
4102,Coquimbo,4,Coquimbo,Entel,RedAcceso_primarias,entel_redacceso_primarias,57.5905,93,public regulatory RedAcceso linework clipped within commune; not retail service availability or geographic/population coverage
4102,Coquimbo,4,Coquimbo,Infraco,RedAcceso,infraco_redacceso,752.6978,7607,public regulatory RedAcceso linework clipped within commune; not retail service availability or geographic/population coverage
4102,Coquimbo,4,Coquimbo,VTR,RedAcceso_FTTH,vtr_redacceso_ftth,150.677,289,public regulatory RedAcceso linework clipped within commune; not retail service availability or geographic/population coverage
4103,Andacollo,4,Coquimbo,Claro,RedAcceso,claro_redacceso,1.2686,4,public regulatory RedAcceso linework clipped within commune; not retail service availability or geographic/population coverage
4103,Andacollo,4,Coquimbo,Entel,RedAcceso_distribucion,entel_redacceso_distribucion,8.5835,38,public regulatory RedAcceso linework clipped within commune; not retail service availability or geographic/population coverage
4103,Andacollo,4,Coquimbo,Entel,RedAcceso_primarias,entel_redacceso_primarias,1.104,1,public regulatory RedAcceso linework clipped within commune; not retail service availability or geographic/population coverage
4103,Andacollo,4,Coquimbo,VTR,RedAcceso_FTTH,vtr_redacceso_ftth,26.5172,23,public regulatory RedAcceso linework clipped within commune; not retail service availability or geographic/population coverage
4106,Vicuña,4,Coquimbo,Claro,RedAcceso,claro_redacceso,3.9256,6,public regulatory RedAcceso linework clipped within commune; not retail service availability or geographic/population coverage
4106,Vicuña,4,Coquimbo,Entel,RedAcceso_distribucion,entel_redacceso_distribucion,16.0962,61,public regulatory RedAcceso linework clipped within commune; not retail service availability or geographic/population coverage
4106,Vicuña,4,Coquimbo,Entel,RedAcceso_primarias,entel_redacceso_primarias,0.084,1,public regulatory RedAcceso linework clipped within commune; not retail service availability or geographic/population coverage
4106,Vicuña,4,Coquimbo,VTR,RedAcceso_FTTH,vtr_redacceso_ftth,79.9047,359,public regulatory RedAcceso linework clipped within commune; not retail service availability or geographic/population coverage
4201,Illapel,4,Coquimbo,Claro,RedAcceso,claro_redacceso,10.7997,37,public regulatory RedAcceso linework clipped within commune; not retail service availability or geographic/population coverage
4201,Illapel,4,Coquimbo,Entel,RedAcceso_distribucion,entel_redacceso_distribucion,18.4722,105,public regulatory RedAcceso linework clipped within commune; not retail service availability or geographic/population coverage
4201,Illapel,4,Coquimbo,Entel,RedAcceso_primarias,entel_redacceso_primarias,0.6978,2,public regulatory RedAcceso linework clipped within commune; not retail service availability or geographic/population coverage
4201,Illapel,4,Coquimbo,Infraco,RedAcceso,infraco_redacceso,88.6165,795,public regulatory RedAcceso linework clipped within commune; not retail service availability or geographic/population coverage
4201,Illapel,4,Coquimbo,VTR,RedAcceso_FTTH,vtr_redacceso_ftth,45.4318,275,public regulatory RedAcceso linework clipped within commune; not retail service availability or geographic/population coverage
4202,Canela,4,Coquimbo,Entel,RedAcceso_distribucion,entel_redacceso_distribucion,2.0101,5,public regulatory RedAcceso linework clipped within commune; not retail service availability or geographic/population coverage
4203,Los Vilos,4,Coquimbo,Claro,RedAcceso,claro_redacceso,9.9601,28,public regulatory RedAcceso linework clipped within commune; not retail service availability or geographic/population coverage
4203,Los Vilos,4,Coquimbo,Entel,RedAcceso_distribucion,entel_redacceso_distribucion,28.3026,122,public regulatory RedAcceso linework clipped within commune; not retail service availability or geographic/population coverage
4203,Los Vilos,4,Coquimbo,Entel,RedAcceso_primarias,entel_redacceso_primarias,16.5655,10,public regulatory RedAcceso linework clipped within commune; not retail service availability or geographic/population coverage
4203,Los Vilos,4,Coquimbo,VTR,RedAcceso_FTTH,vtr_redacceso_ftth,35.7607,252,public regulatory RedAcceso linework clipped within commune; not retail service availability or geographic/population coverage
4204,Salamanca,4,Coquimbo,Entel,RedAcceso_distribucion,entel_redacceso_distribucion,29.5815,158,public regulatory RedAcceso linework clipped within commune; not retail service availability or geographic/population coverage
4204,Salamanca,4,Coquimbo,Entel,RedAcceso_primarias,entel_redacceso_primarias,0.9937,3,public regulatory RedAcceso linework clipped within commune; not retail service availability or geographic/population coverage
4301,Ovalle,4,Coquimbo,Claro,RedAcceso,claro_redacceso,52.4393,156,public regulatory RedAcceso linework clipped within commune; not retail service availability or geographic/population coverage
4301,Ovalle,4,Coquimbo,Entel,RedAcceso_distribucion,entel_redacceso_distribucion,67.7447,272,public regulatory RedAcceso linework clipped within commune; not retail service availability or geographic/population coverage
4301,Ovalle,4,Coquimbo,Entel,RedAcceso_primarias,entel_redacceso_primarias,2.708,12,public regulatory RedAcceso linework clipped within commune; not retail service availability or geographic/population coverage
4301,Ovalle,4,Coquimbo,Infraco,RedAcceso,infraco_redacceso,312.0374,3164,public regulatory RedAcceso linework clipped within commune; not retail service availability or geographic/population coverage
4301,Ovalle,4,Coquimbo,VTR,RedAcceso_FTTH,vtr_redacceso_ftth,170.2507,1968,public regulatory RedAcceso linework clipped within commune; not retail service availability or geographic/population coverage
4302,Combarbalá,4,Coquimbo,Claro,RedAcceso,claro_redacceso,2.0114,6,public regulatory RedAcceso linework clipped within commune; not retail service availability or geographic/population coverage
4302,Combarbalá,4,Coquimbo,Entel,RedAcceso_distribucion,entel_redacceso_distribucion,6.3009,34,public regulatory RedAcceso linework clipped within commune; not retail service availability or geographic/population coverage
4302,Combarbalá,4,Coquimbo,Entel,RedAcceso_primarias,entel_redacceso_primarias,1.1848,2,public regulatory RedAcceso linework clipped within commune; not retail service availability or geographic/population coverage
4303,Monte Patria,4,Coquimbo,Claro,RedAcceso,claro_redacceso,3.7514,10,public regulatory RedAcceso linework clipped within commune; not retail service availability or geographic/population coverage
4303,Monte Patria,4,Coquimbo,Entel,RedAcceso_distribucion,entel_redacceso_distribucion,0.1418,2,public regulatory RedAcceso linework clipped within commune; not retail service availability or geographic/population coverage
5101,Valparaíso,5,Valparaíso,Claro,RedAcceso,claro_redacceso,371.1663,1744,public regulatory RedAcceso linework clipped within commune; not retail service availability or geographic/population coverage
5101,Valparaíso,5,Valparaíso,Claro,RedAcceso_HFC,claro_redacceso_hfc,332.3996,652,public regulatory RedAcceso linework clipped within commune; not retail service availability or geographic/population coverage
5101,Valparaíso,5,Valparaíso,Entel,RedAcceso_distribucion,entel_redacceso_distribucion,227.8138,1078,public regulatory RedAcceso linework clipped within commune; not retail service availability or geographic/population coverage
5101,Valparaíso,5,Valparaíso,Entel,RedAcceso_primarias,entel_redacceso_primarias,96.4731,201,public regulatory RedAcceso linework clipped within commune; not retail service availability or geographic/population coverage
5101,Valparaíso,5,Valparaíso,Infraco,RedAcceso,infraco_redacceso,693.7668,8440,public regulatory RedAcceso linework clipped within commune; not retail service availability or geographic/population coverage
5101,Valparaíso,5,Valparaíso,VTR,RedAcceso_FTTH,vtr_redacceso_ftth,79.2265,105,public regulatory RedAcceso linework clipped within commune; not retail service availability or geographic/population coverage
5102,Casablanca,5,Valparaíso,Claro,RedAcceso_HFC,claro_redacceso_hfc,21.7952,8,public regulatory RedAcceso linework clipped within commune; not retail service availability or geographic/population coverage
5102,Casablanca,5,Valparaíso,Entel,RedAcceso_distribucion,entel_redacceso_distribucion,29.1919,50,public regulatory RedAcceso linework clipped within commune; not retail service availability or geographic/population coverage
5102,Casablanca,5,Valparaíso,Entel,RedAcceso_primarias,entel_redacceso_primarias,7.6386,7,public regulatory RedAcceso linework clipped within commune; not retail service availability or geographic/population coverage
5102,Casablanca,5,Valparaíso,VTR,RedAcceso_FTTH,vtr_redacceso_ftth,64.8955,369,public regulatory RedAcceso linework clipped within commune; not retail service availability or geographic/population coverage
5103,Concón,5,Valparaíso,Claro,RedAcceso,claro_redacceso,61.4711,145,public regulatory RedAcceso linework clipped within commune; not retail service availability or geographic/population coverage
5103,Concón,5,Valparaíso,Claro,RedAcceso_HFC,claro_redacceso_hfc,102.4686,192,public regulatory RedAcceso linework clipped within commune; not retail service availability or geographic/population coverage
5103,Concón,5,Valparaíso,Entel,RedAcceso_distribucion,entel_redacceso_distribucion,60.6563,213,public regulatory RedAcceso linework clipped within commune; not retail service availability or geographic/population coverage
5103,Concón,5,Valparaíso,Entel,RedAcceso_primarias,entel_redacceso_primarias,11.1837,17,public regulatory RedAcceso linework clipped within commune; not retail service availability or geographic/population coverage
5103,Concón,5,Valparaíso,Infraco,RedAcceso,infraco_redacceso,196.5765,1484,public regulatory RedAcceso linework clipped within commune; not retail service availability or geographic/population coverage
5103,Concón,5,Valparaíso,VTR,RedAcceso_FTTH,vtr_redacceso_ftth,11.3859,18,public regulatory RedAcceso linework clipped within commune; not retail service availability or geographic/population coverage
5105,Puchuncaví,5,Valparaíso,Claro,RedAcceso,claro_redacceso,2.7951,10,public regulatory RedAcceso linework clipped within commune; not retail service availability or geographic/population coverage
5105,Puchuncaví,5,Valparaíso,Entel,RedAcceso_distribucion,entel_redacceso_distribucion,13.9207,32,public regulatory RedAcceso linework clipped within commune; not retail service availability or geographic/population coverage
5105,Puchuncaví,5,Valparaíso,Entel,RedAcceso_primarias,entel_redacceso_primarias,9.5029,12,public regulatory RedAcceso linework clipped within commune; not retail service availability or geographic/population coverage
5105,Puchuncaví,5,Valparaíso,VTR,RedAcceso_FTTH,vtr_redacceso_ftth,16.4206,19,public regulatory RedAcceso linework clipped within commune; not retail service availability or geographic/population coverage
5107,Quintero,5,Valparaíso,Claro,RedAcceso,claro_redacceso,3.2931,6,public regulatory RedAcceso linework clipped within commune; not retail service availability or geographic/population coverage
5107,Quintero,5,Valparaíso,Entel,RedAcceso_distribucion,entel_redacceso_distribucion,37.2545,100,public regulatory RedAcceso linework clipped within commune; not retail service availability or geographic/population coverage
5107,Quintero,5,Valparaíso,Entel,RedAcceso_primarias,entel_redacceso_primarias,20.3278,15,public regulatory RedAcceso linework clipped within commune; not retail service availability or geographic/population coverage
5107,Quintero,5,Valparaíso,Infraco,RedAcceso,infraco_redacceso,129.8295,1459,public regulatory RedAcceso linework clipped within commune; not retail service availability or geographic/population coverage
5107,Quintero,5,Valparaíso,VTR,RedAcceso_FTTH,vtr_redacceso_ftth,86.853,492,public regulatory RedAcceso linework clipped within commune; not retail service availability or geographic/population coverage
5109,Viña del Mar,5,Valparaíso,Claro,RedAcceso,claro_redacceso,514.7341,1586,public regulatory RedAcceso linework clipped within commune; not retail service availability or geographic/population coverage
5109,Viña del Mar,5,Valparaíso,Claro,RedAcceso_HFC,claro_redacceso_hfc,462.4591,849,public regulatory RedAcceso linework clipped within commune; not retail service availability or geographic/population coverage
5109,Viña del Mar,5,Valparaíso,Entel,RedAcceso_distribucion,entel_redacceso_distribucion,345.7683,1504,public regulatory RedAcceso linework clipped within commune; not retail service availability or geographic/population coverage
5109,Viña del Mar,5,Valparaíso,Entel,RedAcceso_primarias,entel_redacceso_primarias,181.4779,361,public regulatory RedAcceso linework clipped within commune; not retail service availability or geographic/population coverage
5109,Viña del Mar,5,Valparaíso,Infraco,RedAcceso,infraco_redacceso,1083.4712,11321,public regulatory RedAcceso linework clipped within commune; not retail service availability or geographic/population coverage
5109,Viña del Mar,5,Valparaíso,VTR,RedAcceso_FTTH,vtr_redacceso_ftth,84.7998,146,public regulatory RedAcceso linework clipped within commune; not retail service availability or geographic/population coverage
5301,Los Andes,5,Valparaíso,Claro,RedAcceso,claro_redacceso,113.417,381,public regulatory RedAcceso linework clipped within commune; not retail service availability or geographic/population coverage
5301,Los Andes,5,Valparaíso,Claro,RedAcceso_HFC,claro_redacceso_hfc,111.2241,264,public regulatory RedAcceso linework clipped within commune; not retail service availability or geographic/population coverage
5301,Los Andes,5,Valparaíso,Entel,RedAcceso_distribucion,entel_redacceso_distribucion,67.2279,251,public regulatory RedAcceso linework clipped within commune; not retail service availability or geographic/population coverage
5301,Los Andes,5,Valparaíso,Entel,RedAcceso_primarias,entel_redacceso_primarias,6.3981,19,public regulatory RedAcceso linework clipped within commune; not retail service availability or geographic/population coverage
5301,Los Andes,5,Valparaíso,Infraco,RedAcceso,infraco_redacceso,210.306,2286,public regulatory RedAcceso linework clipped within commune; not retail service availability or geographic/population coverage
5301,Los Andes,5,Valparaíso,VTR,RedAcceso_FTTH,vtr_redacceso_ftth,15.7129,20,public regulatory RedAcceso linework clipped within commune; not retail service availability or geographic/population coverage
5302,Calle Larga,5,Valparaíso,Claro,RedAcceso,claro_redacceso,7.5888,21,public regulatory RedAcceso linework clipped within commune; not retail service availability or geographic/population coverage
5302,Calle Larga,5,Valparaíso,Claro,RedAcceso_HFC,claro_redacceso_hfc,21.2599,46,public regulatory RedAcceso linework clipped within commune; not retail service availability or geographic/population coverage
5302,Calle Larga,5,Valparaíso,Entel,RedAcceso_distribucion,entel_redacceso_distribucion,0.4531,2,public regulatory RedAcceso linework clipped within commune; not retail service availability or geographic/population coverage
5302,Calle Larga,5,Valparaíso,Entel,RedAcceso_primarias,entel_redacceso_primarias,0.5899,4,public regulatory RedAcceso linework clipped within commune; not retail service availability or geographic/population coverage
5302,Calle Larga,5,Valparaíso,Infraco,RedAcceso,infraco_redacceso,4.3107,37,public regulatory RedAcceso linework clipped within commune; not retail service availability or geographic/population coverage
5302,Calle Larga,5,Valparaíso,VTR,RedAcceso_FTTH,vtr_redacceso_ftth,4.6131,6,public regulatory RedAcceso linework clipped within commune; not retail service availability or geographic/population coverage
5303,Rinconada,5,Valparaíso,Claro,RedAcceso,claro_redacceso,13.5001,17,public regulatory RedAcceso linework clipped within commune; not retail service availability or geographic/population coverage
5303,Rinconada,5,Valparaíso,Claro,RedAcceso_HFC,claro_redacceso_hfc,16.4365,35,public regulatory RedAcceso linework clipped within commune; not retail service availability or geographic/population coverage
5303,Rinconada,5,Valparaíso,Entel,RedAcceso_distribucion,entel_redacceso_distribucion,0.022,1,public regulatory RedAcceso linework clipped within commune; not retail service availability or geographic/population coverage
5303,Rinconada,5,Valparaíso,Infraco,RedAcceso,infraco_redacceso,43.4284,312,public regulatory RedAcceso linework clipped within commune; not retail service availability or geographic/population coverage
5303,Rinconada,5,Valparaíso,VTR,RedAcceso_FTTH,vtr_redacceso_ftth,12.5216,12,public regulatory RedAcceso linework clipped within commune; not retail service availability or geographic/population coverage
5304,San Esteban,5,Valparaíso,Claro,RedAcceso,claro_redacceso,12.6463,25,public regulatory RedAcceso linework clipped within commune; not retail service availability or geographic/population coverage
5304,San Esteban,5,Valparaíso,Claro,RedAcceso_HFC,claro_redacceso_hfc,34.6166,63,public regulatory RedAcceso linework clipped within commune; not retail service availability or geographic/population coverage
5304,San Esteban,5,Valparaíso,VTR,RedAcceso_FTTH,vtr_redacceso_ftth,15.3668,12,public regulatory RedAcceso linework clipped within commune; not retail service availability or geographic/population coverage
5401,La Ligua,5,Valparaíso,Claro,RedAcceso,claro_redacceso,69.9286,576,public regulatory RedAcceso linework clipped within commune; not retail service availability or geographic/population coverage
5401,La Ligua,5,Valparaíso,Entel,RedAcceso_distribucion,entel_redacceso_distribucion,20.7929,104,public regulatory RedAcceso linework clipped within commune; not retail service availability or geographic/population coverage
5401,La Ligua,5,Valparaíso,Entel,RedAcceso_primarias,entel_redacceso_primarias,0.4451,2,public regulatory RedAcceso linework clipped within commune; not retail service availability or geographic/population coverage
5401,La Ligua,5,Valparaíso,Infraco,RedAcceso,infraco_redacceso,65.7393,867,public regulatory RedAcceso linework clipped within commune; not retail service availability or geographic/population coverage
5401,La Ligua,5,Valparaíso,VTR,RedAcceso_FTTH,vtr_redacceso_ftth,33.4329,254,public regulatory RedAcceso linework clipped within commune; not retail service availability or geographic/population coverage
5402,Cabildo,5,Valparaíso,Claro,RedAcceso,claro_redacceso,0.4258,2,public regulatory RedAcceso linework clipped within commune; not retail service availability or geographic/population coverage
5402,Cabildo,5,Valparaíso,Entel,RedAcceso_distribucion,entel_redacceso_distribucion,14.5815,40,public regulatory RedAcceso linework clipped within commune; not retail service availability or geographic/population coverage
5402,Cabildo,5,Valparaíso,Entel,RedAcceso_primarias,entel_redacceso_primarias,2.3033,3,public regulatory RedAcceso linework clipped within commune; not retail service availability or geographic/population coverage
5402,Cabildo,5,Valparaíso,VTR,RedAcceso_FTTH,vtr_redacceso_ftth,19.8539,126,public regulatory RedAcceso linework clipped within commune; not retail service availability or geographic/population coverage
5403,Papudo,5,Valparaíso,Entel,RedAcceso_distribucion,entel_redacceso_distribucion,4.1138,7,public regulatory RedAcceso linework clipped within commune; not retail service availability or geographic/population coverage
5403,Papudo,5,Valparaíso,Entel,RedAcceso_primarias,entel_redacceso_primarias,2.5364,2,public regulatory RedAcceso linework clipped within commune; not retail service availability or geographic/population coverage
5403,Papudo,5,Valparaíso,Infraco,RedAcceso,infraco_redacceso,36.501,365,public regulatory RedAcceso linework clipped within commune; not retail service availability or geographic/population coverage
5404,Petorca,5,Valparaíso,Claro,RedAcceso,claro_redacceso,1.0026,2,public regulatory RedAcceso linework clipped within commune; not retail service availability or geographic/population coverage
5404,Petorca,5,Valparaíso,Entel,RedAcceso_distribucion,entel_redacceso_distribucion,2.6359,13,public regulatory RedAcceso linework clipped within commune; not retail service availability or geographic/population coverage
5404,Petorca,5,Valparaíso,Entel,RedAcceso_primarias,entel_redacceso_primarias,0.8215,5,public regulatory RedAcceso linework clipped within commune; not retail service availability or geographic/population coverage
5405,Zapallar,5,Valparaíso,Entel,RedAcceso_distribucion,entel_redacceso_distribucion,4.6484,10,public regulatory RedAcceso linework clipped within commune; not retail service availability or geographic/population coverage
5405,Zapallar,5,Valparaíso,Entel,RedAcceso_primarias,entel_redacceso_primarias,0.0687,1,public regulatory RedAcceso linework clipped within commune; not retail service availability or geographic/population coverage
5405,Zapallar,5,Valparaíso,Infraco,RedAcceso,infraco_redacceso,39.7298,276,public regulatory RedAcceso linework clipped within commune; not retail service availability or geographic/population coverage
5501,Quillota,5,Valparaíso,Claro,RedAcceso,claro_redacceso,109.4802,310,public regulatory RedAcceso linework clipped within commune; not retail service availability or geographic/population coverage
5501,Quillota,5,Valparaíso,Claro,RedAcceso_HFC,claro_redacceso_hfc,184.4486,244,public regulatory RedAcceso linework clipped within commune; not retail service availability or geographic/population coverage
5501,Quillota,5,Valparaíso,Entel,RedAcceso_distribucion,entel_redacceso_distribucion,66.8115,282,public regulatory RedAcceso linework clipped within commune; not retail service availability or geographic/population coverage
5501,Quillota,5,Valparaíso,Entel,RedAcceso_primarias,entel_redacceso_primarias,37.5332,29,public regulatory RedAcceso linework clipped within commune; not retail service availability or geographic/population coverage
5501,Quillota,5,Valparaíso,Infraco,RedAcceso,infraco_redacceso,315.5074,3257,public regulatory RedAcceso linework clipped within commune; not retail service availability or geographic/population coverage
5501,Quillota,5,Valparaíso,VTR,RedAcceso_FTTH,vtr_redacceso_ftth,42.7403,34,public regulatory RedAcceso linework clipped within commune; not retail service availability or geographic/population coverage
5502,Calera,5,Valparaíso,Claro,RedAcceso,claro_redacceso,44.3337,188,public regulatory RedAcceso linework clipped within commune; not retail service availability or geographic/population coverage
5502,Calera,5,Valparaíso,Claro,RedAcceso_HFC,claro_redacceso_hfc,71.8326,129,public regulatory RedAcceso linework clipped within commune; not retail service availability or geographic/population coverage
5502,Calera,5,Valparaíso,Entel,RedAcceso_distribucion,entel_redacceso_distribucion,44.0996,148,public regulatory RedAcceso linework clipped within commune; not retail service availability or geographic/population coverage
5502,Calera,5,Valparaíso,Entel,RedAcceso_primarias,entel_redacceso_primarias,11.2101,13,public regulatory RedAcceso linework clipped within commune; not retail service availability or geographic/population coverage
5502,Calera,5,Valparaíso,Infraco,RedAcceso,infraco_redacceso,131.0634,1484,public regulatory RedAcceso linework clipped within commune; not retail service availability or geographic/population coverage
5502,Calera,5,Valparaíso,VTR,RedAcceso_FTTH,vtr_redacceso_ftth,25.7545,28,public regulatory RedAcceso linework clipped within commune; not retail service availability or geographic/population coverage
5503,Hijuelas,5,Valparaíso,Claro,RedAcceso_HFC,claro_redacceso_hfc,9.7246,6,public regulatory RedAcceso linework clipped within commune; not retail service availability or geographic/population coverage
5503,Hijuelas,5,Valparaíso,Entel,RedAcceso_primarias,entel_redacceso_primarias,9.9558,1,public regulatory RedAcceso linework clipped within commune; not retail service availability or geographic/population coverage
5503,Hijuelas,5,Valparaíso,Infraco,RedAcceso,infraco_redacceso,1.276,11,public regulatory RedAcceso linework clipped within commune; not retail service availability or geographic/population coverage
5503,Hijuelas,5,Valparaíso,VTR,RedAcceso_FTTH,vtr_redacceso_ftth,38.1458,109,public regulatory RedAcceso linework clipped within commune; not retail service availability or geographic/population coverage
5504,La Cruz,5,Valparaíso,Claro,RedAcceso,claro_redacceso,17.7332,31,public regulatory RedAcceso linework clipped within commune; not retail service availability or geographic/population coverage
5504,La Cruz,5,Valparaíso,Claro,RedAcceso_HFC,claro_redacceso_hfc,58.1053,69,public regulatory RedAcceso linework clipped within commune; not retail service availability or geographic/population coverage
5504,La Cruz,5,Valparaíso,Entel,RedAcceso_distribucion,entel_redacceso_distribucion,2.6794,7,public regulatory RedAcceso linework clipped within commune; not retail service availability or geographic/population coverage
5504,La Cruz,5,Valparaíso,Entel,RedAcceso_primarias,entel_redacceso_primarias,2.5691,1,public regulatory RedAcceso linework clipped within commune; not retail service availability or geographic/population coverage
5504,La Cruz,5,Valparaíso,Infraco,RedAcceso,infraco_redacceso,0.0821,1,public regulatory RedAcceso linework clipped within commune; not retail service availability or geographic/population coverage
5504,La Cruz,5,Valparaíso,VTR,RedAcceso_FTTH,vtr_redacceso_ftth,8.1564,6,public regulatory RedAcceso linework clipped within commune; not retail service availability or geographic/population coverage
5506,Nogales,5,Valparaíso,Entel,RedAcceso_distribucion,entel_redacceso_distribucion,6.7842,17,public regulatory RedAcceso linework clipped within commune; not retail service availability or geographic/population coverage
5506,Nogales,5,Valparaíso,VTR,RedAcceso_FTTH,vtr_redacceso_ftth,42.3668,202,public regulatory RedAcceso linework clipped within commune; not retail service availability or geographic/population coverage
5601,San Antonio,5,Valparaíso,Claro,RedAcceso,claro_redacceso,91.5617,268,public regulatory RedAcceso linework clipped within commune; not retail service availability or geographic/population coverage
5601,San Antonio,5,Valparaíso,Claro,RedAcceso_HFC,claro_redacceso_hfc,117.301,232,public regulatory RedAcceso linework clipped within commune; not retail service availability or geographic/population coverage
5601,San Antonio,5,Valparaíso,Entel,RedAcceso_distribucion,entel_redacceso_distribucion,116.0782,415,public regulatory RedAcceso linework clipped within commune; not retail service availability or geographic/population coverage
5601,San Antonio,5,Valparaíso,Entel,RedAcceso_primarias,entel_redacceso_primarias,28.4683,63,public regulatory RedAcceso linework clipped within commune; not retail service availability or geographic/population coverage
5601,San Antonio,5,Valparaíso,Infraco,RedAcceso,infraco_redacceso,163.8516,1802,public regulatory RedAcceso linework clipped within commune; not retail service availability or geographic/population coverage
5602,Algarrobo,5,Valparaíso,Claro,RedAcceso,claro_redacceso,0.6394,2,public regulatory RedAcceso linework clipped within commune; not retail service availability or geographic/population coverage
5602,Algarrobo,5,Valparaíso,Claro,RedAcceso_HFC,claro_redacceso_hfc,19.3383,6,public regulatory RedAcceso linework clipped within commune; not retail service availability or geographic/population coverage
5602,Algarrobo,5,Valparaíso,Entel,RedAcceso_distribucion,entel_redacceso_distribucion,41.5786,65,public regulatory RedAcceso linework clipped within commune; not retail service availability or geographic/population coverage
5602,Algarrobo,5,Valparaíso,Entel,RedAcceso_primarias,entel_redacceso_primarias,8.3322,12,public regulatory RedAcceso linework clipped within commune; not retail service availability or geographic/population coverage
5602,Algarrobo,5,Valparaíso,Infraco,RedAcceso,infraco_redacceso,134.5261,1227,public regulatory RedAcceso linework clipped within commune; not retail service availability or geographic/population coverage
5603,Cartagena,5,Valparaíso,Claro,RedAcceso,claro_redacceso,1.4502,9,public regulatory RedAcceso linework clipped within commune; not retail service availability or geographic/population coverage
5603,Cartagena,5,Valparaíso,Claro,RedAcceso_HFC,claro_redacceso_hfc,6.6309,3,public regulatory RedAcceso linework clipped within commune; not retail service availability or geographic/population coverage
5603,Cartagena,5,Valparaíso,Entel,RedAcceso_distribucion,entel_redacceso_distribucion,27.0146,50,public regulatory RedAcceso linework clipped within commune; not retail service availability or geographic/population coverage
5603,Cartagena,5,Valparaíso,Entel,RedAcceso_primarias,entel_redacceso_primarias,0.1712,2,public regulatory RedAcceso linework clipped within commune; not retail service availability or geographic/population coverage
5603,Cartagena,5,Valparaíso,VTR,RedAcceso_FTTH,vtr_redacceso_ftth,10.3964,15,public regulatory RedAcceso linework clipped within commune; not retail service availability or geographic/population coverage
5604,El Quisco,5,Valparaíso,Claro,RedAcceso,claro_redacceso,0.9325,2,public regulatory RedAcceso linework clipped within commune; not retail service availability or geographic/population coverage
5604,El Quisco,5,Valparaíso,Claro,RedAcceso_HFC,claro_redacceso_hfc,8.0072,3,public regulatory RedAcceso linework clipped within commune; not retail service availability or geographic/population coverage
5604,El Quisco,5,Valparaíso,Entel,RedAcceso_distribucion,entel_redacceso_distribucion,34.2798,59,public regulatory RedAcceso linework clipped within commune; not retail service availability or geographic/population coverage
5604,El Quisco,5,Valparaíso,Entel,RedAcceso_primarias,entel_redacceso_primarias,12.4884,15,public regulatory RedAcceso linework clipped within commune; not retail service availability or geographic/population coverage
5604,El Quisco,5,Valparaíso,Infraco,RedAcceso,infraco_redacceso,0.8601,1,public regulatory RedAcceso linework clipped within commune; not retail service availability or geographic/population coverage
5605,El Tabo,5,Valparaíso,Claro,RedAcceso,claro_redacceso,0.6669,1,public regulatory RedAcceso linework clipped within commune; not retail service availability or geographic/population coverage
5605,El Tabo,5,Valparaíso,Claro,RedAcceso_HFC,claro_redacceso_hfc,12.1789,3,public regulatory RedAcceso linework clipped within commune; not retail service availability or geographic/population coverage
5605,El Tabo,5,Valparaíso,Entel,RedAcceso_distribucion,entel_redacceso_distribucion,38.3766,66,public regulatory RedAcceso linework clipped within commune; not retail service availability or geographic/population coverage
5605,El Tabo,5,Valparaíso,Entel,RedAcceso_primarias,entel_redacceso_primarias,0.7444,3,public regulatory RedAcceso linework clipped within commune; not retail service availability or geographic/population coverage
5606,Santo Domingo,5,Valparaíso,Claro,RedAcceso_HFC,claro_redacceso_hfc,35.1039,83,public regulatory RedAcceso linework clipped within commune; not retail service availability or geographic/population coverage
5606,Santo Domingo,5,Valparaíso,Entel,RedAcceso_distribucion,entel_redacceso_distribucion,12.6333,31,public regulatory RedAcceso linework clipped within commune; not retail service availability or geographic/population coverage
5606,Santo Domingo,5,Valparaíso,Entel,RedAcceso_primarias,entel_redacceso_primarias,5.5801,8,public regulatory RedAcceso linework clipped within commune; not retail service availability or geographic/population coverage
5606,Santo Domingo,5,Valparaíso,Infraco,RedAcceso,infraco_redacceso,73.9305,525,public regulatory RedAcceso linework clipped within commune; not retail service availability or geographic/population coverage
5701,San Felipe,5,Valparaíso,Claro,RedAcceso,claro_redacceso,113.8757,314,public regulatory RedAcceso linework clipped within commune; not retail service availability or geographic/population coverage
5701,San Felipe,5,Valparaíso,Claro,RedAcceso_HFC,claro_redacceso_hfc,110.5269,251,public regulatory RedAcceso linework clipped within commune; not retail service availability or geographic/population coverage
5701,San Felipe,5,Valparaíso,Entel,RedAcceso_distribucion,entel_redacceso_distribucion,70.5611,254,public regulatory RedAcceso linework clipped within commune; not retail service availability or geographic/population coverage
5701,San Felipe,5,Valparaíso,Entel,RedAcceso_primarias,entel_redacceso_primarias,4.8893,20,public regulatory RedAcceso linework clipped within commune; not retail service availability or geographic/population coverage
5701,San Felipe,5,Valparaíso,Infraco,RedAcceso,infraco_redacceso,201.8758,2421,public regulatory RedAcceso linework clipped within commune; not retail service availability or geographic/population coverage
5702,Catemu,5,Valparaíso,Claro,RedAcceso,claro_redacceso,0.8581,2,public regulatory RedAcceso linework clipped within commune; not retail service availability or geographic/population coverage
5702,Catemu,5,Valparaíso,Claro,RedAcceso_HFC,claro_redacceso_hfc,2.5548,1,public regulatory RedAcceso linework clipped within commune; not retail service availability or geographic/population coverage
5702,Catemu,5,Valparaíso,Entel,RedAcceso_distribucion,entel_redacceso_distribucion,0.0665,1,public regulatory RedAcceso linework clipped within commune; not retail service availability or geographic/population coverage
5703,Llaillay,5,Valparaíso,Claro,RedAcceso,claro_redacceso,8.977,27,public regulatory RedAcceso linework clipped within commune; not retail service availability or geographic/population coverage
5703,Llaillay,5,Valparaíso,Claro,RedAcceso_HFC,claro_redacceso_hfc,33.4374,11,public regulatory RedAcceso linework clipped within commune; not retail service availability or geographic/population coverage
5703,Llaillay,5,Valparaíso,Entel,RedAcceso_distribucion,entel_redacceso_distribucion,12.9816,45,public regulatory RedAcceso linework clipped within commune; not retail service availability or geographic/population coverage
5703,Llaillay,5,Valparaíso,Entel,RedAcceso_primarias,entel_redacceso_primarias,23.0876,10,public regulatory RedAcceso linework clipped within commune; not retail service availability or geographic/population coverage
5703,Llaillay,5,Valparaíso,Infraco,RedAcceso,infraco_redacceso,51.7239,444,public regulatory RedAcceso linework clipped within commune; not retail service availability or geographic/population coverage
5703,Llaillay,5,Valparaíso,VTR,RedAcceso_FTTH,vtr_redacceso_ftth,35.8761,311,public regulatory RedAcceso linework clipped within commune; not retail service availability or geographic/population coverage
5704,Panquehue,5,Valparaíso,Claro,RedAcceso_HFC,claro_redacceso_hfc,22.8131,6,public regulatory RedAcceso linework clipped within commune; not retail service availability or geographic/population coverage
5704,Panquehue,5,Valparaíso,Entel,RedAcceso_distribucion,entel_redacceso_distribucion,0.736,1,public regulatory RedAcceso linework clipped within commune; not retail service availability or geographic/population coverage
5704,Panquehue,5,Valparaíso,Infraco,RedAcceso,infraco_redacceso,1.0689,2,public regulatory RedAcceso linework clipped within commune; not retail service availability or geographic/population coverage
5705,Putaendo,5,Valparaíso,Entel,RedAcceso_distribucion,entel_redacceso_distribucion,9.3042,28,public regulatory RedAcceso linework clipped within commune; not retail service availability or geographic/population coverage
5706,Santa María,5,Valparaíso,Claro,RedAcceso,claro_redacceso,8.3038,7,public regulatory RedAcceso linework clipped within commune; not retail service availability or geographic/population coverage
5706,Santa María,5,Valparaíso,Claro,RedAcceso_HFC,claro_redacceso_hfc,17.8189,7,public regulatory RedAcceso linework clipped within commune; not retail service availability or geographic/population coverage
5706,Santa María,5,Valparaíso,Infraco,RedAcceso,infraco_redacceso,0.4151,6,public regulatory RedAcceso linework clipped within commune; not retail service availability or geographic/population coverage
5801,Quilpué,5,Valparaíso,Claro,RedAcceso,claro_redacceso,182.0429,517,public regulatory RedAcceso linework clipped within commune; not retail service availability or geographic/population coverage
5801,Quilpué,5,Valparaíso,Claro,RedAcceso_HFC,claro_redacceso_hfc,203.1434,402,public regulatory RedAcceso linework clipped within commune; not retail service availability or geographic/population coverage
5801,Quilpué,5,Valparaíso,Entel,RedAcceso_distribucion,entel_redacceso_distribucion,106.9186,308,public regulatory RedAcceso linework clipped within commune; not retail service availability or geographic/population coverage
5801,Quilpué,5,Valparaíso,Entel,RedAcceso_primarias,entel_redacceso_primarias,11.68,23,public regulatory RedAcceso linework clipped within commune; not retail service availability or geographic/population coverage
5801,Quilpué,5,Valparaíso,Infraco,RedAcceso,infraco_redacceso,473.7942,4729,public regulatory RedAcceso linework clipped within commune; not retail service availability or geographic/population coverage
5801,Quilpué,5,Valparaíso,VTR,RedAcceso_FTTH,vtr_redacceso_ftth,44.0357,93,public regulatory RedAcceso linework clipped within commune; not retail service availability or geographic/population coverage
5802,Limache,5,Valparaíso,Claro,RedAcceso,claro_redacceso,156.9068,1178,public regulatory RedAcceso linework clipped within commune; not retail service availability or geographic/population coverage
5802,Limache,5,Valparaíso,Claro,RedAcceso_HFC,claro_redacceso_hfc,72.2617,91,public regulatory RedAcceso linework clipped within commune; not retail service availability or geographic/population coverage
5802,Limache,5,Valparaíso,Entel,RedAcceso_distribucion,entel_redacceso_distribucion,39.6191,94,public regulatory RedAcceso linework clipped within commune; not retail service availability or geographic/population coverage
5802,Limache,5,Valparaíso,Entel,RedAcceso_primarias,entel_redacceso_primarias,0.2318,3,public regulatory RedAcceso linework clipped within commune; not retail service availability or geographic/population coverage
5802,Limache,5,Valparaíso,Infraco,RedAcceso,infraco_redacceso,158.208,1479,public regulatory RedAcceso linework clipped within commune; not retail service availability or geographic/population coverage
5802,Limache,5,Valparaíso,VTR,RedAcceso_FTTH,vtr_redacceso_ftth,19.6175,27,public regulatory RedAcceso linework clipped within commune; not retail service availability or geographic/population coverage
5803,Olmué,5,Valparaíso,Entel,RedAcceso_distribucion,entel_redacceso_distribucion,5.3107,8,public regulatory RedAcceso linework clipped within commune; not retail service availability or geographic/population coverage
5803,Olmué,5,Valparaíso,Entel,RedAcceso_primarias,entel_redacceso_primarias,0.7788,1,public regulatory RedAcceso linework clipped within commune; not retail service availability or geographic/population coverage
5803,Olmué,5,Valparaíso,VTR,RedAcceso_FTTH,vtr_redacceso_ftth,77.4962,196,public regulatory RedAcceso linework clipped within commune; not retail service availability or geographic/population coverage
5804,Villa Alemana,5,Valparaíso,Claro,RedAcceso,claro_redacceso,117.2511,390,public regulatory RedAcceso linework clipped within commune; not retail service availability or geographic/population coverage
5804,Villa Alemana,5,Valparaíso,Claro,RedAcceso_HFC,claro_redacceso_hfc,144.3415,257,public regulatory RedAcceso linework clipped within commune; not retail service availability or geographic/population coverage
5804,Villa Alemana,5,Valparaíso,Entel,RedAcceso_distribucion,entel_redacceso_distribucion,63.2643,198,public regulatory RedAcceso linework clipped within commune; not retail service availability or geographic/population coverage
5804,Villa Alemana,5,Valparaíso,Entel,RedAcceso_primarias,entel_redacceso_primarias,9.5467,28,public regulatory RedAcceso linework clipped within commune; not retail service availability or geographic/population coverage
5804,Villa Alemana,5,Valparaíso,Infraco,RedAcceso,infraco_redacceso,497.1173,5146,public regulatory RedAcceso linework clipped within commune; not retail service availability or geographic/population coverage
5804,Villa Alemana,5,Valparaíso,VTR,RedAcceso_FTTH,vtr_redacceso_ftth,18.0164,33,public regulatory RedAcceso linework clipped within commune; not retail service availability or geographic/population coverage
6101,Rancagua,6,Libertador General Bernardo O'Higgins,Claro,RedAcceso,claro_redacceso,436.458,2399,public regulatory RedAcceso linework clipped within commune; not retail service availability or geographic/population coverage
6101,Rancagua,6,Libertador General Bernardo O'Higgins,Claro,RedAcceso_HFC,claro_redacceso_hfc,306.1284,569,public regulatory RedAcceso linework clipped within commune; not retail service availability or geographic/population coverage
6101,Rancagua,6,Libertador General Bernardo O'Higgins,Entel,RedAcceso_distribucion,entel_redacceso_distribucion,204.4552,773,public regulatory RedAcceso linework clipped within commune; not retail service availability or geographic/population coverage
6101,Rancagua,6,Libertador General Bernardo O'Higgins,Entel,RedAcceso_primarias,entel_redacceso_primarias,78.3875,164,public regulatory RedAcceso linework clipped within commune; not retail service availability or geographic/population coverage
6101,Rancagua,6,Libertador General Bernardo O'Higgins,Infraco,RedAcceso,infraco_redacceso,65.8774,535,public regulatory RedAcceso linework clipped within commune; not retail service availability or geographic/population coverage
6101,Rancagua,6,Libertador General Bernardo O'Higgins,VTR,RedAcceso_FTTH,vtr_redacceso_ftth,50.7301,130,public regulatory RedAcceso linework clipped within commune; not retail service availability or geographic/population coverage
6102,Codegua,6,Libertador General Bernardo O'Higgins,Entel,RedAcceso_distribucion,entel_redacceso_distribucion,0.3094,2,public regulatory RedAcceso linework clipped within commune; not retail service availability or geographic/population coverage
6102,Codegua,6,Libertador General Bernardo O'Higgins,Entel,RedAcceso_primarias,entel_redacceso_primarias,0.5561,1,public regulatory RedAcceso linework clipped within commune; not retail service availability or geographic/population coverage
6103,Coinco,6,Libertador General Bernardo O'Higgins,Claro,RedAcceso_HFC,claro_redacceso_hfc,26.9316,26,public regulatory RedAcceso linework clipped within commune; not retail service availability or geographic/population coverage
6105,Doñihue,6,Libertador General Bernardo O'Higgins,Claro,RedAcceso_HFC,claro_redacceso_hfc,24.8753,8,public regulatory RedAcceso linework clipped within commune; not retail service availability or geographic/population coverage
6105,Doñihue,6,Libertador General Bernardo O'Higgins,Entel,RedAcceso_distribucion,entel_redacceso_distribucion,3.8984,22,public regulatory RedAcceso linework clipped within commune; not retail service availability or geographic/population coverage
6106,Graneros,6,Libertador General Bernardo O'Higgins,Claro,RedAcceso,claro_redacceso,89.4665,870,public regulatory RedAcceso linework clipped within commune; not retail service availability or geographic/population coverage
6106,Graneros,6,Libertador General Bernardo O'Higgins,Entel,RedAcceso_distribucion,entel_redacceso_distribucion,6.1988,22,public regulatory RedAcceso linework clipped within commune; not retail service availability or geographic/population coverage
6106,Graneros,6,Libertador General Bernardo O'Higgins,Entel,RedAcceso_primarias,entel_redacceso_primarias,2.3923,2,public regulatory RedAcceso linework clipped within commune; not retail service availability or geographic/population coverage
6106,Graneros,6,Libertador General Bernardo O'Higgins,VTR,RedAcceso_FTTH,vtr_redacceso_ftth,51.1013,337,public regulatory RedAcceso linework clipped within commune; not retail service availability or geographic/population coverage
6107,Las Cabras,6,Libertador General Bernardo O'Higgins,Entel,RedAcceso_distribucion,entel_redacceso_distribucion,7.6164,32,public regulatory RedAcceso linework clipped within commune; not retail service availability or geographic/population coverage
6107,Las Cabras,6,Libertador General Bernardo O'Higgins,Entel,RedAcceso_primarias,entel_redacceso_primarias,0.4234,1,public regulatory RedAcceso linework clipped within commune; not retail service availability or geographic/population coverage
6108,Machalí,6,Libertador General Bernardo O'Higgins,Claro,RedAcceso,claro_redacceso,44.2959,109,public regulatory RedAcceso linework clipped within commune; not retail service availability or geographic/population coverage
6108,Machalí,6,Libertador General Bernardo O'Higgins,Claro,RedAcceso_HFC,claro_redacceso_hfc,86.2626,168,public regulatory RedAcceso linework clipped within commune; not retail service availability or geographic/population coverage
6108,Machalí,6,Libertador General Bernardo O'Higgins,Entel,RedAcceso_distribucion,entel_redacceso_distribucion,24.7105,50,public regulatory RedAcceso linework clipped within commune; not retail service availability or geographic/population coverage
6108,Machalí,6,Libertador General Bernardo O'Higgins,Entel,RedAcceso_primarias,entel_redacceso_primarias,26.4245,30,public regulatory RedAcceso linework clipped within commune; not retail service availability or geographic/population coverage
6108,Machalí,6,Libertador General Bernardo O'Higgins,Infraco,RedAcceso,infraco_redacceso,0.4441,2,public regulatory RedAcceso linework clipped within commune; not retail service availability or geographic/population coverage
6108,Machalí,6,Libertador General Bernardo O'Higgins,VTR,RedAcceso_FTTH,vtr_redacceso_ftth,18.0128,58,public regulatory RedAcceso linework clipped within commune; not retail service availability or geographic/population coverage
6109,Malloa,6,Libertador General Bernardo O'Higgins,Claro,RedAcceso,claro_redacceso,6.9228,6,public regulatory RedAcceso linework clipped within commune; not retail service availability or geographic/population coverage
6109,Malloa,6,Libertador General Bernardo O'Higgins,Claro,RedAcceso_HFC,claro_redacceso_hfc,17.345,10,public regulatory RedAcceso linework clipped within commune; not retail service availability or geographic/population coverage
6110,Mostazal,6,Libertador General Bernardo O'Higgins,Entel,RedAcceso_distribucion,entel_redacceso_distribucion,8.7384,35,public regulatory RedAcceso linework clipped within commune; not retail service availability or geographic/population coverage
6110,Mostazal,6,Libertador General Bernardo O'Higgins,VTR,RedAcceso_FTTH,vtr_redacceso_ftth,20.4451,157,public regulatory RedAcceso linework clipped within commune; not retail service availability or geographic/population coverage
6111,Olivar,6,Libertador General Bernardo O'Higgins,Claro,RedAcceso_HFC,claro_redacceso_hfc,3.1947,2,public regulatory RedAcceso linework clipped within commune; not retail service availability or geographic/population coverage
6111,Olivar,6,Libertador General Bernardo O'Higgins,Entel,RedAcceso_distribucion,entel_redacceso_distribucion,13.5345,37,public regulatory RedAcceso linework clipped within commune; not retail service availability or geographic/population coverage
6111,Olivar,6,Libertador General Bernardo O'Higgins,Entel,RedAcceso_primarias,entel_redacceso_primarias,0.0759,1,public regulatory RedAcceso linework clipped within commune; not retail service availability or geographic/population coverage
6112,Peumo,6,Libertador General Bernardo O'Higgins,Entel,RedAcceso_distribucion,entel_redacceso_distribucion,0.5509,2,public regulatory RedAcceso linework clipped within commune; not retail service availability or geographic/population coverage
6112,Peumo,6,Libertador General Bernardo O'Higgins,Entel,RedAcceso_primarias,entel_redacceso_primarias,0.4289,1,public regulatory RedAcceso linework clipped within commune; not retail service availability or geographic/population coverage
6113,Pichidegua,6,Libertador General Bernardo O'Higgins,Entel,RedAcceso_distribucion,entel_redacceso_distribucion,0.0268,1,public regulatory RedAcceso linework clipped within commune; not retail service availability or geographic/population coverage
6113,Pichidegua,6,Libertador General Bernardo O'Higgins,Entel,RedAcceso_primarias,entel_redacceso_primarias,0.1599,2,public regulatory RedAcceso linework clipped within commune; not retail service availability or geographic/population coverage
6114,Quinta de Tilcoco,6,Libertador General Bernardo O'Higgins,Claro,RedAcceso,claro_redacceso,9.8218,4,public regulatory RedAcceso linework clipped within commune; not retail service availability or geographic/population coverage
6114,Quinta de Tilcoco,6,Libertador General Bernardo O'Higgins,Claro,RedAcceso_HFC,claro_redacceso_hfc,11.9967,7,public regulatory RedAcceso linework clipped within commune; not retail service availability or geographic/population coverage
6115,Rengo,6,Libertador General Bernardo O'Higgins,Claro,RedAcceso,claro_redacceso,161.4527,1220,public regulatory RedAcceso linework clipped within commune; not retail service availability or geographic/population coverage
6115,Rengo,6,Libertador General Bernardo O'Higgins,Claro,RedAcceso_HFC,claro_redacceso_hfc,61.7004,121,public regulatory RedAcceso linework clipped within commune; not retail service availability or geographic/population coverage
6115,Rengo,6,Libertador General Bernardo O'Higgins,Entel,RedAcceso_distribucion,entel_redacceso_distribucion,22.8256,106,public regulatory RedAcceso linework clipped within commune; not retail service availability or geographic/population coverage
6115,Rengo,6,Libertador General Bernardo O'Higgins,Entel,RedAcceso_primarias,entel_redacceso_primarias,0.9041,2,public regulatory RedAcceso linework clipped within commune; not retail service availability or geographic/population coverage
6115,Rengo,6,Libertador General Bernardo O'Higgins,Infraco,RedAcceso,infraco_redacceso,165.1106,1957,public regulatory RedAcceso linework clipped within commune; not retail service availability or geographic/population coverage
6116,Requínoa,6,Libertador General Bernardo O'Higgins,Claro,RedAcceso,claro_redacceso,0.0139,1,public regulatory RedAcceso linework clipped within commune; not retail service availability or geographic/population coverage
6116,Requínoa,6,Libertador General Bernardo O'Higgins,Claro,RedAcceso_HFC,claro_redacceso_hfc,12.1906,3,public regulatory RedAcceso linework clipped within commune; not retail service availability or geographic/population coverage
6116,Requínoa,6,Libertador General Bernardo O'Higgins,Entel,RedAcceso_distribucion,entel_redacceso_distribucion,9.1202,32,public regulatory RedAcceso linework clipped within commune; not retail service availability or geographic/population coverage
6116,Requínoa,6,Libertador General Bernardo O'Higgins,Entel,RedAcceso_primarias,entel_redacceso_primarias,0.9097,2,public regulatory RedAcceso linework clipped within commune; not retail service availability or geographic/population coverage
6116,Requínoa,6,Libertador General Bernardo O'Higgins,VTR,RedAcceso_FTTH,vtr_redacceso_ftth,57.789,196,public regulatory RedAcceso linework clipped within commune; not retail service availability or geographic/population coverage
6117,San Vicente,6,Libertador General Bernardo O'Higgins,Claro,RedAcceso,claro_redacceso,7.969,18,public regulatory RedAcceso linework clipped within commune; not retail service availability or geographic/population coverage
6117,San Vicente,6,Libertador General Bernardo O'Higgins,Claro,RedAcceso_HFC,claro_redacceso_hfc,7.0986,3,public regulatory RedAcceso linework clipped within commune; not retail service availability or geographic/population coverage
6117,San Vicente,6,Libertador General Bernardo O'Higgins,Entel,RedAcceso_distribucion,entel_redacceso_distribucion,23.6211,142,public regulatory RedAcceso linework clipped within commune; not retail service availability or geographic/population coverage
6117,San Vicente,6,Libertador General Bernardo O'Higgins,Entel,RedAcceso_primarias,entel_redacceso_primarias,1.7661,4,public regulatory RedAcceso linework clipped within commune; not retail service availability or geographic/population coverage
6117,San Vicente,6,Libertador General Bernardo O'Higgins,VTR,RedAcceso_FTTH,vtr_redacceso_ftth,54.4651,316,public regulatory RedAcceso linework clipped within commune; not retail service availability or geographic/population coverage
6201,Pichilemu,6,Libertador General Bernardo O'Higgins,Claro,RedAcceso,claro_redacceso,8.2985,9,public regulatory RedAcceso linework clipped within commune; not retail service availability or geographic/population coverage
6201,Pichilemu,6,Libertador General Bernardo O'Higgins,Entel,RedAcceso_distribucion,entel_redacceso_distribucion,27.9807,124,public regulatory RedAcceso linework clipped within commune; not retail service availability or geographic/population coverage
6201,Pichilemu,6,Libertador General Bernardo O'Higgins,Entel,RedAcceso_primarias,entel_redacceso_primarias,0.2624,3,public regulatory RedAcceso linework clipped within commune; not retail service availability or geographic/population coverage
6201,Pichilemu,6,Libertador General Bernardo O'Higgins,VTR,RedAcceso_FTTH,vtr_redacceso_ftth,77.2914,414,public regulatory RedAcceso linework clipped within commune; not retail service availability or geographic/population coverage
6203,Litueche,6,Libertador General Bernardo O'Higgins,Entel,RedAcceso_distribucion,entel_redacceso_distribucion,8.9003,33,public regulatory RedAcceso linework clipped within commune; not retail service availability or geographic/population coverage
6203,Litueche,6,Libertador General Bernardo O'Higgins,Entel,RedAcceso_primarias,entel_redacceso_primarias,0.9275,1,public regulatory RedAcceso linework clipped within commune; not retail service availability or geographic/population coverage
6205,Navidad,6,Libertador General Bernardo O'Higgins,Entel,RedAcceso_distribucion,entel_redacceso_distribucion,5.0664,19,public regulatory RedAcceso linework clipped within commune; not retail service availability or geographic/population coverage
6301,San Fernando,6,Libertador General Bernardo O'Higgins,Claro,RedAcceso,claro_redacceso,75.419,244,public regulatory RedAcceso linework clipped within commune; not retail service availability or geographic/population coverage
6301,San Fernando,6,Libertador General Bernardo O'Higgins,Claro,RedAcceso_HFC,claro_redacceso_hfc,87.7207,175,public regulatory RedAcceso linework clipped within commune; not retail service availability or geographic/population coverage
6301,San Fernando,6,Libertador General Bernardo O'Higgins,Entel,RedAcceso_distribucion,entel_redacceso_distribucion,58.3853,282,public regulatory RedAcceso linework clipped within commune; not retail service availability or geographic/population coverage
6301,San Fernando,6,Libertador General Bernardo O'Higgins,Entel,RedAcceso_primarias,entel_redacceso_primarias,2.2015,11,public regulatory RedAcceso linework clipped within commune; not retail service availability or geographic/population coverage
6301,San Fernando,6,Libertador General Bernardo O'Higgins,Infraco,RedAcceso,infraco_redacceso,257.8196,2446,public regulatory RedAcceso linework clipped within commune; not retail service availability or geographic/population coverage
6302,Chépica,6,Libertador General Bernardo O'Higgins,Entel,RedAcceso_distribucion,entel_redacceso_distribucion,5.8535,25,public regulatory RedAcceso linework clipped within commune; not retail service availability or geographic/population coverage
6302,Chépica,6,Libertador General Bernardo O'Higgins,Entel,RedAcceso_primarias,entel_redacceso_primarias,0.1439,1,public regulatory RedAcceso linework clipped within commune; not retail service availability or geographic/population coverage
6303,Chimbarongo,6,Libertador General Bernardo O'Higgins,Claro,RedAcceso_HFC,claro_redacceso_hfc,26.0052,8,public regulatory RedAcceso linework clipped within commune; not retail service availability or geographic/population coverage
6303,Chimbarongo,6,Libertador General Bernardo O'Higgins,Entel,RedAcceso_distribucion,entel_redacceso_distribucion,6.9462,32,public regulatory RedAcceso linework clipped within commune; not retail service availability or geographic/population coverage
6303,Chimbarongo,6,Libertador General Bernardo O'Higgins,VTR,RedAcceso_FTTH,vtr_redacceso_ftth,16.833,120,public regulatory RedAcceso linework clipped within commune; not retail service availability or geographic/population coverage
6304,Lolol,6,Libertador General Bernardo O'Higgins,Entel,RedAcceso_distribucion,entel_redacceso_distribucion,0.6682,2,public regulatory RedAcceso linework clipped within commune; not retail service availability or geographic/population coverage
6305,Nancagua,6,Libertador General Bernardo O'Higgins,Entel,RedAcceso_distribucion,entel_redacceso_distribucion,1.9461,10,public regulatory RedAcceso linework clipped within commune; not retail service availability or geographic/population coverage
6305,Nancagua,6,Libertador General Bernardo O'Higgins,Entel,RedAcceso_primarias,entel_redacceso_primarias,0.14,1,public regulatory RedAcceso linework clipped within commune; not retail service availability or geographic/population coverage
6306,Palmilla,6,Libertador General Bernardo O'Higgins,Entel,RedAcceso_distribucion,entel_redacceso_distribucion,0.4068,2,public regulatory RedAcceso linework clipped within commune; not retail service availability or geographic/population coverage
6306,Palmilla,6,Libertador General Bernardo O'Higgins,Entel,RedAcceso_primarias,entel_redacceso_primarias,0.2417,1,public regulatory RedAcceso linework clipped within commune; not retail service availability or geographic/population coverage
6307,Peralillo,6,Libertador General Bernardo O'Higgins,Entel,RedAcceso_distribucion,entel_redacceso_distribucion,1.7105,8,public regulatory RedAcceso linework clipped within commune; not retail service availability or geographic/population coverage
6308,Placilla,6,Libertador General Bernardo O'Higgins,Entel,RedAcceso_distribucion,entel_redacceso_distribucion,4.9609,1,public regulatory RedAcceso linework clipped within commune; not retail service availability or geographic/population coverage
6309,Pumanque,6,Libertador General Bernardo O'Higgins,Entel,RedAcceso_distribucion,entel_redacceso_distribucion,0.7064,2,public regulatory RedAcceso linework clipped within commune; not retail service availability or geographic/population coverage
6310,Santa Cruz,6,Libertador General Bernardo O'Higgins,Claro,RedAcceso,claro_redacceso,91.0807,888,public regulatory RedAcceso linework clipped within commune; not retail service availability or geographic/population coverage
6310,Santa Cruz,6,Libertador General Bernardo O'Higgins,Entel,RedAcceso_distribucion,entel_redacceso_distribucion,25.1704,141,public regulatory RedAcceso linework clipped within commune; not retail service availability or geographic/population coverage
6310,Santa Cruz,6,Libertador General Bernardo O'Higgins,Entel,RedAcceso_primarias,entel_redacceso_primarias,1.6386,7,public regulatory RedAcceso linework clipped within commune; not retail service availability or geographic/population coverage
6310,Santa Cruz,6,Libertador General Bernardo O'Higgins,Infraco,RedAcceso,infraco_redacceso,106.1301,1100,public regulatory RedAcceso linework clipped within commune; not retail service availability or geographic/population coverage
6310,Santa Cruz,6,Libertador General Bernardo O'Higgins,VTR,RedAcceso_FTTH,vtr_redacceso_ftth,54.4737,365,public regulatory RedAcceso linework clipped within commune; not retail service availability or geographic/population coverage
7101,Talca,7,Maule,Claro,RedAcceso,claro_redacceso,286.8261,791,public regulatory RedAcceso linework clipped within commune; not retail service availability or geographic/population coverage
7101,Talca,7,Maule,Claro,RedAcceso_HFC,claro_redacceso_hfc,191.7758,409,public regulatory RedAcceso linework clipped within commune; not retail service availability or geographic/population coverage
7101,Talca,7,Maule,Entel,RedAcceso_distribucion,entel_redacceso_distribucion,215.397,810,public regulatory RedAcceso linework clipped within commune; not retail service availability or geographic/population coverage
7101,Talca,7,Maule,Entel,RedAcceso_primarias,entel_redacceso_primarias,51.0463,100,public regulatory RedAcceso linework clipped within commune; not retail service availability or geographic/population coverage
7101,Talca,7,Maule,Infraco,RedAcceso,infraco_redacceso,761.2342,7557,public regulatory RedAcceso linework clipped within commune; not retail service availability or geographic/population coverage
7101,Talca,7,Maule,VTR,RedAcceso_FTTH,vtr_redacceso_ftth,44.9822,145,public regulatory RedAcceso linework clipped within commune; not retail service availability or geographic/population coverage
7102,Constitución,7,Maule,Claro,RedAcceso,claro_redacceso,86.2286,937,public regulatory RedAcceso linework clipped within commune; not retail service availability or geographic/population coverage
7102,Constitución,7,Maule,Claro,RedAcceso_HFC,claro_redacceso_hfc,22.5344,66,public regulatory RedAcceso linework clipped within commune; not retail service availability or geographic/population coverage
7102,Constitución,7,Maule,Entel,RedAcceso_distribucion,entel_redacceso_distribucion,29.5769,117,public regulatory RedAcceso linework clipped within commune; not retail service availability or geographic/population coverage
7102,Constitución,7,Maule,Entel,RedAcceso_primarias,entel_redacceso_primarias,3.5909,10,public regulatory RedAcceso linework clipped within commune; not retail service availability or geographic/population coverage
7102,Constitución,7,Maule,Infraco,RedAcceso,infraco_redacceso,86.2362,1026,public regulatory RedAcceso linework clipped within commune; not retail service availability or geographic/population coverage
7103,Curepto,7,Maule,Entel,RedAcceso_distribucion,entel_redacceso_distribucion,4.3007,19,public regulatory RedAcceso linework clipped within commune; not retail service availability or geographic/population coverage
7103,Curepto,7,Maule,Entel,RedAcceso_primarias,entel_redacceso_primarias,0.1269,1,public regulatory RedAcceso linework clipped within commune; not retail service availability or geographic/population coverage
7104,Empedrado,7,Maule,Entel,RedAcceso_distribucion,entel_redacceso_distribucion,1.6908,10,public regulatory RedAcceso linework clipped within commune; not retail service availability or geographic/population coverage
7104,Empedrado,7,Maule,Entel,RedAcceso_primarias,entel_redacceso_primarias,0.2669,1,public regulatory RedAcceso linework clipped within commune; not retail service availability or geographic/population coverage
7105,Maule,7,Maule,Claro,RedAcceso,claro_redacceso,10.189,39,public regulatory RedAcceso linework clipped within commune; not retail service availability or geographic/population coverage
7105,Maule,7,Maule,Claro,RedAcceso_HFC,claro_redacceso_hfc,33.5544,85,public regulatory RedAcceso linework clipped within commune; not retail service availability or geographic/population coverage
7105,Maule,7,Maule,Entel,RedAcceso_distribucion,entel_redacceso_distribucion,23.6655,45,public regulatory RedAcceso linework clipped within commune; not retail service availability or geographic/population coverage
7105,Maule,7,Maule,Infraco,RedAcceso,infraco_redacceso,0.1743,8,public regulatory RedAcceso linework clipped within commune; not retail service availability or geographic/population coverage
7107,Pencahue,7,Maule,Claro,RedAcceso,claro_redacceso,0.2974,1,public regulatory RedAcceso linework clipped within commune; not retail service availability or geographic/population coverage
7107,Pencahue,7,Maule,Entel,RedAcceso_primarias,entel_redacceso_primarias,0.2514,1,public regulatory RedAcceso linework clipped within commune; not retail service availability or geographic/population coverage
7108,Río Claro,7,Maule,Claro,RedAcceso,claro_redacceso,0.47,2,public regulatory RedAcceso linework clipped within commune; not retail service availability or geographic/population coverage
7108,Río Claro,7,Maule,Entel,RedAcceso_distribucion,entel_redacceso_distribucion,2.1346,6,public regulatory RedAcceso linework clipped within commune; not retail service availability or geographic/population coverage
7109,San Clemente,7,Maule,Entel,RedAcceso_distribucion,entel_redacceso_distribucion,12.8089,38,public regulatory RedAcceso linework clipped within commune; not retail service availability or geographic/population coverage
7109,San Clemente,7,Maule,VTR,RedAcceso_FTTH,vtr_redacceso_ftth,53.364,339,public regulatory RedAcceso linework clipped within commune; not retail service availability or geographic/population coverage
7201,Cauquenes,7,Maule,Entel,RedAcceso_distribucion,entel_redacceso_distribucion,34.7911,118,public regulatory RedAcceso linework clipped within commune; not retail service availability or geographic/population coverage
7201,Cauquenes,7,Maule,Entel,RedAcceso_primarias,entel_redacceso_primarias,0.3713,2,public regulatory RedAcceso linework clipped within commune; not retail service availability or geographic/population coverage
7201,Cauquenes,7,Maule,VTR,RedAcceso_FTTH,vtr_redacceso_ftth,83.5242,620,public regulatory RedAcceso linework clipped within commune; not retail service availability or geographic/population coverage
7202,Chanco,7,Maule,Entel,RedAcceso_distribucion,entel_redacceso_distribucion,5.7741,29,public regulatory RedAcceso linework clipped within commune; not retail service availability or geographic/population coverage
7202,Chanco,7,Maule,Entel,RedAcceso_primarias,entel_redacceso_primarias,1.4887,3,public regulatory RedAcceso linework clipped within commune; not retail service availability or geographic/population coverage
7203,Pelluhue,7,Maule,Entel,RedAcceso_distribucion,entel_redacceso_distribucion,10.2076,21,public regulatory RedAcceso linework clipped within commune; not retail service availability or geographic/population coverage
7203,Pelluhue,7,Maule,Entel,RedAcceso_primarias,entel_redacceso_primarias,0.3264,1,public regulatory RedAcceso linework clipped within commune; not retail service availability or geographic/population coverage
7301,Curicó,7,Maule,Claro,RedAcceso,claro_redacceso,147.0127,445,public regulatory RedAcceso linework clipped within commune; not retail service availability or geographic/population coverage
7301,Curicó,7,Maule,Claro,RedAcceso_HFC,claro_redacceso_hfc,148.2091,309,public regulatory RedAcceso linework clipped within commune; not retail service availability or geographic/population coverage
7301,Curicó,7,Maule,Entel,RedAcceso_distribucion,entel_redacceso_distribucion,166.6814,636,public regulatory RedAcceso linework clipped within commune; not retail service availability or geographic/population coverage
7301,Curicó,7,Maule,Entel,RedAcceso_primarias,entel_redacceso_primarias,15.8255,30,public regulatory RedAcceso linework clipped within commune; not retail service availability or geographic/population coverage
7301,Curicó,7,Maule,Infraco,RedAcceso,infraco_redacceso,445.8914,4974,public regulatory RedAcceso linework clipped within commune; not retail service availability or geographic/population coverage
7302,Hualañé,7,Maule,Claro,RedAcceso,claro_redacceso,1.5611,1,public regulatory RedAcceso linework clipped within commune; not retail service availability or geographic/population coverage
7302,Hualañé,7,Maule,Entel,RedAcceso_distribucion,entel_redacceso_distribucion,5.1551,27,public regulatory RedAcceso linework clipped within commune; not retail service availability or geographic/population coverage
7303,Licantén,7,Maule,Entel,RedAcceso_distribucion,entel_redacceso_distribucion,13.4292,35,public regulatory RedAcceso linework clipped within commune; not retail service availability or geographic/population coverage
7303,Licantén,7,Maule,Entel,RedAcceso_primarias,entel_redacceso_primarias,0.0367,1,public regulatory RedAcceso linework clipped within commune; not retail service availability or geographic/population coverage
7304,Molina,7,Maule,Claro,RedAcceso,claro_redacceso,6.6862,5,public regulatory RedAcceso linework clipped within commune; not retail service availability or geographic/population coverage
7304,Molina,7,Maule,Entel,RedAcceso_distribucion,entel_redacceso_distribucion,22.9009,88,public regulatory RedAcceso linework clipped within commune; not retail service availability or geographic/population coverage
7304,Molina,7,Maule,VTR,RedAcceso_FTTH,vtr_redacceso_ftth,51.4891,402,public regulatory RedAcceso linework clipped within commune; not retail service availability or geographic/population coverage
7306,Romeral,7,Maule,Claro,RedAcceso,claro_redacceso,1.8402,6,public regulatory RedAcceso linework clipped within commune; not retail service availability or geographic/population coverage
7306,Romeral,7,Maule,Entel,RedAcceso_distribucion,entel_redacceso_distribucion,7.5523,27,public regulatory RedAcceso linework clipped within commune; not retail service availability or geographic/population coverage
7306,Romeral,7,Maule,Infraco,RedAcceso,infraco_redacceso,4.3513,13,public regulatory RedAcceso linework clipped within commune; not retail service availability or geographic/population coverage
7307,Sagrada Familia,7,Maule,Entel,RedAcceso_distribucion,entel_redacceso_distribucion,2.8614,13,public regulatory RedAcceso linework clipped within commune; not retail service availability or geographic/population coverage
7308,Teno,7,Maule,Claro,RedAcceso,claro_redacceso,0.4014,1,public regulatory RedAcceso linework clipped within commune; not retail service availability or geographic/population coverage
7308,Teno,7,Maule,Claro,RedAcceso_HFC,claro_redacceso_hfc,13.2511,5,public regulatory RedAcceso linework clipped within commune; not retail service availability or geographic/population coverage
7308,Teno,7,Maule,Entel,RedAcceso_distribucion,entel_redacceso_distribucion,9.1318,38,public regulatory RedAcceso linework clipped within commune; not retail service availability or geographic/population coverage
7308,Teno,7,Maule,Entel,RedAcceso_primarias,entel_redacceso_primarias,0.057,1,public regulatory RedAcceso linework clipped within commune; not retail service availability or geographic/population coverage
7401,Linares,7,Maule,Claro,RedAcceso,claro_redacceso,79.7961,246,public regulatory RedAcceso linework clipped within commune; not retail service availability or geographic/population coverage
7401,Linares,7,Maule,Claro,RedAcceso_HFC,claro_redacceso_hfc,97.9617,255,public regulatory RedAcceso linework clipped within commune; not retail service availability or geographic/population coverage
7401,Linares,7,Maule,Entel,RedAcceso_distribucion,entel_redacceso_distribucion,80.8654,289,public regulatory RedAcceso linework clipped within commune; not retail service availability or geographic/population coverage
7401,Linares,7,Maule,Entel,RedAcceso_primarias,entel_redacceso_primarias,9.8837,23,public regulatory RedAcceso linework clipped within commune; not retail service availability or geographic/population coverage
7401,Linares,7,Maule,Infraco,RedAcceso,infraco_redacceso,265.8149,2387,public regulatory RedAcceso linework clipped within commune; not retail service availability or geographic/population coverage
7402,Colbún,7,Maule,Entel,RedAcceso_distribucion,entel_redacceso_distribucion,28.8057,33,public regulatory RedAcceso linework clipped within commune; not retail service availability or geographic/population coverage
7402,Colbún,7,Maule,Entel,RedAcceso_primarias,entel_redacceso_primarias,0.3942,1,public regulatory RedAcceso linework clipped within commune; not retail service availability or geographic/population coverage
7403,Longaví,7,Maule,Entel,RedAcceso_distribucion,entel_redacceso_distribucion,3.3298,14,public regulatory RedAcceso linework clipped within commune; not retail service availability or geographic/population coverage
7403,Longaví,7,Maule,Entel,RedAcceso_primarias,entel_redacceso_primarias,0.4525,1,public regulatory RedAcceso linework clipped within commune; not retail service availability or geographic/population coverage
7404,Parral,7,Maule,Claro,RedAcceso,claro_redacceso,0.8856,4,public regulatory RedAcceso linework clipped within commune; not retail service availability or geographic/population coverage
7404,Parral,7,Maule,Entel,RedAcceso_distribucion,entel_redacceso_distribucion,29.6051,120,public regulatory RedAcceso linework clipped within commune; not retail service availability or geographic/population coverage
7404,Parral,7,Maule,Entel,RedAcceso_primarias,entel_redacceso_primarias,3.7399,10,public regulatory RedAcceso linework clipped within commune; not retail service availability or geographic/population coverage
7404,Parral,7,Maule,VTR,RedAcceso_FTTH,vtr_redacceso_ftth,67.2239,461,public regulatory RedAcceso linework clipped within commune; not retail service availability or geographic/population coverage
7405,Retiro,7,Maule,Entel,RedAcceso_distribucion,entel_redacceso_distribucion,5.1005,18,public regulatory RedAcceso linework clipped within commune; not retail service availability or geographic/population coverage
7405,Retiro,7,Maule,Entel,RedAcceso_primarias,entel_redacceso_primarias,0.9096,2,public regulatory RedAcceso linework clipped within commune; not retail service availability or geographic/population coverage
7406,San Javier,7,Maule,Claro,RedAcceso,claro_redacceso,3.0662,6,public regulatory RedAcceso linework clipped within commune; not retail service availability or geographic/population coverage
7406,San Javier,7,Maule,Entel,RedAcceso_distribucion,entel_redacceso_distribucion,15.8474,71,public regulatory RedAcceso linework clipped within commune; not retail service availability or geographic/population coverage
7406,San Javier,7,Maule,Entel,RedAcceso_primarias,entel_redacceso_primarias,0.5669,4,public regulatory RedAcceso linework clipped within commune; not retail service availability or geographic/population coverage
7406,San Javier,7,Maule,VTR,RedAcceso_FTTH,vtr_redacceso_ftth,69.8637,463,public regulatory RedAcceso linework clipped within commune; not retail service availability or geographic/population coverage
7408,Yerbas Buenas,7,Maule,Entel,RedAcceso_distribucion,entel_redacceso_distribucion,2.684,12,public regulatory RedAcceso linework clipped within commune; not retail service availability or geographic/population coverage
7408,Yerbas Buenas,7,Maule,Entel,RedAcceso_primarias,entel_redacceso_primarias,0.6182,1,public regulatory RedAcceso linework clipped within commune; not retail service availability or geographic/population coverage
7408,Yerbas Buenas,7,Maule,Infraco,RedAcceso,infraco_redacceso,1.4048,1,public regulatory RedAcceso linework clipped within commune; not retail service availability or geographic/population coverage
8101,Concepción,8,Biobío,Claro,RedAcceso,claro_redacceso,428.7364,1311,public regulatory RedAcceso linework clipped within commune; not retail service availability or geographic/population coverage
8101,Concepción,8,Biobío,Claro,RedAcceso_HFC,claro_redacceso_hfc,244.8591,457,public regulatory RedAcceso linework clipped within commune; not retail service availability or geographic/population coverage
8101,Concepción,8,Biobío,Entel,RedAcceso_distribucion,entel_redacceso_distribucion,294.9497,1383,public regulatory RedAcceso linework clipped within commune; not retail service availability or geographic/population coverage
8101,Concepción,8,Biobío,Entel,RedAcceso_primarias,entel_redacceso_primarias,79.0923,199,public regulatory RedAcceso linework clipped within commune; not retail service availability or geographic/population coverage
8101,Concepción,8,Biobío,Infraco,RedAcceso,infraco_redacceso,618.8138,6749,public regulatory RedAcceso linework clipped within commune; not retail service availability or geographic/population coverage
8101,Concepción,8,Biobío,VTR,RedAcceso_FTTH,vtr_redacceso_ftth,81.3966,271,public regulatory RedAcceso linework clipped within commune; not retail service availability or geographic/population coverage
8102,Coronel,8,Biobío,Claro,RedAcceso,claro_redacceso,230.7315,1501,public regulatory RedAcceso linework clipped within commune; not retail service availability or geographic/population coverage
8102,Coronel,8,Biobío,Entel,RedAcceso_distribucion,entel_redacceso_distribucion,125.3651,409,public regulatory RedAcceso linework clipped within commune; not retail service availability or geographic/population coverage
8102,Coronel,8,Biobío,Entel,RedAcceso_primarias,entel_redacceso_primarias,18.9804,29,public regulatory RedAcceso linework clipped within commune; not retail service availability or geographic/population coverage
8102,Coronel,8,Biobío,Infraco,RedAcceso,infraco_redacceso,92.4509,961,public regulatory RedAcceso linework clipped within commune; not retail service availability or geographic/population coverage
8102,Coronel,8,Biobío,VTR,RedAcceso_FTTH,vtr_redacceso_ftth,237.9666,2499,public regulatory RedAcceso linework clipped within commune; not retail service availability or geographic/population coverage
8103,Chiguayante,8,Biobío,Claro,RedAcceso,claro_redacceso,93.6209,648,public regulatory RedAcceso linework clipped within commune; not retail service availability or geographic/population coverage
8103,Chiguayante,8,Biobío,Claro,RedAcceso_HFC,claro_redacceso_hfc,79.3564,162,public regulatory RedAcceso linework clipped within commune; not retail service availability or geographic/population coverage
8103,Chiguayante,8,Biobío,Entel,RedAcceso_distribucion,entel_redacceso_distribucion,17.5925,32,public regulatory RedAcceso linework clipped within commune; not retail service availability or geographic/population coverage
8103,Chiguayante,8,Biobío,Entel,RedAcceso_primarias,entel_redacceso_primarias,18.2667,22,public regulatory RedAcceso linework clipped within commune; not retail service availability or geographic/population coverage
8103,Chiguayante,8,Biobío,Infraco,RedAcceso,infraco_redacceso,207.317,2288,public regulatory RedAcceso linework clipped within commune; not retail service availability or geographic/population coverage
8104,Florida,8,Biobío,Entel,RedAcceso_distribucion,entel_redacceso_distribucion,5.2172,21,public regulatory RedAcceso linework clipped within commune; not retail service availability or geographic/population coverage
8105,Hualqui,8,Biobío,Entel,RedAcceso_distribucion,entel_redacceso_distribucion,2.0997,6,public regulatory RedAcceso linework clipped within commune; not retail service availability or geographic/population coverage
8105,Hualqui,8,Biobío,Entel,RedAcceso_primarias,entel_redacceso_primarias,0.4154,1,public regulatory RedAcceso linework clipped within commune; not retail service availability or geographic/population coverage
8105,Hualqui,8,Biobío,VTR,RedAcceso_FTTH,vtr_redacceso_ftth,42.894,293,public regulatory RedAcceso linework clipped within commune; not retail service availability or geographic/population coverage
8106,Lota,8,Biobío,Claro,RedAcceso,claro_redacceso,10.2246,29,public regulatory RedAcceso linework clipped within commune; not retail service availability or geographic/population coverage
8106,Lota,8,Biobío,Entel,RedAcceso_distribucion,entel_redacceso_distribucion,21.4603,76,public regulatory RedAcceso linework clipped within commune; not retail service availability or geographic/population coverage
8106,Lota,8,Biobío,VTR,RedAcceso_FTTH,vtr_redacceso_ftth,71.8539,741,public regulatory RedAcceso linework clipped within commune; not retail service availability or geographic/population coverage
8107,Penco,8,Biobío,Claro,RedAcceso,claro_redacceso,16.3166,32,public regulatory RedAcceso linework clipped within commune; not retail service availability or geographic/population coverage
8107,Penco,8,Biobío,Claro,RedAcceso_HFC,claro_redacceso_hfc,29.1612,43,public regulatory RedAcceso linework clipped within commune; not retail service availability or geographic/population coverage
8107,Penco,8,Biobío,Entel,RedAcceso_distribucion,entel_redacceso_distribucion,17.3927,48,public regulatory RedAcceso linework clipped within commune; not retail service availability or geographic/population coverage
8107,Penco,8,Biobío,Entel,RedAcceso_primarias,entel_redacceso_primarias,2.2782,6,public regulatory RedAcceso linework clipped within commune; not retail service availability or geographic/population coverage
8107,Penco,8,Biobío,Infraco,RedAcceso,infraco_redacceso,1.0412,1,public regulatory RedAcceso linework clipped within commune; not retail service availability or geographic/population coverage
8107,Penco,8,Biobío,VTR,RedAcceso_FTTH,vtr_redacceso_ftth,12.4118,12,public regulatory RedAcceso linework clipped within commune; not retail service availability or geographic/population coverage
8108,San Pedro de La paz,8,Biobío,Claro,RedAcceso,claro_redacceso,95.4792,282,public regulatory RedAcceso linework clipped within commune; not retail service availability or geographic/population coverage
8108,San Pedro de La paz,8,Biobío,Claro,RedAcceso_HFC,claro_redacceso_hfc,145.4669,264,public regulatory RedAcceso linework clipped within commune; not retail service availability or geographic/population coverage
8108,San Pedro de La paz,8,Biobío,Entel,RedAcceso_distribucion,entel_redacceso_distribucion,59.8845,227,public regulatory RedAcceso linework clipped within commune; not retail service availability or geographic/population coverage
8108,San Pedro de La paz,8,Biobío,Entel,RedAcceso_primarias,entel_redacceso_primarias,23.5816,26,public regulatory RedAcceso linework clipped within commune; not retail service availability or geographic/population coverage
8108,San Pedro de La paz,8,Biobío,Infraco,RedAcceso,infraco_redacceso,287.4723,2671,public regulatory RedAcceso linework clipped within commune; not retail service availability or geographic/population coverage
8109,Santa Juana,8,Biobío,Entel,RedAcceso_distribucion,entel_redacceso_distribucion,2.072,4,public regulatory RedAcceso linework clipped within commune; not retail service availability or geographic/population coverage
8110,Talcahuano,8,Biobío,Claro,RedAcceso,claro_redacceso,199.4234,593,public regulatory RedAcceso linework clipped within commune; not retail service availability or geographic/population coverage
8110,Talcahuano,8,Biobío,Claro,RedAcceso_HFC,claro_redacceso_hfc,85.7445,162,public regulatory RedAcceso linework clipped within commune; not retail service availability or geographic/population coverage
8110,Talcahuano,8,Biobío,Entel,RedAcceso_distribucion,entel_redacceso_distribucion,141.0332,560,public regulatory RedAcceso linework clipped within commune; not retail service availability or geographic/population coverage
8110,Talcahuano,8,Biobío,Entel,RedAcceso_primarias,entel_redacceso_primarias,50.3624,91,public regulatory RedAcceso linework clipped within commune; not retail service availability or geographic/population coverage
8110,Talcahuano,8,Biobío,Infraco,RedAcceso,infraco_redacceso,313.1142,3451,public regulatory RedAcceso linework clipped within commune; not retail service availability or geographic/population coverage
8110,Talcahuano,8,Biobío,VTR,RedAcceso_FTTH,vtr_redacceso_ftth,40.7101,82,public regulatory RedAcceso linework clipped within commune; not retail service availability or geographic/population coverage
8111,Tomé,8,Biobío,Claro,RedAcceso,claro_redacceso,32.9294,39,public regulatory RedAcceso linework clipped within commune; not retail service availability or geographic/population coverage
8111,Tomé,8,Biobío,Entel,RedAcceso_distribucion,entel_redacceso_distribucion,23.4805,91,public regulatory RedAcceso linework clipped within commune; not retail service availability or geographic/population coverage
8111,Tomé,8,Biobío,Entel,RedAcceso_primarias,entel_redacceso_primarias,9.4254,20,public regulatory RedAcceso linework clipped within commune; not retail service availability or geographic/population coverage
8111,Tomé,8,Biobío,VTR,RedAcceso_FTTH,vtr_redacceso_ftth,107.2952,604,public regulatory RedAcceso linework clipped within commune; not retail service availability or geographic/population coverage
8112,Hualpén,8,Biobío,Claro,RedAcceso,claro_redacceso,110.3527,388,public regulatory RedAcceso linework clipped within commune; not retail service availability or geographic/population coverage
8112,Hualpén,8,Biobío,Claro,RedAcceso_HFC,claro_redacceso_hfc,76.7236,156,public regulatory RedAcceso linework clipped within commune; not retail service availability or geographic/population coverage
8112,Hualpén,8,Biobío,Entel,RedAcceso_distribucion,entel_redacceso_distribucion,68.4875,279,public regulatory RedAcceso linework clipped within commune; not retail service availability or geographic/population coverage
8112,Hualpén,8,Biobío,Entel,RedAcceso_primarias,entel_redacceso_primarias,20.4472,47,public regulatory RedAcceso linework clipped within commune; not retail service availability or geographic/population coverage
8112,Hualpén,8,Biobío,Infraco,RedAcceso,infraco_redacceso,0.1521,1,public regulatory RedAcceso linework clipped within commune; not retail service availability or geographic/population coverage
8112,Hualpén,8,Biobío,VTR,RedAcceso_FTTH,vtr_redacceso_ftth,21.4547,33,public regulatory RedAcceso linework clipped within commune; not retail service availability or geographic/population coverage
8201,Lebu,8,Biobío,Claro,RedAcceso,claro_redacceso,0.5046,3,public regulatory RedAcceso linework clipped within commune; not retail service availability or geographic/population coverage
8201,Lebu,8,Biobío,Entel,RedAcceso_distribucion,entel_redacceso_distribucion,25.7663,106,public regulatory RedAcceso linework clipped within commune; not retail service availability or geographic/population coverage
8201,Lebu,8,Biobío,Entel,RedAcceso_primarias,entel_redacceso_primarias,4.4081,11,public regulatory RedAcceso linework clipped within commune; not retail service availability or geographic/population coverage
8201,Lebu,8,Biobío,VTR,RedAcceso_FTTH,vtr_redacceso_ftth,33.4243,343,public regulatory RedAcceso linework clipped within commune; not retail service availability or geographic/population coverage
8202,Arauco,8,Biobío,Claro,RedAcceso,claro_redacceso,1.3959,3,public regulatory RedAcceso linework clipped within commune; not retail service availability or geographic/population coverage
8202,Arauco,8,Biobío,Entel,RedAcceso_distribucion,entel_redacceso_distribucion,22.7945,67,public regulatory RedAcceso linework clipped within commune; not retail service availability or geographic/population coverage
8202,Arauco,8,Biobío,Entel,RedAcceso_primarias,entel_redacceso_primarias,12.3947,12,public regulatory RedAcceso linework clipped within commune; not retail service availability or geographic/population coverage
8202,Arauco,8,Biobío,VTR,RedAcceso_FTTH,vtr_redacceso_ftth,48.0202,433,public regulatory RedAcceso linework clipped within commune; not retail service availability or geographic/population coverage
8203,Cañete,8,Biobío,Entel,RedAcceso_distribucion,entel_redacceso_distribucion,24.5669,117,public regulatory RedAcceso linework clipped within commune; not retail service availability or geographic/population coverage
8203,Cañete,8,Biobío,Entel,RedAcceso_primarias,entel_redacceso_primarias,0.2774,2,public regulatory RedAcceso linework clipped within commune; not retail service availability or geographic/population coverage
8203,Cañete,8,Biobío,VTR,RedAcceso_FTTH,vtr_redacceso_ftth,50.2958,293,public regulatory RedAcceso linework clipped within commune; not retail service availability or geographic/population coverage
8205,Curanilahue,8,Biobío,Claro,RedAcceso,claro_redacceso,3.2684,4,public regulatory RedAcceso linework clipped within commune; not retail service availability or geographic/population coverage
8205,Curanilahue,8,Biobío,Entel,RedAcceso_distribucion,entel_redacceso_distribucion,24.5725,44,public regulatory RedAcceso linework clipped within commune; not retail service availability or geographic/population coverage
8205,Curanilahue,8,Biobío,VTR,RedAcceso_FTTH,vtr_redacceso_ftth,62.8476,567,public regulatory RedAcceso linework clipped within commune; not retail service availability or geographic/population coverage
8206,Los Álamos,8,Biobío,Entel,RedAcceso_distribucion,entel_redacceso_distribucion,11.8491,25,public regulatory RedAcceso linework clipped within commune; not retail service availability or geographic/population coverage
8206,Los Álamos,8,Biobío,VTR,RedAcceso_FTTH,vtr_redacceso_ftth,56.9523,245,public regulatory RedAcceso linework clipped within commune; not retail service availability or geographic/population coverage
8301,Los Ángeles,8,Biobío,Claro,RedAcceso,claro_redacceso,222.8166,1596,public regulatory RedAcceso linework clipped within commune; not retail service availability or geographic/population coverage
8301,Los Ángeles,8,Biobío,Claro,RedAcceso_HFC,claro_redacceso_hfc,136.9988,268,public regulatory RedAcceso linework clipped within commune; not retail service availability or geographic/population coverage
8301,Los Ángeles,8,Biobío,Entel,RedAcceso_distribucion,entel_redacceso_distribucion,260.2374,586,public regulatory RedAcceso linework clipped within commune; not retail service availability or geographic/population coverage
8301,Los Ángeles,8,Biobío,Entel,RedAcceso_primarias,entel_redacceso_primarias,32.1351,64,public regulatory RedAcceso linework clipped within commune; not retail service availability or geographic/population coverage
8301,Los Ángeles,8,Biobío,Infraco,RedAcceso,infraco_redacceso,85.0088,706,public regulatory RedAcceso linework clipped within commune; not retail service availability or geographic/population coverage
8302,Antuco,8,Biobío,Entel,RedAcceso_distribucion,entel_redacceso_distribucion,3.2527,15,public regulatory RedAcceso linework clipped within commune; not retail service availability or geographic/population coverage
8302,Antuco,8,Biobío,Entel,RedAcceso_primarias,entel_redacceso_primarias,0.5328,1,public regulatory RedAcceso linework clipped within commune; not retail service availability or geographic/population coverage
8303,Cabrero,8,Biobío,Claro,RedAcceso,claro_redacceso,1.3642,3,public regulatory RedAcceso linework clipped within commune; not retail service availability or geographic/population coverage
8303,Cabrero,8,Biobío,Entel,RedAcceso_distribucion,entel_redacceso_distribucion,49.535,81,public regulatory RedAcceso linework clipped within commune; not retail service availability or geographic/population coverage
8303,Cabrero,8,Biobío,Entel,RedAcceso_primarias,entel_redacceso_primarias,0.6879,2,public regulatory RedAcceso linework clipped within commune; not retail service availability or geographic/population coverage
8303,Cabrero,8,Biobío,Infraco,RedAcceso,infraco_redacceso,46.5567,339,public regulatory RedAcceso linework clipped within commune; not retail service availability or geographic/population coverage
8304,Laja,8,Biobío,Claro,RedAcceso,claro_redacceso,0.3604,3,public regulatory RedAcceso linework clipped within commune; not retail service availability or geographic/population coverage
8304,Laja,8,Biobío,Entel,RedAcceso_distribucion,entel_redacceso_distribucion,10.9682,34,public regulatory RedAcceso linework clipped within commune; not retail service availability or geographic/population coverage
8304,Laja,8,Biobío,Entel,RedAcceso_primarias,entel_redacceso_primarias,0.0244,1,public regulatory RedAcceso linework clipped within commune; not retail service availability or geographic/population coverage
8304,Laja,8,Biobío,VTR,RedAcceso_FTTH,vtr_redacceso_ftth,37.5645,221,public regulatory RedAcceso linework clipped within commune; not retail service availability or geographic/population coverage
8305,Mulchén,8,Biobío,Entel,RedAcceso_distribucion,entel_redacceso_distribucion,13.7307,30,public regulatory RedAcceso linework clipped within commune; not retail service availability or geographic/population coverage
8305,Mulchén,8,Biobío,Entel,RedAcceso_primarias,entel_redacceso_primarias,0.0474,3,public regulatory RedAcceso linework clipped within commune; not retail service availability or geographic/population coverage
8305,Mulchén,8,Biobío,VTR,RedAcceso_FTTH,vtr_redacceso_ftth,43.8097,318,public regulatory RedAcceso linework clipped within commune; not retail service availability or geographic/population coverage
8306,Nacimiento,8,Biobío,Claro,RedAcceso,claro_redacceso,0.1896,1,public regulatory RedAcceso linework clipped within commune; not retail service availability or geographic/population coverage
8306,Nacimiento,8,Biobío,Entel,RedAcceso_distribucion,entel_redacceso_distribucion,28.9979,66,public regulatory RedAcceso linework clipped within commune; not retail service availability or geographic/population coverage
8306,Nacimiento,8,Biobío,Entel,RedAcceso_primarias,entel_redacceso_primarias,0.6606,3,public regulatory RedAcceso linework clipped within commune; not retail service availability or geographic/population coverage
8306,Nacimiento,8,Biobío,VTR,RedAcceso_FTTH,vtr_redacceso_ftth,44.7328,296,public regulatory RedAcceso linework clipped within commune; not retail service availability or geographic/population coverage
8307,Negrete,8,Biobío,Entel,RedAcceso_distribucion,entel_redacceso_distribucion,6.1972,24,public regulatory RedAcceso linework clipped within commune; not retail service availability or geographic/population coverage
8308,Quilaco,8,Biobío,Claro,RedAcceso,claro_redacceso,4.7609,3,public regulatory RedAcceso linework clipped within commune; not retail service availability or geographic/population coverage
8308,Quilaco,8,Biobío,Entel,RedAcceso_distribucion,entel_redacceso_distribucion,1.0524,5,public regulatory RedAcceso linework clipped within commune; not retail service availability or geographic/population coverage
8308,Quilaco,8,Biobío,Entel,RedAcceso_primarias,entel_redacceso_primarias,0.9473,2,public regulatory RedAcceso linework clipped within commune; not retail service availability or geographic/population coverage
8309,Quilleco,8,Biobío,Entel,RedAcceso_distribucion,entel_redacceso_distribucion,4.6676,16,public regulatory RedAcceso linework clipped within commune; not retail service availability or geographic/population coverage
8309,Quilleco,8,Biobío,Entel,RedAcceso_primarias,entel_redacceso_primarias,1.1549,2,public regulatory RedAcceso linework clipped within commune; not retail service availability or geographic/population coverage
8310,San Rosendo,8,Biobío,Claro,RedAcceso,claro_redacceso,0.0534,1,public regulatory RedAcceso linework clipped within commune; not retail service availability or geographic/population coverage
8311,Santa Bárbara,8,Biobío,Claro,RedAcceso,claro_redacceso,2.6745,5,public regulatory RedAcceso linework clipped within commune; not retail service availability or geographic/population coverage
8311,Santa Bárbara,8,Biobío,Entel,RedAcceso_distribucion,entel_redacceso_distribucion,9.5874,41,public regulatory RedAcceso linework clipped within commune; not retail service availability or geographic/population coverage
8311,Santa Bárbara,8,Biobío,Entel,RedAcceso_primarias,entel_redacceso_primarias,0.3566,1,public regulatory RedAcceso linework clipped within commune; not retail service availability or geographic/population coverage
8312,Tucapel,8,Biobío,Entel,RedAcceso_distribucion,entel_redacceso_distribucion,4.1451,9,public regulatory RedAcceso linework clipped within commune; not retail service availability or geographic/population coverage
8312,Tucapel,8,Biobío,Entel,RedAcceso_primarias,entel_redacceso_primarias,1.0054,1,public regulatory RedAcceso linework clipped within commune; not retail service availability or geographic/population coverage
8313,Yumbel,8,Biobío,Entel,RedAcceso_distribucion,entel_redacceso_distribucion,26.5424,31,public regulatory RedAcceso linework clipped within commune; not retail service availability or geographic/population coverage
8314,Alto Biobío,8,Biobío,Entel,RedAcceso_distribucion,entel_redacceso_distribucion,3.8896,17,public regulatory RedAcceso linework clipped within commune; not retail service availability or geographic/population coverage
8314,Alto Biobío,8,Biobío,Entel,RedAcceso_primarias,entel_redacceso_primarias,0.4093,2,public regulatory RedAcceso linework clipped within commune; not retail service availability or geographic/population coverage
9101,Temuco,9,La Araucanía,Claro,RedAcceso,claro_redacceso,315.3936,1181,public regulatory RedAcceso linework clipped within commune; not retail service availability or geographic/population coverage
9101,Temuco,9,La Araucanía,Claro,RedAcceso_HFC,claro_redacceso_hfc,328.8135,576,public regulatory RedAcceso linework clipped within commune; not retail service availability or geographic/population coverage
9101,Temuco,9,La Araucanía,Entel,RedAcceso_distribucion,entel_redacceso_distribucion,170.0505,637,public regulatory RedAcceso linework clipped within commune; not retail service availability or geographic/population coverage
9101,Temuco,9,La Araucanía,Entel,RedAcceso_primarias,entel_redacceso_primarias,61.9729,159,public regulatory RedAcceso linework clipped within commune; not retail service availability or geographic/population coverage
9101,Temuco,9,La Araucanía,Infraco,RedAcceso,infraco_redacceso,834.6833,8133,public regulatory RedAcceso linework clipped within commune; not retail service availability or geographic/population coverage
9101,Temuco,9,La Araucanía,VTR,RedAcceso_FTTH,vtr_redacceso_ftth,88.3122,438,public regulatory RedAcceso linework clipped within commune; not retail service availability or geographic/population coverage
9102,Carahue,9,La Araucanía,Entel,RedAcceso_distribucion,entel_redacceso_distribucion,7.6714,41,public regulatory RedAcceso linework clipped within commune; not retail service availability or geographic/population coverage
9102,Carahue,9,La Araucanía,Entel,RedAcceso_primarias,entel_redacceso_primarias,0.5582,5,public regulatory RedAcceso linework clipped within commune; not retail service availability or geographic/population coverage
9103,Cunco,9,La Araucanía,Entel,RedAcceso_distribucion,entel_redacceso_distribucion,3.7695,24,public regulatory RedAcceso linework clipped within commune; not retail service availability or geographic/population coverage
9103,Cunco,9,La Araucanía,Entel,RedAcceso_primarias,entel_redacceso_primarias,2.0632,1,public regulatory RedAcceso linework clipped within commune; not retail service availability or geographic/population coverage
9104,Curarrehue,9,La Araucanía,Entel,RedAcceso_distribucion,entel_redacceso_distribucion,1.2491,5,public regulatory RedAcceso linework clipped within commune; not retail service availability or geographic/population coverage
9104,Curarrehue,9,La Araucanía,Entel,RedAcceso_primarias,entel_redacceso_primarias,0.1989,1,public regulatory RedAcceso linework clipped within commune; not retail service availability or geographic/population coverage
9105,Freire,9,La Araucanía,Claro,RedAcceso,claro_redacceso,9.4809,8,public regulatory RedAcceso linework clipped within commune; not retail service availability or geographic/population coverage
9105,Freire,9,La Araucanía,Entel,RedAcceso_distribucion,entel_redacceso_distribucion,33.3589,46,public regulatory RedAcceso linework clipped within commune; not retail service availability or geographic/population coverage
9105,Freire,9,La Araucanía,Entel,RedAcceso_primarias,entel_redacceso_primarias,1.5411,5,public regulatory RedAcceso linework clipped within commune; not retail service availability or geographic/population coverage
9106,Galvarino,9,La Araucanía,Claro,RedAcceso,claro_redacceso,1.8152,3,public regulatory RedAcceso linework clipped within commune; not retail service availability or geographic/population coverage
9106,Galvarino,9,La Araucanía,Entel,RedAcceso_distribucion,entel_redacceso_distribucion,5.6851,22,public regulatory RedAcceso linework clipped within commune; not retail service availability or geographic/population coverage
9107,Gorbea,9,La Araucanía,Entel,RedAcceso_distribucion,entel_redacceso_distribucion,6.5576,20,public regulatory RedAcceso linework clipped within commune; not retail service availability or geographic/population coverage
9108,Lautaro,9,La Araucanía,Entel,RedAcceso_distribucion,entel_redacceso_distribucion,48.3415,110,public regulatory RedAcceso linework clipped within commune; not retail service availability or geographic/population coverage
9108,Lautaro,9,La Araucanía,Entel,RedAcceso_primarias,entel_redacceso_primarias,14.2989,25,public regulatory RedAcceso linework clipped within commune; not retail service availability or geographic/population coverage
9108,Lautaro,9,La Araucanía,VTR,RedAcceso_FTTH,vtr_redacceso_ftth,68.4638,654,public regulatory RedAcceso linework clipped within commune; not retail service availability or geographic/population coverage
9109,Loncoche,9,La Araucanía,Entel,RedAcceso_distribucion,entel_redacceso_distribucion,19.214,54,public regulatory RedAcceso linework clipped within commune; not retail service availability or geographic/population coverage
9109,Loncoche,9,La Araucanía,Entel,RedAcceso_primarias,entel_redacceso_primarias,2.7169,5,public regulatory RedAcceso linework clipped within commune; not retail service availability or geographic/population coverage
9109,Loncoche,9,La Araucanía,VTR,RedAcceso_FTTH,vtr_redacceso_ftth,45.8632,383,public regulatory RedAcceso linework clipped within commune; not retail service availability or geographic/population coverage
9111,Nueva Imperial,9,La Araucanía,Claro,RedAcceso,claro_redacceso,1.0619,2,public regulatory RedAcceso linework clipped within commune; not retail service availability or geographic/population coverage
9111,Nueva Imperial,9,La Araucanía,Entel,RedAcceso_distribucion,entel_redacceso_distribucion,15.1052,64,public regulatory RedAcceso linework clipped within commune; not retail service availability or geographic/population coverage
9111,Nueva Imperial,9,La Araucanía,VTR,RedAcceso_FTTH,vtr_redacceso_ftth,45.4065,277,public regulatory RedAcceso linework clipped within commune; not retail service availability or geographic/population coverage
9112,Padre Las Casas,9,La Araucanía,Claro,RedAcceso,claro_redacceso,24.9953,64,public regulatory RedAcceso linework clipped within commune; not retail service availability or geographic/population coverage
9112,Padre Las Casas,9,La Araucanía,Claro,RedAcceso_HFC,claro_redacceso_hfc,41.7268,92,public regulatory RedAcceso linework clipped within commune; not retail service availability or geographic/population coverage
9112,Padre Las Casas,9,La Araucanía,Entel,RedAcceso_distribucion,entel_redacceso_distribucion,39.5678,145,public regulatory RedAcceso linework clipped within commune; not retail service availability or geographic/population coverage
9112,Padre Las Casas,9,La Araucanía,Entel,RedAcceso_primarias,entel_redacceso_primarias,11.8082,24,public regulatory RedAcceso linework clipped within commune; not retail service availability or geographic/population coverage
9112,Padre Las Casas,9,La Araucanía,Infraco,RedAcceso,infraco_redacceso,68.4833,613,public regulatory RedAcceso linework clipped within commune; not retail service availability or geographic/population coverage
9113,Perquenco,9,La Araucanía,Claro,RedAcceso,claro_redacceso,1.3869,2,public regulatory RedAcceso linework clipped within commune; not retail service availability or geographic/population coverage
9114,Pitrufquén,9,La Araucanía,Claro,RedAcceso,claro_redacceso,2.3381,5,public regulatory RedAcceso linework clipped within commune; not retail service availability or geographic/population coverage
9114,Pitrufquén,9,La Araucanía,Entel,RedAcceso_distribucion,entel_redacceso_distribucion,16.8315,68,public regulatory RedAcceso linework clipped within commune; not retail service availability or geographic/population coverage
9114,Pitrufquén,9,La Araucanía,Entel,RedAcceso_primarias,entel_redacceso_primarias,0.7883,5,public regulatory RedAcceso linework clipped within commune; not retail service availability or geographic/population coverage
9114,Pitrufquén,9,La Araucanía,VTR,RedAcceso_FTTH,vtr_redacceso_ftth,36.301,249,public regulatory RedAcceso linework clipped within commune; not retail service availability or geographic/population coverage
9115,Pucón,9,La Araucanía,Claro,RedAcceso,claro_redacceso,0.6601,1,public regulatory RedAcceso linework clipped within commune; not retail service availability or geographic/population coverage
9115,Pucón,9,La Araucanía,Entel,RedAcceso_distribucion,entel_redacceso_distribucion,23.2666,77,public regulatory RedAcceso linework clipped within commune; not retail service availability or geographic/population coverage
9115,Pucón,9,La Araucanía,Entel,RedAcceso_primarias,entel_redacceso_primarias,9.6122,27,public regulatory RedAcceso linework clipped within commune; not retail service availability or geographic/population coverage
9115,Pucón,9,La Araucanía,Infraco,RedAcceso,infraco_redacceso,82.7995,535,public regulatory RedAcceso linework clipped within commune; not retail service availability or geographic/population coverage
9115,Pucón,9,La Araucanía,VTR,RedAcceso_FTTH,vtr_redacceso_ftth,73.8103,423,public regulatory RedAcceso linework clipped within commune; not retail service availability or geographic/population coverage
9116,Saavedra,9,La Araucanía,Entel,RedAcceso_distribucion,entel_redacceso_distribucion,3.7867,20,public regulatory RedAcceso linework clipped within commune; not retail service availability or geographic/population coverage
9116,Saavedra,9,La Araucanía,Entel,RedAcceso_primarias,entel_redacceso_primarias,0.133,1,public regulatory RedAcceso linework clipped within commune; not retail service availability or geographic/population coverage
9117,Teodoro Schmidt,9,La Araucanía,Entel,RedAcceso_distribucion,entel_redacceso_distribucion,3.0378,15,public regulatory RedAcceso linework clipped within commune; not retail service availability or geographic/population coverage
9117,Teodoro Schmidt,9,La Araucanía,Entel,RedAcceso_primarias,entel_redacceso_primarias,0.1172,1,public regulatory RedAcceso linework clipped within commune; not retail service availability or geographic/population coverage
9118,Toltén,9,La Araucanía,Entel,RedAcceso_distribucion,entel_redacceso_distribucion,2.4716,15,public regulatory RedAcceso linework clipped within commune; not retail service availability or geographic/population coverage
9118,Toltén,9,La Araucanía,Entel,RedAcceso_primarias,entel_redacceso_primarias,0.5853,2,public regulatory RedAcceso linework clipped within commune; not retail service availability or geographic/population coverage
9119,Vilcún,9,La Araucanía,Claro,RedAcceso,claro_redacceso,14.9436,28,public regulatory RedAcceso linework clipped within commune; not retail service availability or geographic/population coverage
9119,Vilcún,9,La Araucanía,Claro,RedAcceso_HFC,claro_redacceso_hfc,6.6578,13,public regulatory RedAcceso linework clipped within commune; not retail service availability or geographic/population coverage
9119,Vilcún,9,La Araucanía,Entel,RedAcceso_distribucion,entel_redacceso_distribucion,9.9306,36,public regulatory RedAcceso linework clipped within commune; not retail service availability or geographic/population coverage
9119,Vilcún,9,La Araucanía,Infraco,RedAcceso,infraco_redacceso,0.3221,2,public regulatory RedAcceso linework clipped within commune; not retail service availability or geographic/population coverage
9120,Villarrica,9,La Araucanía,Entel,RedAcceso_distribucion,entel_redacceso_distribucion,38.102,124,public regulatory RedAcceso linework clipped within commune; not retail service availability or geographic/population coverage
9120,Villarrica,9,La Araucanía,Entel,RedAcceso_primarias,entel_redacceso_primarias,5.8414,17,public regulatory RedAcceso linework clipped within commune; not retail service availability or geographic/population coverage
9120,Villarrica,9,La Araucanía,Infraco,RedAcceso,infraco_redacceso,124.2288,1319,public regulatory RedAcceso linework clipped within commune; not retail service availability or geographic/population coverage
9120,Villarrica,9,La Araucanía,VTR,RedAcceso_FTTH,vtr_redacceso_ftth,82.0562,554,public regulatory RedAcceso linework clipped within commune; not retail service availability or geographic/population coverage
9121,Cholchol,9,La Araucanía,Entel,RedAcceso_distribucion,entel_redacceso_distribucion,2.0791,7,public regulatory RedAcceso linework clipped within commune; not retail service availability or geographic/population coverage
9121,Cholchol,9,La Araucanía,Entel,RedAcceso_primarias,entel_redacceso_primarias,1.7023,1,public regulatory RedAcceso linework clipped within commune; not retail service availability or geographic/population coverage
9201,Angol,9,La Araucanía,Entel,RedAcceso_distribucion,entel_redacceso_distribucion,37.136,141,public regulatory RedAcceso linework clipped within commune; not retail service availability or geographic/population coverage
9201,Angol,9,La Araucanía,Entel,RedAcceso_primarias,entel_redacceso_primarias,2.3661,8,public regulatory RedAcceso linework clipped within commune; not retail service availability or geographic/population coverage
9201,Angol,9,La Araucanía,Infraco,RedAcceso,infraco_redacceso,57.2924,452,public regulatory RedAcceso linework clipped within commune; not retail service availability or geographic/population coverage
9201,Angol,9,La Araucanía,VTR,RedAcceso_FTTH,vtr_redacceso_ftth,107.6582,757,public regulatory RedAcceso linework clipped within commune; not retail service availability or geographic/population coverage
9202,Collipulli,9,La Araucanía,Claro,RedAcceso,claro_redacceso,0.0226,1,public regulatory RedAcceso linework clipped within commune; not retail service availability or geographic/population coverage
9202,Collipulli,9,La Araucanía,Entel,RedAcceso_distribucion,entel_redacceso_distribucion,13.2477,44,public regulatory RedAcceso linework clipped within commune; not retail service availability or geographic/population coverage
9202,Collipulli,9,La Araucanía,Entel,RedAcceso_primarias,entel_redacceso_primarias,0.0994,1,public regulatory RedAcceso linework clipped within commune; not retail service availability or geographic/population coverage
9202,Collipulli,9,La Araucanía,VTR,RedAcceso_FTTH,vtr_redacceso_ftth,30.888,241,public regulatory RedAcceso linework clipped within commune; not retail service availability or geographic/population coverage
9203,Curacautín,9,La Araucanía,Entel,RedAcceso_distribucion,entel_redacceso_distribucion,9.1455,51,public regulatory RedAcceso linework clipped within commune; not retail service availability or geographic/population coverage
9203,Curacautín,9,La Araucanía,Entel,RedAcceso_primarias,entel_redacceso_primarias,0.0135,1,public regulatory RedAcceso linework clipped within commune; not retail service availability or geographic/population coverage
9204,Ercilla,9,La Araucanía,Entel,RedAcceso_distribucion,entel_redacceso_distribucion,2.1007,11,public regulatory RedAcceso linework clipped within commune; not retail service availability or geographic/population coverage
9205,Lonquimay,9,La Araucanía,Entel,RedAcceso_distribucion,entel_redacceso_distribucion,8.4716,45,public regulatory RedAcceso linework clipped within commune; not retail service availability or geographic/population coverage
9205,Lonquimay,9,La Araucanía,Entel,RedAcceso_primarias,entel_redacceso_primarias,0.2433,3,public regulatory RedAcceso linework clipped within commune; not retail service availability or geographic/population coverage
9206,Los Sauces,9,La Araucanía,Entel,RedAcceso_distribucion,entel_redacceso_distribucion,5.5868,16,public regulatory RedAcceso linework clipped within commune; not retail service availability or geographic/population coverage
9207,Lumaco,9,La Araucanía,Entel,RedAcceso_distribucion,entel_redacceso_distribucion,1.9525,11,public regulatory RedAcceso linework clipped within commune; not retail service availability or geographic/population coverage
9207,Lumaco,9,La Araucanía,Entel,RedAcceso_primarias,entel_redacceso_primarias,0.3384,2,public regulatory RedAcceso linework clipped within commune; not retail service availability or geographic/population coverage
9208,Purén,9,La Araucanía,Entel,RedAcceso_distribucion,entel_redacceso_distribucion,6.5333,31,public regulatory RedAcceso linework clipped within commune; not retail service availability or geographic/population coverage
9209,Renaico,9,La Araucanía,Entel,RedAcceso_distribucion,entel_redacceso_distribucion,1.8478,9,public regulatory RedAcceso linework clipped within commune; not retail service availability or geographic/population coverage
9209,Renaico,9,La Araucanía,Entel,RedAcceso_primarias,entel_redacceso_primarias,0.5818,2,public regulatory RedAcceso linework clipped within commune; not retail service availability or geographic/population coverage
9210,Traiguén,9,La Araucanía,Entel,RedAcceso_distribucion,entel_redacceso_distribucion,6.4138,30,public regulatory RedAcceso linework clipped within commune; not retail service availability or geographic/population coverage
9210,Traiguén,9,La Araucanía,Entel,RedAcceso_primarias,entel_redacceso_primarias,3.9107,6,public regulatory RedAcceso linework clipped within commune; not retail service availability or geographic/population coverage
9211,Victoria,9,La Araucanía,Claro,RedAcceso,claro_redacceso,3.189,8,public regulatory RedAcceso linework clipped within commune; not retail service availability or geographic/population coverage
9211,Victoria,9,La Araucanía,Entel,RedAcceso_distribucion,entel_redacceso_distribucion,26.571,104,public regulatory RedAcceso linework clipped within commune; not retail service availability or geographic/population coverage
9211,Victoria,9,La Araucanía,Entel,RedAcceso_primarias,entel_redacceso_primarias,0.8466,5,public regulatory RedAcceso linework clipped within commune; not retail service availability or geographic/population coverage
9211,Victoria,9,La Araucanía,VTR,RedAcceso_FTTH,vtr_redacceso_ftth,54.9611,371,public regulatory RedAcceso linework clipped within commune; not retail service availability or geographic/population coverage
10101,Puerto Montt,10,Los Lagos,Claro,RedAcceso,claro_redacceso,276.7318,769,public regulatory RedAcceso linework clipped within commune; not retail service availability or geographic/population coverage
10101,Puerto Montt,10,Los Lagos,Claro,RedAcceso_HFC,claro_redacceso_hfc,165.979,293,public regulatory RedAcceso linework clipped within commune; not retail service availability or geographic/population coverage
10101,Puerto Montt,10,Los Lagos,Entel,RedAcceso_distribucion,entel_redacceso_distribucion,306.0122,920,public regulatory RedAcceso linework clipped within commune; not retail service availability or geographic/population coverage
10101,Puerto Montt,10,Los Lagos,Entel,RedAcceso_primarias,entel_redacceso_primarias,64.166,129,public regulatory RedAcceso linework clipped within commune; not retail service availability or geographic/population coverage
10101,Puerto Montt,10,Los Lagos,Infraco,RedAcceso,infraco_redacceso,605.7249,5139,public regulatory RedAcceso linework clipped within commune; not retail service availability or geographic/population coverage
10101,Puerto Montt,10,Los Lagos,VTR,RedAcceso_FTTH,vtr_redacceso_ftth,124.8626,683,public regulatory RedAcceso linework clipped within commune; not retail service availability or geographic/population coverage
10102,Calbuco,10,Los Lagos,Entel,RedAcceso_distribucion,entel_redacceso_distribucion,14.2893,41,public regulatory RedAcceso linework clipped within commune; not retail service availability or geographic/population coverage
10104,Fresia,10,Los Lagos,Entel,RedAcceso_distribucion,entel_redacceso_distribucion,2.6876,16,public regulatory RedAcceso linework clipped within commune; not retail service availability or geographic/population coverage
10104,Fresia,10,Los Lagos,Entel,RedAcceso_primarias,entel_redacceso_primarias,3.0592,4,public regulatory RedAcceso linework clipped within commune; not retail service availability or geographic/population coverage
10105,Frutillar,10,Los Lagos,Claro,RedAcceso,claro_redacceso,0.3236,1,public regulatory RedAcceso linework clipped within commune; not retail service availability or geographic/population coverage
10105,Frutillar,10,Los Lagos,Entel,RedAcceso_distribucion,entel_redacceso_distribucion,17.818,29,public regulatory RedAcceso linework clipped within commune; not retail service availability or geographic/population coverage
10105,Frutillar,10,Los Lagos,Entel,RedAcceso_primarias,entel_redacceso_primarias,5.3738,7,public regulatory RedAcceso linework clipped within commune; not retail service availability or geographic/population coverage
10105,Frutillar,10,Los Lagos,VTR,RedAcceso_FTTH,vtr_redacceso_ftth,33.6181,208,public regulatory RedAcceso linework clipped within commune; not retail service availability or geographic/population coverage
10106,Los Muermos,10,Los Lagos,Entel,RedAcceso_distribucion,entel_redacceso_distribucion,13.4437,42,public regulatory RedAcceso linework clipped within commune; not retail service availability or geographic/population coverage
10106,Los Muermos,10,Los Lagos,Entel,RedAcceso_primarias,entel_redacceso_primarias,1.6452,4,public regulatory RedAcceso linework clipped within commune; not retail service availability or geographic/population coverage
10107,Llanquihue,10,Los Lagos,Entel,RedAcceso_distribucion,entel_redacceso_distribucion,10.6829,26,public regulatory RedAcceso linework clipped within commune; not retail service availability or geographic/population coverage
10107,Llanquihue,10,Los Lagos,Entel,RedAcceso_primarias,entel_redacceso_primarias,1.0381,1,public regulatory RedAcceso linework clipped within commune; not retail service availability or geographic/population coverage
10107,Llanquihue,10,Los Lagos,VTR,RedAcceso_FTTH,vtr_redacceso_ftth,36.8104,202,public regulatory RedAcceso linework clipped within commune; not retail service availability or geographic/population coverage
10108,Maullín,10,Los Lagos,Entel,RedAcceso_distribucion,entel_redacceso_distribucion,9.5062,24,public regulatory RedAcceso linework clipped within commune; not retail service availability or geographic/population coverage
10109,Puerto Varas,10,Los Lagos,Claro,RedAcceso,claro_redacceso,51.7323,121,public regulatory RedAcceso linework clipped within commune; not retail service availability or geographic/population coverage
10109,Puerto Varas,10,Los Lagos,Claro,RedAcceso_HFC,claro_redacceso_hfc,35.8064,57,public regulatory RedAcceso linework clipped within commune; not retail service availability or geographic/population coverage
10109,Puerto Varas,10,Los Lagos,Entel,RedAcceso_distribucion,entel_redacceso_distribucion,68.683,151,public regulatory RedAcceso linework clipped within commune; not retail service availability or geographic/population coverage
10109,Puerto Varas,10,Los Lagos,Entel,RedAcceso_primarias,entel_redacceso_primarias,3.7675,15,public regulatory RedAcceso linework clipped within commune; not retail service availability or geographic/population coverage
10109,Puerto Varas,10,Los Lagos,Infraco,RedAcceso,infraco_redacceso,0.157,1,public regulatory RedAcceso linework clipped within commune; not retail service availability or geographic/population coverage
10109,Puerto Varas,10,Los Lagos,VTR,RedAcceso_FTTH,vtr_redacceso_ftth,0.1534,2,public regulatory RedAcceso linework clipped within commune; not retail service availability or geographic/population coverage
10201,Castro,10,Los Lagos,Entel,RedAcceso_distribucion,entel_redacceso_distribucion,46.9822,174,public regulatory RedAcceso linework clipped within commune; not retail service availability or geographic/population coverage
10201,Castro,10,Los Lagos,Entel,RedAcceso_primarias,entel_redacceso_primarias,4.7544,10,public regulatory RedAcceso linework clipped within commune; not retail service availability or geographic/population coverage
10201,Castro,10,Los Lagos,VTR,RedAcceso_FTTH,vtr_redacceso_ftth,0.0191,1,public regulatory RedAcceso linework clipped within commune; not retail service availability or geographic/population coverage
10202,Ancud,10,Los Lagos,Claro,RedAcceso,claro_redacceso,2.094,4,public regulatory RedAcceso linework clipped within commune; not retail service availability or geographic/population coverage
10202,Ancud,10,Los Lagos,Entel,RedAcceso_distribucion,entel_redacceso_distribucion,27.6741,82,public regulatory RedAcceso linework clipped within commune; not retail service availability or geographic/population coverage
10202,Ancud,10,Los Lagos,Entel,RedAcceso_primarias,entel_redacceso_primarias,0.1947,2,public regulatory RedAcceso linework clipped within commune; not retail service availability or geographic/population coverage
10202,Ancud,10,Los Lagos,VTR,RedAcceso_FTTH,vtr_redacceso_ftth,0.0022,1,public regulatory RedAcceso linework clipped within commune; not retail service availability or geographic/population coverage
10203,Chonchi,10,Los Lagos,Entel,RedAcceso_distribucion,entel_redacceso_distribucion,2.1702,8,public regulatory RedAcceso linework clipped within commune; not retail service availability or geographic/population coverage
10203,Chonchi,10,Los Lagos,Entel,RedAcceso_primarias,entel_redacceso_primarias,1.1516,4,public regulatory RedAcceso linework clipped within commune; not retail service availability or geographic/population coverage
10205,Dalcahue,10,Los Lagos,Entel,RedAcceso_distribucion,entel_redacceso_distribucion,1.6626,5,public regulatory RedAcceso linework clipped within commune; not retail service availability or geographic/population coverage
10207,Queilén,10,Los Lagos,Entel,RedAcceso_distribucion,entel_redacceso_distribucion,3.8339,17,public regulatory RedAcceso linework clipped within commune; not retail service availability or geographic/population coverage
10208,Quellón,10,Los Lagos,Entel,RedAcceso_distribucion,entel_redacceso_distribucion,12.6787,48,public regulatory RedAcceso linework clipped within commune; not retail service availability or geographic/population coverage
10208,Quellón,10,Los Lagos,Entel,RedAcceso_primarias,entel_redacceso_primarias,4.2036,5,public regulatory RedAcceso linework clipped within commune; not retail service availability or geographic/population coverage
10209,Quemchi,10,Los Lagos,Entel,RedAcceso_distribucion,entel_redacceso_distribucion,1.5978,7,public regulatory RedAcceso linework clipped within commune; not retail service availability or geographic/population coverage
10210,Quinchao,10,Los Lagos,Claro,RedAcceso,claro_redacceso,2.5079,3,public regulatory RedAcceso linework clipped within commune; not retail service availability or geographic/population coverage
10210,Quinchao,10,Los Lagos,Entel,RedAcceso_distribucion,entel_redacceso_distribucion,4.2293,16,public regulatory RedAcceso linework clipped within commune; not retail service availability or geographic/population coverage
10210,Quinchao,10,Los Lagos,Entel,RedAcceso_primarias,entel_redacceso_primarias,1.3221,3,public regulatory RedAcceso linework clipped within commune; not retail service availability or geographic/population coverage
10301,Osorno,10,Los Lagos,Claro,RedAcceso,claro_redacceso,175.9808,531,public regulatory RedAcceso linework clipped within commune; not retail service availability or geographic/population coverage
10301,Osorno,10,Los Lagos,Claro,RedAcceso_HFC,claro_redacceso_hfc,116.73,237,public regulatory RedAcceso linework clipped within commune; not retail service availability or geographic/population coverage
10301,Osorno,10,Los Lagos,Entel,RedAcceso_distribucion,entel_redacceso_distribucion,123.5541,425,public regulatory RedAcceso linework clipped within commune; not retail service availability or geographic/population coverage
10301,Osorno,10,Los Lagos,Entel,RedAcceso_primarias,entel_redacceso_primarias,52.6286,99,public regulatory RedAcceso linework clipped within commune; not retail service availability or geographic/population coverage
10301,Osorno,10,Los Lagos,Infraco,RedAcceso,infraco_redacceso,462.7211,4264,public regulatory RedAcceso linework clipped within commune; not retail service availability or geographic/population coverage
10301,Osorno,10,Los Lagos,VTR,RedAcceso_FTTH,vtr_redacceso_ftth,23.3421,84,public regulatory RedAcceso linework clipped within commune; not retail service availability or geographic/population coverage
10302,Puerto Octay,10,Los Lagos,Entel,RedAcceso_distribucion,entel_redacceso_distribucion,1.4438,5,public regulatory RedAcceso linework clipped within commune; not retail service availability or geographic/population coverage
10302,Puerto Octay,10,Los Lagos,Entel,RedAcceso_primarias,entel_redacceso_primarias,0.3465,1,public regulatory RedAcceso linework clipped within commune; not retail service availability or geographic/population coverage
10303,Purranque,10,Los Lagos,Claro,RedAcceso,claro_redacceso,0.5379,1,public regulatory RedAcceso linework clipped within commune; not retail service availability or geographic/population coverage
10303,Purranque,10,Los Lagos,Entel,RedAcceso_distribucion,entel_redacceso_distribucion,8.0847,33,public regulatory RedAcceso linework clipped within commune; not retail service availability or geographic/population coverage
10303,Purranque,10,Los Lagos,Entel,RedAcceso_primarias,entel_redacceso_primarias,0.0863,1,public regulatory RedAcceso linework clipped within commune; not retail service availability or geographic/population coverage
10303,Purranque,10,Los Lagos,VTR,RedAcceso_FTTH,vtr_redacceso_ftth,25.8343,167,public regulatory RedAcceso linework clipped within commune; not retail service availability or geographic/population coverage
10304,Puyehue,10,Los Lagos,Entel,RedAcceso_distribucion,entel_redacceso_distribucion,4.1299,13,public regulatory RedAcceso linework clipped within commune; not retail service availability or geographic/population coverage
10304,Puyehue,10,Los Lagos,Entel,RedAcceso_primarias,entel_redacceso_primarias,0.3655,1,public regulatory RedAcceso linework clipped within commune; not retail service availability or geographic/population coverage
10305,Río Negro,10,Los Lagos,Entel,RedAcceso_distribucion,entel_redacceso_distribucion,7.8071,27,public regulatory RedAcceso linework clipped within commune; not retail service availability or geographic/population coverage
10305,Río Negro,10,Los Lagos,Entel,RedAcceso_primarias,entel_redacceso_primarias,0.2587,2,public regulatory RedAcceso linework clipped within commune; not retail service availability or geographic/population coverage
10307,San Pablo,10,Los Lagos,Entel,RedAcceso_distribucion,entel_redacceso_distribucion,3.1727,11,public regulatory RedAcceso linework clipped within commune; not retail service availability or geographic/population coverage
10401,Chaitén,10,Los Lagos,Claro,RedAcceso,claro_redacceso,1.2937,3,public regulatory RedAcceso linework clipped within commune; not retail service availability or geographic/population coverage
10401,Chaitén,10,Los Lagos,Entel,RedAcceso_distribucion,entel_redacceso_distribucion,3.2045,10,public regulatory RedAcceso linework clipped within commune; not retail service availability or geographic/population coverage
10401,Chaitén,10,Los Lagos,Entel,RedAcceso_primarias,entel_redacceso_primarias,0.2378,1,public regulatory RedAcceso linework clipped within commune; not retail service availability or geographic/population coverage
10402,Futaleufú,10,Los Lagos,Claro,RedAcceso,claro_redacceso,0.7529,1,public regulatory RedAcceso linework clipped within commune; not retail service availability or geographic/population coverage
10402,Futaleufú,10,Los Lagos,Entel,RedAcceso_distribucion,entel_redacceso_distribucion,1.3392,6,public regulatory RedAcceso linework clipped within commune; not retail service availability or geographic/population coverage
10402,Futaleufú,10,Los Lagos,Entel,RedAcceso_primarias,entel_redacceso_primarias,0.2892,1,public regulatory RedAcceso linework clipped within commune; not retail service availability or geographic/population coverage
10403,Hualaihué,10,Los Lagos,Entel,RedAcceso_distribucion,entel_redacceso_distribucion,2.5591,8,public regulatory RedAcceso linework clipped within commune; not retail service availability or geographic/population coverage
11101,Coyhaique,11,Aysén del General Carlos Ibáñez del Campo,Claro,RedAcceso,claro_redacceso,41.6842,130,public regulatory RedAcceso linework clipped within commune; not retail service availability or geographic/population coverage
11101,Coyhaique,11,Aysén del General Carlos Ibáñez del Campo,Entel,RedAcceso_distribucion,entel_redacceso_distribucion,50.0213,147,public regulatory RedAcceso linework clipped within commune; not retail service availability or geographic/population coverage
11101,Coyhaique,11,Aysén del General Carlos Ibáñez del Campo,Entel,RedAcceso_primarias,entel_redacceso_primarias,86.6319,52,public regulatory RedAcceso linework clipped within commune; not retail service availability or geographic/population coverage
11201,Aysén,11,Aysén del General Carlos Ibáñez del Campo,Claro,RedAcceso,claro_redacceso,1.0007,3,public regulatory RedAcceso linework clipped within commune; not retail service availability or geographic/population coverage
11201,Aysén,11,Aysén del General Carlos Ibáñez del Campo,Entel,RedAcceso_distribucion,entel_redacceso_distribucion,9.0231,33,public regulatory RedAcceso linework clipped within commune; not retail service availability or geographic/population coverage
11201,Aysén,11,Aysén del General Carlos Ibáñez del Campo,Entel,RedAcceso_primarias,entel_redacceso_primarias,0.153,1,public regulatory RedAcceso linework clipped within commune; not retail service availability or geographic/population coverage
11202,Cisnes,11,Aysén del General Carlos Ibáñez del Campo,Claro,RedAcceso,claro_redacceso,1.4622,4,public regulatory RedAcceso linework clipped within commune; not retail service availability or geographic/population coverage
11202,Cisnes,11,Aysén del General Carlos Ibáñez del Campo,Entel,RedAcceso_distribucion,entel_redacceso_distribucion,1.6088,7,public regulatory RedAcceso linework clipped within commune; not retail service availability or geographic/population coverage
11301,Cochrane,11,Aysén del General Carlos Ibáñez del Campo,Claro,RedAcceso,claro_redacceso,1.0641,2,public regulatory RedAcceso linework clipped within commune; not retail service availability or geographic/population coverage
11301,Cochrane,11,Aysén del General Carlos Ibáñez del Campo,Entel,RedAcceso_distribucion,entel_redacceso_distribucion,0.5394,3,public regulatory RedAcceso linework clipped within commune; not retail service availability or geographic/population coverage
11401,Chile Chico,11,Aysén del General Carlos Ibáñez del Campo,Claro,RedAcceso,claro_redacceso,3.6732,3,public regulatory RedAcceso linework clipped within commune; not retail service availability or geographic/population coverage
11401,Chile Chico,11,Aysén del General Carlos Ibáñez del Campo,Entel,RedAcceso_distribucion,entel_redacceso_distribucion,3.4308,13,public regulatory RedAcceso linework clipped within commune; not retail service availability or geographic/population coverage
11401,Chile Chico,11,Aysén del General Carlos Ibáñez del Campo,Entel,RedAcceso_primarias,entel_redacceso_primarias,0.4301,1,public regulatory RedAcceso linework clipped within commune; not retail service availability or geographic/population coverage
11402,Río Ibáñez,11,Aysén del General Carlos Ibáñez del Campo,Entel,RedAcceso_distribucion,entel_redacceso_distribucion,2.797,1,public regulatory RedAcceso linework clipped within commune; not retail service availability or geographic/population coverage
11402,Río Ibáñez,11,Aysén del General Carlos Ibáñez del Campo,Entel,RedAcceso_primarias,entel_redacceso_primarias,45.2851,21,public regulatory RedAcceso linework clipped within commune; not retail service availability or geographic/population coverage
12101,Punta Arenas,12,Magallanes y de la Antártica Chilena,Claro,RedAcceso,claro_redacceso,242.1933,727,public regulatory RedAcceso linework clipped within commune; not retail service availability or geographic/population coverage
12101,Punta Arenas,12,Magallanes y de la Antártica Chilena,Entel,RedAcceso_distribucion,entel_redacceso_distribucion,123.4112,472,public regulatory RedAcceso linework clipped within commune; not retail service availability or geographic/population coverage
12101,Punta Arenas,12,Magallanes y de la Antártica Chilena,Entel,RedAcceso_primarias,entel_redacceso_primarias,31.0316,77,public regulatory RedAcceso linework clipped within commune; not retail service availability or geographic/population coverage
12101,Punta Arenas,12,Magallanes y de la Antártica Chilena,Infraco,RedAcceso,infraco_redacceso,625.6211,6277,public regulatory RedAcceso linework clipped within commune; not retail service availability or geographic/population coverage
12201,Cabo de Hornos,12,Magallanes y de la Antártica Chilena,Entel,RedAcceso_distribucion,entel_redacceso_distribucion,2.0899,9,public regulatory RedAcceso linework clipped within commune; not retail service availability or geographic/population coverage
12201,Cabo de Hornos,12,Magallanes y de la Antártica Chilena,Entel,RedAcceso_primarias,entel_redacceso_primarias,2.1946,2,public regulatory RedAcceso linework clipped within commune; not retail service availability or geographic/population coverage
12301,Porvenir,12,Magallanes y de la Antártica Chilena,Claro,RedAcceso,claro_redacceso,4.0397,4,public regulatory RedAcceso linework clipped within commune; not retail service availability or geographic/population coverage
12301,Porvenir,12,Magallanes y de la Antártica Chilena,Entel,RedAcceso_distribucion,entel_redacceso_distribucion,15.3195,41,public regulatory RedAcceso linework clipped within commune; not retail service availability or geographic/population coverage
12301,Porvenir,12,Magallanes y de la Antártica Chilena,Entel,RedAcceso_primarias,entel_redacceso_primarias,0.057,1,public regulatory RedAcceso linework clipped within commune; not retail service availability or geographic/population coverage
12301,Porvenir,12,Magallanes y de la Antártica Chilena,Infraco,RedAcceso,infraco_redacceso,56.9839,455,public regulatory RedAcceso linework clipped within commune; not retail service availability or geographic/population coverage
12302,Primavera,12,Magallanes y de la Antártica Chilena,Claro,RedAcceso,claro_redacceso,0.1993,2,public regulatory RedAcceso linework clipped within commune; not retail service availability or geographic/population coverage
12302,Primavera,12,Magallanes y de la Antártica Chilena,Entel,RedAcceso_distribucion,entel_redacceso_distribucion,0.6503,2,public regulatory RedAcceso linework clipped within commune; not retail service availability or geographic/population coverage
12401,Natales,12,Magallanes y de la Antártica Chilena,Entel,RedAcceso_distribucion,entel_redacceso_distribucion,20.7163,61,public regulatory RedAcceso linework clipped within commune; not retail service availability or geographic/population coverage
12401,Natales,12,Magallanes y de la Antártica Chilena,Entel,RedAcceso_primarias,entel_redacceso_primarias,0.016,1,public regulatory RedAcceso linework clipped within commune; not retail service availability or geographic/population coverage
12401,Natales,12,Magallanes y de la Antártica Chilena,Infraco,RedAcceso,infraco_redacceso,153.4666,1535,public regulatory RedAcceso linework clipped within commune; not retail service availability or geographic/population coverage
13101,Santiago,13,Metropolitana de Santiago,Claro,RedAcceso,claro_redacceso,553.2952,3556,public regulatory RedAcceso linework clipped within commune; not retail service availability or geographic/population coverage
13101,Santiago,13,Metropolitana de Santiago,Claro,RedAcceso_HFC,claro_redacceso_hfc,350.6274,1161,public regulatory RedAcceso linework clipped within commune; not retail service availability or geographic/population coverage
13101,Santiago,13,Metropolitana de Santiago,Entel,RedAcceso_distribucion,entel_redacceso_distribucion,914.558,4504,public regulatory RedAcceso linework clipped within commune; not retail service availability or geographic/population coverage
13101,Santiago,13,Metropolitana de Santiago,Entel,RedAcceso_primarias,entel_redacceso_primarias,420.4927,1052,public regulatory RedAcceso linework clipped within commune; not retail service availability or geographic/population coverage
13101,Santiago,13,Metropolitana de Santiago,Infraco,RedAcceso,infraco_redacceso,774.7893,7744,public regulatory RedAcceso linework clipped within commune; not retail service availability or geographic/population coverage
13101,Santiago,13,Metropolitana de Santiago,VTR,RedAcceso_FTTH,vtr_redacceso_ftth,1.9007,8,public regulatory RedAcceso linework clipped within commune; not retail service availability or geographic/population coverage
13102,Cerrillos,13,Metropolitana de Santiago,Claro,RedAcceso,claro_redacceso,159.8967,772,public regulatory RedAcceso linework clipped within commune; not retail service availability or geographic/population coverage
13102,Cerrillos,13,Metropolitana de Santiago,Claro,RedAcceso_HFC,claro_redacceso_hfc,72.1289,161,public regulatory RedAcceso linework clipped within commune; not retail service availability or geographic/population coverage
13102,Cerrillos,13,Metropolitana de Santiago,Entel,RedAcceso_distribucion,entel_redacceso_distribucion,133.2565,405,public regulatory RedAcceso linework clipped within commune; not retail service availability or geographic/population coverage
13102,Cerrillos,13,Metropolitana de Santiago,Entel,RedAcceso_primarias,entel_redacceso_primarias,54.7161,123,public regulatory RedAcceso linework clipped within commune; not retail service availability or geographic/population coverage
13102,Cerrillos,13,Metropolitana de Santiago,Infraco,RedAcceso,infraco_redacceso,180.2445,1813,public regulatory RedAcceso linework clipped within commune; not retail service availability or geographic/population coverage
13102,Cerrillos,13,Metropolitana de Santiago,VTR,RedAcceso_FTTH,vtr_redacceso_ftth,15.0056,22,public regulatory RedAcceso linework clipped within commune; not retail service availability or geographic/population coverage
13103,Cerro Navia,13,Metropolitana de Santiago,Claro,RedAcceso,claro_redacceso,40.0017,119,public regulatory RedAcceso linework clipped within commune; not retail service availability or geographic/population coverage
13103,Cerro Navia,13,Metropolitana de Santiago,Claro,RedAcceso_HFC,claro_redacceso_hfc,4.0575,10,public regulatory RedAcceso linework clipped within commune; not retail service availability or geographic/population coverage
13103,Cerro Navia,13,Metropolitana de Santiago,Entel,RedAcceso_distribucion,entel_redacceso_distribucion,34.8974,98,public regulatory RedAcceso linework clipped within commune; not retail service availability or geographic/population coverage
13103,Cerro Navia,13,Metropolitana de Santiago,Entel,RedAcceso_primarias,entel_redacceso_primarias,3.203,13,public regulatory RedAcceso linework clipped within commune; not retail service availability or geographic/population coverage
13103,Cerro Navia,13,Metropolitana de Santiago,Infraco,RedAcceso,infraco_redacceso,197.708,2660,public regulatory RedAcceso linework clipped within commune; not retail service availability or geographic/population coverage
13104,Conchalí,13,Metropolitana de Santiago,Claro,RedAcceso,claro_redacceso,175.1465,895,public regulatory RedAcceso linework clipped within commune; not retail service availability or geographic/population coverage
13104,Conchalí,13,Metropolitana de Santiago,Claro,RedAcceso_HFC,claro_redacceso_hfc,153.6786,302,public regulatory RedAcceso linework clipped within commune; not retail service availability or geographic/population coverage
13104,Conchalí,13,Metropolitana de Santiago,Entel,RedAcceso_distribucion,entel_redacceso_distribucion,84.2708,319,public regulatory RedAcceso linework clipped within commune; not retail service availability or geographic/population coverage
13104,Conchalí,13,Metropolitana de Santiago,Entel,RedAcceso_primarias,entel_redacceso_primarias,55.0501,93,public regulatory RedAcceso linework clipped within commune; not retail service availability or geographic/population coverage
13104,Conchalí,13,Metropolitana de Santiago,Infraco,RedAcceso,infraco_redacceso,243.919,2962,public regulatory RedAcceso linework clipped within commune; not retail service availability or geographic/population coverage
13104,Conchalí,13,Metropolitana de Santiago,VTR,RedAcceso_FTTH,vtr_redacceso_ftth,18.0097,55,public regulatory RedAcceso linework clipped within commune; not retail service availability or geographic/population coverage
13105,El Bosque,13,Metropolitana de Santiago,Claro,RedAcceso,claro_redacceso,58.9085,258,public regulatory RedAcceso linework clipped within commune; not retail service availability or geographic/population coverage
13105,El Bosque,13,Metropolitana de Santiago,Claro,RedAcceso_HFC,claro_redacceso_hfc,133.6186,352,public regulatory RedAcceso linework clipped within commune; not retail service availability or geographic/population coverage
13105,El Bosque,13,Metropolitana de Santiago,Entel,RedAcceso_distribucion,entel_redacceso_distribucion,42.8089,117,public regulatory RedAcceso linework clipped within commune; not retail service availability or geographic/population coverage
13105,El Bosque,13,Metropolitana de Santiago,Entel,RedAcceso_primarias,entel_redacceso_primarias,18.5067,48,public regulatory RedAcceso linework clipped within commune; not retail service availability or geographic/population coverage
13105,El Bosque,13,Metropolitana de Santiago,Infraco,RedAcceso,infraco_redacceso,4.8578,32,public regulatory RedAcceso linework clipped within commune; not retail service availability or geographic/population coverage
13105,El Bosque,13,Metropolitana de Santiago,VTR,RedAcceso_FTTH,vtr_redacceso_ftth,1.5256,2,public regulatory RedAcceso linework clipped within commune; not retail service availability or geographic/population coverage
13106,Estación Central,13,Metropolitana de Santiago,Claro,RedAcceso,claro_redacceso,228.0787,1023,public regulatory RedAcceso linework clipped within commune; not retail service availability or geographic/population coverage
13106,Estación Central,13,Metropolitana de Santiago,Claro,RedAcceso_HFC,claro_redacceso_hfc,109.4059,292,public regulatory RedAcceso linework clipped within commune; not retail service availability or geographic/population coverage
13106,Estación Central,13,Metropolitana de Santiago,Entel,RedAcceso_distribucion,entel_redacceso_distribucion,99.2747,374,public regulatory RedAcceso linework clipped within commune; not retail service availability or geographic/population coverage
13106,Estación Central,13,Metropolitana de Santiago,Entel,RedAcceso_primarias,entel_redacceso_primarias,39.3992,94,public regulatory RedAcceso linework clipped within commune; not retail service availability or geographic/population coverage
13106,Estación Central,13,Metropolitana de Santiago,Infraco,RedAcceso,infraco_redacceso,309.4649,3297,public regulatory RedAcceso linework clipped within commune; not retail service availability or geographic/population coverage
13106,Estación Central,13,Metropolitana de Santiago,VTR,RedAcceso_FTTH,vtr_redacceso_ftth,15.8315,36,public regulatory RedAcceso linework clipped within commune; not retail service availability or geographic/population coverage
13107,Huechuraba,13,Metropolitana de Santiago,Claro,RedAcceso,claro_redacceso,260.8387,1415,public regulatory RedAcceso linework clipped within commune; not retail service availability or geographic/population coverage
13107,Huechuraba,13,Metropolitana de Santiago,Claro,RedAcceso_HFC,claro_redacceso_hfc,67.1594,107,public regulatory RedAcceso linework clipped within commune; not retail service availability or geographic/population coverage
13107,Huechuraba,13,Metropolitana de Santiago,Entel,RedAcceso_distribucion,entel_redacceso_distribucion,133.1358,558,public regulatory RedAcceso linework clipped within commune; not retail service availability or geographic/population coverage
13107,Huechuraba,13,Metropolitana de Santiago,Entel,RedAcceso_primarias,entel_redacceso_primarias,82.7269,144,public regulatory RedAcceso linework clipped within commune; not retail service availability or geographic/population coverage
13107,Huechuraba,13,Metropolitana de Santiago,Infraco,RedAcceso,infraco_redacceso,231.7448,2438,public regulatory RedAcceso linework clipped within commune; not retail service availability or geographic/population coverage
13107,Huechuraba,13,Metropolitana de Santiago,VTR,RedAcceso_FTTH,vtr_redacceso_ftth,9.8075,28,public regulatory RedAcceso linework clipped within commune; not retail service availability or geographic/population coverage
13108,Independencia,13,Metropolitana de Santiago,Claro,RedAcceso,claro_redacceso,121.563,495,public regulatory RedAcceso linework clipped within commune; not retail service availability or geographic/population coverage
13108,Independencia,13,Metropolitana de Santiago,Claro,RedAcceso_HFC,claro_redacceso_hfc,163.3228,254,public regulatory RedAcceso linework clipped within commune; not retail service availability or geographic/population coverage
13108,Independencia,13,Metropolitana de Santiago,Entel,RedAcceso_distribucion,entel_redacceso_distribucion,110.8705,386,public regulatory RedAcceso linework clipped within commune; not retail service availability or geographic/population coverage
13108,Independencia,13,Metropolitana de Santiago,Entel,RedAcceso_primarias,entel_redacceso_primarias,58.5337,109,public regulatory RedAcceso linework clipped within commune; not retail service availability or geographic/population coverage
13108,Independencia,13,Metropolitana de Santiago,Infraco,RedAcceso,infraco_redacceso,210.4984,2099,public regulatory RedAcceso linework clipped within commune; not retail service availability or geographic/population coverage
13108,Independencia,13,Metropolitana de Santiago,VTR,RedAcceso_FTTH,vtr_redacceso_ftth,19.3031,36,public regulatory RedAcceso linework clipped within commune; not retail service availability or geographic/population coverage
13109,La Cisterna,13,Metropolitana de Santiago,Claro,RedAcceso,claro_redacceso,102.7817,325,public regulatory RedAcceso linework clipped within commune; not retail service availability or geographic/population coverage
13109,La Cisterna,13,Metropolitana de Santiago,Claro,RedAcceso_HFC,claro_redacceso_hfc,132.7256,238,public regulatory RedAcceso linework clipped within commune; not retail service availability or geographic/population coverage
13109,La Cisterna,13,Metropolitana de Santiago,Entel,RedAcceso_distribucion,entel_redacceso_distribucion,75.0309,225,public regulatory RedAcceso linework clipped within commune; not retail service availability or geographic/population coverage
13109,La Cisterna,13,Metropolitana de Santiago,Entel,RedAcceso_primarias,entel_redacceso_primarias,33.3486,68,public regulatory RedAcceso linework clipped within commune; not retail service availability or geographic/population coverage
13109,La Cisterna,13,Metropolitana de Santiago,Infraco,RedAcceso,infraco_redacceso,247.4587,2595,public regulatory RedAcceso linework clipped within commune; not retail service availability or geographic/population coverage
13109,La Cisterna,13,Metropolitana de Santiago,VTR,RedAcceso_FTTH,vtr_redacceso_ftth,47.8892,83,public regulatory RedAcceso linework clipped within commune; not retail service availability or geographic/population coverage
13110,La Florida,13,Metropolitana de Santiago,Claro,RedAcceso,claro_redacceso,431.7933,1686,public regulatory RedAcceso linework clipped within commune; not retail service availability or geographic/population coverage
13110,La Florida,13,Metropolitana de Santiago,Claro,RedAcceso_HFC,claro_redacceso_hfc,256.9083,486,public regulatory RedAcceso linework clipped within commune; not retail service availability or geographic/population coverage
13110,La Florida,13,Metropolitana de Santiago,Entel,RedAcceso_distribucion,entel_redacceso_distribucion,205.5222,637,public regulatory RedAcceso linework clipped within commune; not retail service availability or geographic/population coverage
13110,La Florida,13,Metropolitana de Santiago,Entel,RedAcceso_primarias,entel_redacceso_primarias,132.7352,262,public regulatory RedAcceso linework clipped within commune; not retail service availability or geographic/population coverage
13110,La Florida,13,Metropolitana de Santiago,Infraco,RedAcceso,infraco_redacceso,804.1389,8658,public regulatory RedAcceso linework clipped within commune; not retail service availability or geographic/population coverage
13110,La Florida,13,Metropolitana de Santiago,VTR,RedAcceso_FTTH,vtr_redacceso_ftth,78.8476,128,public regulatory RedAcceso linework clipped within commune; not retail service availability or geographic/population coverage
13111,La Granja,13,Metropolitana de Santiago,Claro,RedAcceso,claro_redacceso,62.9048,235,public regulatory RedAcceso linework clipped within commune; not retail service availability or geographic/population coverage
13111,La Granja,13,Metropolitana de Santiago,Claro,RedAcceso_HFC,claro_redacceso_hfc,24.5467,60,public regulatory RedAcceso linework clipped within commune; not retail service availability or geographic/population coverage
13111,La Granja,13,Metropolitana de Santiago,Entel,RedAcceso_distribucion,entel_redacceso_distribucion,32.5252,106,public regulatory RedAcceso linework clipped within commune; not retail service availability or geographic/population coverage
13111,La Granja,13,Metropolitana de Santiago,Entel,RedAcceso_primarias,entel_redacceso_primarias,15.0245,31,public regulatory RedAcceso linework clipped within commune; not retail service availability or geographic/population coverage
13111,La Granja,13,Metropolitana de Santiago,Infraco,RedAcceso,infraco_redacceso,9.9044,86,public regulatory RedAcceso linework clipped within commune; not retail service availability or geographic/population coverage
13111,La Granja,13,Metropolitana de Santiago,VTR,RedAcceso_FTTH,vtr_redacceso_ftth,24.3212,89,public regulatory RedAcceso linework clipped within commune; not retail service availability or geographic/population coverage
13112,La Pintana,13,Metropolitana de Santiago,Claro,RedAcceso,claro_redacceso,86.2873,264,public regulatory RedAcceso linework clipped within commune; not retail service availability or geographic/population coverage
13112,La Pintana,13,Metropolitana de Santiago,Claro,RedAcceso_HFC,claro_redacceso_hfc,10.101,18,public regulatory RedAcceso linework clipped within commune; not retail service availability or geographic/population coverage
13112,La Pintana,13,Metropolitana de Santiago,Entel,RedAcceso_distribucion,entel_redacceso_distribucion,42.6804,96,public regulatory RedAcceso linework clipped within commune; not retail service availability or geographic/population coverage
13112,La Pintana,13,Metropolitana de Santiago,Entel,RedAcceso_primarias,entel_redacceso_primarias,12.542,32,public regulatory RedAcceso linework clipped within commune; not retail service availability or geographic/population coverage
13112,La Pintana,13,Metropolitana de Santiago,Infraco,RedAcceso,infraco_redacceso,1.8905,10,public regulatory RedAcceso linework clipped within commune; not retail service availability or geographic/population coverage
13112,La Pintana,13,Metropolitana de Santiago,VTR,RedAcceso_FTTH,vtr_redacceso_ftth,0.0033,1,public regulatory RedAcceso linework clipped within commune; not retail service availability or geographic/population coverage
13113,La Reina,13,Metropolitana de Santiago,Claro,RedAcceso,claro_redacceso,94.2149,333,public regulatory RedAcceso linework clipped within commune; not retail service availability or geographic/population coverage
13113,La Reina,13,Metropolitana de Santiago,Claro,RedAcceso_HFC,claro_redacceso_hfc,81.5746,176,public regulatory RedAcceso linework clipped within commune; not retail service availability or geographic/population coverage
13113,La Reina,13,Metropolitana de Santiago,Entel,RedAcceso_distribucion,entel_redacceso_distribucion,85.1536,246,public regulatory RedAcceso linework clipped within commune; not retail service availability or geographic/population coverage
13113,La Reina,13,Metropolitana de Santiago,Entel,RedAcceso_primarias,entel_redacceso_primarias,68.7934,155,public regulatory RedAcceso linework clipped within commune; not retail service availability or geographic/population coverage
13113,La Reina,13,Metropolitana de Santiago,Infraco,RedAcceso,infraco_redacceso,302.072,2725,public regulatory RedAcceso linework clipped within commune; not retail service availability or geographic/population coverage
13113,La Reina,13,Metropolitana de Santiago,VTR,RedAcceso_FTTH,vtr_redacceso_ftth,29.41,168,public regulatory RedAcceso linework clipped within commune; not retail service availability or geographic/population coverage
13114,Las Condes,13,Metropolitana de Santiago,Claro,RedAcceso,claro_redacceso,292.2056,2623,public regulatory RedAcceso linework clipped within commune; not retail service availability or geographic/population coverage
13114,Las Condes,13,Metropolitana de Santiago,Claro,RedAcceso_HFC,claro_redacceso_hfc,413.5099,885,public regulatory RedAcceso linework clipped within commune; not retail service availability or geographic/population coverage
13114,Las Condes,13,Metropolitana de Santiago,Entel,RedAcceso_distribucion,entel_redacceso_distribucion,531.4242,2859,public regulatory RedAcceso linework clipped within commune; not retail service availability or geographic/population coverage
13114,Las Condes,13,Metropolitana de Santiago,Entel,RedAcceso_primarias,entel_redacceso_primarias,282.2454,759,public regulatory RedAcceso linework clipped within commune; not retail service availability or geographic/population coverage
13114,Las Condes,13,Metropolitana de Santiago,Infraco,RedAcceso,infraco_redacceso,1004.7985,8179,public regulatory RedAcceso linework clipped within commune; not retail service availability or geographic/population coverage
13114,Las Condes,13,Metropolitana de Santiago,VTR,RedAcceso_FTTH,vtr_redacceso_ftth,68.5791,236,public regulatory RedAcceso linework clipped within commune; not retail service availability or geographic/population coverage
13115,Lo Barnechea,13,Metropolitana de Santiago,Claro,RedAcceso,claro_redacceso,23.3119,131,public regulatory RedAcceso linework clipped within commune; not retail service availability or geographic/population coverage
13115,Lo Barnechea,13,Metropolitana de Santiago,Claro,RedAcceso_HFC,claro_redacceso_hfc,114.7469,251,public regulatory RedAcceso linework clipped within commune; not retail service availability or geographic/population coverage
13115,Lo Barnechea,13,Metropolitana de Santiago,Entel,RedAcceso_distribucion,entel_redacceso_distribucion,64.0841,186,public regulatory RedAcceso linework clipped within commune; not retail service availability or geographic/population coverage
13115,Lo Barnechea,13,Metropolitana de Santiago,Entel,RedAcceso_primarias,entel_redacceso_primarias,16.397,45,public regulatory RedAcceso linework clipped within commune; not retail service availability or geographic/population coverage
13115,Lo Barnechea,13,Metropolitana de Santiago,Infraco,RedAcceso,infraco_redacceso,266.9908,1787,public regulatory RedAcceso linework clipped within commune; not retail service availability or geographic/population coverage
13115,Lo Barnechea,13,Metropolitana de Santiago,VTR,RedAcceso_FTTH,vtr_redacceso_ftth,4.6092,12,public regulatory RedAcceso linework clipped within commune; not retail service availability or geographic/population coverage
13116,Lo Espejo,13,Metropolitana de Santiago,Claro,RedAcceso,claro_redacceso,22.2503,79,public regulatory RedAcceso linework clipped within commune; not retail service availability or geographic/population coverage
13116,Lo Espejo,13,Metropolitana de Santiago,Claro,RedAcceso_HFC,claro_redacceso_hfc,18.2544,47,public regulatory RedAcceso linework clipped within commune; not retail service availability or geographic/population coverage
13116,Lo Espejo,13,Metropolitana de Santiago,Entel,RedAcceso_distribucion,entel_redacceso_distribucion,40.8543,120,public regulatory RedAcceso linework clipped within commune; not retail service availability or geographic/population coverage
13116,Lo Espejo,13,Metropolitana de Santiago,Entel,RedAcceso_primarias,entel_redacceso_primarias,4.6473,9,public regulatory RedAcceso linework clipped within commune; not retail service availability or geographic/population coverage
13116,Lo Espejo,13,Metropolitana de Santiago,VTR,RedAcceso_FTTH,vtr_redacceso_ftth,20.1555,60,public regulatory RedAcceso linework clipped within commune; not retail service availability or geographic/population coverage
13117,Lo Prado,13,Metropolitana de Santiago,Claro,RedAcceso,claro_redacceso,70.4352,411,public regulatory RedAcceso linework clipped within commune; not retail service availability or geographic/population coverage
13117,Lo Prado,13,Metropolitana de Santiago,Claro,RedAcceso_HFC,claro_redacceso_hfc,39.5696,103,public regulatory RedAcceso linework clipped within commune; not retail service availability or geographic/population coverage
13117,Lo Prado,13,Metropolitana de Santiago,Entel,RedAcceso_distribucion,entel_redacceso_distribucion,27.389,67,public regulatory RedAcceso linework clipped within commune; not retail service availability or geographic/population coverage
13117,Lo Prado,13,Metropolitana de Santiago,Entel,RedAcceso_primarias,entel_redacceso_primarias,2.2465,9,public regulatory RedAcceso linework clipped within commune; not retail service availability or geographic/population coverage
13117,Lo Prado,13,Metropolitana de Santiago,Infraco,RedAcceso,infraco_redacceso,3.5379,65,public regulatory RedAcceso linework clipped within commune; not retail service availability or geographic/population coverage
13118,Macul,13,Metropolitana de Santiago,Claro,RedAcceso,claro_redacceso,178.0539,752,public regulatory RedAcceso linework clipped within commune; not retail service availability or geographic/population coverage
13118,Macul,13,Metropolitana de Santiago,Claro,RedAcceso_HFC,claro_redacceso_hfc,94.7222,231,public regulatory RedAcceso linework clipped within commune; not retail service availability or geographic/population coverage
13118,Macul,13,Metropolitana de Santiago,Entel,RedAcceso_distribucion,entel_redacceso_distribucion,128.6962,381,public regulatory RedAcceso linework clipped within commune; not retail service availability or geographic/population coverage
13118,Macul,13,Metropolitana de Santiago,Entel,RedAcceso_primarias,entel_redacceso_primarias,85.4946,157,public regulatory RedAcceso linework clipped within commune; not retail service availability or geographic/population coverage
13118,Macul,13,Metropolitana de Santiago,Infraco,RedAcceso,infraco_redacceso,273.3655,2943,public regulatory RedAcceso linework clipped within commune; not retail service availability or geographic/population coverage
13118,Macul,13,Metropolitana de Santiago,VTR,RedAcceso_FTTH,vtr_redacceso_ftth,26.129,50,public regulatory RedAcceso linework clipped within commune; not retail service availability or geographic/population coverage
13119,Maipú,13,Metropolitana de Santiago,Claro,RedAcceso,claro_redacceso,581.6205,2615,public regulatory RedAcceso linework clipped within commune; not retail service availability or geographic/population coverage
13119,Maipú,13,Metropolitana de Santiago,Claro,RedAcceso_HFC,claro_redacceso_hfc,395.4008,724,public regulatory RedAcceso linework clipped within commune; not retail service availability or geographic/population coverage
13119,Maipú,13,Metropolitana de Santiago,Entel,RedAcceso_distribucion,entel_redacceso_distribucion,265.9764,861,public regulatory RedAcceso linework clipped within commune; not retail service availability or geographic/population coverage
13119,Maipú,13,Metropolitana de Santiago,Entel,RedAcceso_primarias,entel_redacceso_primarias,138.4361,364,public regulatory RedAcceso linework clipped within commune; not retail service availability or geographic/population coverage
13119,Maipú,13,Metropolitana de Santiago,Infraco,RedAcceso,infraco_redacceso,1116.9477,13519,public regulatory RedAcceso linework clipped within commune; not retail service availability or geographic/population coverage
13119,Maipú,13,Metropolitana de Santiago,VTR,RedAcceso_FTTH,vtr_redacceso_ftth,87.2257,153,public regulatory RedAcceso linework clipped within commune; not retail service availability or geographic/population coverage
13120,Ñuñoa,13,Metropolitana de Santiago,Claro,RedAcceso,claro_redacceso,319.4159,1530,public regulatory RedAcceso linework clipped within commune; not retail service availability or geographic/population coverage
13120,Ñuñoa,13,Metropolitana de Santiago,Claro,RedAcceso_HFC,claro_redacceso_hfc,171.7637,466,public regulatory RedAcceso linework clipped within commune; not retail service availability or geographic/population coverage
13120,Ñuñoa,13,Metropolitana de Santiago,Entel,RedAcceso_distribucion,entel_redacceso_distribucion,207.4196,681,public regulatory RedAcceso linework clipped within commune; not retail service availability or geographic/population coverage
13120,Ñuñoa,13,Metropolitana de Santiago,Entel,RedAcceso_primarias,entel_redacceso_primarias,147.7297,270,public regulatory RedAcceso linework clipped within commune; not retail service availability or geographic/population coverage
13120,Ñuñoa,13,Metropolitana de Santiago,Infraco,RedAcceso,infraco_redacceso,644.459,6478,public regulatory RedAcceso linework clipped within commune; not retail service availability or geographic/population coverage
13120,Ñuñoa,13,Metropolitana de Santiago,VTR,RedAcceso_FTTH,vtr_redacceso_ftth,81.2579,373,public regulatory RedAcceso linework clipped within commune; not retail service availability or geographic/population coverage
13121,Pedro Aguirre Cerda,13,Metropolitana de Santiago,Claro,RedAcceso,claro_redacceso,61.6881,250,public regulatory RedAcceso linework clipped within commune; not retail service availability or geographic/population coverage
13121,Pedro Aguirre Cerda,13,Metropolitana de Santiago,Claro,RedAcceso_HFC,claro_redacceso_hfc,20.3985,39,public regulatory RedAcceso linework clipped within commune; not retail service availability or geographic/population coverage
13121,Pedro Aguirre Cerda,13,Metropolitana de Santiago,Entel,RedAcceso_distribucion,entel_redacceso_distribucion,38.326,101,public regulatory RedAcceso linework clipped within commune; not retail service availability or geographic/population coverage
13121,Pedro Aguirre Cerda,13,Metropolitana de Santiago,Entel,RedAcceso_primarias,entel_redacceso_primarias,2.825,7,public regulatory RedAcceso linework clipped within commune; not retail service availability or geographic/population coverage
13121,Pedro Aguirre Cerda,13,Metropolitana de Santiago,Infraco,RedAcceso,infraco_redacceso,0.0123,2,public regulatory RedAcceso linework clipped within commune; not retail service availability or geographic/population coverage
13121,Pedro Aguirre Cerda,13,Metropolitana de Santiago,VTR,RedAcceso_FTTH,vtr_redacceso_ftth,39.7962,291,public regulatory RedAcceso linework clipped within commune; not retail service availability or geographic/population coverage
13122,Peñalolén,13,Metropolitana de Santiago,Claro,RedAcceso,claro_redacceso,128.2879,447,public regulatory RedAcceso linework clipped within commune; not retail service availability or geographic/population coverage
13122,Peñalolén,13,Metropolitana de Santiago,Claro,RedAcceso_HFC,claro_redacceso_hfc,131.55,237,public regulatory RedAcceso linework clipped within commune; not retail service availability or geographic/population coverage
13122,Peñalolén,13,Metropolitana de Santiago,Entel,RedAcceso_distribucion,entel_redacceso_distribucion,104.8456,261,public regulatory RedAcceso linework clipped within commune; not retail service availability or geographic/population coverage
13122,Peñalolén,13,Metropolitana de Santiago,Entel,RedAcceso_primarias,entel_redacceso_primarias,37.4827,79,public regulatory RedAcceso linework clipped within commune; not retail service availability or geographic/population coverage
13122,Peñalolén,13,Metropolitana de Santiago,Infraco,RedAcceso,infraco_redacceso,422.5727,4549,public regulatory RedAcceso linework clipped within commune; not retail service availability or geographic/population coverage
13122,Peñalolén,13,Metropolitana de Santiago,VTR,RedAcceso_FTTH,vtr_redacceso_ftth,31.9763,63,public regulatory RedAcceso linework clipped within commune; not retail service availability or geographic/population coverage
13123,Providencia,13,Metropolitana de Santiago,Claro,RedAcceso,claro_redacceso,455.41,2889,public regulatory RedAcceso linework clipped within commune; not retail service availability or geographic/population coverage
13123,Providencia,13,Metropolitana de Santiago,Claro,RedAcceso_HFC,claro_redacceso_hfc,184.5456,475,public regulatory RedAcceso linework clipped within commune; not retail service availability or geographic/population coverage
13123,Providencia,13,Metropolitana de Santiago,Entel,RedAcceso_distribucion,entel_redacceso_distribucion,438.3087,2244,public regulatory RedAcceso linework clipped within commune; not retail service availability or geographic/population coverage
13123,Providencia,13,Metropolitana de Santiago,Entel,RedAcceso_primarias,entel_redacceso_primarias,224.9629,563,public regulatory RedAcceso linework clipped within commune; not retail service availability or geographic/population coverage
13123,Providencia,13,Metropolitana de Santiago,Infraco,RedAcceso,infraco_redacceso,604.919,6062,public regulatory RedAcceso linework clipped within commune; not retail service availability or geographic/population coverage
13123,Providencia,13,Metropolitana de Santiago,VTR,RedAcceso_FTTH,vtr_redacceso_ftth,31.5533,76,public regulatory RedAcceso linework clipped within commune; not retail service availability or geographic/population coverage
13124,Pudahuel,13,Metropolitana de Santiago,Claro,RedAcceso,claro_redacceso,263.3298,1269,public regulatory RedAcceso linework clipped within commune; not retail service availability or geographic/population coverage
13124,Pudahuel,13,Metropolitana de Santiago,Claro,RedAcceso_HFC,claro_redacceso_hfc,119.4724,255,public regulatory RedAcceso linework clipped within commune; not retail service availability or geographic/population coverage
13124,Pudahuel,13,Metropolitana de Santiago,Entel,RedAcceso_distribucion,entel_redacceso_distribucion,242.6051,754,public regulatory RedAcceso linework clipped within commune; not retail service availability or geographic/population coverage
13124,Pudahuel,13,Metropolitana de Santiago,Entel,RedAcceso_primarias,entel_redacceso_primarias,144.752,171,public regulatory RedAcceso linework clipped within commune; not retail service availability or geographic/population coverage
13124,Pudahuel,13,Metropolitana de Santiago,Infraco,RedAcceso,infraco_redacceso,479.4148,5470,public regulatory RedAcceso linework clipped within commune; not retail service availability or geographic/population coverage
13124,Pudahuel,13,Metropolitana de Santiago,VTR,RedAcceso_FTTH,vtr_redacceso_ftth,2.4825,11,public regulatory RedAcceso linework clipped within commune; not retail service availability or geographic/population coverage
13125,Quilicura,13,Metropolitana de Santiago,Claro,RedAcceso,claro_redacceso,493.5157,2088,public regulatory RedAcceso linework clipped within commune; not retail service availability or geographic/population coverage
13125,Quilicura,13,Metropolitana de Santiago,Claro,RedAcceso_HFC,claro_redacceso_hfc,182.1443,369,public regulatory RedAcceso linework clipped within commune; not retail service availability or geographic/population coverage
13125,Quilicura,13,Metropolitana de Santiago,Entel,RedAcceso_distribucion,entel_redacceso_distribucion,336.0516,990,public regulatory RedAcceso linework clipped within commune; not retail service availability or geographic/population coverage
13125,Quilicura,13,Metropolitana de Santiago,Entel,RedAcceso_primarias,entel_redacceso_primarias,196.0286,372,public regulatory RedAcceso linework clipped within commune; not retail service availability or geographic/population coverage
13125,Quilicura,13,Metropolitana de Santiago,Infraco,RedAcceso,infraco_redacceso,391.6338,4594,public regulatory RedAcceso linework clipped within commune; not retail service availability or geographic/population coverage
13125,Quilicura,13,Metropolitana de Santiago,VTR,RedAcceso_FTTH,vtr_redacceso_ftth,22.8347,67,public regulatory RedAcceso linework clipped within commune; not retail service availability or geographic/population coverage
13126,Quinta Normal,13,Metropolitana de Santiago,Claro,RedAcceso,claro_redacceso,145.78,589,public regulatory RedAcceso linework clipped within commune; not retail service availability or geographic/population coverage
13126,Quinta Normal,13,Metropolitana de Santiago,Claro,RedAcceso_HFC,claro_redacceso_hfc,90.0233,233,public regulatory RedAcceso linework clipped within commune; not retail service availability or geographic/population coverage
13126,Quinta Normal,13,Metropolitana de Santiago,Entel,RedAcceso_distribucion,entel_redacceso_distribucion,35.9854,128,public regulatory RedAcceso linework clipped within commune; not retail service availability or geographic/population coverage
13126,Quinta Normal,13,Metropolitana de Santiago,Entel,RedAcceso_primarias,entel_redacceso_primarias,24.9519,53,public regulatory RedAcceso linework clipped within commune; not retail service availability or geographic/population coverage
13126,Quinta Normal,13,Metropolitana de Santiago,Infraco,RedAcceso,infraco_redacceso,259.5863,2975,public regulatory RedAcceso linework clipped within commune; not retail service availability or geographic/population coverage
13127,Recoleta,13,Metropolitana de Santiago,Claro,RedAcceso,claro_redacceso,181.2304,586,public regulatory RedAcceso linework clipped within commune; not retail service availability or geographic/population coverage
13127,Recoleta,13,Metropolitana de Santiago,Claro,RedAcceso_HFC,claro_redacceso_hfc,119.9928,197,public regulatory RedAcceso linework clipped within commune; not retail service availability or geographic/population coverage
13127,Recoleta,13,Metropolitana de Santiago,Entel,RedAcceso_distribucion,entel_redacceso_distribucion,111.8828,372,public regulatory RedAcceso linework clipped within commune; not retail service availability or geographic/population coverage
13127,Recoleta,13,Metropolitana de Santiago,Entel,RedAcceso_primarias,entel_redacceso_primarias,58.3941,128,public regulatory RedAcceso linework clipped within commune; not retail service availability or geographic/population coverage
13127,Recoleta,13,Metropolitana de Santiago,Infraco,RedAcceso,infraco_redacceso,277.7265,3336,public regulatory RedAcceso linework clipped within commune; not retail service availability or geographic/population coverage
13127,Recoleta,13,Metropolitana de Santiago,VTR,RedAcceso_FTTH,vtr_redacceso_ftth,24.3741,89,public regulatory RedAcceso linework clipped within commune; not retail service availability or geographic/population coverage
13128,Renca,13,Metropolitana de Santiago,Claro,RedAcceso,claro_redacceso,186.269,1115,public regulatory RedAcceso linework clipped within commune; not retail service availability or geographic/population coverage
13128,Renca,13,Metropolitana de Santiago,Claro,RedAcceso_HFC,claro_redacceso_hfc,94.5151,150,public regulatory RedAcceso linework clipped within commune; not retail service availability or geographic/population coverage
13128,Renca,13,Metropolitana de Santiago,Entel,RedAcceso_distribucion,entel_redacceso_distribucion,90.8749,329,public regulatory RedAcceso linework clipped within commune; not retail service availability or geographic/population coverage
13128,Renca,13,Metropolitana de Santiago,Entel,RedAcceso_primarias,entel_redacceso_primarias,56.9561,106,public regulatory RedAcceso linework clipped within commune; not retail service availability or geographic/population coverage
13128,Renca,13,Metropolitana de Santiago,Infraco,RedAcceso,infraco_redacceso,241.7391,3269,public regulatory RedAcceso linework clipped within commune; not retail service availability or geographic/population coverage
13129,San Joaquín,13,Metropolitana de Santiago,Claro,RedAcceso,claro_redacceso,78.2878,282,public regulatory RedAcceso linework clipped within commune; not retail service availability or geographic/population coverage
13129,San Joaquín,13,Metropolitana de Santiago,Claro,RedAcceso_HFC,claro_redacceso_hfc,61.9404,150,public regulatory RedAcceso linework clipped within commune; not retail service availability or geographic/population coverage
13129,San Joaquín,13,Metropolitana de Santiago,Entel,RedAcceso_distribucion,entel_redacceso_distribucion,80.9443,267,public regulatory RedAcceso linework clipped within commune; not retail service availability or geographic/population coverage
13129,San Joaquín,13,Metropolitana de Santiago,Entel,RedAcceso_primarias,entel_redacceso_primarias,41.2445,108,public regulatory RedAcceso linework clipped within commune; not retail service availability or geographic/population coverage
13129,San Joaquín,13,Metropolitana de Santiago,Infraco,RedAcceso,infraco_redacceso,187.261,2325,public regulatory RedAcceso linework clipped within commune; not retail service availability or geographic/population coverage
13129,San Joaquín,13,Metropolitana de Santiago,VTR,RedAcceso_FTTH,vtr_redacceso_ftth,19.1252,93,public regulatory RedAcceso linework clipped within commune; not retail service availability or geographic/population coverage
13130,San Miguel,13,Metropolitana de Santiago,Claro,RedAcceso,claro_redacceso,136.1546,532,public regulatory RedAcceso linework clipped within commune; not retail service availability or geographic/population coverage
13130,San Miguel,13,Metropolitana de Santiago,Claro,RedAcceso_HFC,claro_redacceso_hfc,114.5442,340,public regulatory RedAcceso linework clipped within commune; not retail service availability or geographic/population coverage
13130,San Miguel,13,Metropolitana de Santiago,Entel,RedAcceso_distribucion,entel_redacceso_distribucion,111.6759,342,public regulatory RedAcceso linework clipped within commune; not retail service availability or geographic/population coverage
13130,San Miguel,13,Metropolitana de Santiago,Entel,RedAcceso_primarias,entel_redacceso_primarias,62.5552,117,public regulatory RedAcceso linework clipped within commune; not retail service availability or geographic/population coverage
13130,San Miguel,13,Metropolitana de Santiago,Infraco,RedAcceso,infraco_redacceso,275.8421,2439,public regulatory RedAcceso linework clipped within commune; not retail service availability or geographic/population coverage
13130,San Miguel,13,Metropolitana de Santiago,VTR,RedAcceso_FTTH,vtr_redacceso_ftth,24.8319,64,public regulatory RedAcceso linework clipped within commune; not retail service availability or geographic/population coverage
13131,San Ramón,13,Metropolitana de Santiago,Claro,RedAcceso,claro_redacceso,57.7574,225,public regulatory RedAcceso linework clipped within commune; not retail service availability or geographic/population coverage
13131,San Ramón,13,Metropolitana de Santiago,Claro,RedAcceso_HFC,claro_redacceso_hfc,7.4001,10,public regulatory RedAcceso linework clipped within commune; not retail service availability or geographic/population coverage
13131,San Ramón,13,Metropolitana de Santiago,Entel,RedAcceso_distribucion,entel_redacceso_distribucion,19.6851,66,public regulatory RedAcceso linework clipped within commune; not retail service availability or geographic/population coverage
13131,San Ramón,13,Metropolitana de Santiago,Entel,RedAcceso_primarias,entel_redacceso_primarias,4.6094,11,public regulatory RedAcceso linework clipped within commune; not retail service availability or geographic/population coverage
13131,San Ramón,13,Metropolitana de Santiago,Infraco,RedAcceso,infraco_redacceso,1.7434,9,public regulatory RedAcceso linework clipped within commune; not retail service availability or geographic/population coverage
13131,San Ramón,13,Metropolitana de Santiago,VTR,RedAcceso_FTTH,vtr_redacceso_ftth,36.1201,324,public regulatory RedAcceso linework clipped within commune; not retail service availability or geographic/population coverage
13132,Vitacura,13,Metropolitana de Santiago,Claro,RedAcceso,claro_redacceso,145.4173,604,public regulatory RedAcceso linework clipped within commune; not retail service availability or geographic/population coverage
13132,Vitacura,13,Metropolitana de Santiago,Claro,RedAcceso_HFC,claro_redacceso_hfc,98.1532,221,public regulatory RedAcceso linework clipped within commune; not retail service availability or geographic/population coverage
13132,Vitacura,13,Metropolitana de Santiago,Entel,RedAcceso_distribucion,entel_redacceso_distribucion,154.268,644,public regulatory RedAcceso linework clipped within commune; not retail service availability or geographic/population coverage
13132,Vitacura,13,Metropolitana de Santiago,Entel,RedAcceso_primarias,entel_redacceso_primarias,101.4805,235,public regulatory RedAcceso linework clipped within commune; not retail service availability or geographic/population coverage
13132,Vitacura,13,Metropolitana de Santiago,Infraco,RedAcceso,infraco_redacceso,356.4588,2678,public regulatory RedAcceso linework clipped within commune; not retail service availability or geographic/population coverage
13132,Vitacura,13,Metropolitana de Santiago,VTR,RedAcceso_FTTH,vtr_redacceso_ftth,1.6935,5,public regulatory RedAcceso linework clipped within commune; not retail service availability or geographic/population coverage
13201,Puente Alto,13,Metropolitana de Santiago,Claro,RedAcceso,claro_redacceso,516.1491,2597,public regulatory RedAcceso linework clipped within commune; not retail service availability or geographic/population coverage
13201,Puente Alto,13,Metropolitana de Santiago,Claro,RedAcceso_HFC,claro_redacceso_hfc,354.3221,808,public regulatory RedAcceso linework clipped within commune; not retail service availability or geographic/population coverage
13201,Puente Alto,13,Metropolitana de Santiago,Entel,RedAcceso_distribucion,entel_redacceso_distribucion,181.6419,533,public regulatory RedAcceso linework clipped within commune; not retail service availability or geographic/population coverage
13201,Puente Alto,13,Metropolitana de Santiago,Entel,RedAcceso_primarias,entel_redacceso_primarias,86.4663,159,public regulatory RedAcceso linework clipped within commune; not retail service availability or geographic/population coverage
13201,Puente Alto,13,Metropolitana de Santiago,Infraco,RedAcceso,infraco_redacceso,1018.3395,12269,public regulatory RedAcceso linework clipped within commune; not retail service availability or geographic/population coverage
13201,Puente Alto,13,Metropolitana de Santiago,VTR,RedAcceso_FTTH,vtr_redacceso_ftth,113.727,281,public regulatory RedAcceso linework clipped within commune; not retail service availability or geographic/population coverage
13202,Pirque,13,Metropolitana de Santiago,Claro,RedAcceso,claro_redacceso,35.242,73,public regulatory RedAcceso linework clipped within commune; not retail service availability or geographic/population coverage
13202,Pirque,13,Metropolitana de Santiago,Claro,RedAcceso_HFC,claro_redacceso_hfc,0.4084,6,public regulatory RedAcceso linework clipped within commune; not retail service availability or geographic/population coverage
13202,Pirque,13,Metropolitana de Santiago,Entel,RedAcceso_distribucion,entel_redacceso_distribucion,20.5427,27,public regulatory RedAcceso linework clipped within commune; not retail service availability or geographic/population coverage
13202,Pirque,13,Metropolitana de Santiago,Entel,RedAcceso_primarias,entel_redacceso_primarias,0.2439,2,public regulatory RedAcceso linework clipped within commune; not retail service availability or geographic/population coverage
13202,Pirque,13,Metropolitana de Santiago,Infraco,RedAcceso,infraco_redacceso,10.2243,39,public regulatory RedAcceso linework clipped within commune; not retail service availability or geographic/population coverage
13202,Pirque,13,Metropolitana de Santiago,VTR,RedAcceso_FTTH,vtr_redacceso_ftth,127.2838,315,public regulatory RedAcceso linework clipped within commune; not retail service availability or geographic/population coverage
13203,San José de Maipo,13,Metropolitana de Santiago,Claro,RedAcceso,claro_redacceso,121.4283,154,public regulatory RedAcceso linework clipped within commune; not retail service availability or geographic/population coverage
13203,San José de Maipo,13,Metropolitana de Santiago,Claro,RedAcceso_HFC,claro_redacceso_hfc,5.1919,13,public regulatory RedAcceso linework clipped within commune; not retail service availability or geographic/population coverage
13203,San José de Maipo,13,Metropolitana de Santiago,Entel,RedAcceso_distribucion,entel_redacceso_distribucion,7.1636,23,public regulatory RedAcceso linework clipped within commune; not retail service availability or geographic/population coverage
13203,San José de Maipo,13,Metropolitana de Santiago,Entel,RedAcceso_primarias,entel_redacceso_primarias,7.8155,5,public regulatory RedAcceso linework clipped within commune; not retail service availability or geographic/population coverage
13203,San José de Maipo,13,Metropolitana de Santiago,VTR,RedAcceso_FTTH,vtr_redacceso_ftth,67.293,163,public regulatory RedAcceso linework clipped within commune; not retail service availability or geographic/population coverage
13301,Colina,13,Metropolitana de Santiago,Claro,RedAcceso,claro_redacceso,83.8228,244,public regulatory RedAcceso linework clipped within commune; not retail service availability or geographic/population coverage
13301,Colina,13,Metropolitana de Santiago,Claro,RedAcceso_HFC,claro_redacceso_hfc,146.6673,261,public regulatory RedAcceso linework clipped within commune; not retail service availability or geographic/population coverage
13301,Colina,13,Metropolitana de Santiago,Entel,RedAcceso_distribucion,entel_redacceso_distribucion,135.417,394,public regulatory RedAcceso linework clipped within commune; not retail service availability or geographic/population coverage
13301,Colina,13,Metropolitana de Santiago,Entel,RedAcceso_primarias,entel_redacceso_primarias,44.8049,62,public regulatory RedAcceso linework clipped within commune; not retail service availability or geographic/population coverage
13301,Colina,13,Metropolitana de Santiago,Infraco,RedAcceso,infraco_redacceso,337.3962,2014,public regulatory RedAcceso linework clipped within commune; not retail service availability or geographic/population coverage
13302,Lampa,13,Metropolitana de Santiago,Claro,RedAcceso,claro_redacceso,88.5302,299,public regulatory RedAcceso linework clipped within commune; not retail service availability or geographic/population coverage
13302,Lampa,13,Metropolitana de Santiago,Claro,RedAcceso_HFC,claro_redacceso_hfc,80.4814,146,public regulatory RedAcceso linework clipped within commune; not retail service availability or geographic/population coverage
13302,Lampa,13,Metropolitana de Santiago,Entel,RedAcceso_distribucion,entel_redacceso_distribucion,110.6516,302,public regulatory RedAcceso linework clipped within commune; not retail service availability or geographic/population coverage
13302,Lampa,13,Metropolitana de Santiago,Entel,RedAcceso_primarias,entel_redacceso_primarias,19.5613,41,public regulatory RedAcceso linework clipped within commune; not retail service availability or geographic/population coverage
13302,Lampa,13,Metropolitana de Santiago,Infraco,RedAcceso,infraco_redacceso,297.3051,2328,public regulatory RedAcceso linework clipped within commune; not retail service availability or geographic/population coverage
13303,Tiltil,13,Metropolitana de Santiago,Claro,RedAcceso,claro_redacceso,4.3616,10,public regulatory RedAcceso linework clipped within commune; not retail service availability or geographic/population coverage
13303,Tiltil,13,Metropolitana de Santiago,Claro,RedAcceso_HFC,claro_redacceso_hfc,39.2967,9,public regulatory RedAcceso linework clipped within commune; not retail service availability or geographic/population coverage
13303,Tiltil,13,Metropolitana de Santiago,Entel,RedAcceso_distribucion,entel_redacceso_distribucion,0.0298,1,public regulatory RedAcceso linework clipped within commune; not retail service availability or geographic/population coverage
13303,Tiltil,13,Metropolitana de Santiago,Entel,RedAcceso_primarias,entel_redacceso_primarias,40.5203,9,public regulatory RedAcceso linework clipped within commune; not retail service availability or geographic/population coverage
13401,San Bernardo,13,Metropolitana de Santiago,Claro,RedAcceso,claro_redacceso,406.3177,3123,public regulatory RedAcceso linework clipped within commune; not retail service availability or geographic/population coverage
13401,San Bernardo,13,Metropolitana de Santiago,Claro,RedAcceso_HFC,claro_redacceso_hfc,235.1008,477,public regulatory RedAcceso linework clipped within commune; not retail service availability or geographic/population coverage
13401,San Bernardo,13,Metropolitana de Santiago,Entel,RedAcceso_distribucion,entel_redacceso_distribucion,327.7781,923,public regulatory RedAcceso linework clipped within commune; not retail service availability or geographic/population coverage
13401,San Bernardo,13,Metropolitana de Santiago,Entel,RedAcceso_primarias,entel_redacceso_primarias,87.5942,159,public regulatory RedAcceso linework clipped within commune; not retail service availability or geographic/population coverage
13401,San Bernardo,13,Metropolitana de Santiago,Infraco,RedAcceso,infraco_redacceso,569.6015,5974,public regulatory RedAcceso linework clipped within commune; not retail service availability or geographic/population coverage
13401,San Bernardo,13,Metropolitana de Santiago,VTR,RedAcceso_FTTH,vtr_redacceso_ftth,42.7557,167,public regulatory RedAcceso linework clipped within commune; not retail service availability or geographic/population coverage
13402,Buin,13,Metropolitana de Santiago,Claro,RedAcceso,claro_redacceso,103.1295,759,public regulatory RedAcceso linework clipped within commune; not retail service availability or geographic/population coverage
13402,Buin,13,Metropolitana de Santiago,Entel,RedAcceso_distribucion,entel_redacceso_distribucion,44.3034,162,public regulatory RedAcceso linework clipped within commune; not retail service availability or geographic/population coverage
13402,Buin,13,Metropolitana de Santiago,Entel,RedAcceso_primarias,entel_redacceso_primarias,2.2961,5,public regulatory RedAcceso linework clipped within commune; not retail service availability or geographic/population coverage
13402,Buin,13,Metropolitana de Santiago,Infraco,RedAcceso,infraco_redacceso,270.4422,2817,public regulatory RedAcceso linework clipped within commune; not retail service availability or geographic/population coverage
13402,Buin,13,Metropolitana de Santiago,VTR,RedAcceso_FTTH,vtr_redacceso_ftth,132.225,882,public regulatory RedAcceso linework clipped within commune; not retail service availability or geographic/population coverage
13403,Calera de Tango,13,Metropolitana de Santiago,Claro,RedAcceso,claro_redacceso,21.4094,50,public regulatory RedAcceso linework clipped within commune; not retail service availability or geographic/population coverage
13403,Calera de Tango,13,Metropolitana de Santiago,Claro,RedAcceso_HFC,claro_redacceso_hfc,21.3929,11,public regulatory RedAcceso linework clipped within commune; not retail service availability or geographic/population coverage
13403,Calera de Tango,13,Metropolitana de Santiago,Entel,RedAcceso_distribucion,entel_redacceso_distribucion,1.9528,3,public regulatory RedAcceso linework clipped within commune; not retail service availability or geographic/population coverage
13403,Calera de Tango,13,Metropolitana de Santiago,Entel,RedAcceso_primarias,entel_redacceso_primarias,1.1031,2,public regulatory RedAcceso linework clipped within commune; not retail service availability or geographic/population coverage
13403,Calera de Tango,13,Metropolitana de Santiago,Infraco,RedAcceso,infraco_redacceso,43.5765,304,public regulatory RedAcceso linework clipped within commune; not retail service availability or geographic/population coverage
13404,Paine,13,Metropolitana de Santiago,Claro,RedAcceso,claro_redacceso,23.1975,37,public regulatory RedAcceso linework clipped within commune; not retail service availability or geographic/population coverage
13404,Paine,13,Metropolitana de Santiago,Entel,RedAcceso_distribucion,entel_redacceso_distribucion,101.4951,721,public regulatory RedAcceso linework clipped within commune; not retail service availability or geographic/population coverage
13404,Paine,13,Metropolitana de Santiago,Entel,RedAcceso_primarias,entel_redacceso_primarias,11.0053,14,public regulatory RedAcceso linework clipped within commune; not retail service availability or geographic/population coverage
13404,Paine,13,Metropolitana de Santiago,Infraco,RedAcceso,infraco_redacceso,152.5727,1173,public regulatory RedAcceso linework clipped within commune; not retail service availability or geographic/population coverage
13404,Paine,13,Metropolitana de Santiago,VTR,RedAcceso_FTTH,vtr_redacceso_ftth,37.5599,313,public regulatory RedAcceso linework clipped within commune; not retail service availability or geographic/population coverage
13501,Melipilla,13,Metropolitana de Santiago,Claro,RedAcceso,claro_redacceso,208.3089,2094,public regulatory RedAcceso linework clipped within commune; not retail service availability or geographic/population coverage
13501,Melipilla,13,Metropolitana de Santiago,Claro,RedAcceso_HFC,claro_redacceso_hfc,198.4219,220,public regulatory RedAcceso linework clipped within commune; not retail service availability or geographic/population coverage
13501,Melipilla,13,Metropolitana de Santiago,Entel,RedAcceso_distribucion,entel_redacceso_distribucion,59.5703,223,public regulatory RedAcceso linework clipped within commune; not retail service availability or geographic/population coverage
13501,Melipilla,13,Metropolitana de Santiago,Entel,RedAcceso_primarias,entel_redacceso_primarias,104.4467,43,public regulatory RedAcceso linework clipped within commune; not retail service availability or geographic/population coverage
13501,Melipilla,13,Metropolitana de Santiago,Infraco,RedAcceso,infraco_redacceso,211.6344,2678,public regulatory RedAcceso linework clipped within commune; not retail service availability or geographic/population coverage
13502,Alhué,13,Metropolitana de Santiago,Entel,RedAcceso_distribucion,entel_redacceso_distribucion,0.0735,1,public regulatory RedAcceso linework clipped within commune; not retail service availability or geographic/population coverage
13503,Curacaví,13,Metropolitana de Santiago,Claro,RedAcceso,claro_redacceso,2.5642,3,public regulatory RedAcceso linework clipped within commune; not retail service availability or geographic/population coverage
13503,Curacaví,13,Metropolitana de Santiago,Entel,RedAcceso_primarias,entel_redacceso_primarias,10.7971,3,public regulatory RedAcceso linework clipped within commune; not retail service availability or geographic/population coverage
13503,Curacaví,13,Metropolitana de Santiago,VTR,RedAcceso_FTTH,vtr_redacceso_ftth,26.1347,247,public regulatory RedAcceso linework clipped within commune; not retail service availability or geographic/population coverage
13504,María Pinto,13,Metropolitana de Santiago,Entel,RedAcceso_primarias,entel_redacceso_primarias,18.3129,2,public regulatory RedAcceso linework clipped within commune; not retail service availability or geographic/population coverage
13505,San Pedro,13,Metropolitana de Santiago,Entel,RedAcceso_distribucion,entel_redacceso_distribucion,14.0617,42,public regulatory RedAcceso linework clipped within commune; not retail service availability or geographic/population coverage
13505,San Pedro,13,Metropolitana de Santiago,Entel,RedAcceso_primarias,entel_redacceso_primarias,23.9687,18,public regulatory RedAcceso linework clipped within commune; not retail service availability or geographic/population coverage
13601,Talagante,13,Metropolitana de Santiago,Claro,RedAcceso,claro_redacceso,164.558,1460,public regulatory RedAcceso linework clipped within commune; not retail service availability or geographic/population coverage
13601,Talagante,13,Metropolitana de Santiago,Claro,RedAcceso_HFC,claro_redacceso_hfc,108.9965,130,public regulatory RedAcceso linework clipped within commune; not retail service availability or geographic/population coverage
13601,Talagante,13,Metropolitana de Santiago,Entel,RedAcceso_distribucion,entel_redacceso_distribucion,73.6055,202,public regulatory RedAcceso linework clipped within commune; not retail service availability or geographic/population coverage
13601,Talagante,13,Metropolitana de Santiago,Entel,RedAcceso_primarias,entel_redacceso_primarias,15.9576,14,public regulatory RedAcceso linework clipped within commune; not retail service availability or geographic/population coverage
13601,Talagante,13,Metropolitana de Santiago,Infraco,RedAcceso,infraco_redacceso,161.1757,1747,public regulatory RedAcceso linework clipped within commune; not retail service availability or geographic/population coverage
13602,El Monte,13,Metropolitana de Santiago,Claro,RedAcceso,claro_redacceso,0.9629,4,public regulatory RedAcceso linework clipped within commune; not retail service availability or geographic/population coverage
13602,El Monte,13,Metropolitana de Santiago,Claro,RedAcceso_HFC,claro_redacceso_hfc,25.1658,12,public regulatory RedAcceso linework clipped within commune; not retail service availability or geographic/population coverage
13602,El Monte,13,Metropolitana de Santiago,Entel,RedAcceso_distribucion,entel_redacceso_distribucion,20.8406,43,public regulatory RedAcceso linework clipped within commune; not retail service availability or geographic/population coverage
13602,El Monte,13,Metropolitana de Santiago,Entel,RedAcceso_primarias,entel_redacceso_primarias,12.133,4,public regulatory RedAcceso linework clipped within commune; not retail service availability or geographic/population coverage
13602,El Monte,13,Metropolitana de Santiago,VTR,RedAcceso_FTTH,vtr_redacceso_ftth,31.2018,220,public regulatory RedAcceso linework clipped within commune; not retail service availability or geographic/population coverage
13603,Isla de Maipo,13,Metropolitana de Santiago,Claro,RedAcceso,claro_redacceso,15.8392,26,public regulatory RedAcceso linework clipped within commune; not retail service availability or geographic/population coverage
13603,Isla de Maipo,13,Metropolitana de Santiago,Entel,RedAcceso_distribucion,entel_redacceso_distribucion,28.7648,63,public regulatory RedAcceso linework clipped within commune; not retail service availability or geographic/population coverage
13603,Isla de Maipo,13,Metropolitana de Santiago,Entel,RedAcceso_primarias,entel_redacceso_primarias,0.163,1,public regulatory RedAcceso linework clipped within commune; not retail service availability or geographic/population coverage
13603,Isla de Maipo,13,Metropolitana de Santiago,Infraco,RedAcceso,infraco_redacceso,138.3879,921,public regulatory RedAcceso linework clipped within commune; not retail service availability or geographic/population coverage
13603,Isla de Maipo,13,Metropolitana de Santiago,VTR,RedAcceso_FTTH,vtr_redacceso_ftth,39.3768,192,public regulatory RedAcceso linework clipped within commune; not retail service availability or geographic/population coverage
13604,Padre Hurtado,13,Metropolitana de Santiago,Claro,RedAcceso,claro_redacceso,131.6975,1300,public regulatory RedAcceso linework clipped within commune; not retail service availability or geographic/population coverage
13604,Padre Hurtado,13,Metropolitana de Santiago,Claro,RedAcceso_HFC,claro_redacceso_hfc,62.5432,140,public regulatory RedAcceso linework clipped within commune; not retail service availability or geographic/population coverage
13604,Padre Hurtado,13,Metropolitana de Santiago,Entel,RedAcceso_distribucion,entel_redacceso_distribucion,17.608,29,public regulatory RedAcceso linework clipped within commune; not retail service availability or geographic/population coverage
13604,Padre Hurtado,13,Metropolitana de Santiago,Entel,RedAcceso_primarias,entel_redacceso_primarias,5.3768,8,public regulatory RedAcceso linework clipped within commune; not retail service availability or geographic/population coverage
13604,Padre Hurtado,13,Metropolitana de Santiago,Infraco,RedAcceso,infraco_redacceso,221.4534,2351,public regulatory RedAcceso linework clipped within commune; not retail service availability or geographic/population coverage
13605,Peñaflor,13,Metropolitana de Santiago,Claro,RedAcceso,claro_redacceso,144.347,1297,public regulatory RedAcceso linework clipped within commune; not retail service availability or geographic/population coverage
13605,Peñaflor,13,Metropolitana de Santiago,Claro,RedAcceso_HFC,claro_redacceso_hfc,117.8645,207,public regulatory RedAcceso linework clipped within commune; not retail service availability or geographic/population coverage
13605,Peñaflor,13,Metropolitana de Santiago,Entel,RedAcceso_distribucion,entel_redacceso_distribucion,42.7516,124,public regulatory RedAcceso linework clipped within commune; not retail service availability or geographic/population coverage
13605,Peñaflor,13,Metropolitana de Santiago,Entel,RedAcceso_primarias,entel_redacceso_primarias,11.0047,26,public regulatory RedAcceso linework clipped within commune; not retail service availability or geographic/population coverage
13605,Peñaflor,13,Metropolitana de Santiago,Infraco,RedAcceso,infraco_redacceso,224.1515,2578,public regulatory RedAcceso linework clipped within commune; not retail service availability or geographic/population coverage
13605,Peñaflor,13,Metropolitana de Santiago,VTR,RedAcceso_FTTH,vtr_redacceso_ftth,63.6851,525,public regulatory RedAcceso linework clipped within commune; not retail service availability or geographic/population coverage
14101,Valdivia,14,Los Ríos,Claro,RedAcceso,claro_redacceso,173.9586,612,public regulatory RedAcceso linework clipped within commune; not retail service availability or geographic/population coverage
14101,Valdivia,14,Los Ríos,Claro,RedAcceso_HFC,claro_redacceso_hfc,157.1704,324,public regulatory RedAcceso linework clipped within commune; not retail service availability or geographic/population coverage
14101,Valdivia,14,Los Ríos,Entel,RedAcceso_distribucion,entel_redacceso_distribucion,164.5274,573,public regulatory RedAcceso linework clipped within commune; not retail service availability or geographic/population coverage
14101,Valdivia,14,Los Ríos,Entel,RedAcceso_primarias,entel_redacceso_primarias,54.975,90,public regulatory RedAcceso linework clipped within commune; not retail service availability or geographic/population coverage
14101,Valdivia,14,Los Ríos,Infraco,RedAcceso,infraco_redacceso,401.1565,3231,public regulatory RedAcceso linework clipped within commune; not retail service availability or geographic/population coverage
14102,Corral,14,Los Ríos,Entel,RedAcceso_distribucion,entel_redacceso_distribucion,3.7461,14,public regulatory RedAcceso linework clipped within commune; not retail service availability or geographic/population coverage
14103,Lanco,14,Los Ríos,Entel,RedAcceso_distribucion,entel_redacceso_distribucion,14.1035,55,public regulatory RedAcceso linework clipped within commune; not retail service availability or geographic/population coverage
14103,Lanco,14,Los Ríos,Entel,RedAcceso_primarias,entel_redacceso_primarias,3.3774,6,public regulatory RedAcceso linework clipped within commune; not retail service availability or geographic/population coverage
14104,Los Lagos,14,Los Ríos,Claro,RedAcceso,claro_redacceso,4.4709,10,public regulatory RedAcceso linework clipped within commune; not retail service availability or geographic/population coverage
14104,Los Lagos,14,Los Ríos,Entel,RedAcceso_distribucion,entel_redacceso_distribucion,12.2973,54,public regulatory RedAcceso linework clipped within commune; not retail service availability or geographic/population coverage
14104,Los Lagos,14,Los Ríos,Entel,RedAcceso_primarias,entel_redacceso_primarias,0.3772,3,public regulatory RedAcceso linework clipped within commune; not retail service availability or geographic/population coverage
14105,Máfil,14,Los Ríos,Entel,RedAcceso_distribucion,entel_redacceso_distribucion,3.7865,15,public regulatory RedAcceso linework clipped within commune; not retail service availability or geographic/population coverage
14105,Máfil,14,Los Ríos,Entel,RedAcceso_primarias,entel_redacceso_primarias,0.3811,1,public regulatory RedAcceso linework clipped within commune; not retail service availability or geographic/population coverage
14106,Mariquina,14,Los Ríos,Entel,RedAcceso_distribucion,entel_redacceso_distribucion,8.0813,32,public regulatory RedAcceso linework clipped within commune; not retail service availability or geographic/population coverage
14106,Mariquina,14,Los Ríos,Entel,RedAcceso_primarias,entel_redacceso_primarias,2.1745,4,public regulatory RedAcceso linework clipped within commune; not retail service availability or geographic/population coverage
14106,Mariquina,14,Los Ríos,VTR,RedAcceso_FTTH,vtr_redacceso_ftth,16.6289,126,public regulatory RedAcceso linework clipped within commune; not retail service availability or geographic/population coverage
14107,Paillaco,14,Los Ríos,Entel,RedAcceso_distribucion,entel_redacceso_distribucion,9.6788,43,public regulatory RedAcceso linework clipped within commune; not retail service availability or geographic/population coverage
14108,Panguipulli,14,Los Ríos,Claro,RedAcceso,claro_redacceso,0.2743,1,public regulatory RedAcceso linework clipped within commune; not retail service availability or geographic/population coverage
14108,Panguipulli,14,Los Ríos,Entel,RedAcceso_distribucion,entel_redacceso_distribucion,30.7876,87,public regulatory RedAcceso linework clipped within commune; not retail service availability or geographic/population coverage
14108,Panguipulli,14,Los Ríos,Entel,RedAcceso_primarias,entel_redacceso_primarias,3.1319,7,public regulatory RedAcceso linework clipped within commune; not retail service availability or geographic/population coverage
14108,Panguipulli,14,Los Ríos,VTR,RedAcceso_FTTH,vtr_redacceso_ftth,21.4792,143,public regulatory RedAcceso linework clipped within commune; not retail service availability or geographic/population coverage
14201,La Unión,14,Los Ríos,Claro,RedAcceso,claro_redacceso,11.4194,31,public regulatory RedAcceso linework clipped within commune; not retail service availability or geographic/population coverage
14201,La Unión,14,Los Ríos,Entel,RedAcceso_distribucion,entel_redacceso_distribucion,27.9955,95,public regulatory RedAcceso linework clipped within commune; not retail service availability or geographic/population coverage
14201,La Unión,14,Los Ríos,Entel,RedAcceso_primarias,entel_redacceso_primarias,1.822,3,public regulatory RedAcceso linework clipped within commune; not retail service availability or geographic/population coverage
14201,La Unión,14,Los Ríos,VTR,RedAcceso_FTTH,vtr_redacceso_ftth,59.5409,379,public regulatory RedAcceso linework clipped within commune; not retail service availability or geographic/population coverage
14202,Futrono,14,Los Ríos,Claro,RedAcceso,claro_redacceso,3.4159,7,public regulatory RedAcceso linework clipped within commune; not retail service availability or geographic/population coverage
14202,Futrono,14,Los Ríos,Entel,RedAcceso_distribucion,entel_redacceso_distribucion,7.0573,33,public regulatory RedAcceso linework clipped within commune; not retail service availability or geographic/population coverage
14202,Futrono,14,Los Ríos,Entel,RedAcceso_primarias,entel_redacceso_primarias,0.2609,1,public regulatory RedAcceso linework clipped within commune; not retail service availability or geographic/population coverage
14203,Lago Ranco,14,Los Ríos,Entel,RedAcceso_distribucion,entel_redacceso_distribucion,4.47,21,public regulatory RedAcceso linework clipped within commune; not retail service availability or geographic/population coverage
14204,Río Bueno,14,Los Ríos,Entel,RedAcceso_distribucion,entel_redacceso_distribucion,11.2867,39,public regulatory RedAcceso linework clipped within commune; not retail service availability or geographic/population coverage
14204,Río Bueno,14,Los Ríos,VTR,RedAcceso_FTTH,vtr_redacceso_ftth,40.0416,259,public regulatory RedAcceso linework clipped within commune; not retail service availability or geographic/population coverage
15101,Arica,15,Arica y Parinacota,Claro,RedAcceso,claro_redacceso,147.6383,497,public regulatory RedAcceso linework clipped within commune; not retail service availability or geographic/population coverage
15101,Arica,15,Arica y Parinacota,Claro,RedAcceso_HFC,claro_redacceso_hfc,213.6335,461,public regulatory RedAcceso linework clipped within commune; not retail service availability or geographic/population coverage
15101,Arica,15,Arica y Parinacota,Entel,RedAcceso_distribucion,entel_redacceso_distribucion,226.0752,998,public regulatory RedAcceso linework clipped within commune; not retail service availability or geographic/population coverage
15101,Arica,15,Arica y Parinacota,Entel,RedAcceso_primarias,entel_redacceso_primarias,33.6152,83,public regulatory RedAcceso linework clipped within commune; not retail service availability or geographic/population coverage
15101,Arica,15,Arica y Parinacota,Infraco,RedAcceso,infraco_redacceso,97.7529,975,public regulatory RedAcceso linework clipped within commune; not retail service availability or geographic/population coverage
15101,Arica,15,Arica y Parinacota,VTR,RedAcceso_FTTH,vtr_redacceso_ftth,74.4539,71,public regulatory RedAcceso linework clipped within commune; not retail service availability or geographic/population coverage
15201,Putre,15,Arica y Parinacota,Entel,RedAcceso_distribucion,entel_redacceso_distribucion,20.9175,66,public regulatory RedAcceso linework clipped within commune; not retail service availability or geographic/population coverage
15201,Putre,15,Arica y Parinacota,Entel,RedAcceso_primarias,entel_redacceso_primarias,0.5296,1,public regulatory RedAcceso linework clipped within commune; not retail service availability or geographic/population coverage
16101,Chillán,16,Ñuble,Claro,RedAcceso,claro_redacceso,244.0328,724,public regulatory RedAcceso linework clipped within commune; not retail service availability or geographic/population coverage
16101,Chillán,16,Ñuble,Claro,RedAcceso_HFC,claro_redacceso_hfc,173.0918,326,public regulatory RedAcceso linework clipped within commune; not retail service availability or geographic/population coverage
16101,Chillán,16,Ñuble,Entel,RedAcceso_distribucion,entel_redacceso_distribucion,185.987,506,public regulatory RedAcceso linework clipped within commune; not retail service availability or geographic/population coverage
16101,Chillán,16,Ñuble,Entel,RedAcceso_primarias,entel_redacceso_primarias,51.1673,108,public regulatory RedAcceso linework clipped within commune; not retail service availability or geographic/population coverage
16101,Chillán,16,Ñuble,Infraco,RedAcceso,infraco_redacceso,506.6164,5383,public regulatory RedAcceso linework clipped within commune; not retail service availability or geographic/population coverage
16102,Bulnes,16,Ñuble,Entel,RedAcceso_distribucion,entel_redacceso_distribucion,28.8855,47,public regulatory RedAcceso linework clipped within commune; not retail service availability or geographic/population coverage
16102,Bulnes,16,Ñuble,Entel,RedAcceso_primarias,entel_redacceso_primarias,0.1028,2,public regulatory RedAcceso linework clipped within commune; not retail service availability or geographic/population coverage
16103,Chillán Viejo,16,Ñuble,Claro,RedAcceso,claro_redacceso,28.6611,76,public regulatory RedAcceso linework clipped within commune; not retail service availability or geographic/population coverage
16103,Chillán Viejo,16,Ñuble,Claro,RedAcceso_HFC,claro_redacceso_hfc,20.0818,44,public regulatory RedAcceso linework clipped within commune; not retail service availability or geographic/population coverage
16103,Chillán Viejo,16,Ñuble,Entel,RedAcceso_distribucion,entel_redacceso_distribucion,32.9847,86,public regulatory RedAcceso linework clipped within commune; not retail service availability or geographic/population coverage
16103,Chillán Viejo,16,Ñuble,Entel,RedAcceso_primarias,entel_redacceso_primarias,3.5999,9,public regulatory RedAcceso linework clipped within commune; not retail service availability or geographic/population coverage
16103,Chillán Viejo,16,Ñuble,Infraco,RedAcceso,infraco_redacceso,12.6209,162,public regulatory RedAcceso linework clipped within commune; not retail service availability or geographic/population coverage
16104,El Carmen,16,Ñuble,Entel,RedAcceso_distribucion,entel_redacceso_distribucion,10.0359,16,public regulatory RedAcceso linework clipped within commune; not retail service availability or geographic/population coverage
16104,El Carmen,16,Ñuble,Entel,RedAcceso_primarias,entel_redacceso_primarias,2.1095,2,public regulatory RedAcceso linework clipped within commune; not retail service availability or geographic/population coverage
16105,Pemuco,16,Ñuble,Entel,RedAcceso_distribucion,entel_redacceso_distribucion,8.0826,14,public regulatory RedAcceso linework clipped within commune; not retail service availability or geographic/population coverage
16106,Pinto,16,Ñuble,Entel,RedAcceso_distribucion,entel_redacceso_distribucion,8.8936,20,public regulatory RedAcceso linework clipped within commune; not retail service availability or geographic/population coverage
16106,Pinto,16,Ñuble,Entel,RedAcceso_primarias,entel_redacceso_primarias,3.7312,6,public regulatory RedAcceso linework clipped within commune; not retail service availability or geographic/population coverage
16107,Quillón,16,Ñuble,Entel,RedAcceso_distribucion,entel_redacceso_distribucion,2.1952,6,public regulatory RedAcceso linework clipped within commune; not retail service availability or geographic/population coverage
16107,Quillón,16,Ñuble,Entel,RedAcceso_primarias,entel_redacceso_primarias,0.1432,1,public regulatory RedAcceso linework clipped within commune; not retail service availability or geographic/population coverage
16108,San Ignacio,16,Ñuble,Entel,RedAcceso_distribucion,entel_redacceso_distribucion,4.5153,15,public regulatory RedAcceso linework clipped within commune; not retail service availability or geographic/population coverage
16108,San Ignacio,16,Ñuble,Entel,RedAcceso_primarias,entel_redacceso_primarias,0.2727,2,public regulatory RedAcceso linework clipped within commune; not retail service availability or geographic/population coverage
16109,Yungay,16,Ñuble,Entel,RedAcceso_distribucion,entel_redacceso_distribucion,13.7949,21,public regulatory RedAcceso linework clipped within commune; not retail service availability or geographic/population coverage
16109,Yungay,16,Ñuble,Entel,RedAcceso_primarias,entel_redacceso_primarias,11.4688,9,public regulatory RedAcceso linework clipped within commune; not retail service availability or geographic/population coverage
16201,Quirihue,16,Ñuble,Claro,RedAcceso,claro_redacceso,0.391,1,public regulatory RedAcceso linework clipped within commune; not retail service availability or geographic/population coverage
16201,Quirihue,16,Ñuble,Entel,RedAcceso_distribucion,entel_redacceso_distribucion,3.8257,16,public regulatory RedAcceso linework clipped within commune; not retail service availability or geographic/population coverage
16201,Quirihue,16,Ñuble,Entel,RedAcceso_primarias,entel_redacceso_primarias,0.354,1,public regulatory RedAcceso linework clipped within commune; not retail service availability or geographic/population coverage
16202,Cobquecura,16,Ñuble,Entel,RedAcceso_distribucion,entel_redacceso_distribucion,0.8628,3,public regulatory RedAcceso linework clipped within commune; not retail service availability or geographic/population coverage
16203,Coelemu,16,Ñuble,Entel,RedAcceso_distribucion,entel_redacceso_distribucion,9.7337,27,public regulatory RedAcceso linework clipped within commune; not retail service availability or geographic/population coverage
16204,Ninhue,16,Ñuble,Entel,RedAcceso_distribucion,entel_redacceso_distribucion,0.6855,1,public regulatory RedAcceso linework clipped within commune; not retail service availability or geographic/population coverage
16204,Ninhue,16,Ñuble,Entel,RedAcceso_primarias,entel_redacceso_primarias,1.8599,6,public regulatory RedAcceso linework clipped within commune; not retail service availability or geographic/population coverage
16206,Ránquil,16,Ñuble,Entel,RedAcceso_distribucion,entel_redacceso_distribucion,1.1929,9,public regulatory RedAcceso linework clipped within commune; not retail service availability or geographic/population coverage
16206,Ránquil,16,Ñuble,Entel,RedAcceso_primarias,entel_redacceso_primarias,0.2457,1,public regulatory RedAcceso linework clipped within commune; not retail service availability or geographic/population coverage
16301,San Carlos,16,Ñuble,Claro,RedAcceso,claro_redacceso,3.5005,13,public regulatory RedAcceso linework clipped within commune; not retail service availability or geographic/population coverage
16301,San Carlos,16,Ñuble,Claro,RedAcceso_HFC,claro_redacceso_hfc,46.72,93,public regulatory RedAcceso linework clipped within commune; not retail service availability or geographic/population coverage
16301,San Carlos,16,Ñuble,Entel,RedAcceso_distribucion,entel_redacceso_distribucion,20.4277,52,public regulatory RedAcceso linework clipped within commune; not retail service availability or geographic/population coverage
16301,San Carlos,16,Ñuble,Entel,RedAcceso_primarias,entel_redacceso_primarias,4.2153,6,public regulatory RedAcceso linework clipped within commune; not retail service availability or geographic/population coverage
16301,San Carlos,16,Ñuble,Infraco,RedAcceso,infraco_redacceso,70.4707,796,public regulatory RedAcceso linework clipped within commune; not retail service availability or geographic/population coverage
16302,Coihueco,16,Ñuble,Entel,RedAcceso_distribucion,entel_redacceso_distribucion,8.9422,21,public regulatory RedAcceso linework clipped within commune; not retail service availability or geographic/population coverage
16302,Coihueco,16,Ñuble,Entel,RedAcceso_primarias,entel_redacceso_primarias,1.127,2,public regulatory RedAcceso linework clipped within commune; not retail service availability or geographic/population coverage
16302,Coihueco,16,Ñuble,Infraco,RedAcceso,infraco_redacceso,0.6442,6,public regulatory RedAcceso linework clipped within commune; not retail service availability or geographic/population coverage
16303,Ñiquén,16,Ñuble,Claro,RedAcceso,claro_redacceso,0.6279,1,public regulatory RedAcceso linework clipped within commune; not retail service availability or geographic/population coverage
16304,San Fabián,16,Ñuble,Entel,RedAcceso_distribucion,entel_redacceso_distribucion,2.9052,8,public regulatory RedAcceso linework clipped within commune; not retail service availability or geographic/population coverage
16305,San Nicolás,16,Ñuble,Claro,RedAcceso,claro_redacceso,0.8537,1,public regulatory RedAcceso linework clipped within commune; not retail service availability or geographic/population coverage
16305,San Nicolás,16,Ñuble,Claro,RedAcceso_HFC,claro_redacceso_hfc,3.4885,4,public regulatory RedAcceso linework clipped within commune; not retail service availability or geographic/population coverage
16305,San Nicolás,16,Ñuble,Entel,RedAcceso_primarias,entel_redacceso_primarias,0.382,1,public regulatory RedAcceso linework clipped within commune; not retail service availability or geographic/population coverage
