period,metric,region,source_row,source_commune_label,mapped_commune,mapped_commune_name,value,source_cell_status,mapping_method,block_start_row,block_end_row,regional_subtotal_row
2024-06,total_2024-06,1,10,Alto Hospicio,1107,Alto Hospicio,22752,numeric,regional_formula_block_order,10,17,18
2024-06,total_2024-06,1,11,Camiña,1402,Camiña,28,numeric,regional_formula_block_order,10,17,18
2024-06,total_2024-06,1,12,Colchane,1403,Colchane,57,numeric,regional_formula_block_order,10,17,18
2024-06,total_2024-06,1,13,Huara,1404,Huara,97,numeric,regional_formula_block_order,10,17,18
2024-06,total_2024-06,1,14,Iquique,1101,Iquique,57691,numeric,regional_formula_block_order,10,17,18
2024-06,total_2024-06,1,15,Pica,1405,Pica,216,numeric,regional_formula_block_order,10,17,18
2024-06,total_2024-06,1,16,Pozo Almonte,1401,Pozo Almonte,2016,numeric,regional_formula_block_order,10,17,18
2024-06,total_2024-06,2,19,Antofagasta,2101,Antofagasta,116484,numeric,regional_formula_block_order,19,27,28
2024-06,total_2024-06,2,20,Calama,2201,Calama,46731,numeric,regional_formula_block_order,19,27,28
2024-06,total_2024-06,2,21,María Elena,2302,María Elena,290,numeric,regional_formula_block_order,19,27,28
2024-06,total_2024-06,2,22,Mejillones,2102,Mejillones,2632,numeric,regional_formula_block_order,19,27,28
2024-06,total_2024-06,2,23,Ollagüe,2202,Ollagüe,17,numeric,regional_formula_block_order,19,27,28
2024-06,total_2024-06,2,24,San Pedro de Atacama,2203,San Pedro de Atacama,809,numeric,regional_formula_block_order,19,27,28
2024-06,total_2024-06,2,25,Sierra Gorda,2103,Sierra Gorda,548,numeric,regional_formula_block_order,19,27,28
2024-06,total_2024-06,2,26,Taltal,2104,Taltal,2262,numeric,regional_formula_block_order,19,27,28
2024-06,total_2024-06,2,27,Tocopilla,2301,Tocopilla,6225,numeric,regional_formula_block_order,19,27,28
2024-06,total_2024-06,3,29,Alto Del Carmen,3302,Alto del Carmen,90,numeric,regional_formula_block_order,29,38,39
2024-06,total_2024-06,3,30,Caldera,3102,Caldera,3757,numeric,regional_formula_block_order,29,38,39
2024-06,total_2024-06,3,31,Chañaral,3201,Chañaral,762,numeric,regional_formula_block_order,29,38,39
2024-06,total_2024-06,3,32,Copiapó,3101,Copiapó,43983,numeric,regional_formula_block_order,29,38,39
2024-06,total_2024-06,3,33,Diego de Almagro,3202,Diego de Almagro,2080,numeric,regional_formula_block_order,29,38,39
2024-06,total_2024-06,3,34,Freirina,3303,Freirina,183,numeric,regional_formula_block_order,29,38,39
2024-06,total_2024-06,3,35,Huasco,3304,Huasco,1102,numeric,regional_formula_block_order,29,38,39
2024-06,total_2024-06,3,36,Tierra Amarilla,3103,Tierra Amarilla,1118,numeric,regional_formula_block_order,29,38,39
2024-06,total_2024-06,3,37,Vallenar,3301,Vallenar,12984,numeric,regional_formula_block_order,29,38,39
2024-06,total_2024-06,4,40,Andacollo,4103,Andacollo,1366,numeric,regional_formula_block_order,40,55,56
2024-06,total_2024-06,4,41,Canela,4202,Canela,805,numeric,regional_formula_block_order,40,55,56
2024-06,total_2024-06,4,42,Combarbalá,4302,Combarbalá,1200,numeric,regional_formula_block_order,40,55,56
2024-06,total_2024-06,4,43,Coquimbo,4102,Coquimbo,72110,numeric,regional_formula_block_order,40,55,56
2024-06,total_2024-06,4,44,Illapel,4201,Illapel,4743,numeric,regional_formula_block_order,40,55,56
2024-06,total_2024-06,4,45,La Higuera,4104,La Higuera,267,numeric,regional_formula_block_order,40,55,56
2024-06,total_2024-06,4,46,La Serena,4101,La Serena,75536,numeric,regional_formula_block_order,40,55,56
2024-06,total_2024-06,4,47,Los Vilos,4203,Los Vilos,5186,numeric,regional_formula_block_order,40,55,56
2024-06,total_2024-06,4,48,Monte Patria,4303,Monte Patria,1617,numeric,regional_formula_block_order,40,55,56
2024-06,total_2024-06,4,49,Ovalle,4301,Ovalle,21055,numeric,regional_formula_block_order,40,55,56
2024-06,total_2024-06,4,50,Paihuano,4105,Paihuano,105,numeric,regional_formula_block_order,40,55,56
2024-06,total_2024-06,4,51,Punitaqui,4304,Punitaqui,827,numeric,regional_formula_block_order,40,55,56
2024-06,total_2024-06,4,52,Río Hurtado,4305,Río Hurtado,46,numeric,regional_formula_block_order,40,55,56
2024-06,total_2024-06,4,53,Salamanca,4204,Salamanca,1836,numeric,regional_formula_block_order,40,55,56
2024-06,total_2024-06,4,54,Vicuña,4106,Vicuña,2841,numeric,regional_formula_block_order,40,55,56
2024-06,total_2024-06,5,57,Algarrobo,5602,Algarrobo,7253,numeric,regional_formula_block_order,57,94,95
2024-06,total_2024-06,5,58,Cabildo,5402,Cabildo,2385,numeric,regional_formula_block_order,57,94,95
2024-06,total_2024-06,5,59,Calera,5502,Calera,13247,numeric,regional_formula_block_order,57,94,95
2024-06,total_2024-06,5,60,Calle Larga,5302,Calle Larga,3073,numeric,regional_formula_block_order,57,94,95
2024-06,total_2024-06,5,61,Cartagena,5603,Cartagena,6423,numeric,regional_formula_block_order,57,94,95
2024-06,total_2024-06,5,62,Casablanca,5102,Casablanca,5277,numeric,regional_formula_block_order,57,94,95
2024-06,total_2024-06,5,63,Catemu,5702,Catemu,1618,numeric,regional_formula_block_order,57,94,95
2024-06,total_2024-06,5,64,Concón,5103,Concón,20576,numeric,regional_formula_block_order,57,94,95
2024-06,total_2024-06,5,65,El Quisco,5604,El Quisco,6657,numeric,regional_formula_block_order,57,94,95
2024-06,total_2024-06,5,66,El Tabo,5605,El Tabo,5709,numeric,regional_formula_block_order,57,94,95
2024-06,total_2024-06,5,67,Hijuelas,5503,Hijuelas,2865,numeric,regional_formula_block_order,57,94,95
2024-06,total_2024-06,5,68,Isla de Pascua,5201,Isla de Pascua,1267,numeric,regional_formula_block_order,57,94,95
2024-06,total_2024-06,5,69,Juan Fernández,5104,Juan Fernández,149,numeric,regional_formula_block_order,57,94,95
2024-06,total_2024-06,5,70,La Cruz,5504,La Cruz,6935,numeric,regional_formula_block_order,57,94,95
2024-06,total_2024-06,5,71,La Ligua,5401,La Ligua,6874,numeric,regional_formula_block_order,57,94,95
2024-06,total_2024-06,5,72,Limache,5802,Limache,13669,numeric,regional_formula_block_order,57,94,95
2024-06,total_2024-06,5,73,Llaillay,5703,Llaillay,3907,numeric,regional_formula_block_order,57,94,95
2024-06,total_2024-06,5,74,Los Andes,5301,Los Andes,20767,numeric,regional_formula_block_order,57,94,95
2024-06,total_2024-06,5,75,Nogales,5506,Nogales,4289,numeric,regional_formula_block_order,57,94,95
2024-06,total_2024-06,5,76,Olmué,5803,Olmué,3793,numeric,regional_formula_block_order,57,94,95
2024-06,total_2024-06,5,77,Panquehue,5704,Panquehue,1167,numeric,regional_formula_block_order,57,94,95
2024-06,total_2024-06,5,78,Papudo,5403,Papudo,1655,numeric,regional_formula_block_order,57,94,95
2024-06,total_2024-06,5,79,Petorca,5404,Petorca,296,numeric,regional_formula_block_order,57,94,95
2024-06,total_2024-06,5,80,Puchuncaví,5105,Puchuncaví,7201,numeric,regional_formula_block_order,57,94,95
2024-06,total_2024-06,5,81,Putaendo,5705,Putaendo,2492,numeric,regional_formula_block_order,57,94,95
2024-06,total_2024-06,5,82,Quillota,5501,Quillota,26306,numeric,regional_formula_block_order,57,94,95
2024-06,total_2024-06,5,83,Quilpué,5801,Quilpué,54436,numeric,regional_formula_block_order,57,94,95
2024-06,total_2024-06,5,84,Quintero,5107,Quintero,8656,numeric,regional_formula_block_order,57,94,95
2024-06,total_2024-06,5,85,Rinconada,5303,Rinconada,2635,numeric,regional_formula_block_order,57,94,95
2024-06,total_2024-06,5,86,San Antonio,5601,San Antonio,23704,numeric,regional_formula_block_order,57,94,95
2024-06,total_2024-06,5,87,San Esteban,5304,San Esteban,3781,numeric,regional_formula_block_order,57,94,95
2024-06,total_2024-06,5,88,San Felipe,5701,San Felipe,19150,numeric,regional_formula_block_order,57,94,95
2024-06,total_2024-06,5,89,Santa María,5706,Santa María,1748,numeric,regional_formula_block_order,57,94,95
2024-06,total_2024-06,5,90,Santo Domingo,5606,Santo Domingo,4433,numeric,regional_formula_block_order,57,94,95
2024-06,total_2024-06,5,91,Valparaíso,5101,Valparaíso,86297,numeric,regional_formula_block_order,57,94,95
2024-06,total_2024-06,5,92,Villa Alemana,5804,Villa Alemana,42584,numeric,regional_formula_block_order,57,94,95
2024-06,total_2024-06,5,93,Viña del Mar,5109,Viña del Mar,120549,numeric,regional_formula_block_order,57,94,95
2024-06,total_2024-06,5,94,Zapallar,5405,Zapallar,2601,numeric,regional_formula_block_order,57,94,95
2024-06,total_2024-06,6,96,Chépica,6302,Chépica,1031,numeric,regional_formula_block_order,96,128,129
2024-06,total_2024-06,6,97,Chimbarongo,6303,Chimbarongo,3513,numeric,regional_formula_block_order,96,128,129
2024-06,total_2024-06,6,98,Codegua,6102,Codegua,1377,numeric,regional_formula_block_order,96,128,129
2024-06,total_2024-06,6,99,Coinco,6103,Coinco,1343,numeric,regional_formula_block_order,96,128,129
2024-06,total_2024-06,6,100,Coltauco,6104,Coltauco,3252,numeric,regional_formula_block_order,96,128,129
2024-06,total_2024-06,6,101,Doñihue,6105,Doñihue,3802,numeric,regional_formula_block_order,96,128,129
2024-06,total_2024-06,6,102,Graneros,6106,Graneros,8730,numeric,regional_formula_block_order,96,128,129
2024-06,total_2024-06,6,103,La Estrella,6202,La Estrella,330,numeric,regional_formula_block_order,96,128,129
2024-06,total_2024-06,6,104,Las Cabras,6107,Las Cabras,1797,numeric,regional_formula_block_order,96,128,129
2024-06,total_2024-06,6,105,Litueche,6203,Litueche,709,numeric,regional_formula_block_order,96,128,129
2024-06,total_2024-06,6,106,Lolol,6304,Lolol,557,numeric,regional_formula_block_order,96,128,129
2024-06,total_2024-06,6,107,Machalí,6108,Machalí,17152,numeric,regional_formula_block_order,96,128,129
2024-06,total_2024-06,6,108,Malloa,6109,Malloa,1019,numeric,regional_formula_block_order,96,128,129
2024-06,total_2024-06,6,109,Marchihue,6204,Marchihue,421,numeric,regional_formula_block_order,96,128,129
2024-06,total_2024-06,6,110,Mostazal,6110,Mostazal,4720,numeric,regional_formula_block_order,96,128,129
2024-06,total_2024-06,6,111,Nancagua,6305,Nancagua,2069,numeric,regional_formula_block_order,96,128,129
2024-06,total_2024-06,6,112,Navidad,6205,Navidad,1356,numeric,regional_formula_block_order,96,128,129
2024-06,total_2024-06,6,113,Olivar,6111,Olivar,1762,numeric,regional_formula_block_order,96,128,129
2024-06,total_2024-06,6,114,Palmilla,6306,Palmilla,468,numeric,regional_formula_block_order,96,128,129
2024-06,total_2024-06,6,115,Paredones,6206,Paredones,136,numeric,regional_formula_block_order,96,128,129
2024-06,total_2024-06,6,116,Peralillo,6307,Peralillo,650,numeric,regional_formula_block_order,96,128,129
2024-06,total_2024-06,6,117,Peumo,6112,Peumo,1405,numeric,regional_formula_block_order,96,128,129
2024-06,total_2024-06,6,118,Pichidegua,6113,Pichidegua,1609,numeric,regional_formula_block_order,96,128,129
2024-06,total_2024-06,6,119,Pichilemu,6201,Pichilemu,4970,numeric,regional_formula_block_order,96,128,129
2024-06,total_2024-06,6,120,Placilla,6308,Placilla,413,numeric,regional_formula_block_order,96,128,129
2024-06,total_2024-06,6,121,Pumanque,6309,Pumanque,223,numeric,regional_formula_block_order,96,128,129
2024-06,total_2024-06,6,122,Quinta de Tilcoco,6114,Quinta de Tilcoco,1734,numeric,regional_formula_block_order,96,128,129
2024-06,total_2024-06,6,123,Rancagua,6101,Rancagua,77450,numeric,regional_formula_block_order,96,128,129
2024-06,total_2024-06,6,124,Rengo,6115,Rengo,14640,numeric,regional_formula_block_order,96,128,129
2024-06,total_2024-06,6,125,Requinoa,6116,Requínoa,3418,numeric,regional_formula_block_order,96,128,129
2024-06,total_2024-06,6,126,San Fernando,6301,San Fernando,18790,numeric,regional_formula_block_order,96,128,129
2024-06,total_2024-06,6,127,San Vicente,6117,San Vicente,6636,numeric,regional_formula_block_order,96,128,129
2024-06,total_2024-06,6,128,Santa Cruz,6310,Santa Cruz,7187,numeric,regional_formula_block_order,96,128,129
2024-06,total_2024-06,7,130,Cauquenes,7201,Cauquenes,8893,numeric,regional_formula_block_order,130,159,160
2024-06,total_2024-06,7,131,Chanco,7202,Chanco,329,numeric,regional_formula_block_order,130,159,160
2024-06,total_2024-06,7,132,Colbún,7402,Colbún,1714,numeric,regional_formula_block_order,130,159,160
2024-06,total_2024-06,7,133,Constitución,7102,Constitución,7573,numeric,regional_formula_block_order,130,159,160
2024-06,total_2024-06,7,134,Curepto,7103,Curepto,324,numeric,regional_formula_block_order,130,159,160
2024-06,total_2024-06,7,135,Curicó,7301,Curicó,45228,numeric,regional_formula_block_order,130,159,160
2024-06,total_2024-06,7,136,Empedrado,7104,Empedrado,173,numeric,regional_formula_block_order,130,159,160
2024-06,total_2024-06,7,137,Hualañé,7302,Hualañé,662,numeric,regional_formula_block_order,130,159,160
2024-06,total_2024-06,7,138,Licantén,7303,Licantén,1114,numeric,regional_formula_block_order,130,159,160
2024-06,total_2024-06,7,139,Linares,7401,Linares,19579,numeric,regional_formula_block_order,130,159,160
2024-06,total_2024-06,7,140,Longaví,7403,Longaví,1667,numeric,regional_formula_block_order,130,159,160
2024-06,total_2024-06,7,141,Maule,7105,Maule,5284,numeric,regional_formula_block_order,130,159,160
2024-06,total_2024-06,7,142,Molina,7304,Molina,5979,numeric,regional_formula_block_order,130,159,160
2024-06,total_2024-06,7,143,Parral,7404,Parral,8450,numeric,regional_formula_block_order,130,159,160
2024-06,total_2024-06,7,144,Pelarco,7106,Pelarco,328,numeric,regional_formula_block_order,130,159,160
2024-06,total_2024-06,7,145,Pelluhue,7203,Pelluhue,1298,numeric,regional_formula_block_order,130,159,160
2024-06,total_2024-06,7,146,Pencahue,7107,Pencahue,479,numeric,regional_formula_block_order,130,159,160
2024-06,total_2024-06,7,147,Rauco,7305,Rauco,1483,numeric,regional_formula_block_order,130,159,160
2024-06,total_2024-06,7,148,Retiro,7405,Retiro,720,numeric,regional_formula_block_order,130,159,160
2024-06,total_2024-06,7,149,Río Claro,7108,Río Claro,716,numeric,regional_formula_block_order,130,159,160
2024-06,total_2024-06,7,150,Romeral,7306,Romeral,1777,numeric,regional_formula_block_order,130,159,160
2024-06,total_2024-06,7,151,Sagrada Familia,7307,Sagrada Familia,251,numeric,regional_formula_block_order,130,159,160
2024-06,total_2024-06,7,152,San Clemente,7109,San Clemente,5225,numeric,regional_formula_block_order,130,159,160
2024-06,total_2024-06,7,153,San Javier,7406,San Javier,4536,numeric,regional_formula_block_order,130,159,160
2024-06,total_2024-06,7,154,San Rafael,7110,San Rafael,653,numeric,regional_formula_block_order,130,159,160
2024-06,total_2024-06,7,155,Talca,7101,Talca,72687,numeric,regional_formula_block_order,130,159,160
2024-06,total_2024-06,7,156,Teno,7308,Teno,2304,numeric,regional_formula_block_order,130,159,160
2024-06,total_2024-06,7,157,Vichuquén,7309,Vichuquén,523,numeric,regional_formula_block_order,130,159,160
2024-06,total_2024-06,7,158,Villa Alegre,7407,Villa Alegre,1229,numeric,regional_formula_block_order,130,159,160
2024-06,total_2024-06,7,159,Yerbas Buenas,7408,Yerbas Buenas,988,numeric,regional_formula_block_order,130,159,160
2024-06,total_2024-06,8,161,Alto Biobío,8314,Alto Biobío,206,numeric,regional_formula_block_order,161,193,194
2024-06,total_2024-06,8,162,Antuco,8302,Antuco,104,numeric,regional_formula_block_order,161,193,194
2024-06,total_2024-06,8,163,Arauco,8202,Arauco,8062,numeric,regional_formula_block_order,161,193,194
2024-06,total_2024-06,8,164,Bulnes,8303,Cabrero,5192,numeric,regional_formula_block_order,161,193,194
2024-06,total_2024-06,8,165,Cabrero,8203,Cañete,5101,numeric,regional_formula_block_order,161,193,194
2024-06,total_2024-06,8,166,Cañete,8103,Chiguayante,26452,numeric,regional_formula_block_order,161,193,194
2024-06,total_2024-06,8,167,Chiguayante,8101,Concepción,85097,numeric,regional_formula_block_order,161,193,194
2024-06,total_2024-06,8,168,Chillán,8204,Contulmo,1009,numeric,regional_formula_block_order,161,193,194
2024-06,total_2024-06,8,169,Chillán Viejo,8102,Coronel,36728,numeric,regional_formula_block_order,161,193,194
2024-06,total_2024-06,8,170,Cobquecura,8205,Curanilahue,7646,numeric,regional_formula_block_order,161,193,194
2024-06,total_2024-06,8,171,Coelemu,8104,Florida,991,numeric,regional_formula_block_order,161,193,194
2024-06,total_2024-06,8,172,Coihueco,8112,Hualpén,19205,numeric,regional_formula_block_order,161,193,194
2024-06,total_2024-06,8,173,Concepción,8105,Hualqui,5972,numeric,regional_formula_block_order,161,193,194
2024-06,total_2024-06,8,174,Contulmo,8304,Laja,4122,numeric,regional_formula_block_order,161,193,194
2024-06,total_2024-06,8,175,Coronel,8201,Lebu,5914,numeric,regional_formula_block_order,161,193,194
2024-06,total_2024-06,8,176,Curanilahue,8206,Los Álamos,4867,numeric,regional_formula_block_order,161,193,194
2024-06,total_2024-06,8,177,El Carmen,8301,Los Ángeles,47035,numeric,regional_formula_block_order,161,193,194
2024-06,total_2024-06,8,178,Florida,8106,Lota,11210,numeric,regional_formula_block_order,161,193,194
2024-06,total_2024-06,8,179,Hualpén,8305,Mulchén,5024,numeric,regional_formula_block_order,161,193,194
2024-06,total_2024-06,8,180,Hualqui,8306,Nacimiento,5658,numeric,regional_formula_block_order,161,193,194
2024-06,total_2024-06,8,181,Laja,8307,Negrete,669,numeric,regional_formula_block_order,161,193,194
2024-06,total_2024-06,8,182,Lebu,8107,Penco,13254,numeric,regional_formula_block_order,161,193,194
2024-06,total_2024-06,8,183,Los Alamos,8308,Quilaco,455,numeric,regional_formula_block_order,161,193,194
2024-06,total_2024-06,8,184,Los Angeles,8309,Quilleco,197,numeric,regional_formula_block_order,161,193,194
2024-06,total_2024-06,8,185,Lota,8108,San Pedro de La paz,47814,numeric,regional_formula_block_order,161,193,194
2024-06,total_2024-06,8,186,Mulchén,8310,San Rosendo,569,numeric,regional_formula_block_order,161,193,194
2024-06,total_2024-06,8,187,Nacimiento,8311,Santa Bárbara,1719,numeric,regional_formula_block_order,161,193,194
2024-06,total_2024-06,8,188,Negrete,8109,Santa Juana,2192,numeric,regional_formula_block_order,161,193,194
2024-06,total_2024-06,8,189,Ninhue,8110,Talcahuano,51860,numeric,regional_formula_block_order,161,193,194
2024-06,total_2024-06,8,190,Ñiquén,8207,Tirúa,229,numeric,regional_formula_block_order,161,193,194
2024-06,total_2024-06,8,191,Pemuco,8111,Tomé,15341,numeric,regional_formula_block_order,161,193,194
2024-06,total_2024-06,8,192,Penco,8312,Tucapel,2929,numeric,regional_formula_block_order,161,193,194
2024-06,total_2024-06,8,193,Pinto,8313,Yumbel,3105,numeric,regional_formula_block_order,161,193,194
2024-06,total_2024-06,9,195,Quilaco,9201,Angol,14041,numeric,regional_formula_block_order,195,226,227
2024-06,total_2024-06,9,196,Quilleco,9102,Carahue,1715,numeric,regional_formula_block_order,195,226,227
2024-06,total_2024-06,9,197,Quillón,9121,Cholchol,635,numeric,regional_formula_block_order,195,226,227
2024-06,total_2024-06,9,198,Quirihue,9202,Collipulli,3923,numeric,regional_formula_block_order,195,226,227
2024-06,total_2024-06,9,199,Ranquil,9103,Cunco,2273,numeric,regional_formula_block_order,195,226,227
2024-06,total_2024-06,9,200,San Carlos,9203,Curacautín,3142,numeric,regional_formula_block_order,195,226,227
2024-06,total_2024-06,9,201,San Fabián,9104,Curarrehue,280,numeric,regional_formula_block_order,195,226,227
2024-06,total_2024-06,9,202,San Ignacio,9204,Ercilla,848,numeric,regional_formula_block_order,195,226,227
2024-06,total_2024-06,9,203,San Nicolás,9105,Freire,2240,numeric,regional_formula_block_order,195,226,227
2024-06,total_2024-06,9,204,San Pedro de la Paz,9106,Galvarino,753,numeric,regional_formula_block_order,195,226,227
2024-06,total_2024-06,9,205,San Rosendo,9107,Gorbea,1688,numeric,regional_formula_block_order,195,226,227
2024-06,total_2024-06,9,206,Santa Bárbara,9108,Lautaro,7837,numeric,regional_formula_block_order,195,226,227
2024-06,total_2024-06,9,207,Santa Juana,9109,Loncoche,4490,numeric,regional_formula_block_order,195,226,227
2024-06,total_2024-06,9,208,Talcahuano,9205,Lonquimay,283,numeric,regional_formula_block_order,195,226,227
2024-06,total_2024-06,9,209,Tirúa,9206,Los Sauces,1020,numeric,regional_formula_block_order,195,226,227
2024-06,total_2024-06,9,210,Tomé,9207,Lumaco,220,numeric,regional_formula_block_order,195,226,227
2024-06,total_2024-06,9,211,Treguaco,9110,Melipeuco,176,numeric,regional_formula_block_order,195,226,227
2024-06,total_2024-06,9,212,Tucapel,9111,Nueva Imperial,4246,numeric,regional_formula_block_order,195,226,227
2024-06,total_2024-06,9,213,Yumbel,9112,Padre Las Casas,9105,numeric,regional_formula_block_order,195,226,227
2024-06,total_2024-06,9,214,Yungay,9113,Perquenco,789,numeric,regional_formula_block_order,195,226,227
2024-06,total_2024-06,9,215,,9114,Pitrufquén,5125,numeric,regional_formula_block_order,195,226,227
2024-06,total_2024-06,9,216,Angol,9115,Pucón,7120,numeric,regional_formula_block_order,195,226,227
2024-06,total_2024-06,9,217,Carahue,9208,Purén,1696,numeric,regional_formula_block_order,195,226,227
2024-06,total_2024-06,9,218,Cholchol,9209,Renaico,1061,numeric,regional_formula_block_order,195,226,227
2024-06,total_2024-06,9,219,Collipulli,9116,Saavedra,484,numeric,regional_formula_block_order,195,226,227
2024-06,total_2024-06,9,220,Cunco,9101,Temuco,94086,numeric,regional_formula_block_order,195,226,227
2024-06,total_2024-06,9,221,Curacautín,9117,Teodoro Schmidt,1198,numeric,regional_formula_block_order,195,226,227
2024-06,total_2024-06,9,222,Curarrehue,9118,Toltén,586,numeric,regional_formula_block_order,195,226,227
2024-06,total_2024-06,9,223,Ercilla,9210,Traiguén,3028,numeric,regional_formula_block_order,195,226,227
2024-06,total_2024-06,9,224,Freire,9211,Victoria,7723,numeric,regional_formula_block_order,195,226,227
2024-06,total_2024-06,9,225,Galvarino,9119,Vilcún,3216,numeric,regional_formula_block_order,195,226,227
2024-06,total_2024-06,9,226,Gorbea,9120,Villarrica,15646,numeric,regional_formula_block_order,195,226,227
2024-06,total_2024-06,10,228,Loncoche,10202,Ancud,5746,numeric,regional_formula_block_order,228,258,259
2024-06,total_2024-06,10,229,Lonquimay,10102,Calbuco,4248,numeric,regional_formula_block_order,228,258,259
2024-06,total_2024-06,10,230,Los Sauces,10201,Castro,9340,numeric,regional_formula_block_order,228,258,259
2024-06,total_2024-06,10,231,Lumaco,10401,Chaitén,649,numeric,regional_formula_block_order,228,258,259
2024-06,total_2024-06,10,232,Melipeuco,10203,Chonchi,1324,numeric,regional_formula_block_order,228,258,259
2024-06,total_2024-06,10,233,Nueva Imperial,10103,Cochamó,288,numeric,regional_formula_block_order,228,258,259
2024-06,total_2024-06,10,234,Padre Las Casas,10204,Curaco de Vélez,182,numeric,regional_formula_block_order,228,258,259
2024-06,total_2024-06,10,235,Perquenco,10205,Dalcahue,1424,numeric,regional_formula_block_order,228,258,259
2024-06,total_2024-06,10,236,Pitrufquén,10104,Fresia,841,numeric,regional_formula_block_order,228,258,259
2024-06,total_2024-06,10,237,Pucón,10105,Frutillar,4217,numeric,regional_formula_block_order,228,258,259
2024-06,total_2024-06,10,238,Purén,10402,Futaleufú,701,numeric,regional_formula_block_order,228,258,259
2024-06,total_2024-06,10,239,Renaico,10403,Hualaihué,586,numeric,regional_formula_block_order,228,258,259
2024-06,total_2024-06,10,240,Saavedra,10107,Llanquihue,3609,numeric,regional_formula_block_order,228,258,259
2024-06,total_2024-06,10,241,Temuco,10106,Los Muermos,1147,numeric,regional_formula_block_order,228,258,259
2024-06,total_2024-06,10,242,Teodoro Schmidt,10108,Maullín,1062,numeric,regional_formula_block_order,228,258,259
2024-06,total_2024-06,10,243,Toltén,10301,Osorno,45706,numeric,regional_formula_block_order,228,258,259
2024-06,total_2024-06,10,244,Traiguén,10404,Palena,384,numeric,regional_formula_block_order,228,258,259
2024-06,total_2024-06,10,245,Victoria,10101,Puerto Montt,68297,numeric,regional_formula_block_order,228,258,259
2024-06,total_2024-06,10,246,Vilcún,10302,Puerto Octay,706,numeric,regional_formula_block_order,228,258,259
2024-06,total_2024-06,10,247,Villarrica,10109,Puerto Varas,13757,numeric,regional_formula_block_order,228,258,259
2024-06,total_2024-06,10,248,,10206,Puqueldón,143,numeric,regional_formula_block_order,228,258,259
2024-06,total_2024-06,10,249,Ancud,10303,Purranque,3116,numeric,regional_formula_block_order,228,258,259
2024-06,total_2024-06,10,250,Calbuco,10304,Puyehue,1233,numeric,regional_formula_block_order,228,258,259
2024-06,total_2024-06,10,251,Castro,10207,Queilén,463,numeric,regional_formula_block_order,228,258,259
2024-06,total_2024-06,10,252,Chaitén,10208,Quellón,3255,numeric,regional_formula_block_order,228,258,259
2024-06,total_2024-06,10,253,Chonchi,10209,Quemchi,510,numeric,regional_formula_block_order,228,258,259
2024-06,total_2024-06,10,254,Cochamó,10210,Quinchao,469,numeric,regional_formula_block_order,228,258,259
2024-06,total_2024-06,10,255,Curaco de Vélez,10305,Río Negro,1663,numeric,regional_formula_block_order,228,258,259
2024-06,total_2024-06,10,256,Dalcahue,10306,San Juan de la Costa,83,numeric,regional_formula_block_order,228,258,259
2024-06,total_2024-06,10,257,Fresia,10307,San Pablo,1286,numeric,regional_formula_block_order,228,258,259
2024-06,total_2024-06,11,260,Hualaihue,11201,Aysén,5491,numeric,regional_formula_block_order,260,270,271
2024-06,total_2024-06,11,261,Llanquihue,11401,Chile Chico,766,numeric,regional_formula_block_order,260,270,271
2024-06,total_2024-06,11,262,Los Muermos,11202,Cisnes,1318,numeric,regional_formula_block_order,260,270,271
2024-06,total_2024-06,11,263,Maullín,11301,Cochrane,751,numeric,regional_formula_block_order,260,270,271
2024-06,total_2024-06,11,264,Osorno,11101,Coyhaique,14149,numeric,regional_formula_block_order,260,270,271
2024-06,total_2024-06,11,265,Palena,11203,Guaitecas,163,numeric,regional_formula_block_order,260,270,271
2024-06,total_2024-06,11,266,Puerto Montt,11102,Lago Verde,139,numeric,regional_formula_block_order,260,270,271
2024-06,total_2024-06,11,267,Puerto Octay,11302,O'Higgins,145,numeric,regional_formula_block_order,260,270,271
2024-06,total_2024-06,11,268,Puerto Varas,11402,Río Ibáñez,416,numeric,regional_formula_block_order,260,270,271
2024-06,total_2024-06,11,269,Puqueldón,11303,Tortel,26,numeric,regional_formula_block_order,260,270,271
2024-06,total_2024-06,12,272,Queilén,12202,Antártica,17,numeric,regional_formula_block_order,272,282,283
2024-06,total_2024-06,12,273,Quellón,12201,Cabo de Hornos,308,numeric,regional_formula_block_order,272,282,283
2024-06,total_2024-06,12,274,Quemchi,12102,Laguna Blanca,26,numeric,regional_formula_block_order,272,282,283
2024-06,total_2024-06,12,275,Quinchao,12401,Natales,8203,numeric,regional_formula_block_order,272,282,283
2024-06,total_2024-06,12,276,Río Negro,12301,Porvenir,1903,numeric,regional_formula_block_order,272,282,283
2024-06,total_2024-06,12,277,San Juan de la Costa,12302,Primavera,42,numeric,regional_formula_block_order,272,282,283
2024-06,total_2024-06,12,278,San Pablo,12101,Punta Arenas,43816,numeric,regional_formula_block_order,272,282,283
2024-06,total_2024-06,12,279,Sin clasificación,12103,Río Verde,2,numeric,regional_formula_block_order,272,282,283
2024-06,total_2024-06,12,280,,12104,San Gregorio,52,numeric,regional_formula_block_order,272,282,283
2024-06,total_2024-06,12,281,Aisén,12303,Timaukel,33,numeric,regional_formula_block_order,272,282,283
2024-06,total_2024-06,12,282,Chile Chico,12402,Torres del Paine,113,numeric,regional_formula_block_order,272,282,283
2024-06,total_2024-06,13,284,Cochrane,13502,Alhué,2160,numeric,regional_formula_block_order,284,336,337
2024-06,total_2024-06,13,285,Coyhaique,13402,Buin,22436,numeric,regional_formula_block_order,284,336,337
2024-06,total_2024-06,13,286,Guaitecas,13403,Calera de Tango,3492,numeric,regional_formula_block_order,284,336,337
2024-06,total_2024-06,13,287,Lago Verde,13102,Cerrillos,22409,numeric,regional_formula_block_order,284,336,337
2024-06,total_2024-06,13,288,O'Higgins,13103,Cerro Navia,27788,numeric,regional_formula_block_order,284,336,337
2024-06,total_2024-06,13,289,Río Ibáñez,13301,Colina,37533,numeric,regional_formula_block_order,284,336,337
2024-06,total_2024-06,13,290,Tortel,13104,Conchalí,31132,numeric,regional_formula_block_order,284,336,337
2024-06,total_2024-06,13,291,Sin clasificación,13503,Curacaví,3566,numeric,regional_formula_block_order,284,336,337
2024-06,total_2024-06,13,292,,13105,El Bosque,37528,numeric,regional_formula_block_order,284,336,337
2024-06,total_2024-06,13,293,Antártica,13602,El Monte,6687,numeric,regional_formula_block_order,284,336,337
2024-06,total_2024-06,13,294,Cabo de Hornos,13106,Estación Central,53544,numeric,regional_formula_block_order,284,336,337
2024-06,total_2024-06,13,295,Laguna Blanca,13107,Huechuraba,26956,numeric,regional_formula_block_order,284,336,337
2024-06,total_2024-06,13,296,Natales,13108,Independencia,34120,numeric,regional_formula_block_order,284,336,337
2024-06,total_2024-06,13,297,Porvenir,13603,Isla de Maipo,4935,numeric,regional_formula_block_order,284,336,337
2024-06,total_2024-06,13,298,Primavera,13109,La Cisterna,34683,numeric,regional_formula_block_order,284,336,337
2024-06,total_2024-06,13,299,Punta Arenas,13110,La Florida,116307,numeric,regional_formula_block_order,284,336,337
2024-06,total_2024-06,13,300,Río Verde,13111,La Granja,25539,numeric,regional_formula_block_order,284,336,337
2024-06,total_2024-06,13,301,San Gregorio,13112,La Pintana,16640,numeric,regional_formula_block_order,284,336,337
2024-06,total_2024-06,13,302,Timaukel,13113,La Reina,29437,numeric,regional_formula_block_order,284,336,337
2024-06,total_2024-06,13,303,Torres del Paine,13302,Lampa,24599,numeric,regional_formula_block_order,284,336,337
2024-06,total_2024-06,13,304,,13114,Las Condes,125437,numeric,regional_formula_block_order,284,336,337
2024-06,total_2024-06,13,305,Alhué,13115,Lo Barnechea,29711,numeric,regional_formula_block_order,284,336,337
2024-06,total_2024-06,13,306,Buin,13116,Lo Espejo,14859,numeric,regional_formula_block_order,284,336,337
2024-06,total_2024-06,13,307,Calera de Tango,13117,Lo Prado,21742,numeric,regional_formula_block_order,284,336,337
2024-06,total_2024-06,13,308,Cerrillos,13118,Macul,42668,numeric,regional_formula_block_order,284,336,337
2024-06,total_2024-06,13,309,Cerro Navia,13119,Maipú,147252,numeric,regional_formula_block_order,284,336,337
2024-06,total_2024-06,13,310,Colina,13504,María Pinto,301,numeric,regional_formula_block_order,284,336,337
2024-06,total_2024-06,13,311,Conchalí,13501,Melipilla,19276,numeric,regional_formula_block_order,284,336,337
2024-06,total_2024-06,13,312,Curacaví,13120,Ñuñoa,104841,numeric,regional_formula_block_order,284,336,337
2024-06,total_2024-06,13,313,El Bosque,13604,Padre Hurtado,20768,numeric,regional_formula_block_order,284,336,337
2024-06,total_2024-06,13,314,El Monte,13404,Paine,7915,numeric,regional_formula_block_order,284,336,337
2024-06,total_2024-06,13,315,Estación Central,13121,Pedro Aguirre Cerda,23348,numeric,regional_formula_block_order,284,336,337
2024-06,total_2024-06,13,316,Huechuraba,13605,Peñaflor,23182,numeric,regional_formula_block_order,284,336,337
2024-06,total_2024-06,13,317,Independencia,13122,Peñalolén,56464,numeric,regional_formula_block_order,284,336,337
2024-06,total_2024-06,13,318,Isla de Maipo,13202,Pirque,3094,numeric,regional_formula_block_order,284,336,337
2024-06,total_2024-06,13,319,La Cisterna,13123,Providencia,75661,numeric,regional_formula_block_order,284,336,337
2024-06,total_2024-06,13,320,La Florida,13124,Pudahuel,60051,numeric,regional_formula_block_order,284,336,337
2024-06,total_2024-06,13,321,La Granja,13201,Puente Alto,147386,numeric,regional_formula_block_order,284,336,337
2024-06,total_2024-06,13,322,La Pintana,13125,Quilicura,50468,numeric,regional_formula_block_order,284,336,337
2024-06,total_2024-06,13,323,La Reina,13126,Quinta Normal,36279,numeric,regional_formula_block_order,284,336,337
2024-06,total_2024-06,13,324,Lampa,13127,Recoleta,39245,numeric,regional_formula_block_order,284,336,337
2024-06,total_2024-06,13,325,Las Condes,13128,Renca,32900,numeric,regional_formula_block_order,284,336,337
2024-06,total_2024-06,13,326,Lo Barnechea,13401,San Bernardo,67574,numeric,regional_formula_block_order,284,336,337
2024-06,total_2024-06,13,327,Lo Espejo,13129,San Joaquín,25287,numeric,regional_formula_block_order,284,336,337
2024-06,total_2024-06,13,328,Lo Prado,13203,San José de Maipo,1392,numeric,regional_formula_block_order,284,336,337
2024-06,total_2024-06,13,329,Macul,13130,San Miguel,57074,numeric,regional_formula_block_order,284,336,337
2024-06,total_2024-06,13,330,Maipú,13505,San Pedro,501,numeric,regional_formula_block_order,284,336,337
2024-06,total_2024-06,13,331,María Pinto,13131,San Ramón,14739,numeric,regional_formula_block_order,284,336,337
2024-06,total_2024-06,13,332,Melipilla,13101,Santiago,173411,numeric,regional_formula_block_order,284,336,337
2024-06,total_2024-06,13,333,Ñuñoa,13601,Talagante,15841,numeric,regional_formula_block_order,284,336,337
2024-06,total_2024-06,13,334,Padre Hurtado,13303,Tiltil,3095,numeric,regional_formula_block_order,284,336,337
2024-06,total_2024-06,13,335,Paine,13132,Vitacura,35902,numeric,regional_formula_block_order,284,336,337
2024-06,total_2024-06,14,338,Peñalolén,14102,Corral,401,numeric,regional_formula_block_order,338,349,350
2024-06,total_2024-06,14,339,Pirque,14202,Futrono,1026,numeric,regional_formula_block_order,338,349,350
2024-06,total_2024-06,14,340,Providencia,14201,La Unión,8298,numeric,regional_formula_block_order,338,349,350
2024-06,total_2024-06,14,341,Pudahuel,14203,Lago Ranco,526,numeric,regional_formula_block_order,338,349,350
2024-06,total_2024-06,14,342,Puente Alto,14103,Lanco,2516,numeric,regional_formula_block_order,338,349,350
2024-06,total_2024-06,14,343,Quilicura,14104,Los Lagos,2142,numeric,regional_formula_block_order,338,349,350
2024-06,total_2024-06,14,344,Quinta Normal,14105,Máfil,1135,numeric,regional_formula_block_order,338,349,350
2024-06,total_2024-06,14,345,Recoleta,14106,Mariquina,3389,numeric,regional_formula_block_order,338,349,350
2024-06,total_2024-06,14,346,Renca,14107,Paillaco,2672,numeric,regional_formula_block_order,338,349,350
2024-06,total_2024-06,14,347,San Bernardo,14108,Panguipulli,4013,numeric,regional_formula_block_order,338,349,350
2024-06,total_2024-06,14,348,San Joaquín,14204,Río Bueno,5232,numeric,regional_formula_block_order,338,349,350
2024-06,total_2024-06,14,349,San José de Maipo,14101,Valdivia,50274,numeric,regional_formula_block_order,338,349,350
2024-06,total_2024-06,15,351,San Pedro,15101,Arica,58981,numeric,regional_formula_block_order,351,354,355
2024-06,total_2024-06,15,352,San Ramón,15102,Camarones,42,numeric,regional_formula_block_order,351,354,355
2024-06,total_2024-06,15,353,Santiago,15202,General Lagos,37,numeric,regional_formula_block_order,351,354,355
2024-06,total_2024-06,15,354,Talagante,15201,Putre,82,numeric,regional_formula_block_order,351,354,355
2024-06,total_2024-06,16,356,Vitacura,16102,Bulnes,3204,numeric,regional_formula_block_order,356,376,377
2024-06,total_2024-06,16,357,Sin clasificación,16101,Chillán,57591,numeric,regional_formula_block_order,356,376,377
2024-06,total_2024-06,16,358,,16103,Chillán Viejo,5307,numeric,regional_formula_block_order,356,376,377
2024-06,total_2024-06,16,359,Corral,16202,Cobquecura,612,numeric,regional_formula_block_order,356,376,377
2024-06,total_2024-06,16,360,Futrono,16203,Coelemu,2519,numeric,regional_formula_block_order,356,376,377
2024-06,total_2024-06,16,361,La Unión,16302,Coihueco,1311,numeric,regional_formula_block_order,356,376,377
2024-06,total_2024-06,16,362,Lago Ranco,16104,El Carmen,484,numeric,regional_formula_block_order,356,376,377
2024-06,total_2024-06,16,363,Lanco,16204,Ninhue,305,numeric,regional_formula_block_order,356,376,377
2024-06,total_2024-06,16,364,Los Lagos,16303,Ñiquén,350,numeric,regional_formula_block_order,356,376,377
2024-06,total_2024-06,16,365,Mafil,16105,Pemuco,724,numeric,regional_formula_block_order,356,376,377
2024-06,total_2024-06,16,366,Mariquina,16106,Pinto,1772,numeric,regional_formula_block_order,356,376,377
2024-06,total_2024-06,16,367,Paillaco,16205,Portezuelo,236,numeric,regional_formula_block_order,356,376,377
2024-06,total_2024-06,16,368,Panguipulli,16107,Quillón,2803,numeric,regional_formula_block_order,356,376,377
2024-06,total_2024-06,16,369,Río Bueno,16201,Quirihue,963,numeric,regional_formula_block_order,356,376,377
2024-06,total_2024-06,16,370,Valdivia,16206,Ránquil,497,numeric,regional_formula_block_order,356,376,377
2024-06,total_2024-06,16,371,,16301,San Carlos,8260,numeric,regional_formula_block_order,356,376,377
2024-06,total_2024-06,16,372,Arica,16304,San Fabián,609,numeric,regional_formula_block_order,356,376,377
2024-06,total_2024-06,16,373,Camarones,16108,San Ignacio,1018,numeric,regional_formula_block_order,356,376,377
2024-06,total_2024-06,16,374,General Lagos,16305,San Nicolás,531,numeric,regional_formula_block_order,356,376,377
2024-06,total_2024-06,16,375,Putre,16207,Trehuaco,393,numeric,regional_formula_block_order,356,376,377
2024-06,total_2024-06,16,376,,16109,Yungay,2802,numeric,regional_formula_block_order,356,376,377
2024-06,residential_2024-06,1,10,Alto Hospicio,1107,Alto Hospicio,21562,numeric,regional_formula_block_order,10,17,18
2024-06,residential_2024-06,1,11,Camiña,1402,Camiña,19,numeric,regional_formula_block_order,10,17,18
2024-06,residential_2024-06,1,12,Colchane,1403,Colchane,49,numeric,regional_formula_block_order,10,17,18
2024-06,residential_2024-06,1,13,Huara,1404,Huara,77,numeric,regional_formula_block_order,10,17,18
2024-06,residential_2024-06,1,14,Iquique,1101,Iquique,51083,numeric,regional_formula_block_order,10,17,18
2024-06,residential_2024-06,1,15,Pica,1405,Pica,161,numeric,regional_formula_block_order,10,17,18
2024-06,residential_2024-06,1,16,Pozo Almonte,1401,Pozo Almonte,1760,numeric,regional_formula_block_order,10,17,18
2024-06,residential_2024-06,2,19,Antofagasta,2101,Antofagasta,107517,numeric,regional_formula_block_order,19,27,28
2024-06,residential_2024-06,2,20,Calama,2201,Calama,43989,numeric,regional_formula_block_order,19,27,28
2024-06,residential_2024-06,2,21,María Elena,2302,María Elena,232,numeric,regional_formula_block_order,19,27,28
2024-06,residential_2024-06,2,22,Mejillones,2102,Mejillones,2376,numeric,regional_formula_block_order,19,27,28
2024-06,residential_2024-06,2,23,Ollagüe,2202,Ollagüe,15,numeric,regional_formula_block_order,19,27,28
2024-06,residential_2024-06,2,24,San Pedro de Atacama,2203,San Pedro de Atacama,581,numeric,regional_formula_block_order,19,27,28
2024-06,residential_2024-06,2,25,Sierra Gorda,2103,Sierra Gorda,452,numeric,regional_formula_block_order,19,27,28
2024-06,residential_2024-06,2,26,Taltal,2104,Taltal,2084,numeric,regional_formula_block_order,19,27,28
2024-06,residential_2024-06,2,27,Tocopilla,2301,Tocopilla,5807,numeric,regional_formula_block_order,19,27,28
2024-06,residential_2024-06,3,29,Alto Del Carmen,3302,Alto del Carmen,82,numeric,regional_formula_block_order,29,38,39
2024-06,residential_2024-06,3,30,Caldera,3102,Caldera,3566,numeric,regional_formula_block_order,29,38,39
2024-06,residential_2024-06,3,31,Chañaral,3201,Chañaral,691,numeric,regional_formula_block_order,29,38,39
2024-06,residential_2024-06,3,32,Copiapó,3101,Copiapó,41221,numeric,regional_formula_block_order,29,38,39
2024-06,residential_2024-06,3,33,Diego de Almagro,3202,Diego de Almagro,1891,numeric,regional_formula_block_order,29,38,39
2024-06,residential_2024-06,3,34,Freirina,3303,Freirina,174,numeric,regional_formula_block_order,29,38,39
2024-06,residential_2024-06,3,35,Huasco,3304,Huasco,1025,numeric,regional_formula_block_order,29,38,39
2024-06,residential_2024-06,3,36,Tierra Amarilla,3103,Tierra Amarilla,1031,numeric,regional_formula_block_order,29,38,39
2024-06,residential_2024-06,3,37,Vallenar,3301,Vallenar,12065,numeric,regional_formula_block_order,29,38,39
2024-06,residential_2024-06,4,40,Andacollo,4103,Andacollo,1331,numeric,regional_formula_block_order,40,55,56
2024-06,residential_2024-06,4,41,Canela,4202,Canela,788,numeric,regional_formula_block_order,40,55,56
2024-06,residential_2024-06,4,42,Combarbalá,4302,Combarbalá,1151,numeric,regional_formula_block_order,40,55,56
2024-06,residential_2024-06,4,43,Coquimbo,4102,Coquimbo,68596,numeric,regional_formula_block_order,40,55,56
2024-06,residential_2024-06,4,44,Illapel,4201,Illapel,4462,numeric,regional_formula_block_order,40,55,56
2024-06,residential_2024-06,4,45,La Higuera,4104,La Higuera,257,numeric,regional_formula_block_order,40,55,56
2024-06,residential_2024-06,4,46,La Serena,4101,La Serena,70597,numeric,regional_formula_block_order,40,55,56
2024-06,residential_2024-06,4,47,Los Vilos,4203,Los Vilos,4891,numeric,regional_formula_block_order,40,55,56
2024-06,residential_2024-06,4,48,Monte Patria,4303,Monte Patria,1585,numeric,regional_formula_block_order,40,55,56
2024-06,residential_2024-06,4,49,Ovalle,4301,Ovalle,19507,numeric,regional_formula_block_order,40,55,56
2024-06,residential_2024-06,4,50,Paihuano,4105,Paihuano,87,numeric,regional_formula_block_order,40,55,56
2024-06,residential_2024-06,4,51,Punitaqui,4304,Punitaqui,807,numeric,regional_formula_block_order,40,55,56
2024-06,residential_2024-06,4,52,Río Hurtado,4305,Río Hurtado,39,numeric,regional_formula_block_order,40,55,56
2024-06,residential_2024-06,4,53,Salamanca,4204,Salamanca,1696,numeric,regional_formula_block_order,40,55,56
2024-06,residential_2024-06,4,54,Vicuña,4106,Vicuña,2708,numeric,regional_formula_block_order,40,55,56
2024-06,residential_2024-06,5,57,Algarrobo,5602,Algarrobo,6862,numeric,regional_formula_block_order,57,94,95
2024-06,residential_2024-06,5,58,Cabildo,5402,Cabildo,2301,numeric,regional_formula_block_order,57,94,95
2024-06,residential_2024-06,5,59,Calera,5502,Calera,12671,numeric,regional_formula_block_order,57,94,95
2024-06,residential_2024-06,5,60,Calle Larga,5302,Calle Larga,2961,numeric,regional_formula_block_order,57,94,95
2024-06,residential_2024-06,5,61,Cartagena,5603,Cartagena,6400,numeric,regional_formula_block_order,57,94,95
2024-06,residential_2024-06,5,62,Casablanca,5102,Casablanca,5023,numeric,regional_formula_block_order,57,94,95
2024-06,residential_2024-06,5,63,Catemu,5702,Catemu,1585,numeric,regional_formula_block_order,57,94,95
2024-06,residential_2024-06,5,64,Concón,5103,Concón,18911,numeric,regional_formula_block_order,57,94,95
2024-06,residential_2024-06,5,65,El Quisco,5604,El Quisco,6617,numeric,regional_formula_block_order,57,94,95
2024-06,residential_2024-06,5,66,El Tabo,5605,El Tabo,5643,numeric,regional_formula_block_order,57,94,95
2024-06,residential_2024-06,5,67,Hijuelas,5503,Hijuelas,2814,numeric,regional_formula_block_order,57,94,95
2024-06,residential_2024-06,5,68,Isla de Pascua,5201,Isla de Pascua,1202,numeric,regional_formula_block_order,57,94,95
2024-06,residential_2024-06,5,69,Juan Fernández,5104,Juan Fernández,145,numeric,regional_formula_block_order,57,94,95
2024-06,residential_2024-06,5,70,La Cruz,5504,La Cruz,6581,numeric,regional_formula_block_order,57,94,95
2024-06,residential_2024-06,5,71,La Ligua,5401,La Ligua,6602,numeric,regional_formula_block_order,57,94,95
2024-06,residential_2024-06,5,72,Limache,5802,Limache,13164,numeric,regional_formula_block_order,57,94,95
2024-06,residential_2024-06,5,73,Llaillay,5703,Llaillay,3866,numeric,regional_formula_block_order,57,94,95
2024-06,residential_2024-06,5,74,Los Andes,5301,Los Andes,19331,numeric,regional_formula_block_order,57,94,95
2024-06,residential_2024-06,5,75,Nogales,5506,Nogales,4185,numeric,regional_formula_block_order,57,94,95
2024-06,residential_2024-06,5,76,Olmué,5803,Olmué,3707,numeric,regional_formula_block_order,57,94,95
2024-06,residential_2024-06,5,77,Panquehue,5704,Panquehue,1112,numeric,regional_formula_block_order,57,94,95
2024-06,residential_2024-06,5,78,Papudo,5403,Papudo,1531,numeric,regional_formula_block_order,57,94,95
2024-06,residential_2024-06,5,79,Petorca,5404,Petorca,282,numeric,regional_formula_block_order,57,94,95
2024-06,residential_2024-06,5,80,Puchuncaví,5105,Puchuncaví,7088,numeric,regional_formula_block_order,57,94,95
2024-06,residential_2024-06,5,81,Putaendo,5705,Putaendo,2451,numeric,regional_formula_block_order,57,94,95
2024-06,residential_2024-06,5,82,Quillota,5501,Quillota,24880,numeric,regional_formula_block_order,57,94,95
2024-06,residential_2024-06,5,83,Quilpué,5801,Quilpué,52094,numeric,regional_formula_block_order,57,94,95
2024-06,residential_2024-06,5,84,Quintero,5107,Quintero,8277,numeric,regional_formula_block_order,57,94,95
2024-06,residential_2024-06,5,85,Rinconada,5303,Rinconada,2561,numeric,regional_formula_block_order,57,94,95
2024-06,residential_2024-06,5,86,San Antonio,5601,San Antonio,22771,numeric,regional_formula_block_order,57,94,95
2024-06,residential_2024-06,5,87,San Esteban,5304,San Esteban,3683,numeric,regional_formula_block_order,57,94,95
2024-06,residential_2024-06,5,88,San Felipe,5701,San Felipe,18235,numeric,regional_formula_block_order,57,94,95
2024-06,residential_2024-06,5,89,Santa María,5706,Santa María,1669,numeric,regional_formula_block_order,57,94,95
2024-06,residential_2024-06,5,90,Santo Domingo,5606,Santo Domingo,4244,numeric,regional_formula_block_order,57,94,95
2024-06,residential_2024-06,5,91,Valparaíso,5101,Valparaíso,81464,numeric,regional_formula_block_order,57,94,95
2024-06,residential_2024-06,5,92,Villa Alemana,5804,Villa Alemana,40982,numeric,regional_formula_block_order,57,94,95
2024-06,residential_2024-06,5,93,Viña del Mar,5109,Viña del Mar,113056,numeric,regional_formula_block_order,57,94,95
2024-06,residential_2024-06,5,94,Zapallar,5405,Zapallar,2399,numeric,regional_formula_block_order,57,94,95
2024-06,residential_2024-06,6,96,Chépica,6302,Chépica,1015,numeric,regional_formula_block_order,96,128,129
2024-06,residential_2024-06,6,97,Chimbarongo,6303,Chimbarongo,3440,numeric,regional_formula_block_order,96,128,129
2024-06,residential_2024-06,6,98,Codegua,6102,Codegua,1367,numeric,regional_formula_block_order,96,128,129
2024-06,residential_2024-06,6,99,Coinco,6103,Coinco,1340,numeric,regional_formula_block_order,96,128,129
2024-06,residential_2024-06,6,100,Coltauco,6104,Coltauco,3230,numeric,regional_formula_block_order,96,128,129
2024-06,residential_2024-06,6,101,Doñihue,6105,Doñihue,3729,numeric,regional_formula_block_order,96,128,129
2024-06,residential_2024-06,6,102,Graneros,6106,Graneros,8547,numeric,regional_formula_block_order,96,128,129
2024-06,residential_2024-06,6,103,La Estrella,6202,La Estrella,324,numeric,regional_formula_block_order,96,128,129
2024-06,residential_2024-06,6,104,Las Cabras,6107,Las Cabras,1759,numeric,regional_formula_block_order,96,128,129
2024-06,residential_2024-06,6,105,Litueche,6203,Litueche,689,numeric,regional_formula_block_order,96,128,129
2024-06,residential_2024-06,6,106,Lolol,6304,Lolol,542,numeric,regional_formula_block_order,96,128,129
2024-06,residential_2024-06,6,107,Machalí,6108,Machalí,16350,numeric,regional_formula_block_order,96,128,129
2024-06,residential_2024-06,6,108,Malloa,6109,Malloa,1012,numeric,regional_formula_block_order,96,128,129
2024-06,residential_2024-06,6,109,Marchihue,6204,Marchihue,398,numeric,regional_formula_block_order,96,128,129
2024-06,residential_2024-06,6,110,Mostazal,6110,Mostazal,4573,numeric,regional_formula_block_order,96,128,129
2024-06,residential_2024-06,6,111,Nancagua,6305,Nancagua,2022,numeric,regional_formula_block_order,96,128,129
2024-06,residential_2024-06,6,112,Navidad,6205,Navidad,1350,numeric,regional_formula_block_order,96,128,129
2024-06,residential_2024-06,6,113,Olivar,6111,Olivar,1712,numeric,regional_formula_block_order,96,128,129
2024-06,residential_2024-06,6,114,Palmilla,6306,Palmilla,459,numeric,regional_formula_block_order,96,128,129
2024-06,residential_2024-06,6,115,Paredones,6206,Paredones,127,numeric,regional_formula_block_order,96,128,129
2024-06,residential_2024-06,6,116,Peralillo,6307,Peralillo,637,numeric,regional_formula_block_order,96,128,129
2024-06,residential_2024-06,6,117,Peumo,6112,Peumo,1395,numeric,regional_formula_block_order,96,128,129
2024-06,residential_2024-06,6,118,Pichidegua,6113,Pichidegua,1581,numeric,regional_formula_block_order,96,128,129
2024-06,residential_2024-06,6,119,Pichilemu,6201,Pichilemu,4822,numeric,regional_formula_block_order,96,128,129
2024-06,residential_2024-06,6,120,Placilla,6308,Placilla,400,numeric,regional_formula_block_order,96,128,129
2024-06,residential_2024-06,6,121,Pumanque,6309,Pumanque,214,numeric,regional_formula_block_order,96,128,129
2024-06,residential_2024-06,6,122,Quinta de Tilcoco,6114,Quinta de Tilcoco,1728,numeric,regional_formula_block_order,96,128,129
2024-06,residential_2024-06,6,123,Rancagua,6101,Rancagua,73051,numeric,regional_formula_block_order,96,128,129
2024-06,residential_2024-06,6,124,Rengo,6115,Rengo,13964,numeric,regional_formula_block_order,96,128,129
2024-06,residential_2024-06,6,125,Requinoa,6116,Requínoa,3246,numeric,regional_formula_block_order,96,128,129
2024-06,residential_2024-06,6,126,San Fernando,6301,San Fernando,16903,numeric,regional_formula_block_order,96,128,129
2024-06,residential_2024-06,6,127,San Vicente,6117,San Vicente,6428,numeric,regional_formula_block_order,96,128,129
2024-06,residential_2024-06,6,128,Santa Cruz,6310,Santa Cruz,6645,numeric,regional_formula_block_order,96,128,129
2024-06,residential_2024-06,7,130,Cauquenes,7201,Cauquenes,8619,numeric,regional_formula_block_order,130,159,160
2024-06,residential_2024-06,7,131,Chanco,7202,Chanco,316,numeric,regional_formula_block_order,130,159,160
2024-06,residential_2024-06,7,132,Colbún,7402,Colbún,1691,numeric,regional_formula_block_order,130,159,160
2024-06,residential_2024-06,7,133,Constitución,7102,Constitución,7179,numeric,regional_formula_block_order,130,159,160
2024-06,residential_2024-06,7,134,Curepto,7103,Curepto,314,numeric,regional_formula_block_order,130,159,160
2024-06,residential_2024-06,7,135,Curicó,7301,Curicó,41793,numeric,regional_formula_block_order,130,159,160
2024-06,residential_2024-06,7,136,Empedrado,7104,Empedrado,169,numeric,regional_formula_block_order,130,159,160
2024-06,residential_2024-06,7,137,Hualañé,7302,Hualañé,647,numeric,regional_formula_block_order,130,159,160
2024-06,residential_2024-06,7,138,Licantén,7303,Licantén,1101,numeric,regional_formula_block_order,130,159,160
2024-06,residential_2024-06,7,139,Linares,7401,Linares,18136,numeric,regional_formula_block_order,130,159,160
2024-06,residential_2024-06,7,140,Longaví,7403,Longaví,1617,numeric,regional_formula_block_order,130,159,160
2024-06,residential_2024-06,7,141,Maule,7105,Maule,5070,numeric,regional_formula_block_order,130,159,160
2024-06,residential_2024-06,7,142,Molina,7304,Molina,5774,numeric,regional_formula_block_order,130,159,160
2024-06,residential_2024-06,7,143,Parral,7404,Parral,8126,numeric,regional_formula_block_order,130,159,160
2024-06,residential_2024-06,7,144,Pelarco,7106,Pelarco,324,numeric,regional_formula_block_order,130,159,160
2024-06,residential_2024-06,7,145,Pelluhue,7203,Pelluhue,1290,numeric,regional_formula_block_order,130,159,160
2024-06,residential_2024-06,7,146,Pencahue,7107,Pencahue,422,numeric,regional_formula_block_order,130,159,160
2024-06,residential_2024-06,7,147,Rauco,7305,Rauco,1469,numeric,regional_formula_block_order,130,159,160
2024-06,residential_2024-06,7,148,Retiro,7405,Retiro,707,numeric,regional_formula_block_order,130,159,160
2024-06,residential_2024-06,7,149,Río Claro,7108,Río Claro,707,numeric,regional_formula_block_order,130,159,160
2024-06,residential_2024-06,7,150,Romeral,7306,Romeral,1746,numeric,regional_formula_block_order,130,159,160
2024-06,residential_2024-06,7,151,Sagrada Familia,7307,Sagrada Familia,237,numeric,regional_formula_block_order,130,159,160
2024-06,residential_2024-06,7,152,San Clemente,7109,San Clemente,5110,numeric,regional_formula_block_order,130,159,160
2024-06,residential_2024-06,7,153,San Javier,7406,San Javier,4323,numeric,regional_formula_block_order,130,159,160
2024-06,residential_2024-06,7,154,San Rafael,7110,San Rafael,648,numeric,regional_formula_block_order,130,159,160
2024-06,residential_2024-06,7,155,Talca,7101,Talca,68060,numeric,regional_formula_block_order,130,159,160
2024-06,residential_2024-06,7,156,Teno,7308,Teno,2220,numeric,regional_formula_block_order,130,159,160
2024-06,residential_2024-06,7,157,Vichuquén,7309,Vichuquén,521,numeric,regional_formula_block_order,130,159,160
2024-06,residential_2024-06,7,158,Villa Alegre,7407,Villa Alegre,1216,numeric,regional_formula_block_order,130,159,160
2024-06,residential_2024-06,7,159,Yerbas Buenas,7408,Yerbas Buenas,964,numeric,regional_formula_block_order,130,159,160
2024-06,residential_2024-06,8,161,Alto Biobío,8314,Alto Biobío,195,numeric,regional_formula_block_order,161,193,194
2024-06,residential_2024-06,8,162,Antuco,8302,Antuco,92,numeric,regional_formula_block_order,161,193,194
2024-06,residential_2024-06,8,163,Arauco,8202,Arauco,7834,numeric,regional_formula_block_order,161,193,194
2024-06,residential_2024-06,8,164,Bulnes,8303,Cabrero,5077,numeric,regional_formula_block_order,161,193,194
2024-06,residential_2024-06,8,165,Cabrero,8203,Cañete,4973,numeric,regional_formula_block_order,161,193,194
2024-06,residential_2024-06,8,166,Cañete,8103,Chiguayante,25666,numeric,regional_formula_block_order,161,193,194
2024-06,residential_2024-06,8,167,Chiguayante,8101,Concepción,76955,numeric,regional_formula_block_order,161,193,194
2024-06,residential_2024-06,8,168,Chillán,8204,Contulmo,992,numeric,regional_formula_block_order,161,193,194
2024-06,residential_2024-06,8,169,Chillán Viejo,8102,Coronel,36084,numeric,regional_formula_block_order,161,193,194
2024-06,residential_2024-06,8,170,Cobquecura,8205,Curanilahue,7532,numeric,regional_formula_block_order,161,193,194
2024-06,residential_2024-06,8,171,Coelemu,8104,Florida,960,numeric,regional_formula_block_order,161,193,194
2024-06,residential_2024-06,8,172,Coihueco,8112,Hualpén,18635,numeric,regional_formula_block_order,161,193,194
2024-06,residential_2024-06,8,173,Concepción,8105,Hualqui,5771,numeric,regional_formula_block_order,161,193,194
2024-06,residential_2024-06,8,174,Contulmo,8304,Laja,3981,numeric,regional_formula_block_order,161,193,194
2024-06,residential_2024-06,8,175,Coronel,8201,Lebu,5855,numeric,regional_formula_block_order,161,193,194
2024-06,residential_2024-06,8,176,Curanilahue,8206,Los Álamos,4842,numeric,regional_formula_block_order,161,193,194
2024-06,residential_2024-06,8,177,El Carmen,8301,Los Ángeles,44387,numeric,regional_formula_block_order,161,193,194
2024-06,residential_2024-06,8,178,Florida,8106,Lota,11102,numeric,regional_formula_block_order,161,193,194
2024-06,residential_2024-06,8,179,Hualpén,8305,Mulchén,4930,numeric,regional_formula_block_order,161,193,194
2024-06,residential_2024-06,8,180,Hualqui,8306,Nacimiento,5517,numeric,regional_formula_block_order,161,193,194
2024-06,residential_2024-06,8,181,Laja,8307,Negrete,646,numeric,regional_formula_block_order,161,193,194
2024-06,residential_2024-06,8,182,Lebu,8107,Penco,12972,numeric,regional_formula_block_order,161,193,194
2024-06,residential_2024-06,8,183,Los Alamos,8308,Quilaco,448,numeric,regional_formula_block_order,161,193,194
2024-06,residential_2024-06,8,184,Los Angeles,8309,Quilleco,180,numeric,regional_formula_block_order,161,193,194
2024-06,residential_2024-06,8,185,Lota,8108,San Pedro de La paz,46415,numeric,regional_formula_block_order,161,193,194
2024-06,residential_2024-06,8,186,Mulchén,8310,San Rosendo,563,numeric,regional_formula_block_order,161,193,194
2024-06,residential_2024-06,8,187,Nacimiento,8311,Santa Bárbara,1674,numeric,regional_formula_block_order,161,193,194
2024-06,residential_2024-06,8,188,Negrete,8109,Santa Juana,2161,numeric,regional_formula_block_order,161,193,194
2024-06,residential_2024-06,8,189,Ninhue,8110,Talcahuano,50007,numeric,regional_formula_block_order,161,193,194
2024-06,residential_2024-06,8,190,Ñiquén,8207,Tirúa,208,numeric,regional_formula_block_order,161,193,194
2024-06,residential_2024-06,8,191,Pemuco,8111,Tomé,15115,numeric,regional_formula_block_order,161,193,194
2024-06,residential_2024-06,8,192,Penco,8312,Tucapel,2883,numeric,regional_formula_block_order,161,193,194
2024-06,residential_2024-06,8,193,Pinto,8313,Yumbel,3068,numeric,regional_formula_block_order,161,193,194
2024-06,residential_2024-06,9,195,Quilaco,9201,Angol,13478,numeric,regional_formula_block_order,195,226,227
2024-06,residential_2024-06,9,196,Quilleco,9102,Carahue,1666,numeric,regional_formula_block_order,195,226,227
2024-06,residential_2024-06,9,197,Quillón,9121,Cholchol,615,numeric,regional_formula_block_order,195,226,227
2024-06,residential_2024-06,9,198,Quirihue,9202,Collipulli,3859,numeric,regional_formula_block_order,195,226,227
2024-06,residential_2024-06,9,199,Ranquil,9103,Cunco,2240,numeric,regional_formula_block_order,195,226,227
2024-06,residential_2024-06,9,200,San Carlos,9203,Curacautín,3084,numeric,regional_formula_block_order,195,226,227
2024-06,residential_2024-06,9,201,San Fabián,9104,Curarrehue,258,numeric,regional_formula_block_order,195,226,227
2024-06,residential_2024-06,9,202,San Ignacio,9204,Ercilla,840,numeric,regional_formula_block_order,195,226,227
2024-06,residential_2024-06,9,203,San Nicolás,9105,Freire,2194,numeric,regional_formula_block_order,195,226,227
2024-06,residential_2024-06,9,204,San Pedro de la Paz,9106,Galvarino,716,numeric,regional_formula_block_order,195,226,227
2024-06,residential_2024-06,9,205,San Rosendo,9107,Gorbea,1620,numeric,regional_formula_block_order,195,226,227
2024-06,residential_2024-06,9,206,Santa Bárbara,9108,Lautaro,7520,numeric,regional_formula_block_order,195,226,227
2024-06,residential_2024-06,9,207,Santa Juana,9109,Loncoche,4268,numeric,regional_formula_block_order,195,226,227
2024-06,residential_2024-06,9,208,Talcahuano,9205,Lonquimay,221,numeric,regional_formula_block_order,195,226,227
2024-06,residential_2024-06,9,209,Tirúa,9206,Los Sauces,1005,numeric,regional_formula_block_order,195,226,227
2024-06,residential_2024-06,9,210,Tomé,9207,Lumaco,198,numeric,regional_formula_block_order,195,226,227
2024-06,residential_2024-06,9,211,Treguaco,9110,Melipeuco,166,numeric,regional_formula_block_order,195,226,227
2024-06,residential_2024-06,9,212,Tucapel,9111,Nueva Imperial,4150,numeric,regional_formula_block_order,195,226,227
2024-06,residential_2024-06,9,213,Yumbel,9112,Padre Las Casas,8849,numeric,regional_formula_block_order,195,226,227
2024-06,residential_2024-06,9,214,Yungay,9113,Perquenco,780,numeric,regional_formula_block_order,195,226,227
2024-06,residential_2024-06,9,215,,9114,Pitrufquén,4975,numeric,regional_formula_block_order,195,226,227
2024-06,residential_2024-06,9,216,Angol,9115,Pucón,6637,numeric,regional_formula_block_order,195,226,227
2024-06,residential_2024-06,9,217,Carahue,9208,Purén,1655,numeric,regional_formula_block_order,195,226,227
2024-06,residential_2024-06,9,218,Cholchol,9209,Renaico,1038,numeric,regional_formula_block_order,195,226,227
2024-06,residential_2024-06,9,219,Collipulli,9116,Saavedra,469,numeric,regional_formula_block_order,195,226,227
2024-06,residential_2024-06,9,220,Cunco,9101,Temuco,87282,numeric,regional_formula_block_order,195,226,227
2024-06,residential_2024-06,9,221,Curacautín,9117,Teodoro Schmidt,1179,numeric,regional_formula_block_order,195,226,227
2024-06,residential_2024-06,9,222,Curarrehue,9118,Toltén,562,numeric,regional_formula_block_order,195,226,227
2024-06,residential_2024-06,9,223,Ercilla,9210,Traiguén,2984,numeric,regional_formula_block_order,195,226,227
2024-06,residential_2024-06,9,224,Freire,9211,Victoria,7431,numeric,regional_formula_block_order,195,226,227
2024-06,residential_2024-06,9,225,Galvarino,9119,Vilcún,3122,numeric,regional_formula_block_order,195,226,227
2024-06,residential_2024-06,9,226,Gorbea,9120,Villarrica,14943,numeric,regional_formula_block_order,195,226,227
2024-06,residential_2024-06,10,228,Loncoche,10202,Ancud,5536,numeric,regional_formula_block_order,228,258,259
2024-06,residential_2024-06,10,229,Lonquimay,10102,Calbuco,4099,numeric,regional_formula_block_order,228,258,259
2024-06,residential_2024-06,10,230,Los Sauces,10201,Castro,8914,numeric,regional_formula_block_order,228,258,259
2024-06,residential_2024-06,10,231,Lumaco,10401,Chaitén,579,numeric,regional_formula_block_order,228,258,259
2024-06,residential_2024-06,10,232,Melipeuco,10203,Chonchi,1266,numeric,regional_formula_block_order,228,258,259
2024-06,residential_2024-06,10,233,Nueva Imperial,10103,Cochamó,264,numeric,regional_formula_block_order,228,258,259
2024-06,residential_2024-06,10,234,Padre Las Casas,10204,Curaco de Vélez,174,numeric,regional_formula_block_order,228,258,259
2024-06,residential_2024-06,10,235,Perquenco,10205,Dalcahue,1343,numeric,regional_formula_block_order,228,258,259
2024-06,residential_2024-06,10,236,Pitrufquén,10104,Fresia,802,numeric,regional_formula_block_order,228,258,259
2024-06,residential_2024-06,10,237,Pucón,10105,Frutillar,4058,numeric,regional_formula_block_order,228,258,259
2024-06,residential_2024-06,10,238,Purén,10402,Futaleufú,665,numeric,regional_formula_block_order,228,258,259
2024-06,residential_2024-06,10,239,Renaico,10403,Hualaihué,536,numeric,regional_formula_block_order,228,258,259
2024-06,residential_2024-06,10,240,Saavedra,10107,Llanquihue,3515,numeric,regional_formula_block_order,228,258,259
2024-06,residential_2024-06,10,241,Temuco,10106,Los Muermos,1092,numeric,regional_formula_block_order,228,258,259
2024-06,residential_2024-06,10,242,Teodoro Schmidt,10108,Maullín,1008,numeric,regional_formula_block_order,228,258,259
2024-06,residential_2024-06,10,243,Toltén,10301,Osorno,43482,numeric,regional_formula_block_order,228,258,259
2024-06,residential_2024-06,10,244,Traiguén,10404,Palena,347,numeric,regional_formula_block_order,228,258,259
2024-06,residential_2024-06,10,245,Victoria,10101,Puerto Montt,64832,numeric,regional_formula_block_order,228,258,259
2024-06,residential_2024-06,10,246,Vilcún,10302,Puerto Octay,682,numeric,regional_formula_block_order,228,258,259
2024-06,residential_2024-06,10,247,Villarrica,10109,Puerto Varas,13045,numeric,regional_formula_block_order,228,258,259
2024-06,residential_2024-06,10,248,,10206,Puqueldón,132,numeric,regional_formula_block_order,228,258,259
2024-06,residential_2024-06,10,249,Ancud,10303,Purranque,2997,numeric,regional_formula_block_order,228,258,259
2024-06,residential_2024-06,10,250,Calbuco,10304,Puyehue,1183,numeric,regional_formula_block_order,228,258,259
2024-06,residential_2024-06,10,251,Castro,10207,Queilén,431,numeric,regional_formula_block_order,228,258,259
2024-06,residential_2024-06,10,252,Chaitén,10208,Quellón,3124,numeric,regional_formula_block_order,228,258,259
2024-06,residential_2024-06,10,253,Chonchi,10209,Quemchi,478,numeric,regional_formula_block_order,228,258,259
2024-06,residential_2024-06,10,254,Cochamó,10210,Quinchao,430,numeric,regional_formula_block_order,228,258,259
2024-06,residential_2024-06,10,255,Curaco de Vélez,10305,Río Negro,1631,numeric,regional_formula_block_order,228,258,259
2024-06,residential_2024-06,10,256,Dalcahue,10306,San Juan de la Costa,60,numeric,regional_formula_block_order,228,258,259
2024-06,residential_2024-06,10,257,Fresia,10307,San Pablo,1239,numeric,regional_formula_block_order,228,258,259
2024-06,residential_2024-06,11,260,Hualaihue,11201,Aysén,5239,numeric,regional_formula_block_order,260,270,271
2024-06,residential_2024-06,11,261,Llanquihue,11401,Chile Chico,725,numeric,regional_formula_block_order,260,270,271
2024-06,residential_2024-06,11,262,Los Muermos,11202,Cisnes,1248,numeric,regional_formula_block_order,260,270,271
2024-06,residential_2024-06,11,263,Maullín,11301,Cochrane,718,numeric,regional_formula_block_order,260,270,271
2024-06,residential_2024-06,11,264,Osorno,11101,Coyhaique,13560,numeric,regional_formula_block_order,260,270,271
2024-06,residential_2024-06,11,265,Palena,11203,Guaitecas,137,numeric,regional_formula_block_order,260,270,271
2024-06,residential_2024-06,11,266,Puerto Montt,11102,Lago Verde,122,numeric,regional_formula_block_order,260,270,271
2024-06,residential_2024-06,11,267,Puerto Octay,11302,O'Higgins,140,numeric,regional_formula_block_order,260,270,271
2024-06,residential_2024-06,11,268,Puerto Varas,11402,Río Ibáñez,401,numeric,regional_formula_block_order,260,270,271
2024-06,residential_2024-06,11,269,Puqueldón,11303,Tortel,19,numeric,regional_formula_block_order,260,270,271
2024-06,residential_2024-06,12,272,Queilén,12202,Antártica,16,numeric,regional_formula_block_order,272,282,283
2024-06,residential_2024-06,12,273,Quellón,12201,Cabo de Hornos,261,numeric,regional_formula_block_order,272,282,283
2024-06,residential_2024-06,12,274,Quemchi,12102,Laguna Blanca,22,numeric,regional_formula_block_order,272,282,283
2024-06,residential_2024-06,12,275,Quinchao,12401,Natales,7214,numeric,regional_formula_block_order,272,282,283
2024-06,residential_2024-06,12,276,Río Negro,12301,Porvenir,1684,numeric,regional_formula_block_order,272,282,283
2024-06,residential_2024-06,12,277,San Juan de la Costa,12302,Primavera,32,numeric,regional_formula_block_order,272,282,283
2024-06,residential_2024-06,12,278,San Pablo,12101,Punta Arenas,39936,numeric,regional_formula_block_order,272,282,283
2024-06,residential_2024-06,12,279,Sin clasificación,12103,Río Verde,1,numeric,regional_formula_block_order,272,282,283
2024-06,residential_2024-06,12,280,,12104,San Gregorio,34,numeric,regional_formula_block_order,272,282,283
2024-06,residential_2024-06,12,281,Aisén,12303,Timaukel,30,numeric,regional_formula_block_order,272,282,283
2024-06,residential_2024-06,12,282,Chile Chico,12402,Torres del Paine,94,numeric,regional_formula_block_order,272,282,283
2024-06,residential_2024-06,13,284,Cochrane,13502,Alhué,2144,numeric,regional_formula_block_order,284,336,337
2024-06,residential_2024-06,13,285,Coyhaique,13402,Buin,21695,numeric,regional_formula_block_order,284,336,337
2024-06,residential_2024-06,13,286,Guaitecas,13403,Calera de Tango,3410,numeric,regional_formula_block_order,284,336,337
2024-06,residential_2024-06,13,287,Lago Verde,13102,Cerrillos,21442,numeric,regional_formula_block_order,284,336,337
2024-06,residential_2024-06,13,288,O'Higgins,13103,Cerro Navia,26603,numeric,regional_formula_block_order,284,336,337
2024-06,residential_2024-06,13,289,Río Ibáñez,13301,Colina,35710,numeric,regional_formula_block_order,284,336,337
2024-06,residential_2024-06,13,290,Tortel,13104,Conchalí,29738,numeric,regional_formula_block_order,284,336,337
2024-06,residential_2024-06,13,291,Sin clasificación,13503,Curacaví,3489,numeric,regional_formula_block_order,284,336,337
2024-06,residential_2024-06,13,292,,13105,El Bosque,36836,numeric,regional_formula_block_order,284,336,337
2024-06,residential_2024-06,13,293,Antártica,13602,El Monte,6605,numeric,regional_formula_block_order,284,336,337
2024-06,residential_2024-06,13,294,Cabo de Hornos,13106,Estación Central,51209,numeric,regional_formula_block_order,284,336,337
2024-06,residential_2024-06,13,295,Laguna Blanca,13107,Huechuraba,24690,numeric,regional_formula_block_order,284,336,337
2024-06,residential_2024-06,13,296,Natales,13108,Independencia,32186,numeric,regional_formula_block_order,284,336,337
2024-06,residential_2024-06,13,297,Porvenir,13603,Isla de Maipo,4800,numeric,regional_formula_block_order,284,336,337
2024-06,residential_2024-06,13,298,Primavera,13109,La Cisterna,32785,numeric,regional_formula_block_order,284,336,337
2024-06,residential_2024-06,13,299,Punta Arenas,13110,La Florida,111532,numeric,regional_formula_block_order,284,336,337
2024-06,residential_2024-06,13,300,Río Verde,13111,La Granja,24753,numeric,regional_formula_block_order,284,336,337
2024-06,residential_2024-06,13,301,San Gregorio,13112,La Pintana,16495,numeric,regional_formula_block_order,284,336,337
2024-06,residential_2024-06,13,302,Timaukel,13113,La Reina,27136,numeric,regional_formula_block_order,284,336,337
2024-06,residential_2024-06,13,303,Torres del Paine,13302,Lampa,23527,numeric,regional_formula_block_order,284,336,337
2024-06,residential_2024-06,13,304,,13114,Las Condes,110606,numeric,regional_formula_block_order,284,336,337
2024-06,residential_2024-06,13,305,Alhué,13115,Lo Barnechea,27080,numeric,regional_formula_block_order,284,336,337
2024-06,residential_2024-06,13,306,Buin,13116,Lo Espejo,14530,numeric,regional_formula_block_order,284,336,337
2024-06,residential_2024-06,13,307,Calera de Tango,13117,Lo Prado,21123,numeric,regional_formula_block_order,284,336,337
2024-06,residential_2024-06,13,308,Cerrillos,13118,Macul,40382,numeric,regional_formula_block_order,284,336,337
2024-06,residential_2024-06,13,309,Cerro Navia,13119,Maipú,142385,numeric,regional_formula_block_order,284,336,337
2024-06,residential_2024-06,13,310,Colina,13504,María Pinto,296,numeric,regional_formula_block_order,284,336,337
2024-06,residential_2024-06,13,311,Conchalí,13501,Melipilla,18570,numeric,regional_formula_block_order,284,336,337
2024-06,residential_2024-06,13,312,Curacaví,13120,Ñuñoa,98262,numeric,regional_formula_block_order,284,336,337
2024-06,residential_2024-06,13,313,El Bosque,13604,Padre Hurtado,20311,numeric,regional_formula_block_order,284,336,337
2024-06,residential_2024-06,13,314,El Monte,13404,Paine,7648,numeric,regional_formula_block_order,284,336,337
2024-06,residential_2024-06,13,315,Estación Central,13121,Pedro Aguirre Cerda,22549,numeric,regional_formula_block_order,284,336,337
2024-06,residential_2024-06,13,316,Huechuraba,13605,Peñaflor,22460,numeric,regional_formula_block_order,284,336,337
2024-06,residential_2024-06,13,317,Independencia,13122,Peñalolén,54352,numeric,regional_formula_block_order,284,336,337
2024-06,residential_2024-06,13,318,Isla de Maipo,13202,Pirque,3044,numeric,regional_formula_block_order,284,336,337
2024-06,residential_2024-06,13,319,La Cisterna,13123,Providencia,62191,numeric,regional_formula_block_order,284,336,337
2024-06,residential_2024-06,13,320,La Florida,13124,Pudahuel,57127,numeric,regional_formula_block_order,284,336,337
2024-06,residential_2024-06,13,321,La Granja,13201,Puente Alto,143270,numeric,regional_formula_block_order,284,336,337
2024-06,residential_2024-06,13,322,La Pintana,13125,Quilicura,48044,numeric,regional_formula_block_order,284,336,337
2024-06,residential_2024-06,13,323,La Reina,13126,Quinta Normal,33719,numeric,regional_formula_block_order,284,336,337
2024-06,residential_2024-06,13,324,Lampa,13127,Recoleta,36172,numeric,regional_formula_block_order,284,336,337
2024-06,residential_2024-06,13,325,Las Condes,13128,Renca,31362,numeric,regional_formula_block_order,284,336,337
2024-06,residential_2024-06,13,326,Lo Barnechea,13401,San Bernardo,65313,numeric,regional_formula_block_order,284,336,337
2024-06,residential_2024-06,13,327,Lo Espejo,13129,San Joaquín,23795,numeric,regional_formula_block_order,284,336,337
2024-06,residential_2024-06,13,328,Lo Prado,13203,San José de Maipo,1317,numeric,regional_formula_block_order,284,336,337
2024-06,residential_2024-06,13,329,Macul,13130,San Miguel,53661,numeric,regional_formula_block_order,284,336,337
2024-06,residential_2024-06,13,330,Maipú,13505,San Pedro,486,numeric,regional_formula_block_order,284,336,337
2024-06,residential_2024-06,13,331,María Pinto,13131,San Ramón,14351,numeric,regional_formula_block_order,284,336,337
2024-06,residential_2024-06,13,332,Melipilla,13101,Santiago,149042,numeric,regional_formula_block_order,284,336,337
2024-06,residential_2024-06,13,333,Ñuñoa,13601,Talagante,15147,numeric,regional_formula_block_order,284,336,337
2024-06,residential_2024-06,13,334,Padre Hurtado,13303,Tiltil,3018,numeric,regional_formula_block_order,284,336,337
2024-06,residential_2024-06,13,335,Paine,13132,Vitacura,30870,numeric,regional_formula_block_order,284,336,337
2024-06,residential_2024-06,14,338,Peñalolén,14102,Corral,362,numeric,regional_formula_block_order,338,349,350
2024-06,residential_2024-06,14,339,Pirque,14202,Futrono,994,numeric,regional_formula_block_order,338,349,350
2024-06,residential_2024-06,14,340,Providencia,14201,La Unión,7998,numeric,regional_formula_block_order,338,349,350
2024-06,residential_2024-06,14,341,Pudahuel,14203,Lago Ranco,506,numeric,regional_formula_block_order,338,349,350
2024-06,residential_2024-06,14,342,Puente Alto,14103,Lanco,2461,numeric,regional_formula_block_order,338,349,350
2024-06,residential_2024-06,14,343,Quilicura,14104,Los Lagos,2078,numeric,regional_formula_block_order,338,349,350
2024-06,residential_2024-06,14,344,Quinta Normal,14105,Máfil,1110,numeric,regional_formula_block_order,338,349,350
2024-06,residential_2024-06,14,345,Recoleta,14106,Mariquina,3292,numeric,regional_formula_block_order,338,349,350
2024-06,residential_2024-06,14,346,Renca,14107,Paillaco,2595,numeric,regional_formula_block_order,338,349,350
2024-06,residential_2024-06,14,347,San Bernardo,14108,Panguipulli,3840,numeric,regional_formula_block_order,338,349,350
2024-06,residential_2024-06,14,348,San Joaquín,14204,Río Bueno,5100,numeric,regional_formula_block_order,338,349,350
2024-06,residential_2024-06,14,349,San José de Maipo,14101,Valdivia,47966,numeric,regional_formula_block_order,338,349,350
2024-06,residential_2024-06,15,351,San Pedro,15101,Arica,55299,numeric,regional_formula_block_order,351,354,355
2024-06,residential_2024-06,15,352,San Ramón,15102,Camarones,32,numeric,regional_formula_block_order,351,354,355
2024-06,residential_2024-06,15,353,Santiago,15202,General Lagos,27,numeric,regional_formula_block_order,351,354,355
2024-06,residential_2024-06,15,354,Talagante,15201,Putre,45,numeric,regional_formula_block_order,351,354,355
2024-06,residential_2024-06,16,356,Vitacura,16102,Bulnes,3130,numeric,regional_formula_block_order,356,376,377
2024-06,residential_2024-06,16,357,Sin clasificación,16101,Chillán,54230,numeric,regional_formula_block_order,356,376,377
2024-06,residential_2024-06,16,358,,16103,Chillán Viejo,5087,numeric,regional_formula_block_order,356,376,377
2024-06,residential_2024-06,16,359,Corral,16202,Cobquecura,604,numeric,regional_formula_block_order,356,376,377
2024-06,residential_2024-06,16,360,Futrono,16203,Coelemu,2486,numeric,regional_formula_block_order,356,376,377
2024-06,residential_2024-06,16,361,La Unión,16302,Coihueco,1284,numeric,regional_formula_block_order,356,376,377
2024-06,residential_2024-06,16,362,Lago Ranco,16104,El Carmen,467,numeric,regional_formula_block_order,356,376,377
2024-06,residential_2024-06,16,363,Lanco,16204,Ninhue,300,numeric,regional_formula_block_order,356,376,377
2024-06,residential_2024-06,16,364,Los Lagos,16303,Ñiquén,334,numeric,regional_formula_block_order,356,376,377
2024-06,residential_2024-06,16,365,Mafil,16105,Pemuco,703,numeric,regional_formula_block_order,356,376,377
2024-06,residential_2024-06,16,366,Mariquina,16106,Pinto,1732,numeric,regional_formula_block_order,356,376,377
2024-06,residential_2024-06,16,367,Paillaco,16205,Portezuelo,227,numeric,regional_formula_block_order,356,376,377
2024-06,residential_2024-06,16,368,Panguipulli,16107,Quillón,2757,numeric,regional_formula_block_order,356,376,377
2024-06,residential_2024-06,16,369,Río Bueno,16201,Quirihue,928,numeric,regional_formula_block_order,356,376,377
2024-06,residential_2024-06,16,370,Valdivia,16206,Ránquil,475,numeric,regional_formula_block_order,356,376,377
2024-06,residential_2024-06,16,371,,16301,San Carlos,7823,numeric,regional_formula_block_order,356,376,377
2024-06,residential_2024-06,16,372,Arica,16304,San Fabián,602,numeric,regional_formula_block_order,356,376,377
2024-06,residential_2024-06,16,373,Camarones,16108,San Ignacio,1009,numeric,regional_formula_block_order,356,376,377
2024-06,residential_2024-06,16,374,General Lagos,16305,San Nicolás,520,numeric,regional_formula_block_order,356,376,377
2024-06,residential_2024-06,16,375,Putre,16207,Trehuaco,387,numeric,regional_formula_block_order,356,376,377
2024-06,residential_2024-06,16,376,,16109,Yungay,2743,numeric,regional_formula_block_order,356,376,377
2025-06,total_2025-06,1,10,Alto Hospicio,1107,Alto Hospicio,24728,numeric,regional_formula_block_order,10,17,18
2025-06,total_2025-06,1,11,Camiña,1402,Camiña,45,numeric,regional_formula_block_order,10,17,18
2025-06,total_2025-06,1,12,Colchane,1403,Colchane,157,numeric,regional_formula_block_order,10,17,18
2025-06,total_2025-06,1,13,Huara,1404,Huara,119,numeric,regional_formula_block_order,10,17,18
2025-06,total_2025-06,1,14,Iquique,1101,Iquique,58661,numeric,regional_formula_block_order,10,17,18
2025-06,total_2025-06,1,15,Pica,1405,Pica,276,numeric,regional_formula_block_order,10,17,18
2025-06,total_2025-06,1,16,Pozo Almonte,1401,Pozo Almonte,2222,numeric,regional_formula_block_order,10,17,18
2025-06,total_2025-06,2,19,Antofagasta,2101,Antofagasta,118881,numeric,regional_formula_block_order,19,27,28
2025-06,total_2025-06,2,20,Calama,2201,Calama,48105,numeric,regional_formula_block_order,19,27,28
2025-06,total_2025-06,2,21,María Elena,2302,María Elena,414,numeric,regional_formula_block_order,19,27,28
2025-06,total_2025-06,2,22,Mejillones,2102,Mejillones,3019,numeric,regional_formula_block_order,19,27,28
2025-06,total_2025-06,2,23,Ollagüe,2202,Ollagüe,47,numeric,regional_formula_block_order,19,27,28
2025-06,total_2025-06,2,24,San Pedro de Atacama,2203,San Pedro de Atacama,1149,numeric,regional_formula_block_order,19,27,28
2025-06,total_2025-06,2,25,Sierra Gorda,2103,Sierra Gorda,762,numeric,regional_formula_block_order,19,27,28
2025-06,total_2025-06,2,26,Taltal,2104,Taltal,2416,numeric,regional_formula_block_order,19,27,28
2025-06,total_2025-06,2,27,Tocopilla,2301,Tocopilla,6498,numeric,regional_formula_block_order,19,27,28
2025-06,total_2025-06,3,29,Alto Del Carmen,3302,Alto del Carmen,171,numeric,regional_formula_block_order,29,38,39
2025-06,total_2025-06,3,30,Caldera,3102,Caldera,3994,numeric,regional_formula_block_order,29,38,39
2025-06,total_2025-06,3,31,Chañaral,3201,Chañaral,2000,numeric,regional_formula_block_order,29,38,39
2025-06,total_2025-06,3,32,Copiapó,3101,Copiapó,45755,numeric,regional_formula_block_order,29,38,39
2025-06,total_2025-06,3,33,Diego de Almagro,3202,Diego de Almagro,2259,numeric,regional_formula_block_order,29,38,39
2025-06,total_2025-06,3,34,Freirina,3303,Freirina,250,numeric,regional_formula_block_order,29,38,39
2025-06,total_2025-06,3,35,Huasco,3304,Huasco,1400,numeric,regional_formula_block_order,29,38,39
2025-06,total_2025-06,3,36,Tierra Amarilla,3103,Tierra Amarilla,1316,numeric,regional_formula_block_order,29,38,39
2025-06,total_2025-06,3,37,Vallenar,3301,Vallenar,13341,numeric,regional_formula_block_order,29,38,39
2025-06,total_2025-06,4,40,Andacollo,4103,Andacollo,1567,numeric,regional_formula_block_order,40,55,56
2025-06,total_2025-06,4,41,Canela,4202,Canela,1004,numeric,regional_formula_block_order,40,55,56
2025-06,total_2025-06,4,42,Combarbalá,4302,Combarbalá,1370,numeric,regional_formula_block_order,40,55,56
2025-06,total_2025-06,4,43,Coquimbo,4102,Coquimbo,73202,numeric,regional_formula_block_order,40,55,56
2025-06,total_2025-06,4,44,Illapel,4201,Illapel,5124,numeric,regional_formula_block_order,40,55,56
2025-06,total_2025-06,4,45,La Higuera,4104,La Higuera,364,numeric,regional_formula_block_order,40,55,56
2025-06,total_2025-06,4,46,La Serena,4101,La Serena,77330,numeric,regional_formula_block_order,40,55,56
2025-06,total_2025-06,4,47,Los Vilos,4203,Los Vilos,5622,numeric,regional_formula_block_order,40,55,56
2025-06,total_2025-06,4,48,Monte Patria,4303,Monte Patria,2106,numeric,regional_formula_block_order,40,55,56
2025-06,total_2025-06,4,49,Ovalle,4301,Ovalle,21700,numeric,regional_formula_block_order,40,55,56
2025-06,total_2025-06,4,50,Paihuano,4105,Paihuano,153,numeric,regional_formula_block_order,40,55,56
2025-06,total_2025-06,4,51,Punitaqui,4304,Punitaqui,1155,numeric,regional_formula_block_order,40,55,56
2025-06,total_2025-06,4,52,Río Hurtado,4305,Río Hurtado,100,numeric,regional_formula_block_order,40,55,56
2025-06,total_2025-06,4,53,Salamanca,4204,Salamanca,2050,numeric,regional_formula_block_order,40,55,56
2025-06,total_2025-06,4,54,Vicuña,4106,Vicuña,3041,numeric,regional_formula_block_order,40,55,56
2025-06,total_2025-06,5,57,Algarrobo,5602,Algarrobo,8297,numeric,regional_formula_block_order,57,94,95
2025-06,total_2025-06,5,58,Cabildo,5402,Cabildo,2517,numeric,regional_formula_block_order,57,94,95
2025-06,total_2025-06,5,59,Calera,5502,Calera,13415,numeric,regional_formula_block_order,57,94,95
2025-06,total_2025-06,5,60,Calle Larga,5302,Calle Larga,3638,numeric,regional_formula_block_order,57,94,95
2025-06,total_2025-06,5,61,Cartagena,5603,Cartagena,6860,numeric,regional_formula_block_order,57,94,95
2025-06,total_2025-06,5,62,Casablanca,5102,Casablanca,5650,numeric,regional_formula_block_order,57,94,95
2025-06,total_2025-06,5,63,Catemu,5702,Catemu,1796,numeric,regional_formula_block_order,57,94,95
2025-06,total_2025-06,5,64,Concón,5103,Concón,20920,numeric,regional_formula_block_order,57,94,95
2025-06,total_2025-06,5,65,El Quisco,5604,El Quisco,7671,numeric,regional_formula_block_order,57,94,95
2025-06,total_2025-06,5,66,El Tabo,5605,El Tabo,6503,numeric,regional_formula_block_order,57,94,95
2025-06,total_2025-06,5,67,Hijuelas,5503,Hijuelas,3209,numeric,regional_formula_block_order,57,94,95
2025-06,total_2025-06,5,68,Isla de Pascua,5201,Isla de Pascua,1912,numeric,regional_formula_block_order,57,94,95
2025-06,total_2025-06,5,69,Juan Fernández,5104,Juan Fernández,182,numeric,regional_formula_block_order,57,94,95
2025-06,total_2025-06,5,70,La Cruz,5504,La Cruz,7185,numeric,regional_formula_block_order,57,94,95
2025-06,total_2025-06,5,71,La Ligua,5401,La Ligua,7693,numeric,regional_formula_block_order,57,94,95
2025-06,total_2025-06,5,72,Limache,5802,Limache,14415,numeric,regional_formula_block_order,57,94,95
2025-06,total_2025-06,5,73,Llaillay,5703,Llaillay,5198,numeric,regional_formula_block_order,57,94,95
2025-06,total_2025-06,5,74,Los Andes,5301,Los Andes,21243,numeric,regional_formula_block_order,57,94,95
2025-06,total_2025-06,5,75,Nogales,5506,Nogales,4500,numeric,regional_formula_block_order,57,94,95
2025-06,total_2025-06,5,76,Olmué,5803,Olmué,4191,numeric,regional_formula_block_order,57,94,95
2025-06,total_2025-06,5,77,Panquehue,5704,Panquehue,1485,numeric,regional_formula_block_order,57,94,95
2025-06,total_2025-06,5,78,Papudo,5403,Papudo,1924,numeric,regional_formula_block_order,57,94,95
2025-06,total_2025-06,5,79,Petorca,5404,Petorca,332,numeric,regional_formula_block_order,57,94,95
2025-06,total_2025-06,5,80,Puchuncaví,5105,Puchuncaví,8160,numeric,regional_formula_block_order,57,94,95
2025-06,total_2025-06,5,81,Putaendo,5705,Putaendo,2679,numeric,regional_formula_block_order,57,94,95
2025-06,total_2025-06,5,82,Quillota,5501,Quillota,27246,numeric,regional_formula_block_order,57,94,95
2025-06,total_2025-06,5,83,Quilpué,5801,Quilpué,55227,numeric,regional_formula_block_order,57,94,95
2025-06,total_2025-06,5,84,Quintero,5107,Quintero,9200,numeric,regional_formula_block_order,57,94,95
2025-06,total_2025-06,5,85,Rinconada,5303,Rinconada,2870,numeric,regional_formula_block_order,57,94,95
2025-06,total_2025-06,5,86,San Antonio,5601,San Antonio,24455,numeric,regional_formula_block_order,57,94,95
2025-06,total_2025-06,5,87,San Esteban,5304,San Esteban,3954,numeric,regional_formula_block_order,57,94,95
2025-06,total_2025-06,5,88,San Felipe,5701,San Felipe,19828,numeric,regional_formula_block_order,57,94,95
2025-06,total_2025-06,5,89,Santa María,5706,Santa María,2089,numeric,regional_formula_block_order,57,94,95
2025-06,total_2025-06,5,90,Santo Domingo,5606,Santo Domingo,4748,numeric,regional_formula_block_order,57,94,95
2025-06,total_2025-06,5,91,Valparaíso,5101,Valparaíso,87777,numeric,regional_formula_block_order,57,94,95
2025-06,total_2025-06,5,92,Villa Alemana,5804,Villa Alemana,43017,numeric,regional_formula_block_order,57,94,95
2025-06,total_2025-06,5,93,Viña del Mar,5109,Viña del Mar,123398,numeric,regional_formula_block_order,57,94,95
2025-06,total_2025-06,5,94,Zapallar,5405,Zapallar,2997,numeric,regional_formula_block_order,57,94,95
2025-06,total_2025-06,6,96,Chépica,6302,Chépica,1092,numeric,regional_formula_block_order,96,128,129
2025-06,total_2025-06,6,97,Chimbarongo,6303,Chimbarongo,3638,numeric,regional_formula_block_order,96,128,129
2025-06,total_2025-06,6,98,Codegua,6102,Codegua,1452,numeric,regional_formula_block_order,96,128,129
2025-06,total_2025-06,6,99,Coinco,6103,Coinco,1461,numeric,regional_formula_block_order,96,128,129
2025-06,total_2025-06,6,100,Coltauco,6104,Coltauco,3646,numeric,regional_formula_block_order,96,128,129
2025-06,total_2025-06,6,101,Doñihue,6105,Doñihue,4235,numeric,regional_formula_block_order,96,128,129
2025-06,total_2025-06,6,102,Graneros,6106,Graneros,8925,numeric,regional_formula_block_order,96,128,129
2025-06,total_2025-06,6,103,La Estrella,6202,La Estrella,481,numeric,regional_formula_block_order,96,128,129
2025-06,total_2025-06,6,104,Las Cabras,6107,Las Cabras,2024,numeric,regional_formula_block_order,96,128,129
2025-06,total_2025-06,6,105,Litueche,6203,Litueche,1013,numeric,regional_formula_block_order,96,128,129
2025-06,total_2025-06,6,106,Lolol,6304,Lolol,629,numeric,regional_formula_block_order,96,128,129
2025-06,total_2025-06,6,107,Machalí,6108,Machalí,17679,numeric,regional_formula_block_order,96,128,129
2025-06,total_2025-06,6,108,Malloa,6109,Malloa,1143,numeric,regional_formula_block_order,96,128,129
2025-06,total_2025-06,6,109,Marchihue,6204,Marchihue,528,numeric,regional_formula_block_order,96,128,129
2025-06,total_2025-06,6,110,Mostazal,6110,Mostazal,4943,numeric,regional_formula_block_order,96,128,129
2025-06,total_2025-06,6,111,Nancagua,6305,Nancagua,2082,numeric,regional_formula_block_order,96,128,129
2025-06,total_2025-06,6,112,Navidad,6205,Navidad,1797,numeric,regional_formula_block_order,96,128,129
2025-06,total_2025-06,6,113,Olivar,6111,Olivar,2545,numeric,regional_formula_block_order,96,128,129
2025-06,total_2025-06,6,114,Palmilla,6306,Palmilla,517,numeric,regional_formula_block_order,96,128,129
2025-06,total_2025-06,6,115,Paredones,6206,Paredones,202,numeric,regional_formula_block_order,96,128,129
2025-06,total_2025-06,6,116,Peralillo,6307,Peralillo,821,numeric,regional_formula_block_order,96,128,129
2025-06,total_2025-06,6,117,Peumo,6112,Peumo,1310,numeric,regional_formula_block_order,96,128,129
2025-06,total_2025-06,6,118,Pichidegua,6113,Pichidegua,1778,numeric,regional_formula_block_order,96,128,129
2025-06,total_2025-06,6,119,Pichilemu,6201,Pichilemu,5487,numeric,regional_formula_block_order,96,128,129
2025-06,total_2025-06,6,120,Placilla,6308,Placilla,376,numeric,regional_formula_block_order,96,128,129
2025-06,total_2025-06,6,121,Pumanque,6309,Pumanque,177,numeric,regional_formula_block_order,96,128,129
2025-06,total_2025-06,6,122,Quinta de Tilcoco,6114,Quinta de Tilcoco,2107,numeric,regional_formula_block_order,96,128,129
2025-06,total_2025-06,6,123,Rancagua,6101,Rancagua,77502,numeric,regional_formula_block_order,96,128,129
2025-06,total_2025-06,6,124,Rengo,6115,Rengo,15287,numeric,regional_formula_block_order,96,128,129
2025-06,total_2025-06,6,125,Requinoa,6116,Requínoa,4024,numeric,regional_formula_block_order,96,128,129
2025-06,total_2025-06,6,126,San Fernando,6301,San Fernando,19139,numeric,regional_formula_block_order,96,128,129
2025-06,total_2025-06,6,127,San Vicente,6117,San Vicente,6722,numeric,regional_formula_block_order,96,128,129
2025-06,total_2025-06,6,128,Santa Cruz,6310,Santa Cruz,7100,numeric,regional_formula_block_order,96,128,129
2025-06,total_2025-06,7,130,Cauquenes,7201,Cauquenes,9142,numeric,regional_formula_block_order,130,159,160
2025-06,total_2025-06,7,131,Chanco,7202,Chanco,374,numeric,regional_formula_block_order,130,159,160
2025-06,total_2025-06,7,132,Colbún,7402,Colbún,1625,numeric,regional_formula_block_order,130,159,160
2025-06,total_2025-06,7,133,Constitución,7102,Constitución,7948,numeric,regional_formula_block_order,130,159,160
2025-06,total_2025-06,7,134,Curepto,7103,Curepto,381,numeric,regional_formula_block_order,130,159,160
2025-06,total_2025-06,7,135,Curicó,7301,Curicó,46696,numeric,regional_formula_block_order,130,159,160
2025-06,total_2025-06,7,136,Empedrado,7104,Empedrado,240,numeric,regional_formula_block_order,130,159,160
2025-06,total_2025-06,7,137,Hualañé,7302,Hualañé,845,numeric,regional_formula_block_order,130,159,160
2025-06,total_2025-06,7,138,Licantén,7303,Licantén,1315,numeric,regional_formula_block_order,130,159,160
2025-06,total_2025-06,7,139,Linares,7401,Linares,20275,numeric,regional_formula_block_order,130,159,160
2025-06,total_2025-06,7,140,Longaví,7403,Longaví,3949,numeric,regional_formula_block_order,130,159,160
2025-06,total_2025-06,7,141,Maule,7105,Maule,5705,numeric,regional_formula_block_order,130,159,160
2025-06,total_2025-06,7,142,Molina,7304,Molina,6146,numeric,regional_formula_block_order,130,159,160
2025-06,total_2025-06,7,143,Parral,7404,Parral,10178,numeric,regional_formula_block_order,130,159,160
2025-06,total_2025-06,7,144,Pelarco,7106,Pelarco,388,numeric,regional_formula_block_order,130,159,160
2025-06,total_2025-06,7,145,Pelluhue,7203,Pelluhue,1598,numeric,regional_formula_block_order,130,159,160
2025-06,total_2025-06,7,146,Pencahue,7107,Pencahue,560,numeric,regional_formula_block_order,130,159,160
2025-06,total_2025-06,7,147,Rauco,7305,Rauco,1344,numeric,regional_formula_block_order,130,159,160
2025-06,total_2025-06,7,148,Retiro,7405,Retiro,3234,numeric,regional_formula_block_order,130,159,160
2025-06,total_2025-06,7,149,Río Claro,7108,Río Claro,817,numeric,regional_formula_block_order,130,159,160
2025-06,total_2025-06,7,150,Romeral,7306,Romeral,1908,numeric,regional_formula_block_order,130,159,160
2025-06,total_2025-06,7,151,Sagrada Familia,7307,Sagrada Familia,279,numeric,regional_formula_block_order,130,159,160
2025-06,total_2025-06,7,152,San Clemente,7109,San Clemente,5418,numeric,regional_formula_block_order,130,159,160
2025-06,total_2025-06,7,153,San Javier,7406,San Javier,5159,numeric,regional_formula_block_order,130,159,160
2025-06,total_2025-06,7,154,San Rafael,7110,San Rafael,726,numeric,regional_formula_block_order,130,159,160
2025-06,total_2025-06,7,155,Talca,7101,Talca,73412,numeric,regional_formula_block_order,130,159,160
2025-06,total_2025-06,7,156,Teno,7308,Teno,2464,numeric,regional_formula_block_order,130,159,160
2025-06,total_2025-06,7,157,Vichuquén,7309,Vichuquén,702,numeric,regional_formula_block_order,130,159,160
2025-06,total_2025-06,7,158,Villa Alegre,7407,Villa Alegre,1337,numeric,regional_formula_block_order,130,159,160
2025-06,total_2025-06,7,159,Yerbas Buenas,7408,Yerbas Buenas,1079,numeric,regional_formula_block_order,130,159,160
2025-06,total_2025-06,8,161,Alto Biobío,8314,Alto Biobío,177,numeric,regional_formula_block_order,161,193,194
2025-06,total_2025-06,8,162,Antuco,8302,Antuco,184,numeric,regional_formula_block_order,161,193,194
2025-06,total_2025-06,8,163,Arauco,8202,Arauco,8509,numeric,regional_formula_block_order,161,193,194
2025-06,total_2025-06,8,164,Bulnes,8303,Cabrero,5504,numeric,regional_formula_block_order,161,193,194
2025-06,total_2025-06,8,165,Cabrero,8203,Cañete,5275,numeric,regional_formula_block_order,161,193,194
2025-06,total_2025-06,8,166,Cañete,8103,Chiguayante,26912,numeric,regional_formula_block_order,161,193,194
2025-06,total_2025-06,8,167,Chiguayante,8101,Concepción,85201,numeric,regional_formula_block_order,161,193,194
2025-06,total_2025-06,8,168,Chillán,8204,Contulmo,1078,numeric,regional_formula_block_order,161,193,194
2025-06,total_2025-06,8,169,Chillán Viejo,8102,Coronel,37489,numeric,regional_formula_block_order,161,193,194
2025-06,total_2025-06,8,170,Cobquecura,8205,Curanilahue,7822,numeric,regional_formula_block_order,161,193,194
2025-06,total_2025-06,8,171,Coelemu,8104,Florida,1258,numeric,regional_formula_block_order,161,193,194
2025-06,total_2025-06,8,172,Coihueco,8112,Hualpén,19272,numeric,regional_formula_block_order,161,193,194
2025-06,total_2025-06,8,173,Concepción,8105,Hualqui,6275,numeric,regional_formula_block_order,161,193,194
2025-06,total_2025-06,8,174,Contulmo,8304,Laja,4115,numeric,regional_formula_block_order,161,193,194
2025-06,total_2025-06,8,175,Coronel,8201,Lebu,6086,numeric,regional_formula_block_order,161,193,194
2025-06,total_2025-06,8,176,Curanilahue,8206,Los Álamos,5133,numeric,regional_formula_block_order,161,193,194
2025-06,total_2025-06,8,177,El Carmen,8301,Los Ángeles,47365,numeric,regional_formula_block_order,161,193,194
2025-06,total_2025-06,8,178,Florida,8106,Lota,11565,numeric,regional_formula_block_order,161,193,194
2025-06,total_2025-06,8,179,Hualpén,8305,Mulchén,5037,numeric,regional_formula_block_order,161,193,194
2025-06,total_2025-06,8,180,Hualqui,8306,Nacimiento,5593,numeric,regional_formula_block_order,161,193,194
2025-06,total_2025-06,8,181,Laja,8307,Negrete,836,numeric,regional_formula_block_order,161,193,194
2025-06,total_2025-06,8,182,Lebu,8107,Penco,13750,numeric,regional_formula_block_order,161,193,194
2025-06,total_2025-06,8,183,Los Alamos,8308,Quilaco,530,numeric,regional_formula_block_order,161,193,194
2025-06,total_2025-06,8,184,Los Angeles,8309,Quilleco,169,numeric,regional_formula_block_order,161,193,194
2025-06,total_2025-06,8,185,Lota,8108,San Pedro de La paz,47839,numeric,regional_formula_block_order,161,193,194
2025-06,total_2025-06,8,186,Mulchén,8310,San Rosendo,564,numeric,regional_formula_block_order,161,193,194
2025-06,total_2025-06,8,187,Nacimiento,8311,Santa Bárbara,1867,numeric,regional_formula_block_order,161,193,194
2025-06,total_2025-06,8,188,Negrete,8109,Santa Juana,2893,numeric,regional_formula_block_order,161,193,194
2025-06,total_2025-06,8,189,Ninhue,8110,Talcahuano,53066,numeric,regional_formula_block_order,161,193,194
2025-06,total_2025-06,8,190,Ñiquén,8207,Tirúa,318,numeric,regional_formula_block_order,161,193,194
2025-06,total_2025-06,8,191,Pemuco,8111,Tomé,15885,numeric,regional_formula_block_order,161,193,194
2025-06,total_2025-06,8,192,Penco,8312,Tucapel,3085,numeric,regional_formula_block_order,161,193,194
2025-06,total_2025-06,8,193,Pinto,8313,Yumbel,3294,numeric,regional_formula_block_order,161,193,194
2025-06,total_2025-06,9,195,Quilaco,9201,Angol,14199,numeric,regional_formula_block_order,195,226,227
2025-06,total_2025-06,9,196,Quilleco,9102,Carahue,1822,numeric,regional_formula_block_order,195,226,227
2025-06,total_2025-06,9,197,Quillón,9121,Cholchol,708,numeric,regional_formula_block_order,195,226,227
2025-06,total_2025-06,9,198,Quirihue,9202,Collipulli,4124,numeric,regional_formula_block_order,195,226,227
2025-06,total_2025-06,9,199,Ranquil,9103,Cunco,2679,numeric,regional_formula_block_order,195,226,227
2025-06,total_2025-06,9,200,San Carlos,9203,Curacautín,3574,numeric,regional_formula_block_order,195,226,227
2025-06,total_2025-06,9,201,San Fabián,9104,Curarrehue,324,numeric,regional_formula_block_order,195,226,227
2025-06,total_2025-06,9,202,San Ignacio,9204,Ercilla,947,numeric,regional_formula_block_order,195,226,227
2025-06,total_2025-06,9,203,San Nicolás,9105,Freire,2537,numeric,regional_formula_block_order,195,226,227
2025-06,total_2025-06,9,204,San Pedro de la Paz,9106,Galvarino,776,numeric,regional_formula_block_order,195,226,227
2025-06,total_2025-06,9,205,San Rosendo,9107,Gorbea,1763,numeric,regional_formula_block_order,195,226,227
2025-06,total_2025-06,9,206,Santa Bárbara,9108,Lautaro,7979,numeric,regional_formula_block_order,195,226,227
2025-06,total_2025-06,9,207,Santa Juana,9109,Loncoche,4628,numeric,regional_formula_block_order,195,226,227
2025-06,total_2025-06,9,208,Talcahuano,9205,Lonquimay,354,numeric,regional_formula_block_order,195,226,227
2025-06,total_2025-06,9,209,Tirúa,9206,Los Sauces,1105,numeric,regional_formula_block_order,195,226,227
2025-06,total_2025-06,9,210,Tomé,9207,Lumaco,302,numeric,regional_formula_block_order,195,226,227
2025-06,total_2025-06,9,211,Treguaco,9110,Melipeuco,213,numeric,regional_formula_block_order,195,226,227
2025-06,total_2025-06,9,212,Tucapel,9111,Nueva Imperial,4368,numeric,regional_formula_block_order,195,226,227
2025-06,total_2025-06,9,213,Yumbel,9112,Padre Las Casas,11187,numeric,regional_formula_block_order,195,226,227
2025-06,total_2025-06,9,214,Yungay,9113,Perquenco,822,numeric,regional_formula_block_order,195,226,227
2025-06,total_2025-06,9,215,,9114,Pitrufquén,5268,numeric,regional_formula_block_order,195,226,227
2025-06,total_2025-06,9,216,Angol,9115,Pucón,7197,numeric,regional_formula_block_order,195,226,227
2025-06,total_2025-06,9,217,Carahue,9208,Purén,1746,numeric,regional_formula_block_order,195,226,227
2025-06,total_2025-06,9,218,Cholchol,9209,Renaico,1254,numeric,regional_formula_block_order,195,226,227
2025-06,total_2025-06,9,219,Collipulli,9116,Saavedra,558,numeric,regional_formula_block_order,195,226,227
2025-06,total_2025-06,9,220,Cunco,9101,Temuco,93790,numeric,regional_formula_block_order,195,226,227
2025-06,total_2025-06,9,221,Curacautín,9117,Teodoro Schmidt,1337,numeric,regional_formula_block_order,195,226,227
2025-06,total_2025-06,9,222,Curarrehue,9118,Toltén,641,numeric,regional_formula_block_order,195,226,227
2025-06,total_2025-06,9,223,Ercilla,9210,Traiguén,3173,numeric,regional_formula_block_order,195,226,227
2025-06,total_2025-06,9,224,Freire,9211,Victoria,8533,numeric,regional_formula_block_order,195,226,227
2025-06,total_2025-06,9,225,Galvarino,9119,Vilcún,3588,numeric,regional_formula_block_order,195,226,227
2025-06,total_2025-06,9,226,Gorbea,9120,Villarrica,16410,numeric,regional_formula_block_order,195,226,227
2025-06,total_2025-06,10,228,Loncoche,10202,Ancud,7103,numeric,regional_formula_block_order,228,258,259
2025-06,total_2025-06,10,229,Lonquimay,10102,Calbuco,4720,numeric,regional_formula_block_order,228,258,259
2025-06,total_2025-06,10,230,Los Sauces,10201,Castro,9641,numeric,regional_formula_block_order,228,258,259
2025-06,total_2025-06,10,231,Lumaco,10401,Chaitén,736,numeric,regional_formula_block_order,228,258,259
2025-06,total_2025-06,10,232,Melipeuco,10203,Chonchi,1543,numeric,regional_formula_block_order,228,258,259
2025-06,total_2025-06,10,233,Nueva Imperial,10103,Cochamó,406,numeric,regional_formula_block_order,228,258,259
2025-06,total_2025-06,10,234,Padre Las Casas,10204,Curaco de Vélez,228,numeric,regional_formula_block_order,228,258,259
2025-06,total_2025-06,10,235,Perquenco,10205,Dalcahue,1518,numeric,regional_formula_block_order,228,258,259
2025-06,total_2025-06,10,236,Pitrufquén,10104,Fresia,1081,numeric,regional_formula_block_order,228,258,259
2025-06,total_2025-06,10,237,Pucón,10105,Frutillar,4511,numeric,regional_formula_block_order,228,258,259
2025-06,total_2025-06,10,238,Purén,10402,Futaleufú,758,numeric,regional_formula_block_order,228,258,259
2025-06,total_2025-06,10,239,Renaico,10403,Hualaihué,656,numeric,regional_formula_block_order,228,258,259
2025-06,total_2025-06,10,240,Saavedra,10107,Llanquihue,3859,numeric,regional_formula_block_order,228,258,259
2025-06,total_2025-06,10,241,Temuco,10106,Los Muermos,1368,numeric,regional_formula_block_order,228,258,259
2025-06,total_2025-06,10,242,Teodoro Schmidt,10108,Maullín,1247,numeric,regional_formula_block_order,228,258,259
2025-06,total_2025-06,10,243,Toltén,10301,Osorno,45924,numeric,regional_formula_block_order,228,258,259
2025-06,total_2025-06,10,244,Traiguén,10404,Palena,441,numeric,regional_formula_block_order,228,258,259
2025-06,total_2025-06,10,245,Victoria,10101,Puerto Montt,68308,numeric,regional_formula_block_order,228,258,259
2025-06,total_2025-06,10,246,Vilcún,10302,Puerto Octay,850,numeric,regional_formula_block_order,228,258,259
2025-06,total_2025-06,10,247,Villarrica,10109,Puerto Varas,14102,numeric,regional_formula_block_order,228,258,259
2025-06,total_2025-06,10,248,,10206,Puqueldón,162,numeric,regional_formula_block_order,228,258,259
2025-06,total_2025-06,10,249,Ancud,10303,Purranque,3312,numeric,regional_formula_block_order,228,258,259
2025-06,total_2025-06,10,250,Calbuco,10304,Puyehue,1331,numeric,regional_formula_block_order,228,258,259
2025-06,total_2025-06,10,251,Castro,10207,Queilén,475,numeric,regional_formula_block_order,228,258,259
2025-06,total_2025-06,10,252,Chaitén,10208,Quellón,3354,numeric,regional_formula_block_order,228,258,259
2025-06,total_2025-06,10,253,Chonchi,10209,Quemchi,727,numeric,regional_formula_block_order,228,258,259
2025-06,total_2025-06,10,254,Cochamó,10210,Quinchao,567,numeric,regional_formula_block_order,228,258,259
2025-06,total_2025-06,10,255,Curaco de Vélez,10305,Río Negro,1812,numeric,regional_formula_block_order,228,258,259
2025-06,total_2025-06,10,256,Dalcahue,10306,San Juan de la Costa,169,numeric,regional_formula_block_order,228,258,259
2025-06,total_2025-06,10,257,Fresia,10307,San Pablo,1449,numeric,regional_formula_block_order,228,258,259
2025-06,total_2025-06,11,260,Hualaihue,11201,Aysén,5253,numeric,regional_formula_block_order,260,270,271
2025-06,total_2025-06,11,261,Llanquihue,11401,Chile Chico,722,numeric,regional_formula_block_order,260,270,271
2025-06,total_2025-06,11,262,Los Muermos,11202,Cisnes,1554,numeric,regional_formula_block_order,260,270,271
2025-06,total_2025-06,11,263,Maullín,11301,Cochrane,743,numeric,regional_formula_block_order,260,270,271
2025-06,total_2025-06,11,264,Osorno,11101,Coyhaique,14791,numeric,regional_formula_block_order,260,270,271
2025-06,total_2025-06,11,265,Palena,11203,Guaitecas,222,numeric,regional_formula_block_order,260,270,271
2025-06,total_2025-06,11,266,Puerto Montt,11102,Lago Verde,153,numeric,regional_formula_block_order,260,270,271
2025-06,total_2025-06,11,267,Puerto Octay,11302,O'Higgins,218,numeric,regional_formula_block_order,260,270,271
2025-06,total_2025-06,11,268,Puerto Varas,11402,Río Ibáñez,433,numeric,regional_formula_block_order,260,270,271
2025-06,total_2025-06,11,269,Puqueldón,11303,Tortel,32,numeric,regional_formula_block_order,260,270,271
2025-06,total_2025-06,12,272,Queilén,12202,Antártica,11,numeric,regional_formula_block_order,272,282,283
2025-06,total_2025-06,12,273,Quellón,12201,Cabo de Hornos,366,numeric,regional_formula_block_order,272,282,283
2025-06,total_2025-06,12,274,Quemchi,12102,Laguna Blanca,50,numeric,regional_formula_block_order,272,282,283
2025-06,total_2025-06,12,275,Quinchao,12401,Natales,8645,numeric,regional_formula_block_order,272,282,283
2025-06,total_2025-06,12,276,Río Negro,12301,Porvenir,2006,numeric,regional_formula_block_order,272,282,283
2025-06,total_2025-06,12,277,San Juan de la Costa,12302,Primavera,68,numeric,regional_formula_block_order,272,282,283
2025-06,total_2025-06,12,278,San Pablo,12101,Punta Arenas,44806,numeric,regional_formula_block_order,272,282,283
2025-06,total_2025-06,12,279,Sin clasificación,12103,Río Verde,,blank,regional_formula_block_order,272,282,283
2025-06,total_2025-06,12,280,,12104,San Gregorio,95,numeric,regional_formula_block_order,272,282,283
2025-06,total_2025-06,12,281,Aisén,12303,Timaukel,54,numeric,regional_formula_block_order,272,282,283
2025-06,total_2025-06,12,282,Chile Chico,12402,Torres del Paine,153,numeric,regional_formula_block_order,272,282,283
2025-06,total_2025-06,13,284,Cochrane,13502,Alhué,2738,numeric,regional_formula_block_order,284,336,337
2025-06,total_2025-06,13,285,Coyhaique,13402,Buin,22224,numeric,regional_formula_block_order,284,336,337
2025-06,total_2025-06,13,286,Guaitecas,13403,Calera de Tango,3841,numeric,regional_formula_block_order,284,336,337
2025-06,total_2025-06,13,287,Lago Verde,13102,Cerrillos,22904,numeric,regional_formula_block_order,284,336,337
2025-06,total_2025-06,13,288,O'Higgins,13103,Cerro Navia,29315,numeric,regional_formula_block_order,284,336,337
2025-06,total_2025-06,13,289,Río Ibáñez,13301,Colina,38928,numeric,regional_formula_block_order,284,336,337
2025-06,total_2025-06,13,290,Tortel,13104,Conchalí,31161,numeric,regional_formula_block_order,284,336,337
2025-06,total_2025-06,13,291,Sin clasificación,13503,Curacaví,4249,numeric,regional_formula_block_order,284,336,337
2025-06,total_2025-06,13,292,,13105,El Bosque,37624,numeric,regional_formula_block_order,284,336,337
2025-06,total_2025-06,13,293,Antártica,13602,El Monte,6752,numeric,regional_formula_block_order,284,336,337
2025-06,total_2025-06,13,294,Cabo de Hornos,13106,Estación Central,55468,numeric,regional_formula_block_order,284,336,337
2025-06,total_2025-06,13,295,Laguna Blanca,13107,Huechuraba,28213,numeric,regional_formula_block_order,284,336,337
2025-06,total_2025-06,13,296,Natales,13108,Independencia,34527,numeric,regional_formula_block_order,284,336,337
2025-06,total_2025-06,13,297,Porvenir,13603,Isla de Maipo,6563,numeric,regional_formula_block_order,284,336,337
2025-06,total_2025-06,13,298,Primavera,13109,La Cisterna,35920,numeric,regional_formula_block_order,284,336,337
2025-06,total_2025-06,13,299,Punta Arenas,13110,La Florida,120054,numeric,regional_formula_block_order,284,336,337
2025-06,total_2025-06,13,300,Río Verde,13111,La Granja,26336,numeric,regional_formula_block_order,284,336,337
2025-06,total_2025-06,13,301,San Gregorio,13112,La Pintana,16346,numeric,regional_formula_block_order,284,336,337
2025-06,total_2025-06,13,302,Timaukel,13113,La Reina,29997,numeric,regional_formula_block_order,284,336,337
2025-06,total_2025-06,13,303,Torres del Paine,13302,Lampa,23547,numeric,regional_formula_block_order,284,336,337
2025-06,total_2025-06,13,304,,13114,Las Condes,128250,numeric,regional_formula_block_order,284,336,337
2025-06,total_2025-06,13,305,Alhué,13115,Lo Barnechea,31115,numeric,regional_formula_block_order,284,336,337
2025-06,total_2025-06,13,306,Buin,13116,Lo Espejo,15560,numeric,regional_formula_block_order,284,336,337
2025-06,total_2025-06,13,307,Calera de Tango,13117,Lo Prado,22710,numeric,regional_formula_block_order,284,336,337
2025-06,total_2025-06,13,308,Cerrillos,13118,Macul,43972,numeric,regional_formula_block_order,284,336,337
2025-06,total_2025-06,13,309,Cerro Navia,13119,Maipú,147590,numeric,regional_formula_block_order,284,336,337
2025-06,total_2025-06,13,310,Colina,13504,María Pinto,3010,numeric,regional_formula_block_order,284,336,337
2025-06,total_2025-06,13,311,Conchalí,13501,Melipilla,19643,numeric,regional_formula_block_order,284,336,337
2025-06,total_2025-06,13,312,Curacaví,13120,Ñuñoa,109723,numeric,regional_formula_block_order,284,336,337
2025-06,total_2025-06,13,313,El Bosque,13604,Padre Hurtado,21498,numeric,regional_formula_block_order,284,336,337
2025-06,total_2025-06,13,314,El Monte,13404,Paine,8385,numeric,regional_formula_block_order,284,336,337
2025-06,total_2025-06,13,315,Estación Central,13121,Pedro Aguirre Cerda,23864,numeric,regional_formula_block_order,284,336,337
2025-06,total_2025-06,13,316,Huechuraba,13605,Peñaflor,23425,numeric,regional_formula_block_order,284,336,337
2025-06,total_2025-06,13,317,Independencia,13122,Peñalolén,57534,numeric,regional_formula_block_order,284,336,337
2025-06,total_2025-06,13,318,Isla de Maipo,13202,Pirque,4172,numeric,regional_formula_block_order,284,336,337
2025-06,total_2025-06,13,319,La Cisterna,13123,Providencia,77107,numeric,regional_formula_block_order,284,336,337
2025-06,total_2025-06,13,320,La Florida,13124,Pudahuel,60517,numeric,regional_formula_block_order,284,336,337
2025-06,total_2025-06,13,321,La Granja,13201,Puente Alto,146458,numeric,regional_formula_block_order,284,336,337
2025-06,total_2025-06,13,322,La Pintana,13125,Quilicura,51361,numeric,regional_formula_block_order,284,336,337
2025-06,total_2025-06,13,323,La Reina,13126,Quinta Normal,36480,numeric,regional_formula_block_order,284,336,337
2025-06,total_2025-06,13,324,Lampa,13127,Recoleta,40011,numeric,regional_formula_block_order,284,336,337
2025-06,total_2025-06,13,325,Las Condes,13128,Renca,33844,numeric,regional_formula_block_order,284,336,337
2025-06,total_2025-06,13,326,Lo Barnechea,13401,San Bernardo,69339,numeric,regional_formula_block_order,284,336,337
2025-06,total_2025-06,13,327,Lo Espejo,13129,San Joaquín,25957,numeric,regional_formula_block_order,284,336,337
2025-06,total_2025-06,13,328,Lo Prado,13203,San José de Maipo,1720,numeric,regional_formula_block_order,284,336,337
2025-06,total_2025-06,13,329,Macul,13130,San Miguel,57187,numeric,regional_formula_block_order,284,336,337
2025-06,total_2025-06,13,330,Maipú,13505,San Pedro,581,numeric,regional_formula_block_order,284,336,337
2025-06,total_2025-06,13,331,María Pinto,13131,San Ramón,15045,numeric,regional_formula_block_order,284,336,337
2025-06,total_2025-06,13,332,Melipilla,13101,Santiago,170857,numeric,regional_formula_block_order,284,336,337
2025-06,total_2025-06,13,333,Ñuñoa,13601,Talagante,16068,numeric,regional_formula_block_order,284,336,337
2025-06,total_2025-06,13,334,Padre Hurtado,13303,Tiltil,3581,numeric,regional_formula_block_order,284,336,337
2025-06,total_2025-06,13,335,Paine,13132,Vitacura,37256,numeric,regional_formula_block_order,284,336,337
2025-06,total_2025-06,14,338,Peñalolén,14102,Corral,420,numeric,regional_formula_block_order,338,349,350
2025-06,total_2025-06,14,339,Pirque,14202,Futrono,1245,numeric,regional_formula_block_order,338,349,350
2025-06,total_2025-06,14,340,Providencia,14201,La Unión,8603,numeric,regional_formula_block_order,338,349,350
2025-06,total_2025-06,14,341,Pudahuel,14203,Lago Ranco,665,numeric,regional_formula_block_order,338,349,350
2025-06,total_2025-06,14,342,Puente Alto,14103,Lanco,2588,numeric,regional_formula_block_order,338,349,350
2025-06,total_2025-06,14,343,Quilicura,14104,Los Lagos,2319,numeric,regional_formula_block_order,338,349,350
2025-06,total_2025-06,14,344,Quinta Normal,14105,Máfil,1065,numeric,regional_formula_block_order,338,349,350
2025-06,total_2025-06,14,345,Recoleta,14106,Mariquina,3689,numeric,regional_formula_block_order,338,349,350
2025-06,total_2025-06,14,346,Renca,14107,Paillaco,2803,numeric,regional_formula_block_order,338,349,350
2025-06,total_2025-06,14,347,San Bernardo,14108,Panguipulli,4550,numeric,regional_formula_block_order,338,349,350
2025-06,total_2025-06,14,348,San Joaquín,14204,Río Bueno,5336,numeric,regional_formula_block_order,338,349,350
2025-06,total_2025-06,14,349,San José de Maipo,14101,Valdivia,49934,numeric,regional_formula_block_order,338,349,350
2025-06,total_2025-06,15,351,San Pedro,15101,Arica,59419,numeric,regional_formula_block_order,351,354,355
2025-06,total_2025-06,15,352,San Ramón,15102,Camarones,62,numeric,regional_formula_block_order,351,354,355
2025-06,total_2025-06,15,353,Santiago,15202,General Lagos,123,numeric,regional_formula_block_order,351,354,355
2025-06,total_2025-06,15,354,Talagante,15201,Putre,110,numeric,regional_formula_block_order,351,354,355
2025-06,total_2025-06,16,356,Vitacura,16102,Bulnes,3490,numeric,regional_formula_block_order,356,376,377
2025-06,total_2025-06,16,357,Sin clasificación,16101,Chillán,60368,numeric,regional_formula_block_order,356,376,377
2025-06,total_2025-06,16,358,,16103,Chillán Viejo,4497,numeric,regional_formula_block_order,356,376,377
2025-06,total_2025-06,16,359,Corral,16202,Cobquecura,748,numeric,regional_formula_block_order,356,376,377
2025-06,total_2025-06,16,360,Futrono,16203,Coelemu,2640,numeric,regional_formula_block_order,356,376,377
2025-06,total_2025-06,16,361,La Unión,16302,Coihueco,1526,numeric,regional_formula_block_order,356,376,377
2025-06,total_2025-06,16,362,Lago Ranco,16104,El Carmen,587,numeric,regional_formula_block_order,356,376,377
2025-06,total_2025-06,16,363,Lanco,16204,Ninhue,364,numeric,regional_formula_block_order,356,376,377
2025-06,total_2025-06,16,364,Los Lagos,16303,Ñiquén,292,numeric,regional_formula_block_order,356,376,377
2025-06,total_2025-06,16,365,Mafil,16105,Pemuco,820,numeric,regional_formula_block_order,356,376,377
2025-06,total_2025-06,16,366,Mariquina,16106,Pinto,2204,numeric,regional_formula_block_order,356,376,377
2025-06,total_2025-06,16,367,Paillaco,16205,Portezuelo,285,numeric,regional_formula_block_order,356,376,377
2025-06,total_2025-06,16,368,Panguipulli,16107,Quillón,3048,numeric,regional_formula_block_order,356,376,377
2025-06,total_2025-06,16,369,Río Bueno,16201,Quirihue,991,numeric,regional_formula_block_order,356,376,377
2025-06,total_2025-06,16,370,Valdivia,16206,Ránquil,616,numeric,regional_formula_block_order,356,376,377
2025-06,total_2025-06,16,371,,16301,San Carlos,8625,numeric,regional_formula_block_order,356,376,377
2025-06,total_2025-06,16,372,Arica,16304,San Fabián,685,numeric,regional_formula_block_order,356,376,377
2025-06,total_2025-06,16,373,Camarones,16108,San Ignacio,1118,numeric,regional_formula_block_order,356,376,377
2025-06,total_2025-06,16,374,General Lagos,16305,San Nicolás,586,numeric,regional_formula_block_order,356,376,377
2025-06,total_2025-06,16,375,Putre,16207,Trehuaco,442,numeric,regional_formula_block_order,356,376,377
2025-06,total_2025-06,16,376,,16109,Yungay,2841,numeric,regional_formula_block_order,356,376,377
2025-06,residential_2025-06,1,10,Alto Hospicio,1107,Alto Hospicio,23435,numeric,regional_formula_block_order,10,17,18
2025-06,residential_2025-06,1,11,Camiña,1402,Camiña,24,numeric,regional_formula_block_order,10,17,18
2025-06,residential_2025-06,1,12,Colchane,1403,Colchane,128,numeric,regional_formula_block_order,10,17,18
2025-06,residential_2025-06,1,13,Huara,1404,Huara,89,numeric,regional_formula_block_order,10,17,18
2025-06,residential_2025-06,1,14,Iquique,1101,Iquique,51963,numeric,regional_formula_block_order,10,17,18
2025-06,residential_2025-06,1,15,Pica,1405,Pica,207,numeric,regional_formula_block_order,10,17,18
2025-06,residential_2025-06,1,16,Pozo Almonte,1401,Pozo Almonte,1923,numeric,regional_formula_block_order,10,17,18
2025-06,residential_2025-06,2,19,Antofagasta,2101,Antofagasta,109846,numeric,regional_formula_block_order,19,27,28
2025-06,residential_2025-06,2,20,Calama,2201,Calama,45246,numeric,regional_formula_block_order,19,27,28
2025-06,residential_2025-06,2,21,María Elena,2302,María Elena,349,numeric,regional_formula_block_order,19,27,28
2025-06,residential_2025-06,2,22,Mejillones,2102,Mejillones,2734,numeric,regional_formula_block_order,19,27,28
2025-06,residential_2025-06,2,23,Ollagüe,2202,Ollagüe,31,numeric,regional_formula_block_order,19,27,28
2025-06,residential_2025-06,2,24,San Pedro de Atacama,2203,San Pedro de Atacama,978,numeric,regional_formula_block_order,19,27,28
2025-06,residential_2025-06,2,25,Sierra Gorda,2103,Sierra Gorda,581,numeric,regional_formula_block_order,19,27,28
2025-06,residential_2025-06,2,26,Taltal,2104,Taltal,2220,numeric,regional_formula_block_order,19,27,28
2025-06,residential_2025-06,2,27,Tocopilla,2301,Tocopilla,6060,numeric,regional_formula_block_order,19,27,28
2025-06,residential_2025-06,3,29,Alto Del Carmen,3302,Alto del Carmen,143,numeric,regional_formula_block_order,29,38,39
2025-06,residential_2025-06,3,30,Caldera,3102,Caldera,3807,numeric,regional_formula_block_order,29,38,39
2025-06,residential_2025-06,3,31,Chañaral,3201,Chañaral,1932,numeric,regional_formula_block_order,29,38,39
2025-06,residential_2025-06,3,32,Copiapó,3101,Copiapó,43177,numeric,regional_formula_block_order,29,38,39
2025-06,residential_2025-06,3,33,Diego de Almagro,3202,Diego de Almagro,2012,numeric,regional_formula_block_order,29,38,39
2025-06,residential_2025-06,3,34,Freirina,3303,Freirina,229,numeric,regional_formula_block_order,29,38,39
2025-06,residential_2025-06,3,35,Huasco,3304,Huasco,1300,numeric,regional_formula_block_order,29,38,39
2025-06,residential_2025-06,3,36,Tierra Amarilla,3103,Tierra Amarilla,1180,numeric,regional_formula_block_order,29,38,39
2025-06,residential_2025-06,3,37,Vallenar,3301,Vallenar,12475,numeric,regional_formula_block_order,29,38,39
2025-06,residential_2025-06,4,40,Andacollo,4103,Andacollo,1539,numeric,regional_formula_block_order,40,55,56
2025-06,residential_2025-06,4,41,Canela,4202,Canela,981,numeric,regional_formula_block_order,40,55,56
2025-06,residential_2025-06,4,42,Combarbalá,4302,Combarbalá,1290,numeric,regional_formula_block_order,40,55,56
2025-06,residential_2025-06,4,43,Coquimbo,4102,Coquimbo,70029,numeric,regional_formula_block_order,40,55,56
2025-06,residential_2025-06,4,44,Illapel,4201,Illapel,4856,numeric,regional_formula_block_order,40,55,56
2025-06,residential_2025-06,4,45,La Higuera,4104,La Higuera,349,numeric,regional_formula_block_order,40,55,56
2025-06,residential_2025-06,4,46,La Serena,4101,La Serena,72556,numeric,regional_formula_block_order,40,55,56
2025-06,residential_2025-06,4,47,Los Vilos,4203,Los Vilos,5376,numeric,regional_formula_block_order,40,55,56
2025-06,residential_2025-06,4,48,Monte Patria,4303,Monte Patria,2016,numeric,regional_formula_block_order,40,55,56
2025-06,residential_2025-06,4,49,Ovalle,4301,Ovalle,20194,numeric,regional_formula_block_order,40,55,56
2025-06,residential_2025-06,4,50,Paihuano,4105,Paihuano,131,numeric,regional_formula_block_order,40,55,56
2025-06,residential_2025-06,4,51,Punitaqui,4304,Punitaqui,1109,numeric,regional_formula_block_order,40,55,56
2025-06,residential_2025-06,4,52,Río Hurtado,4305,Río Hurtado,65,numeric,regional_formula_block_order,40,55,56
2025-06,residential_2025-06,4,53,Salamanca,4204,Salamanca,1921,numeric,regional_formula_block_order,40,55,56
2025-06,residential_2025-06,4,54,Vicuña,4106,Vicuña,2919,numeric,regional_formula_block_order,40,55,56
2025-06,residential_2025-06,5,57,Algarrobo,5602,Algarrobo,7910,numeric,regional_formula_block_order,57,94,95
2025-06,residential_2025-06,5,58,Cabildo,5402,Cabildo,2435,numeric,regional_formula_block_order,57,94,95
2025-06,residential_2025-06,5,59,Calera,5502,Calera,12859,numeric,regional_formula_block_order,57,94,95
2025-06,residential_2025-06,5,60,Calle Larga,5302,Calle Larga,3522,numeric,regional_formula_block_order,57,94,95
2025-06,residential_2025-06,5,61,Cartagena,5603,Cartagena,6837,numeric,regional_formula_block_order,57,94,95
2025-06,residential_2025-06,5,62,Casablanca,5102,Casablanca,5388,numeric,regional_formula_block_order,57,94,95
2025-06,residential_2025-06,5,63,Catemu,5702,Catemu,1754,numeric,regional_formula_block_order,57,94,95
2025-06,residential_2025-06,5,64,Concón,5103,Concón,19063,numeric,regional_formula_block_order,57,94,95
2025-06,residential_2025-06,5,65,El Quisco,5604,El Quisco,7635,numeric,regional_formula_block_order,57,94,95
2025-06,residential_2025-06,5,66,El Tabo,5605,El Tabo,6411,numeric,regional_formula_block_order,57,94,95
2025-06,residential_2025-06,5,67,Hijuelas,5503,Hijuelas,3151,numeric,regional_formula_block_order,57,94,95
2025-06,residential_2025-06,5,68,Isla de Pascua,5201,Isla de Pascua,1829,numeric,regional_formula_block_order,57,94,95
2025-06,residential_2025-06,5,69,Juan Fernández,5104,Juan Fernández,167,numeric,regional_formula_block_order,57,94,95
2025-06,residential_2025-06,5,70,La Cruz,5504,La Cruz,6853,numeric,regional_formula_block_order,57,94,95
2025-06,residential_2025-06,5,71,La Ligua,5401,La Ligua,7425,numeric,regional_formula_block_order,57,94,95
2025-06,residential_2025-06,5,72,Limache,5802,Limache,13843,numeric,regional_formula_block_order,57,94,95
2025-06,residential_2025-06,5,73,Llaillay,5703,Llaillay,5061,numeric,regional_formula_block_order,57,94,95
2025-06,residential_2025-06,5,74,Los Andes,5301,Los Andes,19895,numeric,regional_formula_block_order,57,94,95
2025-06,residential_2025-06,5,75,Nogales,5506,Nogales,4408,numeric,regional_formula_block_order,57,94,95
2025-06,residential_2025-06,5,76,Olmué,5803,Olmué,4104,numeric,regional_formula_block_order,57,94,95
2025-06,residential_2025-06,5,77,Panquehue,5704,Panquehue,1429,numeric,regional_formula_block_order,57,94,95
2025-06,residential_2025-06,5,78,Papudo,5403,Papudo,1792,numeric,regional_formula_block_order,57,94,95
2025-06,residential_2025-06,5,79,Petorca,5404,Petorca,318,numeric,regional_formula_block_order,57,94,95
2025-06,residential_2025-06,5,80,Puchuncaví,5105,Puchuncaví,8042,numeric,regional_formula_block_order,57,94,95
2025-06,residential_2025-06,5,81,Putaendo,5705,Putaendo,2628,numeric,regional_formula_block_order,57,94,95
2025-06,residential_2025-06,5,82,Quillota,5501,Quillota,25891,numeric,regional_formula_block_order,57,94,95
2025-06,residential_2025-06,5,83,Quilpué,5801,Quilpué,52845,numeric,regional_formula_block_order,57,94,95
2025-06,residential_2025-06,5,84,Quintero,5107,Quintero,8849,numeric,regional_formula_block_order,57,94,95
2025-06,residential_2025-06,5,85,Rinconada,5303,Rinconada,2793,numeric,regional_formula_block_order,57,94,95
2025-06,residential_2025-06,5,86,San Antonio,5601,San Antonio,23558,numeric,regional_formula_block_order,57,94,95
2025-06,residential_2025-06,5,87,San Esteban,5304,San Esteban,3853,numeric,regional_formula_block_order,57,94,95
2025-06,residential_2025-06,5,88,San Felipe,5701,San Felipe,18932,numeric,regional_formula_block_order,57,94,95
2025-06,residential_2025-06,5,89,Santa María,5706,Santa María,2017,numeric,regional_formula_block_order,57,94,95
2025-06,residential_2025-06,5,90,Santo Domingo,5606,Santo Domingo,4557,numeric,regional_formula_block_order,57,94,95
2025-06,residential_2025-06,5,91,Valparaíso,5101,Valparaíso,83185,numeric,regional_formula_block_order,57,94,95
2025-06,residential_2025-06,5,92,Villa Alemana,5804,Villa Alemana,41316,numeric,regional_formula_block_order,57,94,95
2025-06,residential_2025-06,5,93,Viña del Mar,5109,Viña del Mar,115508,numeric,regional_formula_block_order,57,94,95
2025-06,residential_2025-06,5,94,Zapallar,5405,Zapallar,2796,numeric,regional_formula_block_order,57,94,95
2025-06,residential_2025-06,6,96,Chépica,6302,Chépica,1067,numeric,regional_formula_block_order,96,128,129
2025-06,residential_2025-06,6,97,Chimbarongo,6303,Chimbarongo,3528,numeric,regional_formula_block_order,96,128,129
2025-06,residential_2025-06,6,98,Codegua,6102,Codegua,1442,numeric,regional_formula_block_order,96,128,129
2025-06,residential_2025-06,6,99,Coinco,6103,Coinco,1450,numeric,regional_formula_block_order,96,128,129
2025-06,residential_2025-06,6,100,Coltauco,6104,Coltauco,3607,numeric,regional_formula_block_order,96,128,129
2025-06,residential_2025-06,6,101,Doñihue,6105,Doñihue,4143,numeric,regional_formula_block_order,96,128,129
2025-06,residential_2025-06,6,102,Graneros,6106,Graneros,8752,numeric,regional_formula_block_order,96,128,129
2025-06,residential_2025-06,6,103,La Estrella,6202,La Estrella,467,numeric,regional_formula_block_order,96,128,129
2025-06,residential_2025-06,6,104,Las Cabras,6107,Las Cabras,1960,numeric,regional_formula_block_order,96,128,129
2025-06,residential_2025-06,6,105,Litueche,6203,Litueche,979,numeric,regional_formula_block_order,96,128,129
2025-06,residential_2025-06,6,106,Lolol,6304,Lolol,611,numeric,regional_formula_block_order,96,128,129
2025-06,residential_2025-06,6,107,Machalí,6108,Machalí,16906,numeric,regional_formula_block_order,96,128,129
2025-06,residential_2025-06,6,108,Malloa,6109,Malloa,1136,numeric,regional_formula_block_order,96,128,129
2025-06,residential_2025-06,6,109,Marchihue,6204,Marchihue,501,numeric,regional_formula_block_order,96,128,129
2025-06,residential_2025-06,6,110,Mostazal,6110,Mostazal,4814,numeric,regional_formula_block_order,96,128,129
2025-06,residential_2025-06,6,111,Nancagua,6305,Nancagua,2025,numeric,regional_formula_block_order,96,128,129
2025-06,residential_2025-06,6,112,Navidad,6205,Navidad,1775,numeric,regional_formula_block_order,96,128,129
2025-06,residential_2025-06,6,113,Olivar,6111,Olivar,2463,numeric,regional_formula_block_order,96,128,129
2025-06,residential_2025-06,6,114,Palmilla,6306,Palmilla,507,numeric,regional_formula_block_order,96,128,129
2025-06,residential_2025-06,6,115,Paredones,6206,Paredones,177,numeric,regional_formula_block_order,96,128,129
2025-06,residential_2025-06,6,116,Peralillo,6307,Peralillo,809,numeric,regional_formula_block_order,96,128,129
2025-06,residential_2025-06,6,117,Peumo,6112,Peumo,1297,numeric,regional_formula_block_order,96,128,129
2025-06,residential_2025-06,6,118,Pichidegua,6113,Pichidegua,1748,numeric,regional_formula_block_order,96,128,129
2025-06,residential_2025-06,6,119,Pichilemu,6201,Pichilemu,5347,numeric,regional_formula_block_order,96,128,129
2025-06,residential_2025-06,6,120,Placilla,6308,Placilla,361,numeric,regional_formula_block_order,96,128,129
2025-06,residential_2025-06,6,121,Pumanque,6309,Pumanque,161,numeric,regional_formula_block_order,96,128,129
2025-06,residential_2025-06,6,122,Quinta de Tilcoco,6114,Quinta de Tilcoco,2090,numeric,regional_formula_block_order,96,128,129
2025-06,residential_2025-06,6,123,Rancagua,6101,Rancagua,73436,numeric,regional_formula_block_order,96,128,129
2025-06,residential_2025-06,6,124,Rengo,6115,Rengo,14675,numeric,regional_formula_block_order,96,128,129
2025-06,residential_2025-06,6,125,Requinoa,6116,Requínoa,3876,numeric,regional_formula_block_order,96,128,129
2025-06,residential_2025-06,6,126,San Fernando,6301,San Fernando,17345,numeric,regional_formula_block_order,96,128,129
2025-06,residential_2025-06,6,127,San Vicente,6117,San Vicente,6520,numeric,regional_formula_block_order,96,128,129
2025-06,residential_2025-06,6,128,Santa Cruz,6310,Santa Cruz,6613,numeric,regional_formula_block_order,96,128,129
2025-06,residential_2025-06,7,130,Cauquenes,7201,Cauquenes,8844,numeric,regional_formula_block_order,130,159,160
2025-06,residential_2025-06,7,131,Chanco,7202,Chanco,364,numeric,regional_formula_block_order,130,159,160
2025-06,residential_2025-06,7,132,Colbún,7402,Colbún,1600,numeric,regional_formula_block_order,130,159,160
2025-06,residential_2025-06,7,133,Constitución,7102,Constitución,7568,numeric,regional_formula_block_order,130,159,160
2025-06,residential_2025-06,7,134,Curepto,7103,Curepto,362,numeric,regional_formula_block_order,130,159,160
2025-06,residential_2025-06,7,135,Curicó,7301,Curicó,43492,numeric,regional_formula_block_order,130,159,160
2025-06,residential_2025-06,7,136,Empedrado,7104,Empedrado,231,numeric,regional_formula_block_order,130,159,160
2025-06,residential_2025-06,7,137,Hualañé,7302,Hualañé,832,numeric,regional_formula_block_order,130,159,160
2025-06,residential_2025-06,7,138,Licantén,7303,Licantén,1311,numeric,regional_formula_block_order,130,159,160
2025-06,residential_2025-06,7,139,Linares,7401,Linares,18912,numeric,regional_formula_block_order,130,159,160
2025-06,residential_2025-06,7,140,Longaví,7403,Longaví,3865,numeric,regional_formula_block_order,130,159,160
2025-06,residential_2025-06,7,141,Maule,7105,Maule,5468,numeric,regional_formula_block_order,130,159,160
2025-06,residential_2025-06,7,142,Molina,7304,Molina,5975,numeric,regional_formula_block_order,130,159,160
2025-06,residential_2025-06,7,143,Parral,7404,Parral,9883,numeric,regional_formula_block_order,130,159,160
2025-06,residential_2025-06,7,144,Pelarco,7106,Pelarco,371,numeric,regional_formula_block_order,130,159,160
2025-06,residential_2025-06,7,145,Pelluhue,7203,Pelluhue,1589,numeric,regional_formula_block_order,130,159,160
2025-06,residential_2025-06,7,146,Pencahue,7107,Pencahue,493,numeric,regional_formula_block_order,130,159,160
2025-06,residential_2025-06,7,147,Rauco,7305,Rauco,1335,numeric,regional_formula_block_order,130,159,160
2025-06,residential_2025-06,7,148,Retiro,7405,Retiro,3158,numeric,regional_formula_block_order,130,159,160
2025-06,residential_2025-06,7,149,Río Claro,7108,Río Claro,805,numeric,regional_formula_block_order,130,159,160
2025-06,residential_2025-06,7,150,Romeral,7306,Romeral,1868,numeric,regional_formula_block_order,130,159,160
2025-06,residential_2025-06,7,151,Sagrada Familia,7307,Sagrada Familia,255,numeric,regional_formula_block_order,130,159,160
2025-06,residential_2025-06,7,152,San Clemente,7109,San Clemente,5230,numeric,regional_formula_block_order,130,159,160
2025-06,residential_2025-06,7,153,San Javier,7406,San Javier,4960,numeric,regional_formula_block_order,130,159,160
2025-06,residential_2025-06,7,154,San Rafael,7110,San Rafael,706,numeric,regional_formula_block_order,130,159,160
2025-06,residential_2025-06,7,155,Talca,7101,Talca,68793,numeric,regional_formula_block_order,130,159,160
2025-06,residential_2025-06,7,156,Teno,7308,Teno,2377,numeric,regional_formula_block_order,130,159,160
2025-06,residential_2025-06,7,157,Vichuquén,7309,Vichuquén,683,numeric,regional_formula_block_order,130,159,160
2025-06,residential_2025-06,7,158,Villa Alegre,7407,Villa Alegre,1316,numeric,regional_formula_block_order,130,159,160
2025-06,residential_2025-06,7,159,Yerbas Buenas,7408,Yerbas Buenas,1048,numeric,regional_formula_block_order,130,159,160
2025-06,residential_2025-06,8,161,Alto Biobío,8314,Alto Biobío,157,numeric,regional_formula_block_order,161,193,194
2025-06,residential_2025-06,8,162,Antuco,8302,Antuco,162,numeric,regional_formula_block_order,161,193,194
2025-06,residential_2025-06,8,163,Arauco,8202,Arauco,8260,numeric,regional_formula_block_order,161,193,194
2025-06,residential_2025-06,8,164,Bulnes,8303,Cabrero,5384,numeric,regional_formula_block_order,161,193,194
2025-06,residential_2025-06,8,165,Cabrero,8203,Cañete,5135,numeric,regional_formula_block_order,161,193,194
2025-06,residential_2025-06,8,166,Cañete,8103,Chiguayante,26089,numeric,regional_formula_block_order,161,193,194
2025-06,residential_2025-06,8,167,Chiguayante,8101,Concepción,77108,numeric,regional_formula_block_order,161,193,194
2025-06,residential_2025-06,8,168,Chillán,8204,Contulmo,1064,numeric,regional_formula_block_order,161,193,194
2025-06,residential_2025-06,8,169,Chillán Viejo,8102,Coronel,36981,numeric,regional_formula_block_order,161,193,194
2025-06,residential_2025-06,8,170,Cobquecura,8205,Curanilahue,7731,numeric,regional_formula_block_order,161,193,194
2025-06,residential_2025-06,8,171,Coelemu,8104,Florida,1212,numeric,regional_formula_block_order,161,193,194
2025-06,residential_2025-06,8,172,Coihueco,8112,Hualpén,18614,numeric,regional_formula_block_order,161,193,194
2025-06,residential_2025-06,8,173,Concepción,8105,Hualqui,6061,numeric,regional_formula_block_order,161,193,194
2025-06,residential_2025-06,8,174,Contulmo,8304,Laja,4039,numeric,regional_formula_block_order,161,193,194
2025-06,residential_2025-06,8,175,Coronel,8201,Lebu,6010,numeric,regional_formula_block_order,161,193,194
2025-06,residential_2025-06,8,176,Curanilahue,8206,Los Álamos,5096,numeric,regional_formula_block_order,161,193,194
2025-06,residential_2025-06,8,177,El Carmen,8301,Los Ángeles,44942,numeric,regional_formula_block_order,161,193,194
2025-06,residential_2025-06,8,178,Florida,8106,Lota,11516,numeric,regional_formula_block_order,161,193,194
2025-06,residential_2025-06,8,179,Hualpén,8305,Mulchén,4932,numeric,regional_formula_block_order,161,193,194
2025-06,residential_2025-06,8,180,Hualqui,8306,Nacimiento,5516,numeric,regional_formula_block_order,161,193,194
2025-06,residential_2025-06,8,181,Laja,8307,Negrete,817,numeric,regional_formula_block_order,161,193,194
2025-06,residential_2025-06,8,182,Lebu,8107,Penco,13445,numeric,regional_formula_block_order,161,193,194
2025-06,residential_2025-06,8,183,Los Alamos,8308,Quilaco,516,numeric,regional_formula_block_order,161,193,194
2025-06,residential_2025-06,8,184,Los Angeles,8309,Quilleco,142,numeric,regional_formula_block_order,161,193,194
2025-06,residential_2025-06,8,185,Lota,8108,San Pedro de La paz,46354,numeric,regional_formula_block_order,161,193,194
2025-06,residential_2025-06,8,186,Mulchén,8310,San Rosendo,561,numeric,regional_formula_block_order,161,193,194
2025-06,residential_2025-06,8,187,Nacimiento,8311,Santa Bárbara,1816,numeric,regional_formula_block_order,161,193,194
2025-06,residential_2025-06,8,188,Negrete,8109,Santa Juana,2849,numeric,regional_formula_block_order,161,193,194
2025-06,residential_2025-06,8,189,Ninhue,8110,Talcahuano,51323,numeric,regional_formula_block_order,161,193,194
2025-06,residential_2025-06,8,190,Ñiquén,8207,Tirúa,290,numeric,regional_formula_block_order,161,193,194
2025-06,residential_2025-06,8,191,Pemuco,8111,Tomé,15664,numeric,regional_formula_block_order,161,193,194
2025-06,residential_2025-06,8,192,Penco,8312,Tucapel,3044,numeric,regional_formula_block_order,161,193,194
2025-06,residential_2025-06,8,193,Pinto,8313,Yumbel,3271,numeric,regional_formula_block_order,161,193,194
2025-06,residential_2025-06,9,195,Quilaco,9201,Angol,13719,numeric,regional_formula_block_order,195,226,227
2025-06,residential_2025-06,9,196,Quilleco,9102,Carahue,1777,numeric,regional_formula_block_order,195,226,227
2025-06,residential_2025-06,9,197,Quillón,9121,Cholchol,687,numeric,regional_formula_block_order,195,226,227
2025-06,residential_2025-06,9,198,Quirihue,9202,Collipulli,4069,numeric,regional_formula_block_order,195,226,227
2025-06,residential_2025-06,9,199,Ranquil,9103,Cunco,2646,numeric,regional_formula_block_order,195,226,227
2025-06,residential_2025-06,9,200,San Carlos,9203,Curacautín,3531,numeric,regional_formula_block_order,195,226,227
2025-06,residential_2025-06,9,201,San Fabián,9104,Curarrehue,284,numeric,regional_formula_block_order,195,226,227
2025-06,residential_2025-06,9,202,San Ignacio,9204,Ercilla,936,numeric,regional_formula_block_order,195,226,227
2025-06,residential_2025-06,9,203,San Nicolás,9105,Freire,2491,numeric,regional_formula_block_order,195,226,227
2025-06,residential_2025-06,9,204,San Pedro de la Paz,9106,Galvarino,747,numeric,regional_formula_block_order,195,226,227
2025-06,residential_2025-06,9,205,San Rosendo,9107,Gorbea,1674,numeric,regional_formula_block_order,195,226,227
2025-06,residential_2025-06,9,206,Santa Bárbara,9108,Lautaro,7694,numeric,regional_formula_block_order,195,226,227
2025-06,residential_2025-06,9,207,Santa Juana,9109,Loncoche,4432,numeric,regional_formula_block_order,195,226,227
2025-06,residential_2025-06,9,208,Talcahuano,9205,Lonquimay,282,numeric,regional_formula_block_order,195,226,227
2025-06,residential_2025-06,9,209,Tirúa,9206,Los Sauces,1084,numeric,regional_formula_block_order,195,226,227
2025-06,residential_2025-06,9,210,Tomé,9207,Lumaco,269,numeric,regional_formula_block_order,195,226,227
2025-06,residential_2025-06,9,211,Treguaco,9110,Melipeuco,192,numeric,regional_formula_block_order,195,226,227
2025-06,residential_2025-06,9,212,Tucapel,9111,Nueva Imperial,4271,numeric,regional_formula_block_order,195,226,227
2025-06,residential_2025-06,9,213,Yumbel,9112,Padre Las Casas,10897,numeric,regional_formula_block_order,195,226,227
2025-06,residential_2025-06,9,214,Yungay,9113,Perquenco,810,numeric,regional_formula_block_order,195,226,227
2025-06,residential_2025-06,9,215,,9114,Pitrufquén,5119,numeric,regional_formula_block_order,195,226,227
2025-06,residential_2025-06,9,216,Angol,9115,Pucón,6750,numeric,regional_formula_block_order,195,226,227
2025-06,residential_2025-06,9,217,Carahue,9208,Purén,1727,numeric,regional_formula_block_order,195,226,227
2025-06,residential_2025-06,9,218,Cholchol,9209,Renaico,1235,numeric,regional_formula_block_order,195,226,227
2025-06,residential_2025-06,9,219,Collipulli,9116,Saavedra,546,numeric,regional_formula_block_order,195,226,227
2025-06,residential_2025-06,9,220,Cunco,9101,Temuco,87373,numeric,regional_formula_block_order,195,226,227
2025-06,residential_2025-06,9,221,Curacautín,9117,Teodoro Schmidt,1323,numeric,regional_formula_block_order,195,226,227
2025-06,residential_2025-06,9,222,Curarrehue,9118,Toltén,616,numeric,regional_formula_block_order,195,226,227
2025-06,residential_2025-06,9,223,Ercilla,9210,Traiguén,3144,numeric,regional_formula_block_order,195,226,227
2025-06,residential_2025-06,9,224,Freire,9211,Victoria,8106,numeric,regional_formula_block_order,195,226,227
2025-06,residential_2025-06,9,225,Galvarino,9119,Vilcún,3494,numeric,regional_formula_block_order,195,226,227
2025-06,residential_2025-06,9,226,Gorbea,9120,Villarrica,15746,numeric,regional_formula_block_order,195,226,227
2025-06,residential_2025-06,10,228,Loncoche,10202,Ancud,6720,numeric,regional_formula_block_order,228,258,259
2025-06,residential_2025-06,10,229,Lonquimay,10102,Calbuco,4511,numeric,regional_formula_block_order,228,258,259
2025-06,residential_2025-06,10,230,Los Sauces,10201,Castro,9207,numeric,regional_formula_block_order,228,258,259
2025-06,residential_2025-06,10,231,Lumaco,10401,Chaitén,645,numeric,regional_formula_block_order,228,258,259
2025-06,residential_2025-06,10,232,Melipeuco,10203,Chonchi,1453,numeric,regional_formula_block_order,228,258,259
2025-06,residential_2025-06,10,233,Nueva Imperial,10103,Cochamó,357,numeric,regional_formula_block_order,228,258,259
2025-06,residential_2025-06,10,234,Padre Las Casas,10204,Curaco de Vélez,215,numeric,regional_formula_block_order,228,258,259
2025-06,residential_2025-06,10,235,Perquenco,10205,Dalcahue,1415,numeric,regional_formula_block_order,228,258,259
2025-06,residential_2025-06,10,236,Pitrufquén,10104,Fresia,1031,numeric,regional_formula_block_order,228,258,259
2025-06,residential_2025-06,10,237,Pucón,10105,Frutillar,4354,numeric,regional_formula_block_order,228,258,259
2025-06,residential_2025-06,10,238,Purén,10402,Futaleufú,697,numeric,regional_formula_block_order,228,258,259
2025-06,residential_2025-06,10,239,Renaico,10403,Hualaihué,579,numeric,regional_formula_block_order,228,258,259
2025-06,residential_2025-06,10,240,Saavedra,10107,Llanquihue,3753,numeric,regional_formula_block_order,228,258,259
2025-06,residential_2025-06,10,241,Temuco,10106,Los Muermos,1312,numeric,regional_formula_block_order,228,258,259
2025-06,residential_2025-06,10,242,Teodoro Schmidt,10108,Maullín,1193,numeric,regional_formula_block_order,228,258,259
2025-06,residential_2025-06,10,243,Toltén,10301,Osorno,43741,numeric,regional_formula_block_order,228,258,259
2025-06,residential_2025-06,10,244,Traiguén,10404,Palena,390,numeric,regional_formula_block_order,228,258,259
2025-06,residential_2025-06,10,245,Victoria,10101,Puerto Montt,65036,numeric,regional_formula_block_order,228,258,259
2025-06,residential_2025-06,10,246,Vilcún,10302,Puerto Octay,816,numeric,regional_formula_block_order,228,258,259
2025-06,residential_2025-06,10,247,Villarrica,10109,Puerto Varas,13393,numeric,regional_formula_block_order,228,258,259
2025-06,residential_2025-06,10,248,,10206,Puqueldón,143,numeric,regional_formula_block_order,228,258,259
2025-06,residential_2025-06,10,249,Ancud,10303,Purranque,3189,numeric,regional_formula_block_order,228,258,259
2025-06,residential_2025-06,10,250,Calbuco,10304,Puyehue,1265,numeric,regional_formula_block_order,228,258,259
2025-06,residential_2025-06,10,251,Castro,10207,Queilén,435,numeric,regional_formula_block_order,228,258,259
2025-06,residential_2025-06,10,252,Chaitén,10208,Quellón,3201,numeric,regional_formula_block_order,228,258,259
2025-06,residential_2025-06,10,253,Chonchi,10209,Quemchi,666,numeric,regional_formula_block_order,228,258,259
2025-06,residential_2025-06,10,254,Cochamó,10210,Quinchao,476,numeric,regional_formula_block_order,228,258,259
2025-06,residential_2025-06,10,255,Curaco de Vélez,10305,Río Negro,1775,numeric,regional_formula_block_order,228,258,259
2025-06,residential_2025-06,10,256,Dalcahue,10306,San Juan de la Costa,127,numeric,regional_formula_block_order,228,258,259
2025-06,residential_2025-06,10,257,Fresia,10307,San Pablo,1401,numeric,regional_formula_block_order,228,258,259
2025-06,residential_2025-06,11,260,Hualaihue,11201,Aysén,4894,numeric,regional_formula_block_order,260,270,271
2025-06,residential_2025-06,11,261,Llanquihue,11401,Chile Chico,675,numeric,regional_formula_block_order,260,270,271
2025-06,residential_2025-06,11,262,Los Muermos,11202,Cisnes,1369,numeric,regional_formula_block_order,260,270,271
2025-06,residential_2025-06,11,263,Maullín,11301,Cochrane,704,numeric,regional_formula_block_order,260,270,271
2025-06,residential_2025-06,11,264,Osorno,11101,Coyhaique,14112,numeric,regional_formula_block_order,260,270,271
2025-06,residential_2025-06,11,265,Palena,11203,Guaitecas,175,numeric,regional_formula_block_order,260,270,271
2025-06,residential_2025-06,11,266,Puerto Montt,11102,Lago Verde,116,numeric,regional_formula_block_order,260,270,271
2025-06,residential_2025-06,11,267,Puerto Octay,11302,O'Higgins,200,numeric,regional_formula_block_order,260,270,271
2025-06,residential_2025-06,11,268,Puerto Varas,11402,Río Ibáñez,411,numeric,regional_formula_block_order,260,270,271
2025-06,residential_2025-06,11,269,Puqueldón,11303,Tortel,22,numeric,regional_formula_block_order,260,270,271
2025-06,residential_2025-06,12,272,Queilén,12202,Antártica,9,numeric,regional_formula_block_order,272,282,283
2025-06,residential_2025-06,12,273,Quellón,12201,Cabo de Hornos,295,numeric,regional_formula_block_order,272,282,283
2025-06,residential_2025-06,12,274,Quemchi,12102,Laguna Blanca,39,numeric,regional_formula_block_order,272,282,283
2025-06,residential_2025-06,12,275,Quinchao,12401,Natales,7603,numeric,regional_formula_block_order,272,282,283
2025-06,residential_2025-06,12,276,Río Negro,12301,Porvenir,1795,numeric,regional_formula_block_order,272,282,283
2025-06,residential_2025-06,12,277,San Juan de la Costa,12302,Primavera,49,numeric,regional_formula_block_order,272,282,283
2025-06,residential_2025-06,12,278,San Pablo,12101,Punta Arenas,41088,numeric,regional_formula_block_order,272,282,283
2025-06,residential_2025-06,12,279,Sin clasificación,12103,Río Verde,,blank,regional_formula_block_order,272,282,283
2025-06,residential_2025-06,12,280,,12104,San Gregorio,60,numeric,regional_formula_block_order,272,282,283
2025-06,residential_2025-06,12,281,Aisén,12303,Timaukel,48,numeric,regional_formula_block_order,272,282,283
2025-06,residential_2025-06,12,282,Chile Chico,12402,Torres del Paine,120,numeric,regional_formula_block_order,272,282,283
2025-06,residential_2025-06,13,284,Cochrane,13502,Alhué,2700,numeric,regional_formula_block_order,284,336,337
2025-06,residential_2025-06,13,285,Coyhaique,13402,Buin,21378,numeric,regional_formula_block_order,284,336,337
2025-06,residential_2025-06,13,286,Guaitecas,13403,Calera de Tango,3753,numeric,regional_formula_block_order,284,336,337
2025-06,residential_2025-06,13,287,Lago Verde,13102,Cerrillos,21915,numeric,regional_formula_block_order,284,336,337
2025-06,residential_2025-06,13,288,O'Higgins,13103,Cerro Navia,28259,numeric,regional_formula_block_order,284,336,337
2025-06,residential_2025-06,13,289,Río Ibáñez,13301,Colina,37095,numeric,regional_formula_block_order,284,336,337
2025-06,residential_2025-06,13,290,Tortel,13104,Conchalí,29867,numeric,regional_formula_block_order,284,336,337
2025-06,residential_2025-06,13,291,Sin clasificación,13503,Curacaví,4097,numeric,regional_formula_block_order,284,336,337
2025-06,residential_2025-06,13,292,,13105,El Bosque,36928,numeric,regional_formula_block_order,284,336,337
2025-06,residential_2025-06,13,293,Antártica,13602,El Monte,6671,numeric,regional_formula_block_order,284,336,337
2025-06,residential_2025-06,13,294,Cabo de Hornos,13106,Estación Central,53162,numeric,regional_formula_block_order,284,336,337
2025-06,residential_2025-06,13,295,Laguna Blanca,13107,Huechuraba,25825,numeric,regional_formula_block_order,284,336,337
2025-06,residential_2025-06,13,296,Natales,13108,Independencia,32659,numeric,regional_formula_block_order,284,336,337
2025-06,residential_2025-06,13,297,Porvenir,13603,Isla de Maipo,6387,numeric,regional_formula_block_order,284,336,337
2025-06,residential_2025-06,13,298,Primavera,13109,La Cisterna,33996,numeric,regional_formula_block_order,284,336,337
2025-06,residential_2025-06,13,299,Punta Arenas,13110,La Florida,115142,numeric,regional_formula_block_order,284,336,337
2025-06,residential_2025-06,13,300,Río Verde,13111,La Granja,25602,numeric,regional_formula_block_order,284,336,337
2025-06,residential_2025-06,13,301,San Gregorio,13112,La Pintana,16230,numeric,regional_formula_block_order,284,336,337
2025-06,residential_2025-06,13,302,Timaukel,13113,La Reina,27331,numeric,regional_formula_block_order,284,336,337
2025-06,residential_2025-06,13,303,Torres del Paine,13302,Lampa,22409,numeric,regional_formula_block_order,284,336,337
2025-06,residential_2025-06,13,304,,13114,Las Condes,111691,numeric,regional_formula_block_order,284,336,337
2025-06,residential_2025-06,13,305,Alhué,13115,Lo Barnechea,28099,numeric,regional_formula_block_order,284,336,337
2025-06,residential_2025-06,13,306,Buin,13116,Lo Espejo,15247,numeric,regional_formula_block_order,284,336,337
2025-06,residential_2025-06,13,307,Calera de Tango,13117,Lo Prado,22095,numeric,regional_formula_block_order,284,336,337
2025-06,residential_2025-06,13,308,Cerrillos,13118,Macul,41646,numeric,regional_formula_block_order,284,336,337
2025-06,residential_2025-06,13,309,Cerro Navia,13119,Maipú,142607,numeric,regional_formula_block_order,284,336,337
2025-06,residential_2025-06,13,310,Colina,13504,María Pinto,2954,numeric,regional_formula_block_order,284,336,337
2025-06,residential_2025-06,13,311,Conchalí,13501,Melipilla,18917,numeric,regional_formula_block_order,284,336,337
2025-06,residential_2025-06,13,312,Curacaví,13120,Ñuñoa,102615,numeric,regional_formula_block_order,284,336,337
2025-06,residential_2025-06,13,313,El Bosque,13604,Padre Hurtado,20959,numeric,regional_formula_block_order,284,336,337
2025-06,residential_2025-06,13,314,El Monte,13404,Paine,8116,numeric,regional_formula_block_order,284,336,337
2025-06,residential_2025-06,13,315,Estación Central,13121,Pedro Aguirre Cerda,23117,numeric,regional_formula_block_order,284,336,337
2025-06,residential_2025-06,13,316,Huechuraba,13605,Peñaflor,22736,numeric,regional_formula_block_order,284,336,337
2025-06,residential_2025-06,13,317,Independencia,13122,Peñalolén,55307,numeric,regional_formula_block_order,284,336,337
2025-06,residential_2025-06,13,318,Isla de Maipo,13202,Pirque,4089,numeric,regional_formula_block_order,284,336,337
2025-06,residential_2025-06,13,319,La Cisterna,13123,Providencia,62937,numeric,regional_formula_block_order,284,336,337
2025-06,residential_2025-06,13,320,La Florida,13124,Pudahuel,57810,numeric,regional_formula_block_order,284,336,337
2025-06,residential_2025-06,13,321,La Granja,13201,Puente Alto,142499,numeric,regional_formula_block_order,284,336,337
2025-06,residential_2025-06,13,322,La Pintana,13125,Quilicura,48879,numeric,regional_formula_block_order,284,336,337
2025-06,residential_2025-06,13,323,La Reina,13126,Quinta Normal,33953,numeric,regional_formula_block_order,284,336,337
2025-06,residential_2025-06,13,324,Lampa,13127,Recoleta,36940,numeric,regional_formula_block_order,284,336,337
2025-06,residential_2025-06,13,325,Las Condes,13128,Renca,32383,numeric,regional_formula_block_order,284,336,337
2025-06,residential_2025-06,13,326,Lo Barnechea,13401,San Bernardo,66570,numeric,regional_formula_block_order,284,336,337
2025-06,residential_2025-06,13,327,Lo Espejo,13129,San Joaquín,24567,numeric,regional_formula_block_order,284,336,337
2025-06,residential_2025-06,13,328,Lo Prado,13203,San José de Maipo,1623,numeric,regional_formula_block_order,284,336,337
2025-06,residential_2025-06,13,329,Macul,13130,San Miguel,53801,numeric,regional_formula_block_order,284,336,337
2025-06,residential_2025-06,13,330,Maipú,13505,San Pedro,546,numeric,regional_formula_block_order,284,336,337
2025-06,residential_2025-06,13,331,María Pinto,13131,San Ramón,14643,numeric,regional_formula_block_order,284,336,337
2025-06,residential_2025-06,13,332,Melipilla,13101,Santiago,148875,numeric,regional_formula_block_order,284,336,337
2025-06,residential_2025-06,13,333,Ñuñoa,13601,Talagante,15387,numeric,regional_formula_block_order,284,336,337
2025-06,residential_2025-06,13,334,Padre Hurtado,13303,Tiltil,3498,numeric,regional_formula_block_order,284,336,337
2025-06,residential_2025-06,13,335,Paine,13132,Vitacura,31527,numeric,regional_formula_block_order,284,336,337
2025-06,residential_2025-06,14,338,Peñalolén,14102,Corral,387,numeric,regional_formula_block_order,338,349,350
2025-06,residential_2025-06,14,339,Pirque,14202,Futrono,1209,numeric,regional_formula_block_order,338,349,350
2025-06,residential_2025-06,14,340,Providencia,14201,La Unión,8333,numeric,regional_formula_block_order,338,349,350
2025-06,residential_2025-06,14,341,Pudahuel,14203,Lago Ranco,634,numeric,regional_formula_block_order,338,349,350
2025-06,residential_2025-06,14,342,Puente Alto,14103,Lanco,2539,numeric,regional_formula_block_order,338,349,350
2025-06,residential_2025-06,14,343,Quilicura,14104,Los Lagos,2245,numeric,regional_formula_block_order,338,349,350
2025-06,residential_2025-06,14,344,Quinta Normal,14105,Máfil,1039,numeric,regional_formula_block_order,338,349,350
2025-06,residential_2025-06,14,345,Recoleta,14106,Mariquina,3582,numeric,regional_formula_block_order,338,349,350
2025-06,residential_2025-06,14,346,Renca,14107,Paillaco,2730,numeric,regional_formula_block_order,338,349,350
2025-06,residential_2025-06,14,347,San Bernardo,14108,Panguipulli,4354,numeric,regional_formula_block_order,338,349,350
2025-06,residential_2025-06,14,348,San Joaquín,14204,Río Bueno,5200,numeric,regional_formula_block_order,338,349,350
2025-06,residential_2025-06,14,349,San José de Maipo,14101,Valdivia,47909,numeric,regional_formula_block_order,338,349,350
2025-06,residential_2025-06,15,351,San Pedro,15101,Arica,55887,numeric,regional_formula_block_order,351,354,355
2025-06,residential_2025-06,15,352,San Ramón,15102,Camarones,41,numeric,regional_formula_block_order,351,354,355
2025-06,residential_2025-06,15,353,Santiago,15202,General Lagos,102,numeric,regional_formula_block_order,351,354,355
2025-06,residential_2025-06,15,354,Talagante,15201,Putre,58,numeric,regional_formula_block_order,351,354,355
2025-06,residential_2025-06,16,356,Vitacura,16102,Bulnes,3414,numeric,regional_formula_block_order,356,376,377
2025-06,residential_2025-06,16,357,Sin clasificación,16101,Chillán,57405,numeric,regional_formula_block_order,356,376,377
2025-06,residential_2025-06,16,358,,16103,Chillán Viejo,4288,numeric,regional_formula_block_order,356,376,377
2025-06,residential_2025-06,16,359,Corral,16202,Cobquecura,726,numeric,regional_formula_block_order,356,376,377
2025-06,residential_2025-06,16,360,Futrono,16203,Coelemu,2605,numeric,regional_formula_block_order,356,376,377
2025-06,residential_2025-06,16,361,La Unión,16302,Coihueco,1488,numeric,regional_formula_block_order,356,376,377
2025-06,residential_2025-06,16,362,Lago Ranco,16104,El Carmen,572,numeric,regional_formula_block_order,356,376,377
2025-06,residential_2025-06,16,363,Lanco,16204,Ninhue,350,numeric,regional_formula_block_order,356,376,377
2025-06,residential_2025-06,16,364,Los Lagos,16303,Ñiquén,287,numeric,regional_formula_block_order,356,376,377
2025-06,residential_2025-06,16,365,Mafil,16105,Pemuco,792,numeric,regional_formula_block_order,356,376,377
2025-06,residential_2025-06,16,366,Mariquina,16106,Pinto,2185,numeric,regional_formula_block_order,356,376,377
2025-06,residential_2025-06,16,367,Paillaco,16205,Portezuelo,274,numeric,regional_formula_block_order,356,376,377
2025-06,residential_2025-06,16,368,Panguipulli,16107,Quillón,2986,numeric,regional_formula_block_order,356,376,377
2025-06,residential_2025-06,16,369,Río Bueno,16201,Quirihue,960,numeric,regional_formula_block_order,356,376,377
2025-06,residential_2025-06,16,370,Valdivia,16206,Ránquil,585,numeric,regional_formula_block_order,356,376,377
2025-06,residential_2025-06,16,371,,16301,San Carlos,8246,numeric,regional_formula_block_order,356,376,377
2025-06,residential_2025-06,16,372,Arica,16304,San Fabián,674,numeric,regional_formula_block_order,356,376,377
2025-06,residential_2025-06,16,373,Camarones,16108,San Ignacio,1107,numeric,regional_formula_block_order,356,376,377
2025-06,residential_2025-06,16,374,General Lagos,16305,San Nicolás,572,numeric,regional_formula_block_order,356,376,377
2025-06,residential_2025-06,16,375,Putre,16207,Trehuaco,427,numeric,regional_formula_block_order,356,376,377
2025-06,residential_2025-06,16,376,,16109,Yungay,2806,numeric,regional_formula_block_order,356,376,377
2026-06,total_2026-06,1,10,Alto Hospicio,1107,Alto Hospicio,25231,numeric,regional_formula_block_order,10,17,18
2026-06,total_2026-06,1,11,Camiña,1402,Camiña,65,numeric,regional_formula_block_order,10,17,18
2026-06,total_2026-06,1,12,Colchane,1403,Colchane,157,numeric,regional_formula_block_order,10,17,18
2026-06,total_2026-06,1,13,Huara,1404,Huara,374,numeric,regional_formula_block_order,10,17,18
2026-06,total_2026-06,1,14,Iquique,1101,Iquique,64702,numeric,regional_formula_block_order,10,17,18
2026-06,total_2026-06,1,15,Pica,1405,Pica,828,numeric,regional_formula_block_order,10,17,18
2026-06,total_2026-06,1,16,Pozo Almonte,1401,Pozo Almonte,2965,numeric,regional_formula_block_order,10,17,18
2026-06,total_2026-06,2,19,Antofagasta,2101,Antofagasta,121033,numeric,regional_formula_block_order,19,27,28
2026-06,total_2026-06,2,20,Calama,2201,Calama,48010,numeric,regional_formula_block_order,19,27,28
2026-06,total_2026-06,2,21,María Elena,2302,María Elena,1797,numeric,regional_formula_block_order,19,27,28
2026-06,total_2026-06,2,22,Mejillones,2102,Mejillones,3213,numeric,regional_formula_block_order,19,27,28
2026-06,total_2026-06,2,23,Ollagüe,2202,Ollagüe,74,numeric,regional_formula_block_order,19,27,28
2026-06,total_2026-06,2,24,San Pedro de Atacama,2203,San Pedro de Atacama,1792,numeric,regional_formula_block_order,19,27,28
2026-06,total_2026-06,2,25,Sierra Gorda,2103,Sierra Gorda,961,numeric,regional_formula_block_order,19,27,28
2026-06,total_2026-06,2,26,Taltal,2104,Taltal,3321,numeric,regional_formula_block_order,19,27,28
2026-06,total_2026-06,2,27,Tocopilla,2301,Tocopilla,6793,numeric,regional_formula_block_order,19,27,28
2026-06,total_2026-06,3,29,Alto Del Carmen,3302,Alto del Carmen,248,numeric,regional_formula_block_order,29,38,39
2026-06,total_2026-06,3,30,Caldera,3102,Caldera,5264,numeric,regional_formula_block_order,29,38,39
2026-06,total_2026-06,3,31,Chañaral,3201,Chañaral,2534,numeric,regional_formula_block_order,29,38,39
2026-06,total_2026-06,3,32,Copiapó,3101,Copiapó,46441,numeric,regional_formula_block_order,29,38,39
2026-06,total_2026-06,3,33,Diego de Almagro,3202,Diego de Almagro,2514,numeric,regional_formula_block_order,29,38,39
2026-06,total_2026-06,3,34,Freirina,3303,Freirina,402,numeric,regional_formula_block_order,29,38,39
2026-06,total_2026-06,3,35,Huasco,3304,Huasco,1654,numeric,regional_formula_block_order,29,38,39
2026-06,total_2026-06,3,36,Tierra Amarilla,3103,Tierra Amarilla,2386,numeric,regional_formula_block_order,29,38,39
2026-06,total_2026-06,3,37,Vallenar,3301,Vallenar,14239,numeric,regional_formula_block_order,29,38,39
2026-06,total_2026-06,4,40,Andacollo,4103,Andacollo,1763,numeric,regional_formula_block_order,40,55,56
2026-06,total_2026-06,4,41,Canela,4202,Canela,1227,numeric,regional_formula_block_order,40,55,56
2026-06,total_2026-06,4,42,Combarbalá,4302,Combarbalá,1482,numeric,regional_formula_block_order,40,55,56
2026-06,total_2026-06,4,43,Coquimbo,4102,Coquimbo,75055,numeric,regional_formula_block_order,40,55,56
2026-06,total_2026-06,4,44,Illapel,4201,Illapel,5407,numeric,regional_formula_block_order,40,55,56
2026-06,total_2026-06,4,45,La Higuera,4104,La Higuera,478,numeric,regional_formula_block_order,40,55,56
2026-06,total_2026-06,4,46,La Serena,4101,La Serena,81410,numeric,regional_formula_block_order,40,55,56
2026-06,total_2026-06,4,47,Los Vilos,4203,Los Vilos,6007,numeric,regional_formula_block_order,40,55,56
2026-06,total_2026-06,4,48,Monte Patria,4303,Monte Patria,2417,numeric,regional_formula_block_order,40,55,56
2026-06,total_2026-06,4,49,Ovalle,4301,Ovalle,21590,numeric,regional_formula_block_order,40,55,56
2026-06,total_2026-06,4,50,Paihuano,4105,Paihuano,209,numeric,regional_formula_block_order,40,55,56
2026-06,total_2026-06,4,51,Punitaqui,4304,Punitaqui,1301,numeric,regional_formula_block_order,40,55,56
2026-06,total_2026-06,4,52,Río Hurtado,4305,Río Hurtado,186,numeric,regional_formula_block_order,40,55,56
2026-06,total_2026-06,4,53,Salamanca,4204,Salamanca,2361,numeric,regional_formula_block_order,40,55,56
2026-06,total_2026-06,4,54,Vicuña,4106,Vicuña,3295,numeric,regional_formula_block_order,40,55,56
2026-06,total_2026-06,5,57,Algarrobo,5602,Algarrobo,8951,numeric,regional_formula_block_order,57,94,95
2026-06,total_2026-06,5,58,Cabildo,5402,Cabildo,2592,numeric,regional_formula_block_order,57,94,95
2026-06,total_2026-06,5,59,Calera,5502,Calera,13396,numeric,regional_formula_block_order,57,94,95
2026-06,total_2026-06,5,60,Calle Larga,5302,Calle Larga,4448,numeric,regional_formula_block_order,57,94,95
2026-06,total_2026-06,5,61,Cartagena,5603,Cartagena,7166,numeric,regional_formula_block_order,57,94,95
2026-06,total_2026-06,5,62,Casablanca,5102,Casablanca,6291,numeric,regional_formula_block_order,57,94,95
2026-06,total_2026-06,5,63,Catemu,5702,Catemu,1958,numeric,regional_formula_block_order,57,94,95
2026-06,total_2026-06,5,64,Concón,5103,Concón,20623,numeric,regional_formula_block_order,57,94,95
2026-06,total_2026-06,5,65,El Quisco,5604,El Quisco,8708,numeric,regional_formula_block_order,57,94,95
2026-06,total_2026-06,5,66,El Tabo,5605,El Tabo,7061,numeric,regional_formula_block_order,57,94,95
2026-06,total_2026-06,5,67,Hijuelas,5503,Hijuelas,3906,numeric,regional_formula_block_order,57,94,95
2026-06,total_2026-06,5,68,Isla de Pascua,5201,Isla de Pascua,2673,numeric,regional_formula_block_order,57,94,95
2026-06,total_2026-06,5,69,Juan Fernández,5104,Juan Fernández,241,numeric,regional_formula_block_order,57,94,95
2026-06,total_2026-06,5,70,La Cruz,5504,La Cruz,7470,numeric,regional_formula_block_order,57,94,95
2026-06,total_2026-06,5,71,La Ligua,5401,La Ligua,8068,numeric,regional_formula_block_order,57,94,95
2026-06,total_2026-06,5,72,Limache,5802,Limache,14901,numeric,regional_formula_block_order,57,94,95
2026-06,total_2026-06,5,73,Llaillay,5703,Llaillay,5943,numeric,regional_formula_block_order,57,94,95
2026-06,total_2026-06,5,74,Los Andes,5301,Los Andes,22450,numeric,regional_formula_block_order,57,94,95
2026-06,total_2026-06,5,75,Nogales,5506,Nogales,4612,numeric,regional_formula_block_order,57,94,95
2026-06,total_2026-06,5,76,Olmué,5803,Olmué,4735,numeric,regional_formula_block_order,57,94,95
2026-06,total_2026-06,5,77,Panquehue,5704,Panquehue,1692,numeric,regional_formula_block_order,57,94,95
2026-06,total_2026-06,5,78,Papudo,5403,Papudo,2755,numeric,regional_formula_block_order,57,94,95
2026-06,total_2026-06,5,79,Petorca,5404,Petorca,375,numeric,regional_formula_block_order,57,94,95
2026-06,total_2026-06,5,80,Puchuncaví,5105,Puchuncaví,8824,numeric,regional_formula_block_order,57,94,95
2026-06,total_2026-06,5,81,Putaendo,5705,Putaendo,2834,numeric,regional_formula_block_order,57,94,95
2026-06,total_2026-06,5,82,Quillota,5501,Quillota,27393,numeric,regional_formula_block_order,57,94,95
2026-06,total_2026-06,5,83,Quilpué,5801,Quilpué,55662,numeric,regional_formula_block_order,57,94,95
2026-06,total_2026-06,5,84,Quintero,5107,Quintero,9370,numeric,regional_formula_block_order,57,94,95
2026-06,total_2026-06,5,85,Rinconada,5303,Rinconada,3044,numeric,regional_formula_block_order,57,94,95
2026-06,total_2026-06,5,86,San Antonio,5601,San Antonio,25236,numeric,regional_formula_block_order,57,94,95
2026-06,total_2026-06,5,87,San Esteban,5304,San Esteban,4196,numeric,regional_formula_block_order,57,94,95
2026-06,total_2026-06,5,88,San Felipe,5701,San Felipe,21552,numeric,regional_formula_block_order,57,94,95
2026-06,total_2026-06,5,89,Santa María,5706,Santa María,2826,numeric,regional_formula_block_order,57,94,95
2026-06,total_2026-06,5,90,Santo Domingo,5606,Santo Domingo,5173,numeric,regional_formula_block_order,57,94,95
2026-06,total_2026-06,5,91,Valparaíso,5101,Valparaíso,88564,numeric,regional_formula_block_order,57,94,95
2026-06,total_2026-06,5,92,Villa Alemana,5804,Villa Alemana,51817,numeric,regional_formula_block_order,57,94,95
2026-06,total_2026-06,5,93,Viña del Mar,5109,Viña del Mar,126457,numeric,regional_formula_block_order,57,94,95
2026-06,total_2026-06,5,94,Zapallar,5405,Zapallar,3423,numeric,regional_formula_block_order,57,94,95
2026-06,total_2026-06,6,96,Chépica,6302,Chépica,1118,numeric,regional_formula_block_order,96,128,129
2026-06,total_2026-06,6,97,Chimbarongo,6303,Chimbarongo,3667,numeric,regional_formula_block_order,96,128,129
2026-06,total_2026-06,6,98,Codegua,6102,Codegua,1806,numeric,regional_formula_block_order,96,128,129
2026-06,total_2026-06,6,99,Coinco,6103,Coinco,1553,numeric,regional_formula_block_order,96,128,129
2026-06,total_2026-06,6,100,Coltauco,6104,Coltauco,3793,numeric,regional_formula_block_order,96,128,129
2026-06,total_2026-06,6,101,Doñihue,6105,Doñihue,4443,numeric,regional_formula_block_order,96,128,129
2026-06,total_2026-06,6,102,Graneros,6106,Graneros,9082,numeric,regional_formula_block_order,96,128,129
2026-06,total_2026-06,6,103,La Estrella,6202,La Estrella,616,numeric,regional_formula_block_order,96,128,129
2026-06,total_2026-06,6,104,Las Cabras,6107,Las Cabras,2265,numeric,regional_formula_block_order,96,128,129
2026-06,total_2026-06,6,105,Litueche,6203,Litueche,1299,numeric,regional_formula_block_order,96,128,129
2026-06,total_2026-06,6,106,Lolol,6304,Lolol,674,numeric,regional_formula_block_order,96,128,129
2026-06,total_2026-06,6,107,Machalí,6108,Machalí,17999,numeric,regional_formula_block_order,96,128,129
2026-06,total_2026-06,6,108,Malloa,6109,Malloa,1304,numeric,regional_formula_block_order,96,128,129
2026-06,total_2026-06,6,109,Marchihue,6204,Marchihue,677,numeric,regional_formula_block_order,96,128,129
2026-06,total_2026-06,6,110,Mostazal,6110,Mostazal,4793,numeric,regional_formula_block_order,96,128,129
2026-06,total_2026-06,6,111,Nancagua,6305,Nancagua,2480,numeric,regional_formula_block_order,96,128,129
2026-06,total_2026-06,6,112,Navidad,6205,Navidad,2266,numeric,regional_formula_block_order,96,128,129
2026-06,total_2026-06,6,113,Olivar,6111,Olivar,2612,numeric,regional_formula_block_order,96,128,129
2026-06,total_2026-06,6,114,Palmilla,6306,Palmilla,543,numeric,regional_formula_block_order,96,128,129
2026-06,total_2026-06,6,115,Paredones,6206,Paredones,290,numeric,regional_formula_block_order,96,128,129
2026-06,total_2026-06,6,116,Peralillo,6307,Peralillo,937,numeric,regional_formula_block_order,96,128,129
2026-06,total_2026-06,6,117,Peumo,6112,Peumo,1525,numeric,regional_formula_block_order,96,128,129
2026-06,total_2026-06,6,118,Pichidegua,6113,Pichidegua,1834,numeric,regional_formula_block_order,96,128,129
2026-06,total_2026-06,6,119,Pichilemu,6201,Pichilemu,5979,numeric,regional_formula_block_order,96,128,129
2026-06,total_2026-06,6,120,Placilla,6308,Placilla,347,numeric,regional_formula_block_order,96,128,129
2026-06,total_2026-06,6,121,Pumanque,6309,Pumanque,157,numeric,regional_formula_block_order,96,128,129
2026-06,total_2026-06,6,122,Quinta de Tilcoco,6114,Quinta de Tilcoco,2355,numeric,regional_formula_block_order,96,128,129
2026-06,total_2026-06,6,123,Rancagua,6101,Rancagua,78084,numeric,regional_formula_block_order,96,128,129
2026-06,total_2026-06,6,124,Rengo,6115,Rengo,15287,numeric,regional_formula_block_order,96,128,129
2026-06,total_2026-06,6,125,Requinoa,6116,Requínoa,4411,numeric,regional_formula_block_order,96,128,129
2026-06,total_2026-06,6,126,San Fernando,6301,San Fernando,18659,numeric,regional_formula_block_order,96,128,129
2026-06,total_2026-06,6,127,San Vicente,6117,San Vicente,6561,numeric,regional_formula_block_order,96,128,129
2026-06,total_2026-06,6,128,Santa Cruz,6310,Santa Cruz,7234,numeric,regional_formula_block_order,96,128,129
2026-06,total_2026-06,7,130,Cauquenes,7201,Cauquenes,9732,numeric,regional_formula_block_order,130,159,160
2026-06,total_2026-06,7,131,Chanco,7202,Chanco,432,numeric,regional_formula_block_order,130,159,160
2026-06,total_2026-06,7,132,Colbún,7402,Colbún,1605,numeric,regional_formula_block_order,130,159,160
2026-06,total_2026-06,7,133,Constitución,7102,Constitución,8172,numeric,regional_formula_block_order,130,159,160
2026-06,total_2026-06,7,134,Curepto,7103,Curepto,403,numeric,regional_formula_block_order,130,159,160
2026-06,total_2026-06,7,135,Curicó,7301,Curicó,47519,numeric,regional_formula_block_order,130,159,160
2026-06,total_2026-06,7,136,Empedrado,7104,Empedrado,289,numeric,regional_formula_block_order,130,159,160
2026-06,total_2026-06,7,137,Hualañé,7302,Hualañé,939,numeric,regional_formula_block_order,130,159,160
2026-06,total_2026-06,7,138,Licantén,7303,Licantén,1493,numeric,regional_formula_block_order,130,159,160
2026-06,total_2026-06,7,139,Linares,7401,Linares,20262,numeric,regional_formula_block_order,130,159,160
2026-06,total_2026-06,7,140,Longaví,7403,Longaví,4307,numeric,regional_formula_block_order,130,159,160
2026-06,total_2026-06,7,141,Maule,7105,Maule,10104,numeric,regional_formula_block_order,130,159,160
2026-06,total_2026-06,7,142,Molina,7304,Molina,6141,numeric,regional_formula_block_order,130,159,160
2026-06,total_2026-06,7,143,Parral,7404,Parral,11910,numeric,regional_formula_block_order,130,159,160
2026-06,total_2026-06,7,144,Pelarco,7106,Pelarco,418,numeric,regional_formula_block_order,130,159,160
2026-06,total_2026-06,7,145,Pelluhue,7203,Pelluhue,1812,numeric,regional_formula_block_order,130,159,160
2026-06,total_2026-06,7,146,Pencahue,7107,Pencahue,602,numeric,regional_formula_block_order,130,159,160
2026-06,total_2026-06,7,147,Rauco,7305,Rauco,1339,numeric,regional_formula_block_order,130,159,160
2026-06,total_2026-06,7,148,Retiro,7405,Retiro,3722,numeric,regional_formula_block_order,130,159,160
2026-06,total_2026-06,7,149,Río Claro,7108,Río Claro,892,numeric,regional_formula_block_order,130,159,160
2026-06,total_2026-06,7,150,Romeral,7306,Romeral,3061,numeric,regional_formula_block_order,130,159,160
2026-06,total_2026-06,7,151,Sagrada Familia,7307,Sagrada Familia,309,numeric,regional_formula_block_order,130,159,160
2026-06,total_2026-06,7,152,San Clemente,7109,San Clemente,5496,numeric,regional_formula_block_order,130,159,160
2026-06,total_2026-06,7,153,San Javier,7406,San Javier,5663,numeric,regional_formula_block_order,130,159,160
2026-06,total_2026-06,7,154,San Rafael,7110,San Rafael,776,numeric,regional_formula_block_order,130,159,160
2026-06,total_2026-06,7,155,Talca,7101,Talca,68294,numeric,regional_formula_block_order,130,159,160
2026-06,total_2026-06,7,156,Teno,7308,Teno,2557,numeric,regional_formula_block_order,130,159,160
2026-06,total_2026-06,7,157,Vichuquén,7309,Vichuquén,822,numeric,regional_formula_block_order,130,159,160
2026-06,total_2026-06,7,158,Villa Alegre,7407,Villa Alegre,1452,numeric,regional_formula_block_order,130,159,160
2026-06,total_2026-06,7,159,Yerbas Buenas,7408,Yerbas Buenas,1838,numeric,regional_formula_block_order,130,159,160
2026-06,total_2026-06,8,161,Alto Biobío,8314,Alto Biobío,423,numeric,regional_formula_block_order,161,193,194
2026-06,total_2026-06,8,162,Antuco,8302,Antuco,206,numeric,regional_formula_block_order,161,193,194
2026-06,total_2026-06,8,163,Arauco,8202,Arauco,8672,numeric,regional_formula_block_order,161,193,194
2026-06,total_2026-06,8,164,Bulnes,8303,Cabrero,5743,numeric,regional_formula_block_order,161,193,194
2026-06,total_2026-06,8,165,Cabrero,8203,Cañete,5569,numeric,regional_formula_block_order,161,193,194
2026-06,total_2026-06,8,166,Cañete,8103,Chiguayante,26965,numeric,regional_formula_block_order,161,193,194
2026-06,total_2026-06,8,167,Chiguayante,8101,Concepción,100262,numeric,regional_formula_block_order,161,193,194
2026-06,total_2026-06,8,168,Chillán,8204,Contulmo,1116,numeric,regional_formula_block_order,161,193,194
2026-06,total_2026-06,8,169,Chillán Viejo,8102,Coronel,38651,numeric,regional_formula_block_order,161,193,194
2026-06,total_2026-06,8,170,Cobquecura,8205,Curanilahue,8307,numeric,regional_formula_block_order,161,193,194
2026-06,total_2026-06,8,171,Coelemu,8104,Florida,1582,numeric,regional_formula_block_order,161,193,194
2026-06,total_2026-06,8,172,Coihueco,8112,Hualpén,28970,numeric,regional_formula_block_order,161,193,194
2026-06,total_2026-06,8,173,Concepción,8105,Hualqui,6704,numeric,regional_formula_block_order,161,193,194
2026-06,total_2026-06,8,174,Contulmo,8304,Laja,4278,numeric,regional_formula_block_order,161,193,194
2026-06,total_2026-06,8,175,Coronel,8201,Lebu,6552,numeric,regional_formula_block_order,161,193,194
2026-06,total_2026-06,8,176,Curanilahue,8206,Los Álamos,4932,numeric,regional_formula_block_order,161,193,194
2026-06,total_2026-06,8,177,El Carmen,8301,Los Ángeles,60498,numeric,regional_formula_block_order,161,193,194
2026-06,total_2026-06,8,178,Florida,8106,Lota,11483,numeric,regional_formula_block_order,161,193,194
2026-06,total_2026-06,8,179,Hualpén,8305,Mulchén,5073,numeric,regional_formula_block_order,161,193,194
2026-06,total_2026-06,8,180,Hualqui,8306,Nacimiento,5767,numeric,regional_formula_block_order,161,193,194
2026-06,total_2026-06,8,181,Laja,8307,Negrete,892,numeric,regional_formula_block_order,161,193,194
2026-06,total_2026-06,8,182,Lebu,8107,Penco,13125,numeric,regional_formula_block_order,161,193,194
2026-06,total_2026-06,8,183,Los Alamos,8308,Quilaco,583,numeric,regional_formula_block_order,161,193,194
2026-06,total_2026-06,8,184,Los Angeles,8309,Quilleco,207,numeric,regional_formula_block_order,161,193,194
2026-06,total_2026-06,8,185,Lota,8108,San Pedro de La paz,52403,numeric,regional_formula_block_order,161,193,194
2026-06,total_2026-06,8,186,Mulchén,8310,San Rosendo,540,numeric,regional_formula_block_order,161,193,194
2026-06,total_2026-06,8,187,Nacimiento,8311,Santa Bárbara,2131,numeric,regional_formula_block_order,161,193,194
2026-06,total_2026-06,8,188,Negrete,8109,Santa Juana,3413,numeric,regional_formula_block_order,161,193,194
2026-06,total_2026-06,8,189,Ninhue,8110,Talcahuano,47611,numeric,regional_formula_block_order,161,193,194
2026-06,total_2026-06,8,190,Ñiquén,8207,Tirúa,446,numeric,regional_formula_block_order,161,193,194
2026-06,total_2026-06,8,191,Pemuco,8111,Tomé,18301,numeric,regional_formula_block_order,161,193,194
2026-06,total_2026-06,8,192,Penco,8312,Tucapel,3089,numeric,regional_formula_block_order,161,193,194
2026-06,total_2026-06,8,193,Pinto,8313,Yumbel,3659,numeric,regional_formula_block_order,161,193,194
2026-06,total_2026-06,9,195,Quilaco,9201,Angol,14609,numeric,regional_formula_block_order,195,226,227
2026-06,total_2026-06,9,196,Quilleco,9102,Carahue,1886,numeric,regional_formula_block_order,195,226,227
2026-06,total_2026-06,9,197,Quillón,9121,Cholchol,827,numeric,regional_formula_block_order,195,226,227
2026-06,total_2026-06,9,198,Quirihue,9202,Collipulli,4313,numeric,regional_formula_block_order,195,226,227
2026-06,total_2026-06,9,199,Ranquil,9103,Cunco,3059,numeric,regional_formula_block_order,195,226,227
2026-06,total_2026-06,9,200,San Carlos,9203,Curacautín,3900,numeric,regional_formula_block_order,195,226,227
2026-06,total_2026-06,9,201,San Fabián,9104,Curarrehue,417,numeric,regional_formula_block_order,195,226,227
2026-06,total_2026-06,9,202,San Ignacio,9204,Ercilla,1004,numeric,regional_formula_block_order,195,226,227
2026-06,total_2026-06,9,203,San Nicolás,9105,Freire,2810,numeric,regional_formula_block_order,195,226,227
2026-06,total_2026-06,9,204,San Pedro de la Paz,9106,Galvarino,865,numeric,regional_formula_block_order,195,226,227
2026-06,total_2026-06,9,205,San Rosendo,9107,Gorbea,1924,numeric,regional_formula_block_order,195,226,227
2026-06,total_2026-06,9,206,Santa Bárbara,9108,Lautaro,8187,numeric,regional_formula_block_order,195,226,227
2026-06,total_2026-06,9,207,Santa Juana,9109,Loncoche,4920,numeric,regional_formula_block_order,195,226,227
2026-06,total_2026-06,9,208,Talcahuano,9205,Lonquimay,392,numeric,regional_formula_block_order,195,226,227
2026-06,total_2026-06,9,209,Tirúa,9206,Los Sauces,1084,numeric,regional_formula_block_order,195,226,227
2026-06,total_2026-06,9,210,Tomé,9207,Lumaco,417,numeric,regional_formula_block_order,195,226,227
2026-06,total_2026-06,9,211,Treguaco,9110,Melipeuco,303,numeric,regional_formula_block_order,195,226,227
2026-06,total_2026-06,9,212,Tucapel,9111,Nueva Imperial,4812,numeric,regional_formula_block_order,195,226,227
2026-06,total_2026-06,9,213,Yumbel,9112,Padre Las Casas,11763,numeric,regional_formula_block_order,195,226,227
2026-06,total_2026-06,9,214,Yungay,9113,Perquenco,868,numeric,regional_formula_block_order,195,226,227
2026-06,total_2026-06,9,215,,9114,Pitrufquén,7994,numeric,regional_formula_block_order,195,226,227
2026-06,total_2026-06,9,216,Angol,9115,Pucón,8008,numeric,regional_formula_block_order,195,226,227
2026-06,total_2026-06,9,217,Carahue,9208,Purén,1767,numeric,regional_formula_block_order,195,226,227
2026-06,total_2026-06,9,218,Cholchol,9209,Renaico,1363,numeric,regional_formula_block_order,195,226,227
2026-06,total_2026-06,9,219,Collipulli,9116,Saavedra,630,numeric,regional_formula_block_order,195,226,227
2026-06,total_2026-06,9,220,Cunco,9101,Temuco,98763,numeric,regional_formula_block_order,195,226,227
2026-06,total_2026-06,9,221,Curacautín,9117,Teodoro Schmidt,1411,numeric,regional_formula_block_order,195,226,227
2026-06,total_2026-06,9,222,Curarrehue,9118,Toltén,1320,numeric,regional_formula_block_order,195,226,227
2026-06,total_2026-06,9,223,Ercilla,9210,Traiguén,3258,numeric,regional_formula_block_order,195,226,227
2026-06,total_2026-06,9,224,Freire,9211,Victoria,9447,numeric,regional_formula_block_order,195,226,227
2026-06,total_2026-06,9,225,Galvarino,9119,Vilcún,4001,numeric,regional_formula_block_order,195,226,227
2026-06,total_2026-06,9,226,Gorbea,9120,Villarrica,17725,numeric,regional_formula_block_order,195,226,227
2026-06,total_2026-06,10,228,Loncoche,10202,Ancud,7788,numeric,regional_formula_block_order,228,258,259
2026-06,total_2026-06,10,229,Lonquimay,10102,Calbuco,5408,numeric,regional_formula_block_order,228,258,259
2026-06,total_2026-06,10,230,Los Sauces,10201,Castro,10408,numeric,regional_formula_block_order,228,258,259
2026-06,total_2026-06,10,231,Lumaco,10401,Chaitén,914,numeric,regional_formula_block_order,228,258,259
2026-06,total_2026-06,10,232,Melipeuco,10203,Chonchi,1748,numeric,regional_formula_block_order,228,258,259
2026-06,total_2026-06,10,233,Nueva Imperial,10103,Cochamó,563,numeric,regional_formula_block_order,228,258,259
2026-06,total_2026-06,10,234,Padre Las Casas,10204,Curaco de Vélez,256,numeric,regional_formula_block_order,228,258,259
2026-06,total_2026-06,10,235,Perquenco,10205,Dalcahue,1714,numeric,regional_formula_block_order,228,258,259
2026-06,total_2026-06,10,236,Pitrufquén,10104,Fresia,1341,numeric,regional_formula_block_order,228,258,259
2026-06,total_2026-06,10,237,Pucón,10105,Frutillar,4931,numeric,regional_formula_block_order,228,258,259
2026-06,total_2026-06,10,238,Purén,10402,Futaleufú,875,numeric,regional_formula_block_order,228,258,259
2026-06,total_2026-06,10,239,Renaico,10403,Hualaihué,785,numeric,regional_formula_block_order,228,258,259
2026-06,total_2026-06,10,240,Saavedra,10107,Llanquihue,4049,numeric,regional_formula_block_order,228,258,259
2026-06,total_2026-06,10,241,Temuco,10106,Los Muermos,1669,numeric,regional_formula_block_order,228,258,259
2026-06,total_2026-06,10,242,Teodoro Schmidt,10108,Maullín,1562,numeric,regional_formula_block_order,228,258,259
2026-06,total_2026-06,10,243,Toltén,10301,Osorno,46212,numeric,regional_formula_block_order,228,258,259
2026-06,total_2026-06,10,244,Traiguén,10404,Palena,473,numeric,regional_formula_block_order,228,258,259
2026-06,total_2026-06,10,245,Victoria,10101,Puerto Montt,68838,numeric,regional_formula_block_order,228,258,259
2026-06,total_2026-06,10,246,Vilcún,10302,Puerto Octay,1083,numeric,regional_formula_block_order,228,258,259
2026-06,total_2026-06,10,247,Villarrica,10109,Puerto Varas,14722,numeric,regional_formula_block_order,228,258,259
2026-06,total_2026-06,10,248,,10206,Puqueldón,207,numeric,regional_formula_block_order,228,258,259
2026-06,total_2026-06,10,249,Ancud,10303,Purranque,3521,numeric,regional_formula_block_order,228,258,259
2026-06,total_2026-06,10,250,Calbuco,10304,Puyehue,1604,numeric,regional_formula_block_order,228,258,259
2026-06,total_2026-06,10,251,Castro,10207,Queilén,534,numeric,regional_formula_block_order,228,258,259
2026-06,total_2026-06,10,252,Chaitén,10208,Quellón,3675,numeric,regional_formula_block_order,228,258,259
2026-06,total_2026-06,10,253,Chonchi,10209,Quemchi,830,numeric,regional_formula_block_order,228,258,259
2026-06,total_2026-06,10,254,Cochamó,10210,Quinchao,632,numeric,regional_formula_block_order,228,258,259
2026-06,total_2026-06,10,255,Curaco de Vélez,10305,Río Negro,1996,numeric,regional_formula_block_order,228,258,259
2026-06,total_2026-06,10,256,Dalcahue,10306,San Juan de la Costa,244,numeric,regional_formula_block_order,228,258,259
2026-06,total_2026-06,10,257,Fresia,10307,San Pablo,1606,numeric,regional_formula_block_order,228,258,259
2026-06,total_2026-06,11,260,Hualaihue,11201,Aysén,5748,numeric,regional_formula_block_order,260,270,271
2026-06,total_2026-06,11,261,Llanquihue,11401,Chile Chico,845,numeric,regional_formula_block_order,260,270,271
2026-06,total_2026-06,11,262,Los Muermos,11202,Cisnes,1638,numeric,regional_formula_block_order,260,270,271
2026-06,total_2026-06,11,263,Maullín,11301,Cochrane,835,numeric,regional_formula_block_order,260,270,271
2026-06,total_2026-06,11,264,Osorno,11101,Coyhaique,15785,numeric,regional_formula_block_order,260,270,271
2026-06,total_2026-06,11,265,Palena,11203,Guaitecas,345,numeric,regional_formula_block_order,260,270,271
2026-06,total_2026-06,11,266,Puerto Montt,11102,Lago Verde,189,numeric,regional_formula_block_order,260,270,271
2026-06,total_2026-06,11,267,Puerto Octay,11302,O'Higgins,272,numeric,regional_formula_block_order,260,270,271
2026-06,total_2026-06,11,268,Puerto Varas,11402,Río Ibáñez,581,numeric,regional_formula_block_order,260,270,271
2026-06,total_2026-06,11,269,Puqueldón,11303,Tortel,56,numeric,regional_formula_block_order,260,270,271
2026-06,total_2026-06,12,272,Queilén,12202,Antártica,,blank,regional_formula_block_order,272,282,283
2026-06,total_2026-06,12,273,Quellón,12201,Cabo de Hornos,447,numeric,regional_formula_block_order,272,282,283
2026-06,total_2026-06,12,274,Quemchi,12102,Laguna Blanca,44,numeric,regional_formula_block_order,272,282,283
2026-06,total_2026-06,12,275,Quinchao,12401,Natales,8988,numeric,regional_formula_block_order,272,282,283
2026-06,total_2026-06,12,276,Río Negro,12301,Porvenir,2167,numeric,regional_formula_block_order,272,282,283
2026-06,total_2026-06,12,277,San Juan de la Costa,12302,Primavera,111,numeric,regional_formula_block_order,272,282,283
2026-06,total_2026-06,12,278,San Pablo,12101,Punta Arenas,44813,numeric,regional_formula_block_order,272,282,283
2026-06,total_2026-06,12,279,Sin clasificación,12103,Río Verde,86,numeric,regional_formula_block_order,272,282,283
2026-06,total_2026-06,12,280,,12104,San Gregorio,129,numeric,regional_formula_block_order,272,282,283
2026-06,total_2026-06,12,281,Aisén,12303,Timaukel,69,numeric,regional_formula_block_order,272,282,283
2026-06,total_2026-06,12,282,Chile Chico,12402,Torres del Paine,202,numeric,regional_formula_block_order,272,282,283
2026-06,total_2026-06,13,284,Cochrane,13502,Alhué,2768,numeric,regional_formula_block_order,284,336,337
2026-06,total_2026-06,13,285,Coyhaique,13402,Buin,21829,numeric,regional_formula_block_order,284,336,337
2026-06,total_2026-06,13,286,Guaitecas,13403,Calera de Tango,4046,numeric,regional_formula_block_order,284,336,337
2026-06,total_2026-06,13,287,Lago Verde,13102,Cerrillos,23924,numeric,regional_formula_block_order,284,336,337
2026-06,total_2026-06,13,288,O'Higgins,13103,Cerro Navia,28935,numeric,regional_formula_block_order,284,336,337
2026-06,total_2026-06,13,289,Río Ibáñez,13301,Colina,41205,numeric,regional_formula_block_order,284,336,337
2026-06,total_2026-06,13,290,Tortel,13104,Conchalí,30612,numeric,regional_formula_block_order,284,336,337
2026-06,total_2026-06,13,291,Sin clasificación,13503,Curacaví,4425,numeric,regional_formula_block_order,284,336,337
2026-06,total_2026-06,13,292,,13105,El Bosque,38115,numeric,regional_formula_block_order,284,336,337
2026-06,total_2026-06,13,293,Antártica,13602,El Monte,6769,numeric,regional_formula_block_order,284,336,337
2026-06,total_2026-06,13,294,Cabo de Hornos,13106,Estación Central,54990,numeric,regional_formula_block_order,284,336,337
2026-06,total_2026-06,13,295,Laguna Blanca,13107,Huechuraba,28730,numeric,regional_formula_block_order,284,336,337
2026-06,total_2026-06,13,296,Natales,13108,Independencia,33736,numeric,regional_formula_block_order,284,336,337
2026-06,total_2026-06,13,297,Porvenir,13603,Isla de Maipo,6569,numeric,regional_formula_block_order,284,336,337
2026-06,total_2026-06,13,298,Primavera,13109,La Cisterna,35862,numeric,regional_formula_block_order,284,336,337
2026-06,total_2026-06,13,299,Punta Arenas,13110,La Florida,121607,numeric,regional_formula_block_order,284,336,337
2026-06,total_2026-06,13,300,Río Verde,13111,La Granja,25489,numeric,regional_formula_block_order,284,336,337
2026-06,total_2026-06,13,301,San Gregorio,13112,La Pintana,16583,numeric,regional_formula_block_order,284,336,337
2026-06,total_2026-06,13,302,Timaukel,13113,La Reina,29657,numeric,regional_formula_block_order,284,336,337
2026-06,total_2026-06,13,303,Torres del Paine,13302,Lampa,23878,numeric,regional_formula_block_order,284,336,337
2026-06,total_2026-06,13,304,,13114,Las Condes,126218,numeric,regional_formula_block_order,284,336,337
2026-06,total_2026-06,13,305,Alhué,13115,Lo Barnechea,31399,numeric,regional_formula_block_order,284,336,337
2026-06,total_2026-06,13,306,Buin,13116,Lo Espejo,15628,numeric,regional_formula_block_order,284,336,337
2026-06,total_2026-06,13,307,Calera de Tango,13117,Lo Prado,22468,numeric,regional_formula_block_order,284,336,337
2026-06,total_2026-06,13,308,Cerrillos,13118,Macul,42651,numeric,regional_formula_block_order,284,336,337
2026-06,total_2026-06,13,309,Cerro Navia,13119,Maipú,149054,numeric,regional_formula_block_order,284,336,337
2026-06,total_2026-06,13,310,Colina,13504,María Pinto,3291,numeric,regional_formula_block_order,284,336,337
2026-06,total_2026-06,13,311,Conchalí,13501,Melipilla,20068,numeric,regional_formula_block_order,284,336,337
2026-06,total_2026-06,13,312,Curacaví,13120,Ñuñoa,109235,numeric,regional_formula_block_order,284,336,337
2026-06,total_2026-06,13,313,El Bosque,13604,Padre Hurtado,23070,numeric,regional_formula_block_order,284,336,337
2026-06,total_2026-06,13,314,El Monte,13404,Paine,8408,numeric,regional_formula_block_order,284,336,337
2026-06,total_2026-06,13,315,Estación Central,13121,Pedro Aguirre Cerda,23278,numeric,regional_formula_block_order,284,336,337
2026-06,total_2026-06,13,316,Huechuraba,13605,Peñaflor,24193,numeric,regional_formula_block_order,284,336,337
2026-06,total_2026-06,13,317,Independencia,13122,Peñalolén,57580,numeric,regional_formula_block_order,284,336,337
2026-06,total_2026-06,13,318,Isla de Maipo,13202,Pirque,4436,numeric,regional_formula_block_order,284,336,337
2026-06,total_2026-06,13,319,La Cisterna,13123,Providencia,75627,numeric,regional_formula_block_order,284,336,337
2026-06,total_2026-06,13,320,La Florida,13124,Pudahuel,59738,numeric,regional_formula_block_order,284,336,337
2026-06,total_2026-06,13,321,La Granja,13201,Puente Alto,144125,numeric,regional_formula_block_order,284,336,337
2026-06,total_2026-06,13,322,La Pintana,13125,Quilicura,51205,numeric,regional_formula_block_order,284,336,337
2026-06,total_2026-06,13,323,La Reina,13126,Quinta Normal,35971,numeric,regional_formula_block_order,284,336,337
2026-06,total_2026-06,13,324,Lampa,13127,Recoleta,39160,numeric,regional_formula_block_order,284,336,337
2026-06,total_2026-06,13,325,Las Condes,13128,Renca,34589,numeric,regional_formula_block_order,284,336,337
2026-06,total_2026-06,13,326,Lo Barnechea,13401,San Bernardo,69855,numeric,regional_formula_block_order,284,336,337
2026-06,total_2026-06,13,327,Lo Espejo,13129,San Joaquín,26802,numeric,regional_formula_block_order,284,336,337
2026-06,total_2026-06,13,328,Lo Prado,13203,San José de Maipo,2178,numeric,regional_formula_block_order,284,336,337
2026-06,total_2026-06,13,329,Macul,13130,San Miguel,55879,numeric,regional_formula_block_order,284,336,337
2026-06,total_2026-06,13,330,Maipú,13505,San Pedro,634,numeric,regional_formula_block_order,284,336,337
2026-06,total_2026-06,13,331,María Pinto,13131,San Ramón,15052,numeric,regional_formula_block_order,284,336,337
2026-06,total_2026-06,13,332,Melipilla,13101,Santiago,178660,numeric,regional_formula_block_order,284,336,337
2026-06,total_2026-06,13,333,Ñuñoa,13601,Talagante,15978,numeric,regional_formula_block_order,284,336,337
2026-06,total_2026-06,13,334,Padre Hurtado,13303,Tiltil,3686,numeric,regional_formula_block_order,284,336,337
2026-06,total_2026-06,13,335,Paine,13132,Vitacura,37041,numeric,regional_formula_block_order,284,336,337
2026-06,total_2026-06,14,338,Peñalolén,14102,Corral,506,numeric,regional_formula_block_order,338,349,350
2026-06,total_2026-06,14,339,Pirque,14202,Futrono,1703,numeric,regional_formula_block_order,338,349,350
2026-06,total_2026-06,14,340,Providencia,14201,La Unión,9018,numeric,regional_formula_block_order,338,349,350
2026-06,total_2026-06,14,341,Pudahuel,14203,Lago Ranco,951,numeric,regional_formula_block_order,338,349,350
2026-06,total_2026-06,14,342,Puente Alto,14103,Lanco,2776,numeric,regional_formula_block_order,338,349,350
2026-06,total_2026-06,14,343,Quilicura,14104,Los Lagos,2559,numeric,regional_formula_block_order,338,349,350
2026-06,total_2026-06,14,344,Quinta Normal,14105,Máfil,1193,numeric,regional_formula_block_order,338,349,350
2026-06,total_2026-06,14,345,Recoleta,14106,Mariquina,3983,numeric,regional_formula_block_order,338,349,350
2026-06,total_2026-06,14,346,Renca,14107,Paillaco,3064,numeric,regional_formula_block_order,338,349,350
2026-06,total_2026-06,14,347,San Bernardo,14108,Panguipulli,5302,numeric,regional_formula_block_order,338,349,350
2026-06,total_2026-06,14,348,San Joaquín,14204,Río Bueno,5783,numeric,regional_formula_block_order,338,349,350
2026-06,total_2026-06,14,349,San José de Maipo,14101,Valdivia,50119,numeric,regional_formula_block_order,338,349,350
2026-06,total_2026-06,15,351,San Pedro,15101,Arica,59011,numeric,regional_formula_block_order,351,354,355
2026-06,total_2026-06,15,352,San Ramón,15102,Camarones,78,numeric,regional_formula_block_order,351,354,355
2026-06,total_2026-06,15,353,Santiago,15202,General Lagos,1128,numeric,regional_formula_block_order,351,354,355
2026-06,total_2026-06,15,354,Talagante,15201,Putre,129,numeric,regional_formula_block_order,351,354,355
2026-06,total_2026-06,16,356,Vitacura,16102,Bulnes,3760,numeric,regional_formula_block_order,356,376,377
2026-06,total_2026-06,16,357,Sin clasificación,16101,Chillán,56979,numeric,regional_formula_block_order,356,376,377
2026-06,total_2026-06,16,358,,16103,Chillán Viejo,10946,numeric,regional_formula_block_order,356,376,377
2026-06,total_2026-06,16,359,Corral,16202,Cobquecura,839,numeric,regional_formula_block_order,356,376,377
2026-06,total_2026-06,16,360,Futrono,16203,Coelemu,2827,numeric,regional_formula_block_order,356,376,377
2026-06,total_2026-06,16,361,La Unión,16302,Coihueco,1568,numeric,regional_formula_block_order,356,376,377
2026-06,total_2026-06,16,362,Lago Ranco,16104,El Carmen,674,numeric,regional_formula_block_order,356,376,377
2026-06,total_2026-06,16,363,Lanco,16204,Ninhue,374,numeric,regional_formula_block_order,356,376,377
2026-06,total_2026-06,16,364,Los Lagos,16303,Ñiquén,370,numeric,regional_formula_block_order,356,376,377
2026-06,total_2026-06,16,365,Mafil,16105,Pemuco,914,numeric,regional_formula_block_order,356,376,377
2026-06,total_2026-06,16,366,Mariquina,16106,Pinto,2458,numeric,regional_formula_block_order,356,376,377
2026-06,total_2026-06,16,367,Paillaco,16205,Portezuelo,330,numeric,regional_formula_block_order,356,376,377
2026-06,total_2026-06,16,368,Panguipulli,16107,Quillón,3284,numeric,regional_formula_block_order,356,376,377
2026-06,total_2026-06,16,369,Río Bueno,16201,Quirihue,990,numeric,regional_formula_block_order,356,376,377
2026-06,total_2026-06,16,370,Valdivia,16206,Ránquil,686,numeric,regional_formula_block_order,356,376,377
2026-06,total_2026-06,16,371,,16301,San Carlos,9959,numeric,regional_formula_block_order,356,376,377
2026-06,total_2026-06,16,372,Arica,16304,San Fabián,714,numeric,regional_formula_block_order,356,376,377
2026-06,total_2026-06,16,373,Camarones,16108,San Ignacio,1265,numeric,regional_formula_block_order,356,376,377
2026-06,total_2026-06,16,374,General Lagos,16305,San Nicolás,663,numeric,regional_formula_block_order,356,376,377
2026-06,total_2026-06,16,375,Putre,16207,Trehuaco,464,numeric,regional_formula_block_order,356,376,377
2026-06,total_2026-06,16,376,,16109,Yungay,2795,numeric,regional_formula_block_order,356,376,377
2026-06,residential_2026-06,1,10,Alto Hospicio,1107,Alto Hospicio,24031,numeric,regional_formula_block_order,10,17,18
2026-06,residential_2026-06,1,11,Camiña,1402,Camiña,47,numeric,regional_formula_block_order,10,17,18
2026-06,residential_2026-06,1,12,Colchane,1403,Colchane,129,numeric,regional_formula_block_order,10,17,18
2026-06,residential_2026-06,1,13,Huara,1404,Huara,318,numeric,regional_formula_block_order,10,17,18
2026-06,residential_2026-06,1,14,Iquique,1101,Iquique,52189,numeric,regional_formula_block_order,10,17,18
2026-06,residential_2026-06,1,15,Pica,1405,Pica,722,numeric,regional_formula_block_order,10,17,18
2026-06,residential_2026-06,1,16,Pozo Almonte,1401,Pozo Almonte,2654,numeric,regional_formula_block_order,10,17,18
2026-06,residential_2026-06,2,19,Antofagasta,2101,Antofagasta,112585,numeric,regional_formula_block_order,19,27,28
2026-06,residential_2026-06,2,20,Calama,2201,Calama,45296,numeric,regional_formula_block_order,19,27,28
2026-06,residential_2026-06,2,21,María Elena,2302,María Elena,1632,numeric,regional_formula_block_order,19,27,28
2026-06,residential_2026-06,2,22,Mejillones,2102,Mejillones,2875,numeric,regional_formula_block_order,19,27,28
2026-06,residential_2026-06,2,23,Ollagüe,2202,Ollagüe,51,numeric,regional_formula_block_order,19,27,28
2026-06,residential_2026-06,2,24,San Pedro de Atacama,2203,San Pedro de Atacama,1619,numeric,regional_formula_block_order,19,27,28
2026-06,residential_2026-06,2,25,Sierra Gorda,2103,Sierra Gorda,737,numeric,regional_formula_block_order,19,27,28
2026-06,residential_2026-06,2,26,Taltal,2104,Taltal,3081,numeric,regional_formula_block_order,19,27,28
2026-06,residential_2026-06,2,27,Tocopilla,2301,Tocopilla,6414,numeric,regional_formula_block_order,19,27,28
2026-06,residential_2026-06,3,29,Alto Del Carmen,3302,Alto del Carmen,217,numeric,regional_formula_block_order,29,38,39
2026-06,residential_2026-06,3,30,Caldera,3102,Caldera,5076,numeric,regional_formula_block_order,29,38,39
2026-06,residential_2026-06,3,31,Chañaral,3201,Chañaral,2455,numeric,regional_formula_block_order,29,38,39
2026-06,residential_2026-06,3,32,Copiapó,3101,Copiapó,44101,numeric,regional_formula_block_order,29,38,39
2026-06,residential_2026-06,3,33,Diego de Almagro,3202,Diego de Almagro,2253,numeric,regional_formula_block_order,29,38,39
2026-06,residential_2026-06,3,34,Freirina,3303,Freirina,377,numeric,regional_formula_block_order,29,38,39
2026-06,residential_2026-06,3,35,Huasco,3304,Huasco,1545,numeric,regional_formula_block_order,29,38,39
2026-06,residential_2026-06,3,36,Tierra Amarilla,3103,Tierra Amarilla,2233,numeric,regional_formula_block_order,29,38,39
2026-06,residential_2026-06,3,37,Vallenar,3301,Vallenar,13383,numeric,regional_formula_block_order,29,38,39
2026-06,residential_2026-06,4,40,Andacollo,4103,Andacollo,1732,numeric,regional_formula_block_order,40,55,56
2026-06,residential_2026-06,4,41,Canela,4202,Canela,1203,numeric,regional_formula_block_order,40,55,56
2026-06,residential_2026-06,4,42,Combarbalá,4302,Combarbalá,1403,numeric,regional_formula_block_order,40,55,56
2026-06,residential_2026-06,4,43,Coquimbo,4102,Coquimbo,72138,numeric,regional_formula_block_order,40,55,56
2026-06,residential_2026-06,4,44,Illapel,4201,Illapel,5148,numeric,regional_formula_block_order,40,55,56
2026-06,residential_2026-06,4,45,La Higuera,4104,La Higuera,454,numeric,regional_formula_block_order,40,55,56
2026-06,residential_2026-06,4,46,La Serena,4101,La Serena,76782,numeric,regional_formula_block_order,40,55,56
2026-06,residential_2026-06,4,47,Los Vilos,4203,Los Vilos,5741,numeric,regional_formula_block_order,40,55,56
2026-06,residential_2026-06,4,48,Monte Patria,4303,Monte Patria,2324,numeric,regional_formula_block_order,40,55,56
2026-06,residential_2026-06,4,49,Ovalle,4301,Ovalle,20176,numeric,regional_formula_block_order,40,55,56
2026-06,residential_2026-06,4,50,Paihuano,4105,Paihuano,181,numeric,regional_formula_block_order,40,55,56
2026-06,residential_2026-06,4,51,Punitaqui,4304,Punitaqui,1251,numeric,regional_formula_block_order,40,55,56
2026-06,residential_2026-06,4,52,Río Hurtado,4305,Río Hurtado,152,numeric,regional_formula_block_order,40,55,56
2026-06,residential_2026-06,4,53,Salamanca,4204,Salamanca,2185,numeric,regional_formula_block_order,40,55,56
2026-06,residential_2026-06,4,54,Vicuña,4106,Vicuña,3153,numeric,regional_formula_block_order,40,55,56
2026-06,residential_2026-06,5,57,Algarrobo,5602,Algarrobo,8544,numeric,regional_formula_block_order,57,94,95
2026-06,residential_2026-06,5,58,Cabildo,5402,Cabildo,2509,numeric,regional_formula_block_order,57,94,95
2026-06,residential_2026-06,5,59,Calera,5502,Calera,12872,numeric,regional_formula_block_order,57,94,95
2026-06,residential_2026-06,5,60,Calle Larga,5302,Calle Larga,4298,numeric,regional_formula_block_order,57,94,95
2026-06,residential_2026-06,5,61,Cartagena,5603,Cartagena,7141,numeric,regional_formula_block_order,57,94,95
2026-06,residential_2026-06,5,62,Casablanca,5102,Casablanca,6001,numeric,regional_formula_block_order,57,94,95
2026-06,residential_2026-06,5,63,Catemu,5702,Catemu,1909,numeric,regional_formula_block_order,57,94,95
2026-06,residential_2026-06,5,64,Concón,5103,Concón,18873,numeric,regional_formula_block_order,57,94,95
2026-06,residential_2026-06,5,65,El Quisco,5604,El Quisco,8638,numeric,regional_formula_block_order,57,94,95
2026-06,residential_2026-06,5,66,El Tabo,5605,El Tabo,6957,numeric,regional_formula_block_order,57,94,95
2026-06,residential_2026-06,5,67,Hijuelas,5503,Hijuelas,3838,numeric,regional_formula_block_order,57,94,95
2026-06,residential_2026-06,5,68,Isla de Pascua,5201,Isla de Pascua,2584,numeric,regional_formula_block_order,57,94,95
2026-06,residential_2026-06,5,69,Juan Fernández,5104,Juan Fernández,224,numeric,regional_formula_block_order,57,94,95
2026-06,residential_2026-06,5,70,La Cruz,5504,La Cruz,7144,numeric,regional_formula_block_order,57,94,95
2026-06,residential_2026-06,5,71,La Ligua,5401,La Ligua,7796,numeric,regional_formula_block_order,57,94,95
2026-06,residential_2026-06,5,72,Limache,5802,Limache,14335,numeric,regional_formula_block_order,57,94,95
2026-06,residential_2026-06,5,73,Llaillay,5703,Llaillay,5729,numeric,regional_formula_block_order,57,94,95
2026-06,residential_2026-06,5,74,Los Andes,5301,Los Andes,21066,numeric,regional_formula_block_order,57,94,95
2026-06,residential_2026-06,5,75,Nogales,5506,Nogales,4519,numeric,regional_formula_block_order,57,94,95
2026-06,residential_2026-06,5,76,Olmué,5803,Olmué,4614,numeric,regional_formula_block_order,57,94,95
2026-06,residential_2026-06,5,77,Panquehue,5704,Panquehue,1626,numeric,regional_formula_block_order,57,94,95
2026-06,residential_2026-06,5,78,Papudo,5403,Papudo,2558,numeric,regional_formula_block_order,57,94,95
2026-06,residential_2026-06,5,79,Petorca,5404,Petorca,359,numeric,regional_formula_block_order,57,94,95
2026-06,residential_2026-06,5,80,Puchuncaví,5105,Puchuncaví,8685,numeric,regional_formula_block_order,57,94,95
2026-06,residential_2026-06,5,81,Putaendo,5705,Putaendo,2776,numeric,regional_formula_block_order,57,94,95
2026-06,residential_2026-06,5,82,Quillota,5501,Quillota,26183,numeric,regional_formula_block_order,57,94,95
2026-06,residential_2026-06,5,83,Quilpué,5801,Quilpué,53192,numeric,regional_formula_block_order,57,94,95
2026-06,residential_2026-06,5,84,Quintero,5107,Quintero,9044,numeric,regional_formula_block_order,57,94,95
2026-06,residential_2026-06,5,85,Rinconada,5303,Rinconada,2957,numeric,regional_formula_block_order,57,94,95
2026-06,residential_2026-06,5,86,San Antonio,5601,San Antonio,24388,numeric,regional_formula_block_order,57,94,95
2026-06,residential_2026-06,5,87,San Esteban,5304,San Esteban,4062,numeric,regional_formula_block_order,57,94,95
2026-06,residential_2026-06,5,88,San Felipe,5701,San Felipe,20584,numeric,regional_formula_block_order,57,94,95
2026-06,residential_2026-06,5,89,Santa María,5706,Santa María,2719,numeric,regional_formula_block_order,57,94,95
2026-06,residential_2026-06,5,90,Santo Domingo,5606,Santo Domingo,4928,numeric,regional_formula_block_order,57,94,95
2026-06,residential_2026-06,5,91,Valparaíso,5101,Valparaíso,84221,numeric,regional_formula_block_order,57,94,95
2026-06,residential_2026-06,5,92,Villa Alemana,5804,Villa Alemana,49572,numeric,regional_formula_block_order,57,94,95
2026-06,residential_2026-06,5,93,Viña del Mar,5109,Viña del Mar,118570,numeric,regional_formula_block_order,57,94,95
2026-06,residential_2026-06,5,94,Zapallar,5405,Zapallar,3196,numeric,regional_formula_block_order,57,94,95
2026-06,residential_2026-06,6,96,Chépica,6302,Chépica,1095,numeric,regional_formula_block_order,96,128,129
2026-06,residential_2026-06,6,97,Chimbarongo,6303,Chimbarongo,3546,numeric,regional_formula_block_order,96,128,129
2026-06,residential_2026-06,6,98,Codegua,6102,Codegua,1793,numeric,regional_formula_block_order,96,128,129
2026-06,residential_2026-06,6,99,Coinco,6103,Coinco,1543,numeric,regional_formula_block_order,96,128,129
2026-06,residential_2026-06,6,100,Coltauco,6104,Coltauco,3755,numeric,regional_formula_block_order,96,128,129
2026-06,residential_2026-06,6,101,Doñihue,6105,Doñihue,4358,numeric,regional_formula_block_order,96,128,129
2026-06,residential_2026-06,6,102,Graneros,6106,Graneros,8918,numeric,regional_formula_block_order,96,128,129
2026-06,residential_2026-06,6,103,La Estrella,6202,La Estrella,603,numeric,regional_formula_block_order,96,128,129
2026-06,residential_2026-06,6,104,Las Cabras,6107,Las Cabras,2200,numeric,regional_formula_block_order,96,128,129
2026-06,residential_2026-06,6,105,Litueche,6203,Litueche,1268,numeric,regional_formula_block_order,96,128,129
2026-06,residential_2026-06,6,106,Lolol,6304,Lolol,658,numeric,regional_formula_block_order,96,128,129
2026-06,residential_2026-06,6,107,Machalí,6108,Machalí,17293,numeric,regional_formula_block_order,96,128,129
2026-06,residential_2026-06,6,108,Malloa,6109,Malloa,1277,numeric,regional_formula_block_order,96,128,129
2026-06,residential_2026-06,6,109,Marchihue,6204,Marchihue,643,numeric,regional_formula_block_order,96,128,129
2026-06,residential_2026-06,6,110,Mostazal,6110,Mostazal,4672,numeric,regional_formula_block_order,96,128,129
2026-06,residential_2026-06,6,111,Nancagua,6305,Nancagua,2422,numeric,regional_formula_block_order,96,128,129
2026-06,residential_2026-06,6,112,Navidad,6205,Navidad,2243,numeric,regional_formula_block_order,96,128,129
2026-06,residential_2026-06,6,113,Olivar,6111,Olivar,2520,numeric,regional_formula_block_order,96,128,129
2026-06,residential_2026-06,6,114,Palmilla,6306,Palmilla,532,numeric,regional_formula_block_order,96,128,129
2026-06,residential_2026-06,6,115,Paredones,6206,Paredones,264,numeric,regional_formula_block_order,96,128,129
2026-06,residential_2026-06,6,116,Peralillo,6307,Peralillo,921,numeric,regional_formula_block_order,96,128,129
2026-06,residential_2026-06,6,117,Peumo,6112,Peumo,1512,numeric,regional_formula_block_order,96,128,129
2026-06,residential_2026-06,6,118,Pichidegua,6113,Pichidegua,1807,numeric,regional_formula_block_order,96,128,129
2026-06,residential_2026-06,6,119,Pichilemu,6201,Pichilemu,5841,numeric,regional_formula_block_order,96,128,129
2026-06,residential_2026-06,6,120,Placilla,6308,Placilla,330,numeric,regional_formula_block_order,96,128,129
2026-06,residential_2026-06,6,121,Pumanque,6309,Pumanque,142,numeric,regional_formula_block_order,96,128,129
2026-06,residential_2026-06,6,122,Quinta de Tilcoco,6114,Quinta de Tilcoco,2332,numeric,regional_formula_block_order,96,128,129
2026-06,residential_2026-06,6,123,Rancagua,6101,Rancagua,74351,numeric,regional_formula_block_order,96,128,129
2026-06,residential_2026-06,6,124,Rengo,6115,Rengo,14729,numeric,regional_formula_block_order,96,128,129
2026-06,residential_2026-06,6,125,Requinoa,6116,Requínoa,4260,numeric,regional_formula_block_order,96,128,129
2026-06,residential_2026-06,6,126,San Fernando,6301,San Fernando,17048,numeric,regional_formula_block_order,96,128,129
2026-06,residential_2026-06,6,127,San Vicente,6117,San Vicente,6352,numeric,regional_formula_block_order,96,128,129
2026-06,residential_2026-06,6,128,Santa Cruz,6310,Santa Cruz,6647,numeric,regional_formula_block_order,96,128,129
2026-06,residential_2026-06,7,130,Cauquenes,7201,Cauquenes,9449,numeric,regional_formula_block_order,130,159,160
2026-06,residential_2026-06,7,131,Chanco,7202,Chanco,421,numeric,regional_formula_block_order,130,159,160
2026-06,residential_2026-06,7,132,Colbún,7402,Colbún,1574,numeric,regional_formula_block_order,130,159,160
2026-06,residential_2026-06,7,133,Constitución,7102,Constitución,7818,numeric,regional_formula_block_order,130,159,160
2026-06,residential_2026-06,7,134,Curepto,7103,Curepto,386,numeric,regional_formula_block_order,130,159,160
2026-06,residential_2026-06,7,135,Curicó,7301,Curicó,44565,numeric,regional_formula_block_order,130,159,160
2026-06,residential_2026-06,7,136,Empedrado,7104,Empedrado,281,numeric,regional_formula_block_order,130,159,160
2026-06,residential_2026-06,7,137,Hualañé,7302,Hualañé,916,numeric,regional_formula_block_order,130,159,160
2026-06,residential_2026-06,7,138,Licantén,7303,Licantén,1486,numeric,regional_formula_block_order,130,159,160
2026-06,residential_2026-06,7,139,Linares,7401,Linares,19009,numeric,regional_formula_block_order,130,159,160
2026-06,residential_2026-06,7,140,Longaví,7403,Longaví,4202,numeric,regional_formula_block_order,130,159,160
2026-06,residential_2026-06,7,141,Maule,7105,Maule,9828,numeric,regional_formula_block_order,130,159,160
2026-06,residential_2026-06,7,142,Molina,7304,Molina,5949,numeric,regional_formula_block_order,130,159,160
2026-06,residential_2026-06,7,143,Parral,7404,Parral,11497,numeric,regional_formula_block_order,130,159,160
2026-06,residential_2026-06,7,144,Pelarco,7106,Pelarco,395,numeric,regional_formula_block_order,130,159,160
2026-06,residential_2026-06,7,145,Pelluhue,7203,Pelluhue,1800,numeric,regional_formula_block_order,130,159,160
2026-06,residential_2026-06,7,146,Pencahue,7107,Pencahue,536,numeric,regional_formula_block_order,130,159,160
2026-06,residential_2026-06,7,147,Rauco,7305,Rauco,1328,numeric,regional_formula_block_order,130,159,160
2026-06,residential_2026-06,7,148,Retiro,7405,Retiro,3660,numeric,regional_formula_block_order,130,159,160
2026-06,residential_2026-06,7,149,Río Claro,7108,Río Claro,882,numeric,regional_formula_block_order,130,159,160
2026-06,residential_2026-06,7,150,Romeral,7306,Romeral,2841,numeric,regional_formula_block_order,130,159,160
2026-06,residential_2026-06,7,151,Sagrada Familia,7307,Sagrada Familia,288,numeric,regional_formula_block_order,130,159,160
2026-06,residential_2026-06,7,152,San Clemente,7109,San Clemente,5299,numeric,regional_formula_block_order,130,159,160
2026-06,residential_2026-06,7,153,San Javier,7406,San Javier,5459,numeric,regional_formula_block_order,130,159,160
2026-06,residential_2026-06,7,154,San Rafael,7110,San Rafael,761,numeric,regional_formula_block_order,130,159,160
2026-06,residential_2026-06,7,155,Talca,7101,Talca,64330,numeric,regional_formula_block_order,130,159,160
2026-06,residential_2026-06,7,156,Teno,7308,Teno,2460,numeric,regional_formula_block_order,130,159,160
2026-06,residential_2026-06,7,157,Vichuquén,7309,Vichuquén,799,numeric,regional_formula_block_order,130,159,160
2026-06,residential_2026-06,7,158,Villa Alegre,7407,Villa Alegre,1433,numeric,regional_formula_block_order,130,159,160
2026-06,residential_2026-06,7,159,Yerbas Buenas,7408,Yerbas Buenas,1757,numeric,regional_formula_block_order,130,159,160
2026-06,residential_2026-06,8,161,Alto Biobío,8314,Alto Biobío,369,numeric,regional_formula_block_order,161,193,194
2026-06,residential_2026-06,8,162,Antuco,8302,Antuco,189,numeric,regional_formula_block_order,161,193,194
2026-06,residential_2026-06,8,163,Arauco,8202,Arauco,8441,numeric,regional_formula_block_order,161,193,194
2026-06,residential_2026-06,8,164,Bulnes,8303,Cabrero,5615,numeric,regional_formula_block_order,161,193,194
2026-06,residential_2026-06,8,165,Cabrero,8203,Cañete,5426,numeric,regional_formula_block_order,161,193,194
2026-06,residential_2026-06,8,166,Cañete,8103,Chiguayante,26188,numeric,regional_formula_block_order,161,193,194
2026-06,residential_2026-06,8,167,Chiguayante,8101,Concepción,91876,numeric,regional_formula_block_order,161,193,194
2026-06,residential_2026-06,8,168,Chillán,8204,Contulmo,1103,numeric,regional_formula_block_order,161,193,194
2026-06,residential_2026-06,8,169,Chillán Viejo,8102,Coronel,38192,numeric,regional_formula_block_order,161,193,194
2026-06,residential_2026-06,8,170,Cobquecura,8205,Curanilahue,8221,numeric,regional_formula_block_order,161,193,194
2026-06,residential_2026-06,8,171,Coelemu,8104,Florida,1531,numeric,regional_formula_block_order,161,193,194
2026-06,residential_2026-06,8,172,Coihueco,8112,Hualpén,28041,numeric,regional_formula_block_order,161,193,194
2026-06,residential_2026-06,8,173,Concepción,8105,Hualqui,6478,numeric,regional_formula_block_order,161,193,194
2026-06,residential_2026-06,8,174,Contulmo,8304,Laja,4212,numeric,regional_formula_block_order,161,193,194
2026-06,residential_2026-06,8,175,Coronel,8201,Lebu,6493,numeric,regional_formula_block_order,161,193,194
2026-06,residential_2026-06,8,176,Curanilahue,8206,Los Álamos,4891,numeric,regional_formula_block_order,161,193,194
2026-06,residential_2026-06,8,177,El Carmen,8301,Los Ángeles,57768,numeric,regional_formula_block_order,161,193,194
2026-06,residential_2026-06,8,178,Florida,8106,Lota,11430,numeric,regional_formula_block_order,161,193,194
2026-06,residential_2026-06,8,179,Hualpén,8305,Mulchén,4975,numeric,regional_formula_block_order,161,193,194
2026-06,residential_2026-06,8,180,Hualqui,8306,Nacimiento,5689,numeric,regional_formula_block_order,161,193,194
2026-06,residential_2026-06,8,181,Laja,8307,Negrete,875,numeric,regional_formula_block_order,161,193,194
2026-06,residential_2026-06,8,182,Lebu,8107,Penco,12840,numeric,regional_formula_block_order,161,193,194
2026-06,residential_2026-06,8,183,Los Alamos,8308,Quilaco,567,numeric,regional_formula_block_order,161,193,194
2026-06,residential_2026-06,8,184,Los Angeles,8309,Quilleco,175,numeric,regional_formula_block_order,161,193,194
2026-06,residential_2026-06,8,185,Lota,8108,San Pedro de La paz,50644,numeric,regional_formula_block_order,161,193,194
2026-06,residential_2026-06,8,186,Mulchén,8310,San Rosendo,536,numeric,regional_formula_block_order,161,193,194
2026-06,residential_2026-06,8,187,Nacimiento,8311,Santa Bárbara,2088,numeric,regional_formula_block_order,161,193,194
2026-06,residential_2026-06,8,188,Negrete,8109,Santa Juana,3379,numeric,regional_formula_block_order,161,193,194
2026-06,residential_2026-06,8,189,Ninhue,8110,Talcahuano,45863,numeric,regional_formula_block_order,161,193,194
2026-06,residential_2026-06,8,190,Ñiquén,8207,Tirúa,414,numeric,regional_formula_block_order,161,193,194
2026-06,residential_2026-06,8,191,Pemuco,8111,Tomé,17825,numeric,regional_formula_block_order,161,193,194
2026-06,residential_2026-06,8,192,Penco,8312,Tucapel,3050,numeric,regional_formula_block_order,161,193,194
2026-06,residential_2026-06,8,193,Pinto,8313,Yumbel,3628,numeric,regional_formula_block_order,161,193,194
2026-06,residential_2026-06,9,195,Quilaco,9201,Angol,14194,numeric,regional_formula_block_order,195,226,227
2026-06,residential_2026-06,9,196,Quilleco,9102,Carahue,1839,numeric,regional_formula_block_order,195,226,227
2026-06,residential_2026-06,9,197,Quillón,9121,Cholchol,803,numeric,regional_formula_block_order,195,226,227
2026-06,residential_2026-06,9,198,Quirihue,9202,Collipulli,4257,numeric,regional_formula_block_order,195,226,227
2026-06,residential_2026-06,9,199,Ranquil,9103,Cunco,3026,numeric,regional_formula_block_order,195,226,227
2026-06,residential_2026-06,9,200,San Carlos,9203,Curacautín,3856,numeric,regional_formula_block_order,195,226,227
2026-06,residential_2026-06,9,201,San Fabián,9104,Curarrehue,384,numeric,regional_formula_block_order,195,226,227
2026-06,residential_2026-06,9,202,San Ignacio,9204,Ercilla,990,numeric,regional_formula_block_order,195,226,227
2026-06,residential_2026-06,9,203,San Nicolás,9105,Freire,2762,numeric,regional_formula_block_order,195,226,227
2026-06,residential_2026-06,9,204,San Pedro de la Paz,9106,Galvarino,832,numeric,regional_formula_block_order,195,226,227
2026-06,residential_2026-06,9,205,San Rosendo,9107,Gorbea,1818,numeric,regional_formula_block_order,195,226,227
2026-06,residential_2026-06,9,206,Santa Bárbara,9108,Lautaro,7926,numeric,regional_formula_block_order,195,226,227
2026-06,residential_2026-06,9,207,Santa Juana,9109,Loncoche,4737,numeric,regional_formula_block_order,195,226,227
2026-06,residential_2026-06,9,208,Talcahuano,9205,Lonquimay,320,numeric,regional_formula_block_order,195,226,227
2026-06,residential_2026-06,9,209,Tirúa,9206,Los Sauces,1059,numeric,regional_formula_block_order,195,226,227
2026-06,residential_2026-06,9,210,Tomé,9207,Lumaco,385,numeric,regional_formula_block_order,195,226,227
2026-06,residential_2026-06,9,211,Treguaco,9110,Melipeuco,276,numeric,regional_formula_block_order,195,226,227
2026-06,residential_2026-06,9,212,Tucapel,9111,Nueva Imperial,4702,numeric,regional_formula_block_order,195,226,227
2026-06,residential_2026-06,9,213,Yumbel,9112,Padre Las Casas,11473,numeric,regional_formula_block_order,195,226,227
2026-06,residential_2026-06,9,214,Yungay,9113,Perquenco,857,numeric,regional_formula_block_order,195,226,227
2026-06,residential_2026-06,9,215,,9114,Pitrufquén,7549,numeric,regional_formula_block_order,195,226,227
2026-06,residential_2026-06,9,216,Angol,9115,Pucón,7588,numeric,regional_formula_block_order,195,226,227
2026-06,residential_2026-06,9,217,Carahue,9208,Purén,1747,numeric,regional_formula_block_order,195,226,227
2026-06,residential_2026-06,9,218,Cholchol,9209,Renaico,1346,numeric,regional_formula_block_order,195,226,227
2026-06,residential_2026-06,9,219,Collipulli,9116,Saavedra,617,numeric,regional_formula_block_order,195,226,227
2026-06,residential_2026-06,9,220,Cunco,9101,Temuco,92426,numeric,regional_formula_block_order,195,226,227
2026-06,residential_2026-06,9,221,Curacautín,9117,Teodoro Schmidt,1399,numeric,regional_formula_block_order,195,226,227
2026-06,residential_2026-06,9,222,Curarrehue,9118,Toltén,1248,numeric,regional_formula_block_order,195,226,227
2026-06,residential_2026-06,9,223,Ercilla,9210,Traiguén,3231,numeric,regional_formula_block_order,195,226,227
2026-06,residential_2026-06,9,224,Freire,9211,Victoria,9133,numeric,regional_formula_block_order,195,226,227
2026-06,residential_2026-06,9,225,Galvarino,9119,Vilcún,3908,numeric,regional_formula_block_order,195,226,227
2026-06,residential_2026-06,9,226,Gorbea,9120,Villarrica,17088,numeric,regional_formula_block_order,195,226,227
2026-06,residential_2026-06,10,228,Loncoche,10202,Ancud,7389,numeric,regional_formula_block_order,228,258,259
2026-06,residential_2026-06,10,229,Lonquimay,10102,Calbuco,5175,numeric,regional_formula_block_order,228,258,259
2026-06,residential_2026-06,10,230,Los Sauces,10201,Castro,9958,numeric,regional_formula_block_order,228,258,259
2026-06,residential_2026-06,10,231,Lumaco,10401,Chaitén,821,numeric,regional_formula_block_order,228,258,259
2026-06,residential_2026-06,10,232,Melipeuco,10203,Chonchi,1654,numeric,regional_formula_block_order,228,258,259
2026-06,residential_2026-06,10,233,Nueva Imperial,10103,Cochamó,508,numeric,regional_formula_block_order,228,258,259
2026-06,residential_2026-06,10,234,Padre Las Casas,10204,Curaco de Vélez,242,numeric,regional_formula_block_order,228,258,259
2026-06,residential_2026-06,10,235,Perquenco,10205,Dalcahue,1609,numeric,regional_formula_block_order,228,258,259
2026-06,residential_2026-06,10,236,Pitrufquén,10104,Fresia,1296,numeric,regional_formula_block_order,228,258,259
2026-06,residential_2026-06,10,237,Pucón,10105,Frutillar,4763,numeric,regional_formula_block_order,228,258,259
2026-06,residential_2026-06,10,238,Purén,10402,Futaleufú,821,numeric,regional_formula_block_order,228,258,259
2026-06,residential_2026-06,10,239,Renaico,10403,Hualaihué,702,numeric,regional_formula_block_order,228,258,259
2026-06,residential_2026-06,10,240,Saavedra,10107,Llanquihue,3940,numeric,regional_formula_block_order,228,258,259
2026-06,residential_2026-06,10,241,Temuco,10106,Los Muermos,1621,numeric,regional_formula_block_order,228,258,259
2026-06,residential_2026-06,10,242,Teodoro Schmidt,10108,Maullín,1516,numeric,regional_formula_block_order,228,258,259
2026-06,residential_2026-06,10,243,Toltén,10301,Osorno,44302,numeric,regional_formula_block_order,228,258,259
2026-06,residential_2026-06,10,244,Traiguén,10404,Palena,424,numeric,regional_formula_block_order,228,258,259
2026-06,residential_2026-06,10,245,Victoria,10101,Puerto Montt,65731,numeric,regional_formula_block_order,228,258,259
2026-06,residential_2026-06,10,246,Vilcún,10302,Puerto Octay,1046,numeric,regional_formula_block_order,228,258,259
2026-06,residential_2026-06,10,247,Villarrica,10109,Puerto Varas,14018,numeric,regional_formula_block_order,228,258,259
2026-06,residential_2026-06,10,248,,10206,Puqueldón,186,numeric,regional_formula_block_order,228,258,259
2026-06,residential_2026-06,10,249,Ancud,10303,Purranque,3401,numeric,regional_formula_block_order,228,258,259
2026-06,residential_2026-06,10,250,Calbuco,10304,Puyehue,1536,numeric,regional_formula_block_order,228,258,259
2026-06,residential_2026-06,10,251,Castro,10207,Queilén,487,numeric,regional_formula_block_order,228,258,259
2026-06,residential_2026-06,10,252,Chaitén,10208,Quellón,3514,numeric,regional_formula_block_order,228,258,259
2026-06,residential_2026-06,10,253,Chonchi,10209,Quemchi,761,numeric,regional_formula_block_order,228,258,259
2026-06,residential_2026-06,10,254,Cochamó,10210,Quinchao,532,numeric,regional_formula_block_order,228,258,259
2026-06,residential_2026-06,10,255,Curaco de Vélez,10305,Río Negro,1955,numeric,regional_formula_block_order,228,258,259
2026-06,residential_2026-06,10,256,Dalcahue,10306,San Juan de la Costa,204,numeric,regional_formula_block_order,228,258,259
2026-06,residential_2026-06,10,257,Fresia,10307,San Pablo,1558,numeric,regional_formula_block_order,228,258,259
2026-06,residential_2026-06,11,260,Hualaihue,11201,Aysén,5353,numeric,regional_formula_block_order,260,270,271
2026-06,residential_2026-06,11,261,Llanquihue,11401,Chile Chico,788,numeric,regional_formula_block_order,260,270,271
2026-06,residential_2026-06,11,262,Los Muermos,11202,Cisnes,1486,numeric,regional_formula_block_order,260,270,271
2026-06,residential_2026-06,11,263,Maullín,11301,Cochrane,791,numeric,regional_formula_block_order,260,270,271
2026-06,residential_2026-06,11,264,Osorno,11101,Coyhaique,15088,numeric,regional_formula_block_order,260,270,271
2026-06,residential_2026-06,11,265,Palena,11203,Guaitecas,270,numeric,regional_formula_block_order,260,270,271
2026-06,residential_2026-06,11,266,Puerto Montt,11102,Lago Verde,159,numeric,regional_formula_block_order,260,270,271
2026-06,residential_2026-06,11,267,Puerto Octay,11302,O'Higgins,249,numeric,regional_formula_block_order,260,270,271
2026-06,residential_2026-06,11,268,Puerto Varas,11402,Río Ibáñez,555,numeric,regional_formula_block_order,260,270,271
2026-06,residential_2026-06,11,269,Puqueldón,11303,Tortel,43,numeric,regional_formula_block_order,260,270,271
2026-06,residential_2026-06,12,272,Queilén,12202,Antártica,,blank,regional_formula_block_order,272,282,283
2026-06,residential_2026-06,12,273,Quellón,12201,Cabo de Hornos,391,numeric,regional_formula_block_order,272,282,283
2026-06,residential_2026-06,12,274,Quemchi,12102,Laguna Blanca,35,numeric,regional_formula_block_order,272,282,283
2026-06,residential_2026-06,12,275,Quinchao,12401,Natales,7959,numeric,regional_formula_block_order,272,282,283
2026-06,residential_2026-06,12,276,Río Negro,12301,Porvenir,1976,numeric,regional_formula_block_order,272,282,283
2026-06,residential_2026-06,12,277,San Juan de la Costa,12302,Primavera,87,numeric,regional_formula_block_order,272,282,283
2026-06,residential_2026-06,12,278,San Pablo,12101,Punta Arenas,41401,numeric,regional_formula_block_order,272,282,283
2026-06,residential_2026-06,12,279,Sin clasificación,12103,Río Verde,47,numeric,regional_formula_block_order,272,282,283
2026-06,residential_2026-06,12,280,,12104,San Gregorio,91,numeric,regional_formula_block_order,272,282,283
2026-06,residential_2026-06,12,281,Aisén,12303,Timaukel,62,numeric,regional_formula_block_order,272,282,283
2026-06,residential_2026-06,12,282,Chile Chico,12402,Torres del Paine,181,numeric,regional_formula_block_order,272,282,283
2026-06,residential_2026-06,13,284,Cochrane,13502,Alhué,2733,numeric,regional_formula_block_order,284,336,337
2026-06,residential_2026-06,13,285,Coyhaique,13402,Buin,21062,numeric,regional_formula_block_order,284,336,337
2026-06,residential_2026-06,13,286,Guaitecas,13403,Calera de Tango,3962,numeric,regional_formula_block_order,284,336,337
2026-06,residential_2026-06,13,287,Lago Verde,13102,Cerrillos,23034,numeric,regional_formula_block_order,284,336,337
2026-06,residential_2026-06,13,288,O'Higgins,13103,Cerro Navia,28036,numeric,regional_formula_block_order,284,336,337
2026-06,residential_2026-06,13,289,Río Ibáñez,13301,Colina,39273,numeric,regional_formula_block_order,284,336,337
2026-06,residential_2026-06,13,290,Tortel,13104,Conchalí,29472,numeric,regional_formula_block_order,284,336,337
2026-06,residential_2026-06,13,291,Sin clasificación,13503,Curacaví,4287,numeric,regional_formula_block_order,284,336,337
2026-06,residential_2026-06,13,292,,13105,El Bosque,37551,numeric,regional_formula_block_order,284,336,337
2026-06,residential_2026-06,13,293,Antártica,13602,El Monte,6697,numeric,regional_formula_block_order,284,336,337
2026-06,residential_2026-06,13,294,Cabo de Hornos,13106,Estación Central,52965,numeric,regional_formula_block_order,284,336,337
2026-06,residential_2026-06,13,295,Laguna Blanca,13107,Huechuraba,26465,numeric,regional_formula_block_order,284,336,337
2026-06,residential_2026-06,13,296,Natales,13108,Independencia,32105,numeric,regional_formula_block_order,284,336,337
2026-06,residential_2026-06,13,297,Porvenir,13603,Isla de Maipo,6414,numeric,regional_formula_block_order,284,336,337
2026-06,residential_2026-06,13,298,Primavera,13109,La Cisterna,34156,numeric,regional_formula_block_order,284,336,337
2026-06,residential_2026-06,13,299,Punta Arenas,13110,La Florida,117258,numeric,regional_formula_block_order,284,336,337
2026-06,residential_2026-06,13,300,Río Verde,13111,La Granja,24830,numeric,regional_formula_block_order,284,336,337
2026-06,residential_2026-06,13,301,San Gregorio,13112,La Pintana,16459,numeric,regional_formula_block_order,284,336,337
2026-06,residential_2026-06,13,302,Timaukel,13113,La Reina,27332,numeric,regional_formula_block_order,284,336,337
2026-06,residential_2026-06,13,303,Torres del Paine,13302,Lampa,22659,numeric,regional_formula_block_order,284,336,337
2026-06,residential_2026-06,13,304,,13114,Las Condes,111346,numeric,regional_formula_block_order,284,336,337
2026-06,residential_2026-06,13,305,Alhué,13115,Lo Barnechea,28510,numeric,regional_formula_block_order,284,336,337
2026-06,residential_2026-06,13,306,Buin,13116,Lo Espejo,15328,numeric,regional_formula_block_order,284,336,337
2026-06,residential_2026-06,13,307,Calera de Tango,13117,Lo Prado,21938,numeric,regional_formula_block_order,284,336,337
2026-06,residential_2026-06,13,308,Cerrillos,13118,Macul,40554,numeric,regional_formula_block_order,284,336,337
2026-06,residential_2026-06,13,309,Cerro Navia,13119,Maipú,144705,numeric,regional_formula_block_order,284,336,337
2026-06,residential_2026-06,13,310,Colina,13504,María Pinto,3169,numeric,regional_formula_block_order,284,336,337
2026-06,residential_2026-06,13,311,Conchalí,13501,Melipilla,19353,numeric,regional_formula_block_order,284,336,337
2026-06,residential_2026-06,13,312,Curacaví,13120,Ñuñoa,102785,numeric,regional_formula_block_order,284,336,337
2026-06,residential_2026-06,13,313,El Bosque,13604,Padre Hurtado,22466,numeric,regional_formula_block_order,284,336,337
2026-06,residential_2026-06,13,314,El Monte,13404,Paine,8141,numeric,regional_formula_block_order,284,336,337
2026-06,residential_2026-06,13,315,Estación Central,13121,Pedro Aguirre Cerda,22636,numeric,regional_formula_block_order,284,336,337
2026-06,residential_2026-06,13,316,Huechuraba,13605,Peñaflor,23410,numeric,regional_formula_block_order,284,336,337
2026-06,residential_2026-06,13,317,Independencia,13122,Peñalolén,55481,numeric,regional_formula_block_order,284,336,337
2026-06,residential_2026-06,13,318,Isla de Maipo,13202,Pirque,4338,numeric,regional_formula_block_order,284,336,337
2026-06,residential_2026-06,13,319,La Cisterna,13123,Providencia,63116,numeric,regional_formula_block_order,284,336,337
2026-06,residential_2026-06,13,320,La Florida,13124,Pudahuel,57296,numeric,regional_formula_block_order,284,336,337
2026-06,residential_2026-06,13,321,La Granja,13201,Puente Alto,140600,numeric,regional_formula_block_order,284,336,337
2026-06,residential_2026-06,13,322,La Pintana,13125,Quilicura,48973,numeric,regional_formula_block_order,284,336,337
2026-06,residential_2026-06,13,323,La Reina,13126,Quinta Normal,33639,numeric,regional_formula_block_order,284,336,337
2026-06,residential_2026-06,13,324,Lampa,13127,Recoleta,36369,numeric,regional_formula_block_order,284,336,337
2026-06,residential_2026-06,13,325,Las Condes,13128,Renca,33227,numeric,regional_formula_block_order,284,336,337
2026-06,residential_2026-06,13,326,Lo Barnechea,13401,San Bernardo,67734,numeric,regional_formula_block_order,284,336,337
2026-06,residential_2026-06,13,327,Lo Espejo,13129,San Joaquín,25433,numeric,regional_formula_block_order,284,336,337
2026-06,residential_2026-06,13,328,Lo Prado,13203,San José de Maipo,2079,numeric,regional_formula_block_order,284,336,337
2026-06,residential_2026-06,13,329,Macul,13130,San Miguel,52944,numeric,regional_formula_block_order,284,336,337
2026-06,residential_2026-06,13,330,Maipú,13505,San Pedro,600,numeric,regional_formula_block_order,284,336,337
2026-06,residential_2026-06,13,331,María Pinto,13131,San Ramón,14709,numeric,regional_formula_block_order,284,336,337
2026-06,residential_2026-06,13,332,Melipilla,13101,Santiago,163187,numeric,regional_formula_block_order,284,336,337
2026-06,residential_2026-06,13,333,Ñuñoa,13601,Talagante,15347,numeric,regional_formula_block_order,284,336,337
2026-06,residential_2026-06,13,334,Padre Hurtado,13303,Tiltil,3593,numeric,regional_formula_block_order,284,336,337
2026-06,residential_2026-06,13,335,Paine,13132,Vitacura,31810,numeric,regional_formula_block_order,284,336,337
2026-06,residential_2026-06,14,338,Peñalolén,14102,Corral,468,numeric,regional_formula_block_order,338,349,350
2026-06,residential_2026-06,14,339,Pirque,14202,Futrono,1665,numeric,regional_formula_block_order,338,349,350
2026-06,residential_2026-06,14,340,Providencia,14201,La Unión,8741,numeric,regional_formula_block_order,338,349,350
2026-06,residential_2026-06,14,341,Pudahuel,14203,Lago Ranco,917,numeric,regional_formula_block_order,338,349,350
2026-06,residential_2026-06,14,342,Puente Alto,14103,Lanco,2727,numeric,regional_formula_block_order,338,349,350
2026-06,residential_2026-06,14,343,Quilicura,14104,Los Lagos,2479,numeric,regional_formula_block_order,338,349,350
2026-06,residential_2026-06,14,344,Quinta Normal,14105,Máfil,1162,numeric,regional_formula_block_order,338,349,350
2026-06,residential_2026-06,14,345,Recoleta,14106,Mariquina,3861,numeric,regional_formula_block_order,338,349,350
2026-06,residential_2026-06,14,346,Renca,14107,Paillaco,2984,numeric,regional_formula_block_order,338,349,350
2026-06,residential_2026-06,14,347,San Bernardo,14108,Panguipulli,5101,numeric,regional_formula_block_order,338,349,350
2026-06,residential_2026-06,14,348,San Joaquín,14204,Río Bueno,5637,numeric,regional_formula_block_order,338,349,350
2026-06,residential_2026-06,14,349,San José de Maipo,14101,Valdivia,48262,numeric,regional_formula_block_order,338,349,350
2026-06,residential_2026-06,15,351,San Pedro,15101,Arica,55782,numeric,regional_formula_block_order,351,354,355
2026-06,residential_2026-06,15,352,San Ramón,15102,Camarones,57,numeric,regional_formula_block_order,351,354,355
2026-06,residential_2026-06,15,353,Santiago,15202,General Lagos,1010,numeric,regional_formula_block_order,351,354,355
2026-06,residential_2026-06,15,354,Talagante,15201,Putre,80,numeric,regional_formula_block_order,351,354,355
2026-06,residential_2026-06,16,356,Vitacura,16102,Bulnes,3680,numeric,regional_formula_block_order,356,376,377
2026-06,residential_2026-06,16,357,Sin clasificación,16101,Chillán,54343,numeric,regional_formula_block_order,356,376,377
2026-06,residential_2026-06,16,358,,16103,Chillán Viejo,10452,numeric,regional_formula_block_order,356,376,377
2026-06,residential_2026-06,16,359,Corral,16202,Cobquecura,817,numeric,regional_formula_block_order,356,376,377
2026-06,residential_2026-06,16,360,Futrono,16203,Coelemu,2798,numeric,regional_formula_block_order,356,376,377
2026-06,residential_2026-06,16,361,La Unión,16302,Coihueco,1527,numeric,regional_formula_block_order,356,376,377
2026-06,residential_2026-06,16,362,Lago Ranco,16104,El Carmen,660,numeric,regional_formula_block_order,356,376,377
2026-06,residential_2026-06,16,363,Lanco,16204,Ninhue,361,numeric,regional_formula_block_order,356,376,377
2026-06,residential_2026-06,16,364,Los Lagos,16303,Ñiquén,364,numeric,regional_formula_block_order,356,376,377
2026-06,residential_2026-06,16,365,Mafil,16105,Pemuco,884,numeric,regional_formula_block_order,356,376,377
2026-06,residential_2026-06,16,366,Mariquina,16106,Pinto,2440,numeric,regional_formula_block_order,356,376,377
2026-06,residential_2026-06,16,367,Paillaco,16205,Portezuelo,318,numeric,regional_formula_block_order,356,376,377
2026-06,residential_2026-06,16,368,Panguipulli,16107,Quillón,3224,numeric,regional_formula_block_order,356,376,377
2026-06,residential_2026-06,16,369,Río Bueno,16201,Quirihue,958,numeric,regional_formula_block_order,356,376,377
2026-06,residential_2026-06,16,370,Valdivia,16206,Ránquil,655,numeric,regional_formula_block_order,356,376,377
2026-06,residential_2026-06,16,371,,16301,San Carlos,9517,numeric,regional_formula_block_order,356,376,377
2026-06,residential_2026-06,16,372,Arica,16304,San Fabián,703,numeric,regional_formula_block_order,356,376,377
2026-06,residential_2026-06,16,373,Camarones,16108,San Ignacio,1252,numeric,regional_formula_block_order,356,376,377
2026-06,residential_2026-06,16,374,General Lagos,16305,San Nicolás,648,numeric,regional_formula_block_order,356,376,377
2026-06,residential_2026-06,16,375,Putre,16207,Trehuaco,449,numeric,regional_formula_block_order,356,376,377
2026-06,residential_2026-06,16,376,,16109,Yungay,2756,numeric,regional_formula_block_order,356,376,377
