commune_code,commune,province,region,region_code,network,control_period,control_tiles,control_tests,control_devices_sum_across_tiles,control_download_mbps_test_weighted,control_upload_mbps_test_weighted,control_latency_ms_test_weighted,control_loaded_latency_down_ms_test_weighted,control_loaded_latency_up_ms_test_weighted,current_period,current_tiles,current_tests,current_devices_sum_across_tiles,current_download_mbps_test_weighted,current_upload_mbps_test_weighted,current_latency_ms_test_weighted,current_loaded_latency_down_ms_test_weighted,current_loaded_latency_up_ms_test_weighted,delta_download_mbps_test_weighted,delta_pct_download_mbps_test_weighted,delta_upload_mbps_test_weighted,delta_pct_upload_mbps_test_weighted,delta_latency_ms_test_weighted,delta_pct_latency_ms_test_weighted
1101,Iquique,Iquique,Región de Tarapacá,1.0,fixed,2025Q4,83.0,5385.0,1772.0,428.462,356.317,22.859,346.831,244.778,2026Q1,87.0,5292.0,1794.0,443.733,368.08,21.698,330.144,245.284,15.271,3.564,11.763,3.301,-1.161,-5.079
1101,Iquique,Iquique,Región de Tarapacá,1.0,mobile,2025Q4,87.0,766.0,394.0,76.29,21.976,53.757,1725.042,1116.927,2026Q1,98.0,667.0,390.0,85.075,22.932,58.999,1444.575,1233.978,8.785,11.515,0.956,4.35,5.242,9.751
1107,Alto Hospicio,Iquique,Región de Tarapacá,1.0,fixed,2025Q4,80.0,3262.0,1069.0,417.034,337.679,21.144,326.575,266.648,2026Q1,74.0,2941.0,978.0,407.473,323.401,23.209,372.508,262.126,-9.561,-2.293,-14.278,-4.228,2.065,9.766
1107,Alto Hospicio,Iquique,Región de Tarapacá,1.0,mobile,2025Q4,62.0,511.0,225.0,53.245,16.818,55.149,2121.74,1294.374,2026Q1,66.0,522.0,236.0,55.12,17.989,55.789,1826.824,1275.475,1.875,3.521,1.171,6.963,0.64,1.16
1401,Pozo Almonte,Tamarugal,Región de Tarapacá,1.0,fixed,2025Q4,70.0,391.0,147.0,209.25,151.28,31.458,348.263,399.568,2026Q1,76.0,412.0,164.0,205.55,144.286,33.682,476.801,406.731,-3.7,-1.768,-6.994,-4.623,2.224,7.07
1401,Pozo Almonte,Tamarugal,Región de Tarapacá,1.0,mobile,2025Q4,60.0,188.0,99.0,63.653,12.818,66.867,1592.163,1568.782,2026Q1,53.0,233.0,101.0,74.091,15.816,60.185,1572.773,1329.163,10.438,16.398,2.998,23.389,-6.682,-9.993
1402,Camiña,Tamarugal,Región de Tarapacá,1.0,fixed,2025Q4,4.0,22.0,5.0,278.523,39.75,58.818,235.773,103.909,2026Q1,4.0,5.0,4.0,277.804,33.294,45.6,167.6,61.2,-0.719,-0.258,-6.456,-16.242,-13.218,-22.473
1402,Camiña,Tamarugal,Región de Tarapacá,1.0,mobile,2025Q4,2.0,2.0,2.0,169.055,44.825,53.5,1356.5,306.0,2026Q1,3.0,7.0,4.0,140.451,10.712,72.857,996.286,1031.429,-28.604,-16.92,-34.113,-76.103,19.357,36.181
1403,Colchane,Tamarugal,Región de Tarapacá,1.0,fixed,2025Q4,3.0,6.0,4.0,93.365,21.873,324.833,984.167,502.0,2026Q1,7.0,17.0,9.0,114.408,22.545,45.647,310.353,282.765,21.043,22.538,0.672,3.072,-279.186,-85.948
1403,Colchane,Tamarugal,Región de Tarapacá,1.0,mobile,,,,,,,,,,2026Q1,2.0,2.0,2.0,16.524,4.994,114.5,4553.0,1493.0,,,,,,
1404,Huara,Tamarugal,Región de Tarapacá,1.0,fixed,2025Q4,12.0,128.0,17.0,126.712,65.837,60.727,327.172,229.039,2026Q1,12.0,47.0,15.0,199.154,78.394,67.277,301.362,225.404,72.442,57.171,12.557,19.073,6.55,10.786
1404,Huara,Tamarugal,Región de Tarapacá,1.0,mobile,2025Q4,20.0,43.0,22.0,45.563,15.068,62.93,1757.095,1394.952,2026Q1,26.0,113.0,37.0,42.588,10.277,53.522,1911.832,1908.292,-2.975,-6.529,-4.791,-31.796,-9.408,-14.95
1405,Pica,Tamarugal,Región de Tarapacá,1.0,fixed,2025Q4,36.0,211.0,85.0,155.664,118.815,49.047,506.711,250.327,2026Q1,37.0,180.0,94.0,146.002,105.263,47.45,571.233,632.922,-9.662,-6.207,-13.552,-11.406,-1.597,-3.256
1405,Pica,Tamarugal,Región de Tarapacá,1.0,mobile,2025Q4,40.0,194.0,85.0,100.449,17.968,48.861,1321.339,985.487,2026Q1,36.0,130.0,63.0,90.451,16.155,48.254,1208.651,1440.138,-9.998,-9.953,-1.813,-10.09,-0.607,-1.242
2101,Antofagasta,Antofagasta,Región de Antofagasta,2.0,fixed,2025Q4,252.0,10079.0,3382.0,428.064,366.189,15.944,250.635,218.946,2026Q1,240.0,10299.0,3459.0,452.314,379.847,15.788,269.393,236.847,24.25,5.665,13.658,3.73,-0.156,-0.978
2101,Antofagasta,Antofagasta,Región de Antofagasta,2.0,mobile,2025Q4,225.0,1765.0,845.0,87.884,21.564,37.772,1860.838,1245.53,2026Q1,220.0,1707.0,787.0,82.831,21.341,38.596,1849.167,1214.757,-5.053,-5.75,-0.223,-1.034,0.824,2.182
2102,Mejillones,Antofagasta,Región de Antofagasta,2.0,fixed,2025Q4,29.0,254.0,96.0,263.605,200.35,16.917,277.512,262.303,2026Q1,29.0,233.0,92.0,220.136,196.28,16.73,241.515,235.236,-43.469,-16.49,-4.07,-2.031,-0.187,-1.105
2102,Mejillones,Antofagasta,Región de Antofagasta,2.0,mobile,2025Q4,34.0,148.0,56.0,54.626,16.6,44.176,2328.789,1473.801,2026Q1,31.0,140.0,57.0,60.092,15.274,45.021,1904.457,874.136,5.466,10.006,-1.326,-7.988,0.845,1.913
2103,Sierra Gorda,Antofagasta,Región de Antofagasta,2.0,fixed,2025Q4,39.0,116.0,67.0,142.568,68.647,32.034,478.371,388.612,2026Q1,49.0,140.0,88.0,121.962,32.01,32.764,509.557,365.321,-20.606,-14.453,-36.637,-53.37,0.73,2.279
2103,Sierra Gorda,Antofagasta,Región de Antofagasta,2.0,mobile,2025Q4,66.0,186.0,111.0,22.363,12.363,49.522,2131.503,1590.081,2026Q1,68.0,204.0,120.0,27.134,11.74,50.701,2208.813,1394.172,4.771,21.334,-0.623,-5.039,1.179,2.381
2104,Taltal,Antofagasta,Región de Antofagasta,2.0,fixed,2025Q4,40.0,250.0,93.0,284.212,211.215,19.812,395.48,318.652,2026Q1,40.0,364.0,102.0,273.462,234.838,20.508,321.907,358.835,-10.75,-3.782,23.623,11.184,0.696,3.513
2104,Taltal,Antofagasta,Región de Antofagasta,2.0,mobile,2025Q4,20.0,86.0,35.0,73.09,20.579,39.837,1154.718,846.209,2026Q1,35.0,84.0,51.0,90.421,31.04,40.512,1441.095,854.476,17.331,23.712,10.461,50.833,0.675,1.694
2201,Calama,El Loa,Región de Antofagasta,2.0,fixed,2025Q4,159.0,4650.0,1536.0,425.269,376.475,22.464,296.839,238.213,2026Q1,188.0,4597.0,1682.0,448.081,388.362,21.945,289.595,267.428,22.812,5.364,11.887,3.157,-0.519,-2.31
2201,Calama,El Loa,Región de Antofagasta,2.0,mobile,2025Q4,164.0,935.0,484.0,89.557,24.983,45.435,1890.97,1127.348,2026Q1,156.0,1004.0,480.0,93.026,24.088,44.402,1697.271,1122.134,3.469,3.874,-0.895,-3.582,-1.033,-2.274
2202,Ollagüe,El Loa,Región de Antofagasta,2.0,fixed,2025Q4,3.0,11.0,3.0,25.076,20.765,74.091,1207.727,276.364,2026Q1,3.0,8.0,4.0,154.726,20.699,29.25,141.125,438.0,129.65,517.028,-0.066,-0.318,-44.841,-60.522
2202,Ollagüe,El Loa,Región de Antofagasta,2.0,mobile,2025Q4,1.0,2.0,1.0,96.122,16.941,40.0,442.0,877.0,2026Q1,2.0,2.0,2.0,122.971,17.404,43.5,320.5,1090.0,26.849,27.932,0.463,2.733,3.5,8.75
2203,San Pedro de Atacama,El Loa,Región de Antofagasta,2.0,fixed,2025Q4,63.0,402.0,214.0,137.898,31.121,35.726,388.351,285.622,2026Q1,77.0,383.0,250.0,131.25,29.172,30.809,382.402,267.428,-6.648,-4.821,-1.949,-6.263,-4.917,-13.763
2203,San Pedro de Atacama,El Loa,Región de Antofagasta,2.0,mobile,2025Q4,47.0,204.0,90.0,95.631,19.444,56.549,1703.73,1119.814,2026Q1,47.0,261.0,103.0,58.65,16.023,69.218,1715.93,1514.95,-36.981,-38.671,-3.421,-17.594,12.669,22.404
2301,Tocopilla,Tocopilla,Región de Antofagasta,2.0,fixed,2025Q4,29.0,573.0,176.0,379.778,364.089,17.672,300.199,302.703,2026Q1,27.0,390.0,163.0,387.345,363.028,17.787,281.992,288.651,7.567,1.992,-1.061,-0.291,0.115,0.651
2301,Tocopilla,Tocopilla,Región de Antofagasta,2.0,mobile,2025Q4,16.0,76.0,38.0,87.138,17.568,44.645,2077.974,1071.079,2026Q1,22.0,127.0,55.0,98.453,21.207,34.079,2111.976,1055.087,11.315,12.985,3.639,20.714,-10.566,-23.667
2302,María Elena,Tocopilla,Región de Antofagasta,2.0,fixed,2025Q4,19.0,71.0,37.0,182.777,29.14,42.606,363.606,558.732,2026Q1,22.0,98.0,39.0,152.866,23.419,28.786,278.878,210.571,-29.911,-16.365,-5.721,-19.633,-13.82,-32.437
2302,María Elena,Tocopilla,Región de Antofagasta,2.0,mobile,2025Q4,32.0,104.0,63.0,34.195,16.897,44.202,2049.709,1664.683,2026Q1,23.0,55.0,43.0,35.096,12.447,56.636,1829.964,1927.509,0.901,2.635,-4.45,-26.336,12.434,28.13
3101,Copiapó,Copiapó,Región de Atacama,3.0,fixed,2025Q4,187.0,4485.0,1636.0,428.434,380.344,14.277,234.367,265.31,2026Q1,181.0,3809.0,1519.0,440.291,387.506,14.059,209.012,257.444,11.857,2.768,7.162,1.883,-0.218,-1.527
3101,Copiapó,Copiapó,Región de Atacama,3.0,mobile,2025Q4,150.0,980.0,482.0,87.839,22.36,32.593,1790.467,1214.024,2026Q1,154.0,832.0,445.0,89.904,22.814,32.142,2001.924,1209.636,2.065,2.351,0.454,2.03,-0.451,-1.384
3102,Caldera,Copiapó,Región de Atacama,3.0,fixed,2025Q4,44.0,455.0,176.0,404.986,350.53,17.541,228.705,187.596,2026Q1,50.0,532.0,215.0,347.437,280.323,18.5,229.036,236.468,-57.549,-14.21,-70.207,-20.029,0.959,5.467
3102,Caldera,Copiapó,Región de Atacama,3.0,mobile,2025Q4,56.0,253.0,127.0,67.64,16.014,46.874,1876.561,1460.478,2026Q1,69.0,270.0,151.0,65.675,16.566,51.737,2009.187,1822.656,-1.965,-2.905,0.552,3.447,4.863,10.375
3103,Tierra Amarilla,Copiapó,Región de Atacama,3.0,fixed,2025Q4,56.0,547.0,161.0,342.591,277.022,16.079,249.04,236.998,2026Q1,53.0,357.0,137.0,327.897,259.383,17.171,324.179,203.294,-14.694,-4.289,-17.639,-6.367,1.092,6.791
3103,Tierra Amarilla,Copiapó,Región de Atacama,3.0,mobile,2025Q4,50.0,208.0,96.0,77.012,22.775,34.048,1564.12,1329.024,2026Q1,47.0,146.0,64.0,69.149,13.547,35.521,1719.815,1568.568,-7.863,-10.21,-9.228,-40.518,1.473,4.326
3201,Chañaral,Chañaral,Región de Atacama,3.0,fixed,2025Q4,31.0,293.0,93.0,498.734,334.722,20.515,286.25,265.345,2026Q1,32.0,257.0,85.0,424.169,251.087,19.49,270.856,163.763,-74.565,-14.951,-83.635,-24.986,-1.025,-4.996
3201,Chañaral,Chañaral,Región de Atacama,3.0,mobile,2025Q4,24.0,98.0,63.0,130.776,28.619,43.867,1097.684,893.245,2026Q1,25.0,106.0,60.0,91.75,23.754,36.953,1383.585,1139.226,-39.026,-29.842,-4.865,-16.999,-6.914,-15.761
3202,Diego de Almagro,Chañaral,Región de Atacama,3.0,fixed,2025Q4,36.0,164.0,79.0,207.469,121.648,19.098,271.396,191.494,2026Q1,40.0,191.0,85.0,327.311,280.917,21.56,157.346,171.634,119.842,57.764,159.269,130.926,2.462,12.891
3202,Diego de Almagro,Chañaral,Región de Atacama,3.0,mobile,2025Q4,49.0,164.0,101.0,95.67,22.705,44.043,1551.683,1370.573,2026Q1,35.0,156.0,84.0,104.98,21.496,40.353,1558.167,1172.391,9.31,9.731,-1.209,-5.325,-3.69,-8.378
3301,Vallenar,Huasco,Región de Atacama,3.0,fixed,2025Q4,76.0,1251.0,424.0,406.232,353.048,11.882,202.486,212.39,2026Q1,98.0,1383.0,511.0,429.044,359.255,14.299,189.387,209.046,22.812,5.616,6.207,1.758,2.417,20.342
3301,Vallenar,Huasco,Región de Atacama,3.0,mobile,2025Q4,76.0,304.0,159.0,91.367,23.135,39.786,1501.138,1085.855,2026Q1,77.0,341.0,166.0,74.214,18.104,42.657,1582.669,1298.481,-17.153,-18.774,-5.031,-21.746,2.871,7.216
3302,Alto del Carmen,Huasco,Región de Atacama,3.0,fixed,2025Q4,12.0,38.0,15.0,154.521,24.915,52.895,613.289,525.763,2026Q1,11.0,46.0,12.0,152.584,31.87,30.152,348.109,386.804,-1.937,-1.254,6.955,27.915,-22.743,-42.997
3302,Alto del Carmen,Huasco,Región de Atacama,3.0,mobile,2025Q4,29.0,42.0,32.0,96.282,12.063,50.548,1927.951,1718.829,2026Q1,22.0,48.0,24.0,48.886,7.501,48.479,1672.354,1660.812,-47.396,-49.226,-4.562,-37.818,-2.069,-4.093
3303,Freirina,Huasco,Región de Atacama,3.0,fixed,2025Q4,31.0,127.0,52.0,189.512,42.302,32.528,336.15,329.89,2026Q1,23.0,189.0,43.0,217.567,94.278,27.233,226.212,261.349,28.055,14.804,51.976,122.869,-5.295,-16.278
3303,Freirina,Huasco,Región de Atacama,3.0,mobile,2025Q4,19.0,432.0,49.0,139.486,29.324,86.299,658.123,1635.095,2026Q1,23.0,201.0,56.0,84.437,18.014,55.443,1201.542,1355.214,-55.049,-39.466,-11.31,-38.569,-30.856,-35.755
3304,Huasco,Huasco,Región de Atacama,3.0,fixed,2025Q4,24.0,207.0,79.0,408.252,350.56,12.599,166.295,193.077,2026Q1,21.0,174.0,56.0,367.74,307.124,12.126,172.385,223.282,-40.512,-9.923,-43.436,-12.39,-0.473,-3.754
3304,Huasco,Huasco,Región de Atacama,3.0,mobile,2025Q4,37.0,215.0,87.0,110.022,26.59,65.693,1088.799,1050.86,2026Q1,25.0,245.0,89.0,119.745,23.03,43.241,1319.792,1194.151,9.723,8.837,-3.56,-13.388,-22.452,-34.177
4101,La Serena,Elqui,Región de Coquimbo,4.0,fixed,2025Q4,335.0,7794.0,3085.0,420.441,361.892,10.789,211.625,216.674,2026Q1,365.0,8117.0,3286.0,422.926,346.136,12.287,197.485,215.949,2.485,0.591,-15.756,-4.354,1.498,13.885
4101,La Serena,Elqui,Región de Coquimbo,4.0,mobile,2025Q4,228.0,1423.0,735.0,88.332,23.818,30.666,1631.345,1234.283,2026Q1,235.0,1645.0,850.0,89.028,22.639,32.076,1616.716,1163.226,0.696,0.788,-1.179,-4.95,1.41,4.598
4102,Coquimbo,Elqui,Región de Coquimbo,4.0,fixed,2025Q4,333.0,7219.0,2795.0,400.369,363.208,10.485,213.079,227.864,2026Q1,363.0,7386.0,2981.0,398.575,351.881,10.856,210.456,265.062,-1.794,-0.448,-11.327,-3.119,0.371,3.538
4102,Coquimbo,Elqui,Región de Coquimbo,4.0,mobile,2025Q4,277.0,1595.0,683.0,82.62,23.066,29.599,1497.656,1265.622,2026Q1,305.0,1995.0,902.0,78.106,19.033,31.411,1704.754,1274.61,-4.514,-5.464,-4.033,-17.485,1.812,6.122
4103,Andacollo,Elqui,Región de Coquimbo,4.0,fixed,2025Q4,16.0,80.0,38.0,416.637,318.793,8.35,202.588,252.162,2026Q1,16.0,117.0,38.0,463.507,324.021,5.239,258.974,385.009,46.87,11.25,5.228,1.64,-3.111,-37.257
4103,Andacollo,Elqui,Región de Coquimbo,4.0,mobile,2025Q4,15.0,41.0,26.0,135.159,31.524,32.122,655.732,849.854,2026Q1,22.0,42.0,30.0,109.241,21.24,31.524,1495.707,1013.762,-25.918,-19.176,-10.284,-32.623,-0.598,-1.862
4104,La Higuera,Elqui,Región de Coquimbo,4.0,fixed,2025Q4,15.0,41.0,23.0,325.845,237.403,17.244,290.707,169.512,2026Q1,15.0,30.0,17.0,147.059,69.448,28.467,450.9,580.267,-178.786,-54.868,-167.955,-70.747,11.223,65.084
4104,La Higuera,Elqui,Región de Coquimbo,4.0,mobile,2025Q4,13.0,163.0,21.0,107.995,43.788,28.589,787.644,727.344,2026Q1,25.0,111.0,32.0,48.459,7.565,80.604,1226.369,2290.216,-59.536,-55.128,-36.223,-82.724,52.015,181.941
4105,Paihuano,Elqui,Región de Coquimbo,4.0,fixed,2025Q4,12.0,62.0,20.0,121.32,22.796,42.5,336.371,576.919,2026Q1,18.0,51.0,26.0,97.606,18.55,37.686,340.686,364.51,-23.714,-19.547,-4.246,-18.626,-4.814,-11.327
4105,Paihuano,Elqui,Región de Coquimbo,4.0,mobile,2025Q4,14.0,31.0,15.0,66.307,13.18,32.968,738.548,1969.419,2026Q1,41.0,144.0,74.0,66.577,12.598,43.861,1737.528,1595.819,0.27,0.407,-0.582,-4.416,10.893,33.041
4106,Vicuña,Elqui,Región de Coquimbo,4.0,fixed,2025Q4,64.0,408.0,162.0,343.919,301.004,10.944,212.956,263.017,2026Q1,63.0,309.0,132.0,269.666,206.011,13.744,310.246,361.343,-74.253,-21.59,-94.993,-31.559,2.8,25.585
4106,Vicuña,Elqui,Región de Coquimbo,4.0,mobile,2025Q4,42.0,193.0,78.0,72.39,18.089,28.58,1774.797,1178.839,2026Q1,62.0,154.0,93.0,97.003,19.449,32.123,1485.099,1129.851,24.613,34.001,1.36,7.518,3.543,12.397
4201,Illapel,Choapa,Región de Coquimbo,4.0,fixed,2025Q4,76.0,728.0,263.0,366.753,304.225,12.883,249.084,285.615,2026Q1,94.0,902.0,255.0,362.994,273.828,16.021,274.34,280.153,-3.759,-1.025,-30.397,-9.992,3.138,24.358
4201,Illapel,Choapa,Región de Coquimbo,4.0,mobile,2025Q4,49.0,173.0,102.0,76.06,16.587,36.526,2109.953,1424.585,2026Q1,59.0,177.0,100.0,81.893,17.147,34.525,1876.576,1700.966,5.833,7.669,0.56,3.376,-2.001,-5.478
4202,Canela,Choapa,Región de Coquimbo,4.0,fixed,2025Q4,24.0,61.0,37.0,285.632,200.424,14.967,246.41,267.721,2026Q1,28.0,86.0,41.0,292.756,202.59,19.919,267.919,279.616,7.124,2.494,2.166,1.081,4.952,33.086
4202,Canela,Choapa,Región de Coquimbo,4.0,mobile,2025Q4,26.0,53.0,33.0,68.02,11.941,42.019,1714.302,1958.698,2026Q1,28.0,97.0,38.0,42.455,12.679,127.938,1348.812,2361.794,-25.565,-37.585,0.738,6.18,85.919,204.477
4203,Los Vilos,Choapa,Región de Coquimbo,4.0,fixed,2025Q4,55.0,501.0,163.0,334.754,277.184,13.846,395.261,282.786,2026Q1,64.0,575.0,222.0,389.207,293.305,16.209,268.617,256.743,54.453,16.267,16.121,5.816,2.363,17.066
4203,Los Vilos,Choapa,Región de Coquimbo,4.0,mobile,2025Q4,62.0,297.0,124.0,111.094,22.051,65.3,1348.618,1350.841,2026Q1,99.0,544.0,237.0,67.017,14.251,110.369,1810.445,1499.89,-44.077,-39.675,-7.8,-35.373,45.069,69.018
4204,Salamanca,Choapa,Región de Coquimbo,4.0,fixed,2025Q4,79.0,374.0,169.0,222.866,176.92,17.684,362.558,468.769,2026Q1,112.0,537.0,244.0,243.499,170.204,15.851,342.565,364.06,20.633,9.258,-6.716,-3.796,-1.833,-10.365
4204,Salamanca,Choapa,Región de Coquimbo,4.0,mobile,2025Q4,81.0,347.0,129.0,51.442,12.977,36.732,1716.873,1280.613,2026Q1,84.0,243.0,142.0,75.862,18.249,71.267,1516.678,1261.609,24.42,47.471,5.272,40.626,34.535,94.019
4301,Ovalle,Limarí,Región de Coquimbo,4.0,fixed,2025Q4,162.0,2253.0,743.0,369.959,337.284,12.539,186.14,209.582,2026Q1,172.0,2003.0,728.0,381.954,340.072,12.115,183.264,222.676,11.995,3.242,2.788,0.827,-0.424,-3.381
4301,Ovalle,Limarí,Región de Coquimbo,4.0,mobile,2025Q4,143.0,648.0,295.0,64.122,15.873,33.0,1467.083,1315.019,2026Q1,153.0,606.0,288.0,69.692,19.125,33.38,1704.384,1437.85,5.57,8.687,3.252,20.488,0.38,1.152
4302,Combarbalá,Limarí,Región de Coquimbo,4.0,fixed,2025Q4,34.0,213.0,71.0,240.462,227.89,16.296,250.685,302.634,2026Q1,37.0,338.0,75.0,334.822,277.724,16.565,212.595,684.571,94.36,39.241,49.834,21.868,0.269,1.651
4302,Combarbalá,Limarí,Región de Coquimbo,4.0,mobile,2025Q4,30.0,94.0,60.0,130.758,22.5,51.574,1216.681,1357.138,2026Q1,27.0,110.0,47.0,116.029,21.519,53.318,1044.5,1126.791,-14.729,-11.264,-0.981,-4.36,1.744,3.382
4303,Monte Patria,Limarí,Región de Coquimbo,4.0,fixed,2025Q4,58.0,251.0,117.0,317.633,287.786,13.255,222.482,307.693,2026Q1,51.0,283.0,115.0,406.122,358.755,12.724,163.569,234.035,88.489,27.859,70.969,24.66,-0.531,-4.006
4303,Monte Patria,Limarí,Región de Coquimbo,4.0,mobile,2025Q4,47.0,120.0,73.0,58.807,13.797,44.642,1590.153,1706.689,2026Q1,55.0,154.0,75.0,40.181,12.062,40.117,2039.627,1461.869,-18.626,-31.673,-1.735,-12.575,-4.525,-10.136
4304,Punitaqui,Limarí,Región de Coquimbo,4.0,fixed,2025Q4,12.0,56.0,25.0,471.156,374.713,18.714,240.929,215.018,2026Q1,21.0,71.0,32.0,408.937,268.359,11.0,232.873,193.465,-62.219,-13.206,-106.354,-28.383,-7.714,-41.22
4304,Punitaqui,Limarí,Región de Coquimbo,4.0,mobile,2025Q4,15.0,57.0,21.0,93.743,19.308,32.877,1105.268,1014.25,2026Q1,21.0,52.0,26.0,63.381,11.739,36.058,1244.837,1869.808,-30.362,-32.389,-7.569,-39.201,3.181,9.675
4305,Río Hurtado,Limarí,Región de Coquimbo,4.0,fixed,2025Q4,12.0,43.0,18.0,120.688,42.73,19.581,199.977,297.86,2026Q1,12.0,30.0,14.0,165.731,59.751,24.733,309.633,261.433,45.043,37.322,17.021,39.834,5.152,26.311
4305,Río Hurtado,Limarí,Región de Coquimbo,4.0,mobile,2025Q4,10.0,29.0,16.0,38.642,7.282,38.793,599.862,953.0,2026Q1,11.0,23.0,14.0,57.306,8.645,32.043,998.739,1097.435,18.664,48.3,1.363,18.717,-6.75,-17.4
5101,Valparaíso,Valparaíso,Región de Valparaíso,5.0,fixed,2025Q4,218.0,7339.0,2440.0,370.749,317.211,8.244,239.952,254.406,2026Q1,228.0,7060.0,2726.0,407.412,346.073,7.831,223.336,237.235,36.663,9.889,28.862,9.099,-0.413,-5.01
5101,Valparaíso,Valparaíso,Región de Valparaíso,5.0,mobile,2025Q4,209.0,1708.0,841.0,108.262,25.012,24.48,1449.795,1109.693,2026Q1,232.0,1847.0,871.0,93.962,20.18,25.069,1462.292,1225.49,-14.3,-13.209,-4.832,-19.319,0.589,2.406
5102,Casablanca,Valparaíso,Región de Valparaíso,5.0,fixed,2025Q4,116.0,733.0,236.0,201.234,152.928,17.662,238.832,170.673,2026Q1,115.0,972.0,293.0,230.513,146.224,20.838,280.415,274.289,29.279,14.55,-6.704,-4.384,3.176,17.982
5102,Casablanca,Valparaíso,Región de Valparaíso,5.0,mobile,2025Q4,92.0,299.0,142.0,74.311,14.98,28.846,1776.836,1551.686,2026Q1,137.0,397.0,208.0,76.962,17.673,39.431,1507.065,1352.894,2.651,3.567,2.693,17.977,10.585,36.695
5103,Concón,Valparaíso,Región de Valparaíso,5.0,fixed,2025Q4,67.0,2382.0,853.0,382.763,323.634,8.508,285.18,194.914,2026Q1,69.0,2817.0,1010.0,406.63,334.378,8.375,227.519,212.033,23.867,6.235,10.744,3.32,-0.133,-1.563
5103,Concón,Valparaíso,Región de Valparaíso,5.0,mobile,2025Q4,74.0,582.0,224.0,139.59,26.008,22.208,1137.509,1008.985,2026Q1,65.0,421.0,218.0,103.716,18.648,25.705,1424.344,1220.675,-35.874,-25.7,-7.36,-28.299,3.497,15.747
5105,Puchuncaví,Valparaíso,Región de Valparaíso,5.0,fixed,2025Q4,130.0,1056.0,338.0,389.322,343.262,9.192,214.733,182.615,2026Q1,153.0,1196.0,517.0,328.247,270.463,12.135,315.666,277.777,-61.075,-15.688,-72.799,-21.208,2.943,32.017
5105,Puchuncaví,Valparaíso,Región de Valparaíso,5.0,mobile,2025Q4,100.0,281.0,167.0,130.443,22.085,26.349,1245.375,933.711,2026Q1,110.0,503.0,270.0,93.016,18.571,28.308,1709.204,1248.899,-37.427,-28.692,-3.514,-15.911,1.959,7.435
5107,Quintero,Valparaíso,Región de Valparaíso,5.0,fixed,2025Q4,67.0,864.0,290.0,384.868,331.325,10.836,270.887,211.231,2026Q1,69.0,1120.0,388.0,422.184,374.395,8.366,212.829,185.079,37.316,9.696,43.07,12.999,-2.47,-22.794
5107,Quintero,Valparaíso,Región de Valparaíso,5.0,mobile,2025Q4,77.0,303.0,151.0,103.015,24.215,27.439,1519.0,1114.073,2026Q1,83.0,438.0,213.0,70.359,14.964,29.5,1932.443,1545.845,-32.656,-31.7,-9.251,-38.204,2.061,7.511
5109,Viña del Mar,Valparaíso,Región de Valparaíso,5.0,fixed,2025Q4,252.0,11220.0,4113.0,404.05,345.434,7.924,232.824,224.845,2026Q1,262.0,11729.0,4557.0,421.57,353.462,7.504,230.912,228.962,17.52,4.336,8.028,2.324,-0.42,-5.3
5109,Viña del Mar,Valparaíso,Región de Valparaíso,5.0,mobile,2025Q4,238.0,3276.0,1289.0,111.289,28.94,25.05,1370.37,1088.432,2026Q1,226.0,3063.0,1234.0,108.068,25.818,25.832,1578.865,976.661,-3.221,-2.894,-3.122,-10.788,0.782,3.122
5301,Los Andes,Los Andes,Región de Valparaíso,5.0,fixed,2025Q4,84.0,1587.0,580.0,407.298,360.274,7.818,213.709,216.253,2026Q1,75.0,1425.0,573.0,438.903,381.689,7.352,246.046,235.999,31.605,7.76,21.415,5.944,-0.466,-5.961
5301,Los Andes,Los Andes,Región de Valparaíso,5.0,mobile,2025Q4,76.0,380.0,217.0,102.817,18.983,30.755,1276.627,1301.047,2026Q1,84.0,755.0,225.0,73.266,16.717,25.212,1261.334,1181.51,-29.551,-28.741,-2.266,-11.937,-5.543,-18.023
5302,Calle Larga,Los Andes,Región de Valparaíso,5.0,fixed,2025Q4,55.0,498.0,186.0,380.472,337.394,8.008,197.516,295.022,2026Q1,55.0,489.0,181.0,431.851,368.633,7.102,225.583,199.638,51.379,13.504,31.239,9.259,-0.906,-11.314
5302,Calle Larga,Los Andes,Región de Valparaíso,5.0,mobile,2025Q4,34.0,93.0,43.0,81.468,23.258,21.785,954.489,1050.892,2026Q1,27.0,51.0,38.0,111.311,15.514,21.647,1243.667,1373.922,29.843,36.632,-7.744,-33.296,-0.138,-0.633
5303,Rinconada,Los Andes,Región de Valparaíso,5.0,fixed,2025Q4,51.0,473.0,146.0,314.752,224.07,12.154,244.619,317.328,2026Q1,43.0,442.0,126.0,300.613,218.47,13.719,254.233,366.805,-14.139,-4.492,-5.6,-2.499,1.565,12.876
5303,Rinconada,Los Andes,Región de Valparaíso,5.0,mobile,2025Q4,28.0,59.0,40.0,84.573,11.845,24.678,1224.466,1555.814,2026Q1,23.0,59.0,29.0,93.329,14.084,21.305,2131.746,1524.695,8.756,10.353,2.239,18.902,-3.373,-13.668
5304,San Esteban,Los Andes,Región de Valparaíso,5.0,fixed,2025Q4,49.0,501.0,134.0,377.667,306.087,7.365,165.918,255.794,2026Q1,58.0,393.0,145.0,346.747,273.607,10.634,214.56,201.156,-30.92,-8.187,-32.48,-10.611,3.269,44.386
5304,San Esteban,Los Andes,Región de Valparaíso,5.0,mobile,2025Q4,45.0,93.0,54.0,93.998,13.733,25.613,1159.066,1366.152,2026Q1,31.0,75.0,43.0,100.762,15.727,21.533,1381.216,1142.149,6.764,7.196,1.994,14.52,-4.08,-15.929
5401,La Ligua,Petorca,Región de Valparaíso,5.0,fixed,2025Q4,101.0,620.0,261.0,347.814,273.085,11.845,253.116,223.582,2026Q1,126.0,904.0,337.0,331.713,272.607,11.421,258.392,258.583,-16.101,-4.629,-0.478,-0.175,-0.424,-3.58
5401,La Ligua,Petorca,Región de Valparaíso,5.0,mobile,2025Q4,92.0,282.0,167.0,74.356,14.635,37.145,1573.587,1453.621,2026Q1,122.0,751.0,277.0,63.827,17.416,84.762,1716.097,1279.658,-10.529,-14.16,2.781,19.002,47.617,128.192
5402,Cabildo,Petorca,Región de Valparaíso,5.0,fixed,2025Q4,58.0,387.0,121.0,169.893,122.883,14.021,281.349,252.253,2026Q1,65.0,374.0,128.0,180.294,147.477,11.575,283.973,218.759,10.401,6.122,24.594,20.014,-2.446,-17.445
5402,Cabildo,Petorca,Región de Valparaíso,5.0,mobile,2025Q4,43.0,117.0,64.0,74.523,15.644,37.547,1386.991,1280.197,2026Q1,30.0,149.0,47.0,102.466,18.336,29.725,1747.718,1292.416,27.943,37.496,2.692,17.208,-7.822,-20.833
5403,Papudo,Petorca,Región de Valparaíso,5.0,fixed,2025Q4,32.0,298.0,132.0,339.106,297.766,9.832,249.262,185.337,2026Q1,40.0,592.0,277.0,320.762,283.843,8.076,205.726,214.693,-18.344,-5.41,-13.923,-4.676,-1.756,-17.86
5403,Papudo,Petorca,Región de Valparaíso,5.0,mobile,2025Q4,23.0,109.0,54.0,223.489,43.565,20.945,1096.817,901.697,2026Q1,44.0,405.0,162.0,66.795,20.27,37.41,1487.538,1220.706,-156.694,-70.113,-23.295,-53.472,16.465,78.611
5404,Petorca,Petorca,Región de Valparaíso,5.0,fixed,2025Q4,17.0,120.0,26.0,183.031,131.628,37.833,497.025,404.683,2026Q1,20.0,90.0,35.0,151.715,86.129,20.078,510.156,471.589,-31.316,-17.11,-45.499,-34.566,-17.755,-46.93
5404,Petorca,Petorca,Región de Valparaíso,5.0,mobile,2025Q4,22.0,106.0,29.0,56.909,12.308,122.792,1345.724,1128.679,2026Q1,23.0,66.0,24.0,65.839,11.017,173.439,1321.076,2141.015,8.93,15.692,-1.291,-10.489,50.647,41.246
5405,Zapallar,Petorca,Región de Valparaíso,5.0,fixed,2025Q4,66.0,549.0,192.0,254.164,171.869,17.111,241.386,217.749,2026Q1,91.0,906.0,315.0,284.658,189.648,17.33,283.531,267.579,30.494,11.998,17.779,10.345,0.219,1.28
5405,Zapallar,Petorca,Región de Valparaíso,5.0,mobile,2025Q4,45.0,318.0,120.0,153.479,36.882,21.903,1087.019,1128.401,2026Q1,56.0,271.0,118.0,141.33,31.488,31.513,1169.133,1000.893,-12.149,-7.916,-5.394,-14.625,9.61,43.875
5501,Quillota,Quillota,Región de Valparaíso,5.0,fixed,2025Q4,150.0,2258.0,800.0,375.241,331.065,8.591,233.661,253.189,2026Q1,147.0,2331.0,787.0,409.827,354.554,8.161,202.078,217.436,34.586,9.217,23.489,7.095,-0.43,-5.005
5501,Quillota,Quillota,Región de Valparaíso,5.0,mobile,2025Q4,118.0,656.0,263.0,88.275,21.538,24.962,1541.188,1223.67,2026Q1,106.0,536.0,230.0,89.114,18.417,24.125,1645.886,1230.508,0.839,0.95,-3.121,-14.491,-0.837,-3.353
5502,Calera,Quillota,Región de Valparaíso,5.0,fixed,2025Q4,52.0,934.0,332.0,387.521,320.177,8.331,223.466,253.159,2026Q1,55.0,863.0,334.0,439.007,371.079,7.754,237.738,181.009,51.486,13.286,50.902,15.898,-0.577,-6.926
5502,Calera,Quillota,Región de Valparaíso,5.0,mobile,2025Q4,47.0,302.0,133.0,74.429,19.859,23.586,1690.119,982.298,2026Q1,45.0,332.0,140.0,64.93,17.248,26.148,1853.644,998.117,-9.499,-12.762,-2.611,-13.148,2.562,10.862
5503,Hijuelas,Quillota,Región de Valparaíso,5.0,fixed,2025Q4,55.0,373.0,120.0,368.13,276.687,12.359,222.558,206.311,2026Q1,67.0,547.0,131.0,271.421,203.771,18.799,219.599,164.612,-96.709,-26.27,-72.916,-26.353,6.44,52.108
5503,Hijuelas,Quillota,Región de Valparaíso,5.0,mobile,2025Q4,57.0,200.0,80.0,124.503,41.591,19.83,1434.89,792.65,2026Q1,41.0,154.0,70.0,71.462,12.038,24.714,1708.24,1098.448,-53.041,-42.602,-29.553,-71.056,4.884,24.629
5504,La Cruz,Quillota,Región de Valparaíso,5.0,fixed,2025Q4,57.0,531.0,222.0,379.581,330.4,7.574,281.691,291.166,2026Q1,50.0,547.0,223.0,421.748,356.746,6.389,203.049,276.475,42.167,11.109,26.346,7.974,-1.185,-15.646
5504,La Cruz,Quillota,Región de Valparaíso,5.0,mobile,2025Q4,35.0,115.0,54.0,97.69,18.942,23.696,1167.278,1180.904,2026Q1,31.0,110.0,48.0,89.839,16.854,31.618,2392.56,1838.036,-7.851,-8.037,-2.088,-11.023,7.922,33.432
5506,Nogales,Quillota,Región de Valparaíso,5.0,fixed,2025Q4,47.0,297.0,108.0,300.071,232.719,11.145,327.108,203.354,2026Q1,57.0,235.0,111.0,365.988,283.101,12.089,255.077,273.191,65.917,21.967,50.382,21.649,0.944,8.47
5506,Nogales,Quillota,Región de Valparaíso,5.0,mobile,2025Q4,47.0,159.0,70.0,79.54,14.634,29.522,1704.176,1318.126,2026Q1,50.0,125.0,72.0,65.798,14.114,30.672,1393.744,1569.52,-13.742,-17.277,-0.52,-3.553,1.15,3.895
5601,San Antonio,San Antonio,Región de Valparaíso,5.0,fixed,2025Q4,111.0,1639.0,596.0,352.533,315.564,9.039,280.85,315.54,2026Q1,129.0,2004.0,704.0,376.702,333.364,8.617,253.997,291.645,24.169,6.856,17.8,5.641,-0.422,-4.669
5601,San Antonio,San Antonio,Región de Valparaíso,5.0,mobile,2025Q4,123.0,737.0,318.0,135.187,27.638,23.358,1450.189,1116.244,2026Q1,129.0,881.0,414.0,96.679,18.439,27.756,1678.028,1403.3,-38.508,-28.485,-9.199,-33.284,4.398,18.829
5602,Algarrobo,San Antonio,Región de Valparaíso,5.0,fixed,2025Q4,112.0,801.0,370.0,330.563,284.916,10.106,282.539,291.454,2026Q1,114.0,1312.0,582.0,327.441,280.578,11.016,235.406,290.255,-3.122,-0.944,-4.338,-1.523,0.91,9.005
5602,Algarrobo,San Antonio,Región de Valparaíso,5.0,mobile,2025Q4,74.0,392.0,140.0,148.257,29.033,26.122,1147.084,862.732,2026Q1,104.0,622.0,274.0,79.47,17.562,33.129,1706.317,1376.109,-68.787,-46.397,-11.471,-39.51,7.007,26.824
5603,Cartagena,San Antonio,Región de Valparaíso,5.0,fixed,2025Q4,67.0,659.0,229.0,287.294,288.851,4.637,318.2,212.131,2026Q1,60.0,819.0,277.0,331.735,306.138,3.753,258.502,404.355,44.441,15.469,17.287,5.985,-0.884,-19.064
5603,Cartagena,San Antonio,Región de Valparaíso,5.0,mobile,2025Q4,66.0,292.0,135.0,124.654,19.92,26.743,1760.649,1258.676,2026Q1,57.0,471.0,207.0,70.312,14.671,32.76,2111.321,1436.677,-54.342,-43.594,-5.249,-26.35,6.017,22.499
5604,El Quisco,San Antonio,Región de Valparaíso,5.0,fixed,2025Q4,68.0,632.0,221.0,340.34,269.128,8.696,293.693,299.481,2026Q1,77.0,791.0,325.0,372.618,306.053,6.355,326.601,314.726,32.278,9.484,36.925,13.72,-2.341,-26.92
5604,El Quisco,San Antonio,Región de Valparaíso,5.0,mobile,2025Q4,69.0,350.0,149.0,142.746,31.216,26.943,1352.103,977.02,2026Q1,81.0,729.0,275.0,128.502,29.924,28.593,1663.466,1083.818,-14.244,-9.979,-1.292,-4.139,1.65,6.124
5605,El Tabo,San Antonio,Región de Valparaíso,5.0,fixed,2025Q4,84.0,688.0,232.0,362.346,332.35,5.658,271.27,280.099,2026Q1,95.0,898.0,366.0,369.473,340.796,6.285,300.017,305.0,7.127,1.967,8.446,2.541,0.627,11.082
5605,El Tabo,San Antonio,Región de Valparaíso,5.0,mobile,2025Q4,70.0,333.0,140.0,126.443,21.937,26.324,1678.265,1241.192,2026Q1,85.0,684.0,335.0,88.087,18.448,43.839,1874.351,1141.287,-38.356,-30.335,-3.489,-15.905,17.515,66.536
5606,Santo Domingo,San Antonio,Región de Valparaíso,5.0,fixed,2025Q4,99.0,620.0,265.0,276.021,206.268,10.898,299.605,192.276,2026Q1,111.0,937.0,395.0,282.399,219.014,10.986,230.671,245.369,6.378,2.311,12.746,6.179,0.088,0.807
5606,Santo Domingo,San Antonio,Región de Valparaíso,5.0,mobile,2025Q4,54.0,169.0,76.0,123.031,29.428,23.136,987.126,999.136,2026Q1,69.0,243.0,109.0,79.266,17.226,30.877,1730.485,1233.227,-43.765,-35.572,-12.202,-41.464,7.741,33.459
5701,San Felipe,San Felipe,Región de Valparaíso,5.0,fixed,2025Q4,87.0,1965.0,558.0,413.561,359.004,8.828,252.792,179.804,2026Q1,103.0,1591.0,626.0,404.228,309.123,9.389,238.869,219.083,-9.333,-2.257,-49.881,-13.894,0.561,6.355
5701,San Felipe,San Felipe,Región de Valparaíso,5.0,mobile,2025Q4,82.0,597.0,192.0,78.233,16.355,24.593,1378.339,1181.432,2026Q1,74.0,473.0,220.0,90.015,18.52,24.3,1313.078,1323.879,11.782,15.06,2.165,13.238,-0.293,-1.191
5702,Catemu,San Felipe,Región de Valparaíso,5.0,fixed,2025Q4,24.0,114.0,62.0,308.475,204.161,14.623,237.14,234.789,2026Q1,26.0,172.0,58.0,382.914,290.75,12.523,274.203,270.209,74.439,24.131,86.589,42.412,-2.1,-14.361
5702,Catemu,San Felipe,Región de Valparaíso,5.0,mobile,2025Q4,39.0,134.0,56.0,74.789,14.185,38.246,1212.759,1425.582,2026Q1,40.0,169.0,64.0,85.802,15.241,31.101,1171.857,1108.583,11.013,14.725,1.056,7.444,-7.145,-18.682
5703,Llaillay,San Felipe,Región de Valparaíso,5.0,fixed,2025Q4,52.0,578.0,161.0,372.962,291.204,11.464,219.416,241.773,2026Q1,47.0,498.0,161.0,436.889,358.616,8.576,244.496,242.46,63.927,17.14,67.412,23.149,-2.888,-25.192
5703,Llaillay,San Felipe,Región de Valparaíso,5.0,mobile,2025Q4,55.0,176.0,94.0,78.977,15.835,24.841,1717.597,1098.426,2026Q1,58.0,233.0,92.0,71.401,17.754,23.133,1187.815,1034.682,-7.576,-9.593,1.919,12.119,-1.708,-6.876
5704,Panquehue,San Felipe,Región de Valparaíso,5.0,fixed,2025Q4,27.0,112.0,51.0,355.496,272.511,9.768,381.473,147.795,2026Q1,33.0,171.0,60.0,337.167,255.016,14.292,189.468,146.462,-18.329,-5.156,-17.495,-6.42,4.524,46.314
5704,Panquehue,San Felipe,Región de Valparaíso,5.0,mobile,2025Q4,24.0,126.0,43.0,135.764,18.837,20.794,994.024,875.024,2026Q1,36.0,256.0,70.0,113.491,16.725,26.059,1363.686,982.266,-22.273,-16.406,-2.112,-11.212,5.265,25.32
5705,Putaendo,San Felipe,Región de Valparaíso,5.0,fixed,2025Q4,56.0,471.0,107.0,332.778,279.774,10.074,273.108,307.766,2026Q1,71.0,370.0,123.0,374.755,279.217,8.762,280.997,179.832,41.977,12.614,-0.557,-0.199,-1.312,-13.024
5705,Putaendo,San Felipe,Región de Valparaíso,5.0,mobile,2025Q4,42.0,105.0,60.0,85.454,13.998,41.819,1266.352,1386.429,2026Q1,31.0,93.0,40.0,89.634,13.244,101.978,1291.522,1430.444,4.18,4.892,-0.754,-5.386,60.159,143.856
5706,Santa María,San Felipe,Región de Valparaíso,5.0,fixed,2025Q4,44.0,229.0,80.0,344.111,271.537,6.603,193.965,212.921,2026Q1,42.0,252.0,84.0,387.039,319.551,7.44,159.206,283.115,42.928,12.475,48.014,17.682,0.837,12.676
5706,Santa María,San Felipe,Región de Valparaíso,5.0,mobile,2025Q4,33.0,90.0,41.0,82.437,10.24,30.4,1910.844,1818.378,2026Q1,27.0,62.0,41.0,104.627,15.287,19.274,1297.656,1247.508,22.19,26.918,5.047,49.287,-11.126,-36.599
5801,Quilpué,Marga Marga,Región de Valparaíso,5.0,fixed,2025Q4,141.0,4251.0,1710.0,397.758,350.646,8.897,209.08,211.577,2026Q1,148.0,4353.0,1707.0,426.361,377.755,7.621,219.604,219.164,28.603,7.191,27.109,7.731,-1.276,-14.342
5801,Quilpué,Marga Marga,Región de Valparaíso,5.0,mobile,2025Q4,149.0,920.0,405.0,89.489,20.995,26.247,1422.294,1249.462,2026Q1,131.0,1025.0,439.0,94.403,21.109,24.029,1329.74,1224.893,4.914,5.491,0.114,0.543,-2.218,-8.45
5802,Limache,Marga Marga,Región de Valparaíso,5.0,fixed,2025Q4,159.0,1748.0,593.0,373.624,302.55,9.53,216.248,197.776,2026Q1,172.0,1644.0,598.0,365.744,310.749,9.325,202.841,235.662,-7.88,-2.109,8.199,2.71,-0.205,-2.151
5802,Limache,Marga Marga,Región de Valparaíso,5.0,mobile,2025Q4,128.0,680.0,229.0,89.969,15.605,29.043,1450.189,1239.348,2026Q1,115.0,413.0,199.0,81.01,15.642,30.237,1573.749,1360.157,-8.959,-9.958,0.037,0.237,1.194,4.111
5803,Olmué,Marga Marga,Región de Valparaíso,5.0,fixed,2025Q4,102.0,502.0,214.0,281.742,241.609,9.267,288.624,275.94,2026Q1,97.0,583.0,213.0,301.755,241.673,11.103,284.799,223.677,20.013,7.103,0.064,0.026,1.836,19.812
5803,Olmué,Marga Marga,Región de Valparaíso,5.0,mobile,2025Q4,70.0,269.0,113.0,86.988,13.894,30.799,1478.494,1189.948,2026Q1,81.0,334.0,146.0,82.313,14.768,30.458,1369.453,1167.231,-4.675,-5.374,0.874,6.29,-0.341,-1.107
5804,Villa Alemana,Marga Marga,Región de Valparaíso,5.0,fixed,2025Q4,116.0,4264.0,1641.0,402.406,356.447,7.835,198.039,202.826,2026Q1,113.0,4295.0,1640.0,437.596,384.446,7.374,199.719,201.481,35.19,8.745,27.999,7.855,-0.461,-5.884
5804,Villa Alemana,Marga Marga,Región de Valparaíso,5.0,mobile,2025Q4,97.0,693.0,299.0,95.16,18.854,29.126,1452.259,1148.136,2026Q1,94.0,595.0,268.0,117.901,24.019,27.371,1451.573,1003.654,22.741,23.898,5.165,27.395,-1.755,-6.026
6101,Rancagua,Cachapoal,Región del Libertador Bernardo O'Higgins,6.0,fixed,2025Q4,219.0,5968.0,2459.0,424.362,352.065,5.855,185.369,198.51,2026Q1,232.0,5910.0,2482.0,417.355,358.831,5.711,197.079,200.759,-7.007,-1.651,6.766,1.922,-0.144,-2.459
6101,Rancagua,Cachapoal,Región del Libertador Bernardo O'Higgins,6.0,mobile,2025Q4,185.0,1392.0,641.0,97.266,23.01,21.947,1132.94,1044.596,2026Q1,186.0,1184.0,584.0,102.56,22.637,22.981,1194.68,1105.074,5.294,5.443,-0.373,-1.621,1.034,4.711
6102,Codegua,Cachapoal,Región del Libertador Bernardo O'Higgins,6.0,fixed,2025Q4,40.0,131.0,72.0,292.184,254.485,6.115,318.656,223.641,2026Q1,44.0,201.0,77.0,319.473,310.806,4.716,307.075,284.9,27.289,9.34,56.321,22.131,-1.399,-22.878
6102,Codegua,Cachapoal,Región del Libertador Bernardo O'Higgins,6.0,mobile,2025Q4,25.0,65.0,31.0,72.652,13.3,26.277,1829.985,1732.785,2026Q1,18.0,44.0,26.0,89.52,15.711,23.773,1132.093,1377.395,16.868,23.218,2.411,18.128,-2.504,-9.529
6103,Coinco,Cachapoal,Región del Libertador Bernardo O'Higgins,6.0,fixed,2025Q4,27.0,125.0,39.0,433.63,334.71,3.432,247.712,299.616,2026Q1,27.0,127.0,36.0,494.21,428.795,4.795,321.031,407.543,60.58,13.97,94.085,28.109,1.363,39.714
6103,Coinco,Cachapoal,Región del Libertador Bernardo O'Higgins,6.0,mobile,2025Q4,19.0,34.0,27.0,125.799,19.756,24.029,1007.971,1146.412,2026Q1,14.0,41.0,20.0,98.522,10.663,26.146,1090.854,1442.366,-27.277,-21.683,-9.093,-46.027,2.117,8.81
6104,Coltauco,Cachapoal,Región del Libertador Bernardo O'Higgins,6.0,fixed,2025Q4,110.0,477.0,173.0,326.998,285.934,6.463,160.736,251.501,2026Q1,106.0,725.0,167.0,350.585,297.204,5.917,175.032,215.153,23.587,7.213,11.27,3.941,-0.546,-8.448
6104,Coltauco,Cachapoal,Región del Libertador Bernardo O'Higgins,6.0,mobile,2025Q4,38.0,104.0,53.0,80.4,14.349,27.769,1582.519,1562.808,2026Q1,56.0,377.0,80.0,31.14,7.542,37.589,2306.016,1430.79,-49.26,-61.269,-6.807,-47.439,9.82,35.363
6105,Doñihue,Cachapoal,Región del Libertador Bernardo O'Higgins,6.0,fixed,2025Q4,54.0,332.0,148.0,430.527,334.53,3.994,258.003,396.605,2026Q1,59.0,267.0,129.0,423.874,337.4,5.79,213.026,290.839,-6.653,-1.545,2.87,0.858,1.796,44.967
6105,Doñihue,Cachapoal,Región del Libertador Bernardo O'Higgins,6.0,mobile,2025Q4,42.0,139.0,67.0,111.11,20.03,25.424,1339.609,1356.489,2026Q1,40.0,103.0,69.0,135.33,22.002,26.854,1466.284,1242.255,24.22,21.798,1.972,9.845,1.43,5.625
6106,Graneros,Cachapoal,Región del Libertador Bernardo O'Higgins,6.0,fixed,2025Q4,57.0,679.0,255.0,428.601,363.426,5.246,172.514,222.072,2026Q1,52.0,626.0,260.0,411.013,356.196,4.8,211.827,264.006,-17.588,-4.104,-7.23,-1.989,-0.446,-8.502
6106,Graneros,Cachapoal,Región del Libertador Bernardo O'Higgins,6.0,mobile,2025Q4,38.0,107.0,63.0,126.871,20.466,20.252,1010.047,934.701,2026Q1,40.0,101.0,66.0,95.768,19.74,20.465,1205.85,1021.762,-31.103,-24.515,-0.726,-3.547,0.213,1.052
6107,Las Cabras,Cachapoal,Región del Libertador Bernardo O'Higgins,6.0,fixed,2025Q4,179.0,898.0,344.0,207.628,154.627,13.808,263.515,247.039,2026Q1,236.0,1510.0,550.0,201.537,150.435,14.715,244.045,267.028,-6.091,-2.934,-4.192,-2.711,0.907,6.569
6107,Las Cabras,Cachapoal,Región del Libertador Bernardo O'Higgins,6.0,mobile,2025Q4,104.0,493.0,181.0,67.695,17.985,36.308,1591.312,1241.74,2026Q1,144.0,471.0,239.0,60.686,14.557,60.454,1435.1,1463.783,-7.009,-10.354,-3.428,-19.06,24.146,66.503
6108,Machalí,Cachapoal,Región del Libertador Bernardo O'Higgins,6.0,fixed,2025Q4,118.0,2203.0,698.0,394.627,322.604,6.792,221.965,271.369,2026Q1,112.0,2253.0,758.0,398.158,340.551,6.568,217.899,301.628,3.531,0.895,17.947,5.563,-0.224,-3.298
6108,Machalí,Cachapoal,Región del Libertador Bernardo O'Higgins,6.0,mobile,2025Q4,89.0,485.0,172.0,81.894,20.516,22.087,1054.872,1436.303,2026Q1,81.0,275.0,159.0,98.598,20.947,22.789,1059.796,1086.055,16.704,20.397,0.431,2.101,0.702,3.178
6109,Malloa,Cachapoal,Región del Libertador Bernardo O'Higgins,6.0,fixed,2025Q4,42.0,233.0,74.0,214.157,162.437,11.391,197.923,340.361,2026Q1,50.0,215.0,84.0,268.41,206.437,12.874,176.791,324.353,54.253,25.333,44.0,27.087,1.483,13.019
6109,Malloa,Cachapoal,Región del Libertador Bernardo O'Higgins,6.0,mobile,2025Q4,29.0,62.0,37.0,65.966,16.075,36.016,1341.645,1359.694,2026Q1,50.0,141.0,72.0,71.437,16.36,31.284,1532.629,1192.617,5.471,8.294,0.285,1.773,-4.732,-13.139
6110,Mostazal,Cachapoal,Región del Libertador Bernardo O'Higgins,6.0,fixed,2025Q4,80.0,601.0,199.0,301.547,238.816,7.261,222.16,287.797,2026Q1,88.0,733.0,209.0,341.523,269.558,7.55,197.045,252.84,39.976,13.257,30.742,12.873,0.289,3.98
6110,Mostazal,Cachapoal,Región del Libertador Bernardo O'Higgins,6.0,mobile,2025Q4,53.0,126.0,92.0,96.106,20.933,27.071,1389.944,1303.127,2026Q1,45.0,155.0,82.0,109.759,20.14,31.161,1048.461,1205.465,13.653,14.206,-0.793,-3.788,4.09,15.108
6111,Olivar,Cachapoal,Región del Libertador Bernardo O'Higgins,6.0,fixed,2025Q4,39.0,230.0,91.0,340.736,289.831,6.104,276.791,518.983,2026Q1,41.0,276.0,84.0,482.088,419.657,4.388,223.138,273.025,141.352,41.484,129.826,44.794,-1.716,-28.113
6111,Olivar,Cachapoal,Región del Libertador Bernardo O'Higgins,6.0,mobile,2025Q4,30.0,77.0,38.0,160.154,32.039,18.481,1144.13,786.221,2026Q1,27.0,80.0,44.0,143.833,25.732,20.788,1201.38,835.062,-16.321,-10.191,-6.307,-19.685,2.307,12.483
6112,Peumo,Cachapoal,Región del Libertador Bernardo O'Higgins,6.0,fixed,2025Q4,51.0,334.0,143.0,250.016,213.744,7.937,275.841,357.889,2026Q1,55.0,344.0,154.0,251.837,213.047,8.901,340.108,294.462,1.821,0.728,-0.697,-0.326,0.964,12.146
6112,Peumo,Cachapoal,Región del Libertador Bernardo O'Higgins,6.0,mobile,2025Q4,31.0,76.0,51.0,111.88,21.953,31.618,1010.526,954.408,2026Q1,28.0,90.0,51.0,113.492,24.04,34.367,867.356,1203.522,1.612,1.441,2.087,9.507,2.749,8.694
6113,Pichidegua,Cachapoal,Región del Libertador Bernardo O'Higgins,6.0,fixed,2025Q4,73.0,358.0,125.0,333.513,269.346,7.07,203.515,374.938,2026Q1,84.0,470.0,146.0,269.861,225.852,8.051,222.251,464.083,-63.652,-19.085,-43.494,-16.148,0.981,13.876
6113,Pichidegua,Cachapoal,Región del Libertador Bernardo O'Higgins,6.0,mobile,2025Q4,56.0,272.0,88.0,95.821,21.589,58.673,1333.764,1139.786,2026Q1,53.0,297.0,78.0,73.946,19.013,52.572,879.759,1140.767,-21.875,-22.829,-2.576,-11.932,-6.101,-10.398
6114,Quinta de Tilcoco,Cachapoal,Región del Libertador Bernardo O'Higgins,6.0,fixed,2025Q4,42.0,164.0,65.0,296.085,206.631,8.335,271.787,246.213,2026Q1,46.0,172.0,92.0,402.439,312.118,23.145,266.488,306.413,106.354,35.92,105.487,51.051,14.81,177.684
6114,Quinta de Tilcoco,Cachapoal,Región del Libertador Bernardo O'Higgins,6.0,mobile,2025Q4,17.0,72.0,24.0,94.653,19.857,27.25,1493.875,1395.761,2026Q1,26.0,135.0,40.0,103.254,21.52,23.874,1257.133,992.081,8.601,9.087,1.663,8.375,-3.376,-12.389
6115,Rengo,Cachapoal,Región del Libertador Bernardo O'Higgins,6.0,fixed,2025Q4,120.0,1569.0,565.0,380.639,321.181,8.187,202.345,216.713,2026Q1,109.0,1706.0,586.0,421.561,354.843,7.113,160.506,185.047,40.922,10.751,33.662,10.481,-1.074,-13.118
6115,Rengo,Cachapoal,Región del Libertador Bernardo O'Higgins,6.0,mobile,2025Q4,86.0,304.0,161.0,104.903,19.605,23.783,1446.842,1482.231,2026Q1,94.0,406.0,177.0,83.693,15.38,29.704,1699.656,1473.17,-21.21,-20.219,-4.225,-21.551,5.921,24.896
6116,Requínoa,Cachapoal,Región del Libertador Bernardo O'Higgins,6.0,fixed,2025Q4,83.0,658.0,214.0,295.561,230.853,11.064,171.055,235.617,2026Q1,85.0,440.0,192.0,358.767,294.58,7.55,215.293,256.875,63.206,21.385,63.727,27.605,-3.514,-31.761
6116,Requínoa,Cachapoal,Región del Libertador Bernardo O'Higgins,6.0,mobile,2025Q4,66.0,218.0,106.0,121.246,21.691,24.569,982.436,1180.514,2026Q1,62.0,228.0,103.0,103.633,18.974,22.377,958.974,1153.163,-17.613,-14.527,-2.717,-12.526,-2.192,-8.922
6117,San Vicente,Cachapoal,Región del Libertador Bernardo O'Higgins,6.0,fixed,2025Q4,174.0,1362.0,368.0,275.608,219.007,9.355,200.642,337.565,2026Q1,174.0,1171.0,364.0,254.072,223.959,13.209,198.543,383.576,-21.536,-7.814,4.952,2.261,3.854,41.197
6117,San Vicente,Cachapoal,Región del Libertador Bernardo O'Higgins,6.0,mobile,2025Q4,75.0,237.0,128.0,103.578,18.501,31.004,1415.915,1200.612,2026Q1,93.0,267.0,152.0,91.236,15.621,40.116,1468.106,1423.451,-12.342,-11.916,-2.88,-15.567,9.112,29.39
6201,Pichilemu,Cardenal Caro,Región del Libertador Bernardo O'Higgins,6.0,fixed,2025Q4,78.0,697.0,250.0,329.377,255.011,12.182,198.803,256.288,2026Q1,90.0,784.0,343.0,289.43,219.471,15.704,237.853,272.761,-39.947,-12.128,-35.54,-13.937,3.522,28.912
6201,Pichilemu,Cardenal Caro,Región del Libertador Bernardo O'Higgins,6.0,mobile,2025Q4,53.0,268.0,108.0,126.135,27.412,37.552,950.496,835.687,2026Q1,88.0,546.0,292.0,99.643,21.036,51.487,1098.273,1340.868,-26.492,-21.003,-6.376,-23.26,13.935,37.109
6202,La Estrella,Cardenal Caro,Región del Libertador Bernardo O'Higgins,6.0,fixed,2025Q4,22.0,106.0,32.0,155.081,41.223,21.557,371.575,196.67,2026Q1,40.0,147.0,55.0,231.091,113.281,26.918,295.422,308.534,76.01,49.013,72.058,174.8,5.361,24.869
6202,La Estrella,Cardenal Caro,Región del Libertador Bernardo O'Higgins,6.0,mobile,2025Q4,32.0,106.0,36.0,70.189,16.948,44.358,1326.762,1371.887,2026Q1,46.0,168.0,58.0,54.167,12.492,65.024,1641.5,1791.287,-16.022,-22.827,-4.456,-26.292,20.666,46.589
6203,Litueche,Cardenal Caro,Región del Libertador Bernardo O'Higgins,6.0,fixed,2025Q4,64.0,260.0,83.0,213.449,68.01,21.192,168.819,129.919,2026Q1,76.0,313.0,98.0,215.657,75.176,25.719,283.249,197.061,2.208,1.034,7.166,10.537,4.527,21.362
6203,Litueche,Cardenal Caro,Región del Libertador Bernardo O'Higgins,6.0,mobile,2025Q4,59.0,184.0,79.0,90.023,12.859,35.543,1557.945,1476.809,2026Q1,37.0,126.0,54.0,86.601,14.614,32.214,1016.508,1064.238,-3.422,-3.801,1.755,13.648,-3.329,-9.366
6204,Marchigüe,Cardenal Caro,Región del Libertador Bernardo O'Higgins,6.0,fixed,2025Q4,27.0,163.0,37.0,167.214,38.561,21.19,274.215,246.785,2026Q1,33.0,168.0,49.0,144.601,69.241,19.077,290.435,318.149,-22.613,-13.523,30.68,79.562,-2.113,-9.972
6204,Marchigüe,Cardenal Caro,Región del Libertador Bernardo O'Higgins,6.0,mobile,2025Q4,40.0,152.0,64.0,93.611,17.203,38.171,1814.543,1693.987,2026Q1,46.0,197.0,64.0,98.124,13.165,46.396,1056.325,1368.416,4.513,4.821,-4.038,-23.473,8.225,21.548
6205,Navidad,Cardenal Caro,Región del Libertador Bernardo O'Higgins,6.0,fixed,2025Q4,60.0,309.0,99.0,284.091,191.22,15.773,268.055,167.727,2026Q1,81.0,366.0,156.0,327.283,215.589,17.809,366.216,258.817,43.192,15.204,24.369,12.744,2.036,12.908
6205,Navidad,Cardenal Caro,Región del Libertador Bernardo O'Higgins,6.0,mobile,2025Q4,45.0,97.0,57.0,79.584,14.834,47.412,1252.639,1558.052,2026Q1,53.0,214.0,107.0,73.581,18.547,77.051,1467.516,1690.159,-6.003,-7.543,3.713,25.03,29.639,62.514
6206,Paredones,Cardenal Caro,Región del Libertador Bernardo O'Higgins,6.0,fixed,2025Q4,16.0,43.0,19.0,193.741,60.205,24.86,230.233,257.884,2026Q1,36.0,157.0,56.0,168.977,79.266,26.561,258.394,353.665,-24.764,-12.782,19.061,31.66,1.701,6.842
6206,Paredones,Cardenal Caro,Región del Libertador Bernardo O'Higgins,6.0,mobile,2025Q4,32.0,100.0,39.0,83.335,14.903,35.87,1149.88,1079.95,2026Q1,53.0,200.0,83.0,61.922,14.839,33.525,1031.869,1160.583,-21.413,-25.695,-0.064,-0.429,-2.345,-6.537
6301,San Fernando,Colchagua,Región del Libertador Bernardo O'Higgins,6.0,fixed,2025Q4,145.0,2342.0,741.0,405.08,329.559,6.84,209.838,274.349,2026Q1,138.0,1557.0,611.0,388.317,318.283,8.821,234.787,296.222,-16.763,-4.138,-11.276,-3.422,1.981,28.962
6301,San Fernando,Colchagua,Región del Libertador Bernardo O'Higgins,6.0,mobile,2025Q4,98.0,552.0,266.0,100.631,17.812,25.243,1307.339,1254.985,2026Q1,113.0,384.0,233.0,104.509,19.933,26.404,1418.801,1316.869,3.878,3.854,2.121,11.908,1.161,4.599
6302,Chépica,Colchagua,Región del Libertador Bernardo O'Higgins,6.0,fixed,2025Q4,61.0,251.0,109.0,242.697,191.93,10.713,182.444,292.204,2026Q1,87.0,492.0,192.0,164.406,150.038,10.417,199.909,441.557,-78.291,-32.259,-41.892,-21.827,-0.296,-2.763
6302,Chépica,Colchagua,Región del Libertador Bernardo O'Higgins,6.0,mobile,2025Q4,33.0,176.0,57.0,34.385,13.425,87.205,1123.514,1947.301,2026Q1,28.0,79.0,42.0,74.331,10.661,47.165,1442.19,1676.658,39.946,116.173,-2.764,-20.588,-40.04,-45.915
6303,Chimbarongo,Colchagua,Región del Libertador Bernardo O'Higgins,6.0,fixed,2025Q4,79.0,461.0,147.0,248.04,190.473,10.369,217.387,432.956,2026Q1,74.0,372.0,130.0,238.722,185.312,8.944,126.29,210.752,-9.318,-3.757,-5.161,-2.71,-1.425,-13.743
6303,Chimbarongo,Colchagua,Región del Libertador Bernardo O'Higgins,6.0,mobile,2025Q4,73.0,487.0,122.0,127.819,30.5,31.045,1087.295,1105.549,2026Q1,84.0,803.0,123.0,109.386,30.317,21.224,806.695,546.521,-18.433,-14.421,-0.183,-0.6,-9.821,-31.635
6304,Lolol,Colchagua,Región del Libertador Bernardo O'Higgins,6.0,fixed,2025Q4,43.0,276.0,68.0,185.424,119.982,13.366,283.576,343.562,2026Q1,33.0,202.0,55.0,186.0,148.556,16.366,258.381,183.129,0.576,0.311,28.574,23.815,3.0,22.445
6304,Lolol,Colchagua,Región del Libertador Bernardo O'Higgins,6.0,mobile,2025Q4,41.0,112.0,56.0,118.706,18.12,30.25,1249.384,856.58,2026Q1,78.0,275.0,113.0,90.598,19.174,25.767,1345.38,832.12,-28.108,-23.679,1.054,5.817,-4.483,-14.82
6305,Nancagua,Colchagua,Región del Libertador Bernardo O'Higgins,6.0,fixed,2025Q4,52.0,277.0,101.0,275.887,232.814,10.401,245.314,316.671,2026Q1,53.0,207.0,103.0,286.468,245.675,6.884,185.304,301.903,10.581,3.835,12.861,5.524,-3.517,-33.814
6305,Nancagua,Colchagua,Región del Libertador Bernardo O'Higgins,6.0,mobile,2025Q4,34.0,163.0,54.0,119.266,23.888,54.294,1259.049,1569.73,2026Q1,30.0,71.0,43.0,113.684,19.993,27.014,1173.282,1406.549,-5.582,-4.68,-3.895,-16.305,-27.28,-50.245
6306,Palmilla,Colchagua,Región del Libertador Bernardo O'Higgins,6.0,fixed,2025Q4,54.0,233.0,74.0,138.267,117.358,14.391,307.326,571.309,2026Q1,55.0,264.0,78.0,132.684,98.454,15.348,288.319,386.617,-5.583,-4.038,-18.904,-16.108,0.957,6.65
6306,Palmilla,Colchagua,Región del Libertador Bernardo O'Higgins,6.0,mobile,2025Q4,37.0,93.0,47.0,95.536,14.132,38.946,1203.978,1586.516,2026Q1,37.0,75.0,44.0,111.444,24.227,32.133,959.176,1335.427,15.908,16.651,10.095,71.434,-6.813,-17.493
6307,Peralillo,Colchagua,Región del Libertador Bernardo O'Higgins,6.0,fixed,2025Q4,42.0,213.0,82.0,233.52,167.373,10.333,186.704,218.462,2026Q1,55.0,282.0,94.0,227.12,175.042,9.319,123.504,228.493,-6.4,-2.741,7.669,4.582,-1.014,-9.813
6307,Peralillo,Colchagua,Región del Libertador Bernardo O'Higgins,6.0,mobile,2025Q4,36.0,129.0,50.0,81.287,16.943,31.047,1175.023,1036.504,2026Q1,41.0,93.0,55.0,102.077,30.415,33.086,1142.902,1029.011,20.79,25.576,13.472,79.514,2.039,6.567
6308,Placilla,Colchagua,Región del Libertador Bernardo O'Higgins,6.0,fixed,2025Q4,36.0,113.0,46.0,194.17,157.836,9.549,300.045,411.232,2026Q1,25.0,93.0,31.0,160.613,153.173,11.14,289.204,395.645,-33.557,-17.282,-4.663,-2.954,1.591,16.661
6308,Placilla,Colchagua,Región del Libertador Bernardo O'Higgins,6.0,mobile,2025Q4,24.0,128.0,31.0,107.118,17.555,22.141,894.766,1072.062,2026Q1,22.0,85.0,24.0,80.11,11.904,25.153,991.8,1115.214,-27.008,-25.213,-5.651,-32.19,3.012,13.604
6309,Pumanque,Colchagua,Región del Libertador Bernardo O'Higgins,6.0,fixed,2025Q4,16.0,66.0,27.0,96.343,55.734,22.015,191.242,290.985,2026Q1,18.0,49.0,24.0,180.891,66.505,16.98,85.776,164.918,84.548,87.757,10.771,19.326,-5.035,-22.871
6309,Pumanque,Colchagua,Región del Libertador Bernardo O'Higgins,6.0,mobile,2025Q4,14.0,32.0,17.0,40.123,4.201,42.219,2446.0,2167.719,2026Q1,30.0,69.0,36.0,29.32,7.821,34.507,2305.176,2565.899,-10.803,-26.925,3.62,86.17,-7.712,-18.267
6310,Santa Cruz,Colchagua,Región del Libertador Bernardo O'Higgins,6.0,fixed,2025Q4,100.0,890.0,331.0,332.01,291.025,9.984,200.985,252.936,2026Q1,99.0,735.0,307.0,324.028,280.779,12.005,221.335,250.556,-7.982,-2.404,-10.246,-3.521,2.021,20.242
6310,Santa Cruz,Colchagua,Región del Libertador Bernardo O'Higgins,6.0,mobile,2025Q4,73.0,339.0,158.0,80.302,14.727,28.994,1342.701,1552.781,2026Q1,82.0,354.0,162.0,87.029,16.742,29.46,1267.559,1332.969,6.727,8.377,2.015,13.682,0.466,1.607
7101,Talca,Talca,Región del Maule,7.0,fixed,2025Q4,285.0,5691.0,2297.0,424.669,392.993,6.427,170.804,225.592,2026Q1,271.0,5495.0,2230.0,432.998,398.948,6.553,162.458,182.898,8.329,1.961,5.955,1.515,0.126,1.96
7101,Talca,Talca,Región del Maule,7.0,mobile,2025Q4,209.0,1796.0,781.0,119.461,24.82,26.248,1411.569,1042.07,2026Q1,204.0,1442.0,704.0,126.17,26.153,30.686,1324.911,1191.257,6.709,5.616,1.333,5.371,4.438,16.908
7102,Constitución,Talca,Región del Maule,7.0,fixed,2025Q4,81.0,741.0,263.0,364.558,264.793,12.32,175.977,199.389,2026Q1,79.0,756.0,255.0,401.692,290.525,11.893,212.507,194.231,37.134,10.186,25.732,9.718,-0.427,-3.466
7102,Constitución,Talca,Región del Maule,7.0,mobile,2025Q4,76.0,335.0,150.0,73.666,20.52,28.728,1588.528,1151.904,2026Q1,81.0,340.0,188.0,79.415,19.444,34.679,1314.768,1309.437,5.749,7.804,-1.076,-5.244,5.951,20.715
7103,Curepto,Talca,Región del Maule,7.0,fixed,2025Q4,12.0,27.0,18.0,233.165,175.58,42.852,330.185,218.889,2026Q1,23.0,114.0,36.0,268.052,167.723,32.228,220.561,458.272,34.887,14.962,-7.857,-4.475,-10.624,-24.792
7103,Curepto,Talca,Región del Maule,7.0,mobile,2025Q4,31.0,108.0,47.0,106.546,22.348,25.389,1223.741,1145.824,2026Q1,36.0,141.0,49.0,45.047,14.518,28.66,1217.241,1257.319,-61.499,-57.721,-7.83,-35.037,3.271,12.884
7104,Empedrado,Talca,Región del Maule,7.0,fixed,2025Q4,7.0,20.0,10.0,335.56,265.882,64.85,388.15,239.5,2026Q1,5.0,15.0,6.0,584.645,564.604,8.6,112.267,151.733,249.085,74.23,298.722,112.351,-56.25,-86.739
7104,Empedrado,Talca,Región del Maule,7.0,mobile,2025Q4,5.0,8.0,5.0,48.106,13.829,38.875,1916.0,879.125,2026Q1,12.0,16.0,13.0,37.329,12.44,30.062,1938.0,1070.938,-10.777,-22.403,-1.389,-10.044,-8.813,-22.67
7105,Maule,Talca,Región del Maule,7.0,fixed,2025Q4,124.0,1402.0,507.0,325.697,305.687,7.058,166.225,266.797,2026Q1,126.0,1159.0,450.0,347.886,319.181,7.832,155.897,205.763,22.189,6.813,13.494,4.414,0.774,10.966
7105,Maule,Talca,Región del Maule,7.0,mobile,2025Q4,94.0,456.0,179.0,69.093,16.785,27.36,1502.851,1428.82,2026Q1,98.0,465.0,184.0,57.559,14.436,26.254,1534.312,1198.248,-11.534,-16.693,-2.349,-13.995,-1.106,-4.042
7106,Pelarco,Talca,Región del Maule,7.0,fixed,2025Q4,50.0,249.0,90.0,159.449,134.481,11.807,269.206,218.908,2026Q1,52.0,264.0,81.0,187.146,128.224,14.133,228.14,281.0,27.697,17.37,-6.257,-4.653,2.326,19.7
7106,Pelarco,Talca,Región del Maule,7.0,mobile,2025Q4,31.0,52.0,36.0,126.822,21.445,21.327,1278.481,1305.962,2026Q1,21.0,50.0,28.0,81.028,14.745,30.26,1834.84,2045.46,-45.794,-36.109,-6.7,-31.243,8.933,41.886
7107,Pencahue,Talca,Región del Maule,7.0,fixed,2025Q4,25.0,62.0,35.0,276.33,245.111,11.145,239.71,453.081,2026Q1,32.0,92.0,40.0,161.614,90.08,18.228,203.217,300.011,-114.716,-41.514,-155.031,-63.249,7.083,63.553
7107,Pencahue,Talca,Región del Maule,7.0,mobile,2025Q4,28.0,106.0,34.0,61.277,9.934,25.717,1601.651,1197.972,2026Q1,59.0,97.0,60.0,44.632,9.169,35.124,1999.771,1945.344,-16.645,-27.164,-0.765,-7.701,9.407,36.579
7108,Río Claro,Talca,Región del Maule,7.0,fixed,2025Q4,45.0,112.0,65.0,194.683,166.22,10.402,195.884,236.33,2026Q1,53.0,233.0,80.0,190.321,151.699,15.283,530.305,473.302,-4.362,-2.241,-14.521,-8.736,4.881,46.924
7108,Río Claro,Talca,Región del Maule,7.0,mobile,2025Q4,36.0,93.0,52.0,134.845,28.962,21.376,1230.054,898.815,2026Q1,38.0,80.0,48.0,136.195,21.881,27.625,1411.924,1490.05,1.35,1.001,-7.081,-24.449,6.249,29.234
7109,San Clemente,Talca,Región del Maule,7.0,fixed,2025Q4,153.0,920.0,302.0,287.928,226.809,12.546,165.699,231.629,2026Q1,174.0,974.0,350.0,244.041,192.037,13.362,226.002,270.82,-43.887,-15.242,-34.772,-15.331,0.816,6.504
7109,San Clemente,Talca,Región del Maule,7.0,mobile,2025Q4,109.0,344.0,173.0,47.556,12.639,32.709,1686.895,1573.186,2026Q1,142.0,341.0,189.0,36.617,9.652,32.443,1725.955,1530.115,-10.939,-23.002,-2.987,-23.633,-0.266,-0.813
7110,San Rafael,Talca,Región del Maule,7.0,fixed,2025Q4,53.0,152.0,68.0,178.514,114.09,11.026,210.158,396.599,2026Q1,49.0,236.0,69.0,160.063,88.16,18.123,258.178,254.547,-18.451,-10.336,-25.93,-22.728,7.097,64.366
7110,San Rafael,Talca,Región del Maule,7.0,mobile,2025Q4,31.0,101.0,46.0,106.802,22.908,24.822,1446.02,898.78,2026Q1,37.0,92.0,50.0,130.504,22.945,27.076,1148.054,1423.554,23.702,22.192,0.037,0.162,2.254,9.081
7201,Cauquenes,Cauquenes,Región del Maule,7.0,fixed,2025Q4,83.0,638.0,241.0,386.565,337.56,14.013,171.058,201.089,2026Q1,80.0,698.0,233.0,428.236,370.883,12.1,163.92,243.441,41.671,10.78,33.323,9.872,-1.913,-13.652
7201,Cauquenes,Cauquenes,Región del Maule,7.0,mobile,2025Q4,63.0,319.0,102.0,92.375,16.394,28.545,1778.683,1554.837,2026Q1,85.0,280.0,144.0,65.736,13.598,29.9,2044.812,1880.518,-26.639,-28.838,-2.796,-17.055,1.355,4.747
7202,Chanco,Cauquenes,Región del Maule,7.0,fixed,2025Q4,11.0,60.0,19.0,303.688,303.998,19.067,249.883,444.1,2026Q1,12.0,60.0,21.0,170.026,89.879,21.1,389.233,263.833,-133.662,-44.013,-214.119,-70.434,2.033,10.662
7202,Chanco,Cauquenes,Región del Maule,7.0,mobile,2025Q4,14.0,52.0,27.0,58.943,22.554,45.615,1035.788,1089.923,2026Q1,23.0,143.0,51.0,80.36,26.591,104.329,1705.39,1491.437,21.417,36.335,4.037,17.899,58.714,128.716
7203,Pelluhue,Cauquenes,Región del Maule,7.0,fixed,2025Q4,27.0,145.0,56.0,291.407,191.915,14.476,267.517,251.0,2026Q1,39.0,159.0,81.0,294.397,198.673,16.491,181.994,270.918,2.99,1.026,6.758,3.521,2.015,13.92
7203,Pelluhue,Cauquenes,Región del Maule,7.0,mobile,2025Q4,16.0,22.0,20.0,78.178,17.725,37.636,1494.318,1066.364,2026Q1,67.0,361.0,149.0,53.33,14.929,97.928,1343.953,1564.958,-24.848,-31.784,-2.796,-15.774,60.292,160.198
7301,Curicó,Curicó,Región del Maule,7.0,fixed,2025Q4,298.0,4195.0,1544.0,369.209,336.65,8.112,215.033,246.023,2026Q1,267.0,3791.0,1442.0,369.842,325.491,8.504,193.588,237.417,0.633,0.171,-11.159,-3.315,0.392,4.832
7301,Curicó,Curicó,Región del Maule,7.0,mobile,2025Q4,144.0,781.0,386.0,114.347,24.556,25.417,1307.721,1172.889,2026Q1,168.0,791.0,413.0,119.661,22.254,27.281,1272.518,1347.869,5.314,4.647,-2.302,-9.374,1.864,7.334
7302,Hualañé,Curicó,Región del Maule,7.0,fixed,2025Q4,20.0,71.0,33.0,246.906,199.379,9.155,226.324,272.085,2026Q1,20.0,83.0,28.0,300.71,191.482,16.193,189.554,152.084,53.804,21.791,-7.897,-3.961,7.038,76.876
7302,Hualañé,Curicó,Región del Maule,7.0,mobile,2025Q4,35.0,98.0,54.0,82.28,19.003,28.837,1060.216,985.093,2026Q1,42.0,113.0,59.0,78.684,19.451,49.85,1067.336,1519.434,-3.596,-4.37,0.448,2.358,21.013,72.868
7303,Licantén,Curicó,Región del Maule,7.0,fixed,2025Q4,24.0,262.0,54.0,567.805,434.157,6.782,171.073,198.939,2026Q1,32.0,267.0,72.0,495.477,410.409,8.648,127.432,203.019,-72.328,-12.738,-23.748,-5.47,1.866,27.514
7303,Licantén,Curicó,Región del Maule,7.0,mobile,2025Q4,31.0,80.0,42.0,123.233,35.191,26.65,1148.8,918.8,2026Q1,31.0,107.0,70.0,93.54,20.164,40.234,1158.925,1350.841,-29.693,-24.095,-15.027,-42.701,13.584,50.972
7304,Molina,Curicó,Región del Maule,7.0,fixed,2025Q4,131.0,1286.0,457.0,307.777,277.527,7.312,187.214,299.288,2026Q1,113.0,1001.0,402.0,343.41,308.311,7.215,178.811,270.41,35.633,11.578,30.784,11.092,-0.097,-1.327
7304,Molina,Curicó,Región del Maule,7.0,mobile,2025Q4,105.0,620.0,194.0,92.449,19.861,24.466,1362.123,1131.115,2026Q1,101.0,427.0,214.0,102.068,19.53,28.817,1159.376,1107.326,9.619,10.405,-0.331,-1.667,4.351,17.784
7305,Rauco,Curicó,Región del Maule,7.0,fixed,2025Q4,46.0,222.0,79.0,315.972,255.831,9.649,163.153,245.887,2026Q1,39.0,214.0,73.0,232.107,189.218,9.033,218.556,221.196,-83.865,-26.542,-66.613,-26.038,-0.616,-6.384
7305,Rauco,Curicó,Región del Maule,7.0,mobile,2025Q4,21.0,84.0,36.0,85.523,19.604,31.107,1507.024,1478.738,2026Q1,24.0,101.0,34.0,76.709,13.299,28.723,1222.238,1627.554,-8.814,-10.306,-6.305,-32.162,-2.384,-7.664
7306,Romeral,Curicó,Región del Maule,7.0,fixed,2025Q4,77.0,370.0,151.0,251.824,212.649,10.543,259.057,301.997,2026Q1,69.0,419.0,152.0,252.726,225.556,20.131,304.933,419.833,0.902,0.358,12.907,6.07,9.588,90.942
7306,Romeral,Curicó,Región del Maule,7.0,mobile,2025Q4,59.0,347.0,103.0,91.585,14.067,27.562,1840.058,1671.378,2026Q1,50.0,227.0,92.0,88.987,14.124,29.709,2126.791,1473.434,-2.598,-2.837,0.057,0.405,2.147,7.79
7307,Sagrada Familia,Curicó,Región del Maule,7.0,fixed,2025Q4,50.0,190.0,80.0,200.259,170.99,8.268,161.553,254.637,2026Q1,81.0,293.0,119.0,232.414,215.191,10.331,223.01,260.976,32.155,16.057,44.201,25.85,2.063,24.952
7307,Sagrada Familia,Curicó,Región del Maule,7.0,mobile,2025Q4,39.0,117.0,46.0,86.593,18.713,24.786,1174.991,942.802,2026Q1,39.0,96.0,54.0,66.397,11.005,40.615,1274.305,1559.781,-20.196,-23.323,-7.708,-41.191,15.829,63.863
7308,Teno,Curicó,Región del Maule,7.0,fixed,2025Q4,131.0,864.0,220.0,210.241,162.771,13.873,200.517,255.404,2026Q1,136.0,606.0,218.0,200.673,159.146,15.528,236.472,299.228,-9.568,-4.551,-3.625,-2.227,1.655,11.93
7308,Teno,Curicó,Región del Maule,7.0,mobile,2025Q4,88.0,203.0,114.0,80.402,16.897,31.463,1232.955,1562.559,2026Q1,84.0,148.0,101.0,63.125,10.692,42.101,1808.24,1586.932,-17.277,-21.488,-6.205,-36.722,10.638,33.811
7309,Vichuquén,Curicó,Región del Maule,7.0,fixed,2025Q4,39.0,178.0,59.0,225.313,152.432,16.82,297.921,239.407,2026Q1,47.0,224.0,79.0,241.213,173.779,18.429,248.767,205.767,15.9,7.057,21.347,14.004,1.609,9.566
7309,Vichuquén,Curicó,Región del Maule,7.0,mobile,2025Q4,19.0,55.0,22.0,76.359,27.056,23.273,1133.036,994.018,2026Q1,35.0,74.0,44.0,77.025,18.886,40.892,1261.865,1491.108,0.666,0.872,-8.17,-30.197,17.619,75.706
7401,Linares,Linares,Región del Maule,7.0,fixed,2025Q4,206.0,2660.0,972.0,386.342,364.604,8.418,147.349,194.838,2026Q1,237.0,2670.0,939.0,362.691,330.056,10.085,184.899,235.246,-23.651,-6.122,-34.548,-9.475,1.667,19.803
7401,Linares,Linares,Región del Maule,7.0,mobile,2025Q4,137.0,844.0,311.0,95.162,18.508,36.385,1433.203,1433.998,2026Q1,144.0,567.0,307.0,82.111,15.868,34.596,1672.057,1485.69,-13.051,-13.715,-2.64,-14.264,-1.789,-4.917
7402,Colbún,Linares,Región del Maule,7.0,fixed,2025Q4,80.0,314.0,131.0,281.206,205.82,11.01,204.111,332.016,2026Q1,90.0,521.0,160.0,205.991,160.311,14.94,251.877,305.284,-75.215,-26.747,-45.509,-22.111,3.93,35.695
7402,Colbún,Linares,Región del Maule,7.0,mobile,2025Q4,52.0,203.0,73.0,66.688,14.836,32.601,977.522,1478.631,2026Q1,72.0,239.0,100.0,62.719,13.217,29.987,1535.567,1389.071,-3.969,-5.952,-1.619,-10.913,-2.614,-8.018
7403,Longaví,Linares,Región del Maule,7.0,fixed,2025Q4,126.0,618.0,185.0,202.732,144.139,12.851,131.687,266.861,2026Q1,147.0,729.0,231.0,205.246,108.119,18.86,175.731,293.759,2.514,1.24,-36.02,-24.99,6.009,46.759
7403,Longaví,Linares,Región del Maule,7.0,mobile,2025Q4,64.0,197.0,86.0,64.421,22.579,38.213,1308.311,1247.411,2026Q1,107.0,300.0,142.0,43.91,11.344,34.3,1931.279,1711.73,-20.511,-31.839,-11.235,-49.759,-3.913,-10.24
7404,Parral,Linares,Región del Maule,7.0,fixed,2025Q4,103.0,807.0,292.0,293.591,225.485,13.424,164.784,254.302,2026Q1,117.0,755.0,315.0,303.302,266.33,11.613,218.599,280.878,9.711,3.308,40.845,18.114,-1.811,-13.491
7404,Parral,Linares,Región del Maule,7.0,mobile,2025Q4,88.0,433.0,148.0,72.546,16.825,103.915,1782.791,1736.873,2026Q1,94.0,595.0,181.0,56.337,15.084,141.119,1510.364,1727.358,-16.209,-22.343,-1.741,-10.348,37.204,35.802
7405,Retiro,Linares,Región del Maule,7.0,fixed,2025Q4,65.0,211.0,108.0,164.898,116.627,11.474,203.239,271.914,2026Q1,81.0,300.0,126.0,152.512,125.4,12.147,202.767,295.67,-12.386,-7.511,8.773,7.522,0.673,5.865
7405,Retiro,Linares,Región del Maule,7.0,mobile,2025Q4,58.0,111.0,75.0,65.613,14.512,29.613,1283.955,1366.183,2026Q1,52.0,107.0,62.0,37.69,10.849,41.421,2432.76,2159.121,-27.923,-42.557,-3.663,-25.241,11.808,39.874
7406,San Javier,Linares,Región del Maule,7.0,fixed,2025Q4,104.0,903.0,350.0,356.894,324.732,10.218,172.225,255.052,2026Q1,93.0,1017.0,339.0,342.382,314.739,9.791,193.345,293.08,-14.512,-4.066,-9.993,-3.077,-0.427,-4.179
7406,San Javier,Linares,Región del Maule,7.0,mobile,2025Q4,70.0,185.0,125.0,81.988,15.066,43.07,1439.527,1428.179,2026Q1,87.0,336.0,140.0,58.971,18.227,34.72,1437.764,1163.345,-23.017,-28.074,3.161,20.981,-8.35,-19.387
7407,Villa Alegre,Linares,Región del Maule,7.0,fixed,2025Q4,57.0,207.0,86.0,289.185,248.732,8.058,152.85,186.792,2026Q1,38.0,208.0,84.0,296.226,278.576,10.389,133.197,264.024,7.041,2.435,29.844,11.998,2.331,28.928
7407,Villa Alegre,Linares,Región del Maule,7.0,mobile,2025Q4,37.0,75.0,48.0,106.775,21.753,31.613,1089.547,803.811,2026Q1,40.0,83.0,58.0,85.892,11.314,29.217,1491.8,1875.578,-20.883,-19.558,-10.439,-47.989,-2.396,-7.579
7408,Yerbas Buenas,Linares,Región del Maule,7.0,fixed,2025Q4,80.0,318.0,126.0,284.823,240.271,9.167,211.531,221.201,2026Q1,65.0,258.0,94.0,248.758,233.599,11.291,158.698,212.857,-36.065,-12.662,-6.672,-2.777,2.124,23.17
7408,Yerbas Buenas,Linares,Región del Maule,7.0,mobile,2025Q4,51.0,214.0,82.0,97.314,17.164,27.028,1551.977,1554.84,2026Q1,52.0,171.0,79.0,100.597,20.123,28.93,1474.136,1316.222,3.283,3.374,2.959,17.24,1.902,7.037
8101,Concepción,Concepción,Región del Bío-Bío,8.0,fixed,2025Q4,166.0,5784.0,2523.0,437.864,375.861,7.621,228.82,256.599,2026Q1,182.0,6481.0,2588.0,461.087,392.587,7.565,226.794,222.646,23.223,5.304,16.726,4.45,-0.056,-0.735
8101,Concepción,Concepción,Región del Bío-Bío,8.0,mobile,2025Q4,141.0,1252.0,655.0,103.254,24.334,26.952,1627.993,1056.548,2026Q1,151.0,1310.0,690.0,98.317,24.769,31.913,1738.144,1186.726,-4.937,-4.781,0.435,1.788,4.961,18.407
8102,Coronel,Concepción,Región del Bío-Bío,8.0,fixed,2025Q4,122.0,1949.0,695.0,463.311,391.791,6.821,292.632,276.277,2026Q1,124.0,1880.0,798.0,502.336,408.092,7.739,252.795,297.475,39.025,8.423,16.301,4.161,0.918,13.458
8102,Coronel,Concepción,Región del Bío-Bío,8.0,mobile,2025Q4,90.0,339.0,193.0,98.691,23.718,28.794,1889.849,1413.281,2026Q1,101.0,376.0,239.0,106.466,20.428,33.439,1821.579,1265.362,7.775,7.878,-3.29,-13.871,4.645,16.132
8103,Chiguayante,Concepción,Región del Bío-Bío,8.0,fixed,2025Q4,75.0,1632.0,553.0,406.967,336.677,6.953,240.15,258.855,2026Q1,75.0,1835.0,646.0,422.188,346.014,7.071,208.71,230.098,15.221,3.74,9.337,2.773,0.118,1.697
8103,Chiguayante,Concepción,Región del Bío-Bío,8.0,mobile,2025Q4,42.0,124.0,86.0,139.895,26.602,33.968,1652.823,1286.694,2026Q1,44.0,150.0,90.0,87.711,19.664,37.167,2000.577,1513.466,-52.184,-37.302,-6.938,-26.081,3.199,9.418
8104,Florida,Concepción,Región del Bío-Bío,8.0,fixed,2025Q4,42.0,162.0,55.0,209.732,111.867,35.944,227.864,267.292,2026Q1,63.0,226.0,75.0,229.834,112.864,18.004,207.677,218.934,20.102,9.585,0.997,0.891,-17.94,-49.911
8104,Florida,Concepción,Región del Bío-Bío,8.0,mobile,2025Q4,49.0,155.0,63.0,80.166,13.859,29.806,2044.794,1520.174,2026Q1,72.0,169.0,84.0,80.137,13.478,33.74,1841.448,1981.935,-0.029,-0.036,-0.381,-2.749,3.934,13.199
8105,Hualqui,Concepción,Región del Bío-Bío,8.0,fixed,2025Q4,44.0,274.0,113.0,337.66,254.378,14.96,258.08,221.369,2026Q1,49.0,252.0,115.0,381.231,300.042,11.619,211.689,426.211,43.571,12.904,45.664,17.951,-3.341,-22.333
8105,Hualqui,Concepción,Región del Bío-Bío,8.0,mobile,2025Q4,43.0,105.0,55.0,66.251,13.56,37.4,1954.6,1711.057,2026Q1,71.0,197.0,94.0,79.314,15.906,33.655,1978.462,1368.756,13.063,19.717,2.346,17.301,-3.745,-10.013
8106,Lota,Concepción,Región del Bío-Bío,8.0,fixed,2025Q4,31.0,508.0,197.0,470.995,399.068,5.195,285.014,294.299,2026Q1,32.0,486.0,154.0,542.299,425.986,4.975,222.815,238.195,71.304,15.139,26.918,6.745,-0.22,-4.235
8106,Lota,Concepción,Región del Bío-Bío,8.0,mobile,2025Q4,26.0,66.0,42.0,115.738,18.506,25.167,1765.076,1508.545,2026Q1,27.0,111.0,53.0,99.046,18.685,26.685,1907.757,1401.018,-16.692,-14.422,0.179,0.967,1.518,6.032
8107,Penco,Concepción,Región del Bío-Bío,8.0,fixed,2025Q4,40.0,521.0,243.0,440.47,351.177,7.643,231.833,247.8,2026Q1,56.0,890.0,358.0,418.976,336.257,10.135,297.117,299.258,-21.494,-4.88,-14.92,-4.249,2.492,32.605
8107,Penco,Concepción,Región del Bío-Bío,8.0,mobile,2025Q4,46.0,171.0,72.0,48.101,22.585,27.333,1561.456,1123.632,2026Q1,39.0,129.0,82.0,76.385,19.059,31.566,1703.233,975.651,28.284,58.801,-3.526,-15.612,4.233,15.487
8108,San Pedro de la Paz,Concepción,Región del Bío-Bío,8.0,fixed,2025Q4,128.0,4271.0,1541.0,419.422,347.149,6.468,254.571,227.67,2026Q1,127.0,3578.0,1355.0,448.55,365.109,7.098,236.203,220.604,29.128,6.945,17.96,5.174,0.63,9.74
8108,San Pedro de la Paz,Concepción,Región del Bío-Bío,8.0,mobile,2025Q4,94.0,434.0,229.0,93.632,21.558,32.171,1673.166,1239.627,2026Q1,90.0,449.0,219.0,116.517,22.354,27.746,1622.808,1192.951,22.885,24.441,0.796,3.692,-4.425,-13.755
8109,Santa Juana,Concepción,Región del Bío-Bío,8.0,fixed,2025Q4,43.0,175.0,76.0,320.371,220.633,12.623,342.735,293.377,2026Q1,36.0,171.0,66.0,258.834,179.773,17.24,248.941,376.129,-61.537,-19.208,-40.86,-18.519,4.617,36.576
8109,Santa Juana,Concepción,Región del Bío-Bío,8.0,mobile,2025Q4,45.0,206.0,62.0,32.123,10.101,60.034,1948.36,3095.35,2026Q1,58.0,181.0,63.0,89.155,11.763,30.718,2284.0,2482.204,57.032,177.543,1.662,16.454,-29.316,-48.832
8110,Talcahuano,Concepción,Región del Bío-Bío,8.0,fixed,2025Q4,118.0,2757.0,1084.0,415.214,356.077,8.856,233.098,258.825,2026Q1,126.0,2483.0,1018.0,464.069,403.345,8.069,217.281,217.136,48.855,11.766,47.268,13.275,-0.787,-8.887
8110,Talcahuano,Concepción,Región del Bío-Bío,8.0,mobile,2025Q4,101.0,650.0,296.0,103.653,22.301,27.874,1711.705,1262.549,2026Q1,92.0,505.0,287.0,105.971,25.553,30.085,1802.994,1283.002,2.318,2.236,3.252,14.582,2.211,7.932
8111,Tomé,Concepción,Región del Bío-Bío,8.0,fixed,2025Q4,66.0,644.0,205.0,415.28,304.305,14.893,312.588,318.238,2026Q1,73.0,912.0,310.0,465.77,374.307,7.74,217.66,231.639,50.49,12.158,70.002,23.004,-7.153,-48.029
8111,Tomé,Concepción,Región del Bío-Bío,8.0,mobile,2025Q4,52.0,143.0,88.0,77.236,20.197,28.86,1460.427,1252.203,2026Q1,66.0,236.0,141.0,68.13,17.759,59.653,1710.553,1469.838,-9.106,-11.79,-2.438,-12.071,30.793,106.698
8112,Hualpén,Concepción,Región del Bío-Bío,8.0,fixed,2025Q4,58.0,1840.0,705.0,429.79,376.978,8.398,315.904,302.569,2026Q1,53.0,1836.0,724.0,464.708,404.338,7.996,228.911,225.073,34.918,8.124,27.36,7.258,-0.402,-4.787
8112,Hualpén,Concepción,Región del Bío-Bío,8.0,mobile,2025Q4,60.0,273.0,162.0,114.262,23.971,30.311,2023.971,1234.092,2026Q1,56.0,337.0,161.0,83.432,19.342,33.884,2105.579,1480.533,-30.83,-26.982,-4.629,-19.311,3.573,11.788
8201,Lebu,Arauco,Región del Bío-Bío,8.0,fixed,2025Q4,29.0,173.0,81.0,466.349,353.54,10.416,287.422,227.572,2026Q1,39.0,211.0,101.0,435.965,349.71,11.066,274.267,137.938,-30.384,-6.515,-3.83,-1.083,0.65,6.24
8201,Lebu,Arauco,Región del Bío-Bío,8.0,mobile,2025Q4,31.0,120.0,55.0,154.301,29.355,36.942,1152.225,780.808,2026Q1,45.0,150.0,68.0,90.585,22.375,57.187,1116.9,1302.147,-63.716,-41.293,-6.98,-23.778,20.245,54.802
8202,Arauco,Arauco,Región del Bío-Bío,8.0,fixed,2025Q4,59.0,348.0,171.0,471.799,397.5,9.078,195.454,262.523,2026Q1,63.0,434.0,186.0,433.292,372.249,8.871,247.417,287.744,-38.507,-8.162,-25.251,-6.352,-0.207,-2.28
8202,Arauco,Arauco,Región del Bío-Bío,8.0,mobile,2025Q4,51.0,138.0,72.0,62.891,15.412,36.116,1498.423,1232.652,2026Q1,52.0,208.0,92.0,72.97,21.547,42.572,1417.5,1236.409,10.079,16.026,6.135,39.807,6.456,17.876
8203,Cañete,Arauco,Región del Bío-Bío,8.0,fixed,2025Q4,74.0,430.0,169.0,317.225,260.147,19.595,303.167,173.5,2026Q1,103.0,548.0,216.0,273.608,183.628,17.859,273.819,246.75,-43.617,-13.75,-76.519,-29.414,-1.736,-8.859
8203,Cañete,Arauco,Región del Bío-Bío,8.0,mobile,2025Q4,71.0,292.0,122.0,80.558,19.315,38.37,1761.612,1234.952,2026Q1,82.0,366.0,151.0,89.058,18.125,38.719,1763.096,1377.041,8.5,10.551,-1.19,-6.161,0.349,0.91
8204,Contulmo,Arauco,Región del Bío-Bío,8.0,fixed,2025Q4,8.0,35.0,15.0,369.584,326.303,12.143,184.743,261.6,2026Q1,12.0,50.0,18.0,573.329,419.239,9.18,200.16,276.64,203.745,55.128,92.936,28.482,-2.963,-24.401
8204,Contulmo,Arauco,Región del Bío-Bío,8.0,mobile,2025Q4,14.0,48.0,19.0,114.299,18.732,30.354,1207.854,909.708,2026Q1,33.0,132.0,42.0,63.05,10.325,35.667,2080.364,1262.22,-51.249,-44.838,-8.407,-44.88,5.313,17.503
8205,Curanilahue,Arauco,Región del Bío-Bío,8.0,fixed,2025Q4,33.0,321.0,101.0,305.325,274.036,8.526,228.854,309.695,2026Q1,35.0,262.0,94.0,341.961,276.559,6.477,303.958,337.095,36.636,11.999,2.523,0.921,-2.049,-24.032
8205,Curanilahue,Arauco,Región del Bío-Bío,8.0,mobile,2025Q4,31.0,70.0,39.0,53.791,18.953,32.886,2062.507,1491.043,2026Q1,29.0,70.0,41.0,58.845,13.337,31.971,1889.143,1758.814,5.054,9.396,-5.616,-29.631,-0.915,-2.782
8206,Los Alamos,Arauco,Región del Bío-Bío,8.0,fixed,2025Q4,42.0,196.0,82.0,334.391,242.383,17.536,313.418,146.641,2026Q1,37.0,271.0,82.0,369.771,285.23,13.79,282.801,246.871,35.38,10.58,42.847,17.677,-3.746,-21.362
8206,Los Alamos,Arauco,Región del Bío-Bío,8.0,mobile,2025Q4,23.0,46.0,32.0,155.562,27.65,26.37,1232.522,1111.065,2026Q1,32.0,66.0,43.0,141.665,29.189,30.273,1561.136,1187.591,-13.897,-8.933,1.539,5.566,3.903,14.801
8207,Tirúa,Arauco,Región del Bío-Bío,8.0,fixed,2025Q4,12.0,42.0,21.0,141.582,22.757,31.31,850.69,338.714,2026Q1,26.0,91.0,36.0,101.005,20.927,48.857,355.462,199.857,-40.577,-28.66,-1.83,-8.041,17.547,56.043
8207,Tirúa,Arauco,Región del Bío-Bío,8.0,mobile,2025Q4,30.0,292.0,58.0,48.256,12.537,43.623,1012.223,1628.43,2026Q1,58.0,344.0,126.0,57.819,15.602,44.241,1629.971,1553.804,9.563,19.817,3.065,24.448,0.618,1.417
8301,Los Ángeles,Bío-Bío,Región del Bío-Bío,8.0,fixed,2025Q4,594.0,5071.0,1999.0,351.706,294.664,12.092,241.406,328.727,2026Q1,675.0,5272.0,2106.0,328.872,264.489,12.564,251.934,295.201,-22.834,-6.492,-30.175,-10.24,0.472,3.903
8301,Los Ángeles,Bío-Bío,Región del Bío-Bío,8.0,mobile,2025Q4,315.0,1335.0,683.0,83.736,18.707,33.115,1897.345,1428.059,2026Q1,343.0,1507.0,730.0,70.61,16.998,35.052,2002.652,1441.458,-13.126,-15.675,-1.709,-9.136,1.937,5.849
8302,Antuco,Bío-Bío,Región del Bío-Bío,8.0,fixed,2025Q4,31.0,174.0,48.0,131.236,46.42,33.144,314.114,457.905,2026Q1,29.0,102.0,43.0,102.037,70.172,20.588,382.673,367.069,-29.199,-22.249,23.752,51.168,-12.556,-37.883
8302,Antuco,Bío-Bío,Región del Bío-Bío,8.0,mobile,2025Q4,16.0,82.0,27.0,79.193,15.684,39.207,2214.159,1316.0,2026Q1,23.0,54.0,34.0,28.103,10.632,35.019,2612.17,1512.778,-51.09,-64.513,-5.052,-32.211,-4.188,-10.682
8303,Cabrero,Bío-Bío,Región del Bío-Bío,8.0,fixed,2025Q4,82.0,462.0,176.0,227.654,148.908,18.695,255.563,258.149,2026Q1,109.0,620.0,247.0,236.193,179.435,15.073,268.098,304.911,8.539,3.751,30.527,20.501,-3.622,-19.374
8303,Cabrero,Bío-Bío,Región del Bío-Bío,8.0,mobile,2025Q4,77.0,187.0,115.0,105.708,17.584,29.722,1951.289,1742.882,2026Q1,81.0,245.0,141.0,64.083,12.468,32.086,2449.597,1545.98,-41.625,-39.377,-5.116,-29.095,2.364,7.954
8304,Laja,Bío-Bío,Región del Bío-Bío,8.0,fixed,2025Q4,49.0,358.0,122.0,348.8,268.061,12.123,234.486,350.969,2026Q1,41.0,234.0,112.0,292.632,201.072,11.808,301.5,308.009,-56.168,-16.103,-66.989,-24.99,-0.315,-2.598
8304,Laja,Bío-Bío,Región del Bío-Bío,8.0,mobile,2025Q4,38.0,110.0,52.0,116.377,20.4,31.155,1771.725,1379.321,2026Q1,48.0,101.0,67.0,78.378,14.351,30.624,2143.842,1358.723,-37.999,-32.652,-6.049,-29.652,-0.531,-1.704
8305,Mulchén,Bío-Bío,Región del Bío-Bío,8.0,fixed,2025Q4,42.0,416.0,132.0,326.155,262.772,12.993,298.812,415.377,2026Q1,49.0,419.0,135.0,332.703,244.22,14.714,285.407,263.864,6.548,2.008,-18.552,-7.06,1.721,13.246
8305,Mulchén,Bío-Bío,Región del Bío-Bío,8.0,mobile,2025Q4,60.0,252.0,90.0,79.49,18.062,37.976,1526.179,1317.087,2026Q1,51.0,130.0,82.0,82.475,14.67,36.469,1469.231,1721.271,2.985,3.755,-3.392,-18.78,-1.507,-3.968
8306,Nacimiento,Bío-Bío,Región del Bío-Bío,8.0,fixed,2025Q4,44.0,299.0,134.0,373.892,266.827,11.07,248.07,211.87,2026Q1,49.0,416.0,130.0,301.284,203.61,13.663,244.555,240.349,-72.608,-19.42,-63.217,-23.692,2.593,23.424
8306,Nacimiento,Bío-Bío,Región del Bío-Bío,8.0,mobile,2025Q4,27.0,82.0,38.0,116.718,14.322,27.78,1630.159,1707.0,2026Q1,51.0,155.0,74.0,66.415,10.584,34.813,2053.545,1874.755,-50.303,-43.098,-3.738,-26.1,7.033,25.317
8307,Negrete,Bío-Bío,Región del Bío-Bío,8.0,fixed,2025Q4,19.0,70.0,33.0,318.846,220.189,13.271,222.886,327.686,2026Q1,21.0,53.0,29.0,196.995,118.328,12.528,267.34,479.698,-121.851,-38.216,-101.861,-46.261,-0.743,-5.599
8307,Negrete,Bío-Bío,Región del Bío-Bío,8.0,mobile,2025Q4,21.0,72.0,33.0,143.703,23.265,33.833,1505.972,851.75,2026Q1,22.0,82.0,47.0,79.046,18.228,49.878,1612.488,1031.756,-64.657,-44.993,-5.037,-21.651,16.045,47.424
8308,Quilaco,Bío-Bío,Región del Bío-Bío,8.0,fixed,2025Q4,9.0,35.0,12.0,297.478,187.607,21.0,234.882,125.343,2026Q1,18.0,92.0,27.0,251.827,98.522,23.652,137.054,165.946,-45.651,-15.346,-89.085,-47.485,2.652,12.629
8308,Quilaco,Bío-Bío,Región del Bío-Bío,8.0,mobile,2025Q4,19.0,38.0,21.0,69.999,14.101,74.211,1850.378,1856.763,2026Q1,15.0,21.0,17.0,81.16,8.983,44.762,1735.0,1958.667,11.161,15.945,-5.118,-36.295,-29.449,-39.683
8309,Quilleco,Bío-Bío,Región del Bío-Bío,8.0,fixed,2025Q4,31.0,154.0,61.0,145.015,95.788,14.377,175.851,622.032,2026Q1,38.0,156.0,72.0,124.573,82.712,13.474,182.058,861.34,-20.442,-14.096,-13.076,-13.651,-0.903,-6.281
8309,Quilleco,Bío-Bío,Región del Bío-Bío,8.0,mobile,2025Q4,19.0,40.0,28.0,132.017,30.756,29.675,1441.75,1372.925,2026Q1,26.0,67.0,34.0,67.474,11.695,33.582,1199.03,2282.194,-64.543,-48.89,-19.061,-61.975,3.907,13.166
8310,San Rosendo,Bío-Bío,Región del Bío-Bío,8.0,fixed,2025Q4,5.0,36.0,14.0,309.356,201.437,11.917,222.194,186.472,2026Q1,7.0,42.0,16.0,361.814,267.579,7.952,143.024,134.833,52.458,16.957,66.142,32.835,-3.965,-33.272
8310,San Rosendo,Bío-Bío,Región del Bío-Bío,8.0,mobile,2025Q4,3.0,37.0,3.0,59.195,21.222,30.757,826.784,1251.081,2026Q1,6.0,9.0,7.0,59.727,17.274,30.778,2440.556,782.889,0.532,0.899,-3.948,-18.603,0.021,0.068
8311,Santa Bárbara,Bío-Bío,Región del Bío-Bío,8.0,fixed,2025Q4,33.0,159.0,67.0,329.75,221.496,18.365,270.453,246.723,2026Q1,49.0,156.0,86.0,247.196,132.019,23.519,363.628,360.808,-82.554,-25.035,-89.477,-40.397,5.154,28.064
8311,Santa Bárbara,Bío-Bío,Región del Bío-Bío,8.0,mobile,2025Q4,34.0,88.0,50.0,84.087,17.522,34.989,1724.207,1388.898,2026Q1,52.0,124.0,70.0,64.317,11.989,35.395,2091.259,2023.211,-19.77,-23.511,-5.533,-31.577,0.406,1.16
8312,Tucapel,Bío-Bío,Región del Bío-Bío,8.0,fixed,2025Q4,54.0,321.0,121.0,300.44,231.216,15.346,249.262,283.131,2026Q1,52.0,303.0,119.0,276.248,212.674,14.254,322.828,307.855,-24.192,-8.052,-18.542,-8.019,-1.092,-7.116
8312,Tucapel,Bío-Bío,Región del Bío-Bío,8.0,mobile,2025Q4,32.0,107.0,50.0,78.952,14.38,52.477,1833.981,1934.355,2026Q1,25.0,72.0,34.0,66.82,14.369,31.042,1832.197,1201.264,-12.132,-15.366,-0.011,-0.076,-21.435,-40.846
8313,Yumbel,Bío-Bío,Región del Bío-Bío,8.0,fixed,2025Q4,56.0,267.0,100.0,304.092,220.879,15.824,224.571,259.35,2026Q1,66.0,371.0,115.0,443.536,329.806,12.415,197.798,293.763,139.444,45.856,108.927,49.315,-3.409,-21.543
8313,Yumbel,Bío-Bío,Región del Bío-Bío,8.0,mobile,2025Q4,41.0,108.0,64.0,115.586,20.489,31.333,1544.774,1039.176,2026Q1,74.0,227.0,111.0,64.617,12.357,36.467,1979.288,2025.106,-50.969,-44.096,-8.132,-39.69,5.134,16.385
8314,Alto Biobío,Bío-Bío,Región del Bío-Bío,8.0,fixed,2025Q4,6.0,61.0,12.0,251.212,182.107,18.18,146.197,193.557,2026Q1,17.0,84.0,26.0,211.764,161.966,23.405,165.369,237.821,-39.448,-15.703,-20.141,-11.06,5.225,28.74
8314,Alto Biobío,Bío-Bío,Región del Bío-Bío,8.0,mobile,2025Q4,27.0,48.0,36.0,25.128,4.411,53.083,1697.0,1782.833,2026Q1,13.0,16.0,14.0,14.304,3.587,42.25,1384.8,1578.312,-10.824,-43.075,-0.824,-18.681,-10.833,-20.408
9101,Temuco,Cautín,Región de La Araucanía,9.0,fixed,2025Q4,374.0,8493.0,3201.0,372.602,338.951,9.857,193.268,261.811,2026Q1,376.0,7984.0,3219.0,396.134,364.555,9.598,179.591,233.582,23.532,6.316,25.604,7.554,-0.259,-2.628
9101,Temuco,Cautín,Región de La Araucanía,9.0,mobile,2025Q4,261.0,2148.0,1035.0,109.676,24.536,33.606,1364.224,1142.062,2026Q1,254.0,1928.0,1024.0,103.971,22.146,32.498,1362.333,1188.595,-5.705,-5.202,-2.39,-9.741,-1.108,-3.297
9102,Carahue,Cautín,Región de La Araucanía,9.0,fixed,2025Q4,32.0,154.0,55.0,211.071,149.719,18.364,266.468,311.909,2026Q1,51.0,207.0,80.0,202.331,128.607,23.773,284.464,217.444,-8.74,-4.141,-21.112,-14.101,5.409,29.454
9102,Carahue,Cautín,Región de La Araucanía,9.0,mobile,2025Q4,61.0,144.0,76.0,60.969,11.835,38.521,1587.57,2331.806,2026Q1,60.0,182.0,82.0,70.733,10.816,37.066,1339.956,1281.33,9.764,16.015,-1.019,-8.61,-1.455,-3.777
9103,Cunco,Cautín,Región de La Araucanía,9.0,fixed,2025Q4,61.0,242.0,96.0,312.422,218.53,18.211,219.223,230.438,2026Q1,85.0,447.0,133.0,274.853,200.078,17.394,232.327,241.572,-37.569,-12.025,-18.452,-8.444,-0.817,-4.486
9103,Cunco,Cautín,Región de La Araucanía,9.0,mobile,2025Q4,83.0,378.0,112.0,53.375,9.489,42.786,1502.79,2730.602,2026Q1,77.0,534.0,118.0,54.34,9.337,47.528,1951.389,2267.075,0.965,1.808,-0.152,-1.602,4.742,11.083
9104,Curarrehue,Cautín,Región de La Araucanía,9.0,fixed,2025Q4,42.0,159.0,62.0,125.178,96.185,24.358,298.792,354.088,2026Q1,58.0,183.0,80.0,134.301,91.818,26.164,328.082,256.869,9.123,7.288,-4.367,-4.54,1.806,7.414
9104,Curarrehue,Cautín,Región de La Araucanía,9.0,mobile,2025Q4,54.0,126.0,58.0,9.267,4.673,49.722,3055.672,2732.416,2026Q1,20.0,46.0,26.0,45.238,7.602,37.304,1910.652,1619.522,35.971,388.162,2.929,62.679,-12.418,-24.975
9105,Freire,Cautín,Región de La Araucanía,9.0,fixed,2025Q4,82.0,313.0,135.0,197.056,140.041,23.489,351.337,404.772,2026Q1,118.0,473.0,190.0,222.755,161.045,35.091,378.07,349.814,25.699,13.041,21.004,14.998,11.602,49.393
9105,Freire,Cautín,Región de La Araucanía,9.0,mobile,2025Q4,49.0,219.0,72.0,115.402,24.658,29.324,1288.349,1481.147,2026Q1,83.0,271.0,113.0,48.777,9.012,35.185,2085.242,2268.446,-66.625,-57.733,-15.646,-63.452,5.861,19.987
9106,Galvarino,Cautín,Región de La Araucanía,9.0,fixed,2025Q4,23.0,172.0,34.0,277.683,214.134,14.453,631.552,282.012,2026Q1,18.0,140.0,33.0,301.353,187.724,19.164,203.836,323.829,23.67,8.524,-26.41,-12.333,4.711,32.595
9106,Galvarino,Cautín,Región de La Araucanía,9.0,mobile,2025Q4,61.0,236.0,74.0,52.465,14.101,34.78,1536.874,1441.556,2026Q1,28.0,200.0,48.0,108.318,19.003,32.075,1752.585,1856.725,55.853,106.458,4.902,34.763,-2.705,-7.777
9107,Gorbea,Cautín,Región de La Araucanía,9.0,fixed,2025Q4,28.0,115.0,58.0,375.839,318.617,10.765,188.252,167.217,2026Q1,42.0,185.0,76.0,330.877,270.534,15.005,199.397,163.8,-44.962,-11.963,-48.083,-15.091,4.24,39.387
9107,Gorbea,Cautín,Región de La Araucanía,9.0,mobile,2025Q4,93.0,226.0,113.0,86.717,16.187,33.597,1176.161,1822.067,2026Q1,34.0,197.0,48.0,56.496,19.13,32.426,1306.33,1136.148,-30.221,-34.85,2.943,18.181,-1.171,-3.485
9108,Lautaro,Cautín,Región de La Araucanía,9.0,fixed,2025Q4,92.0,666.0,244.0,274.153,221.57,26.222,347.189,345.776,2026Q1,89.0,697.0,249.0,312.636,274.501,21.085,235.83,242.74,38.483,14.037,52.931,23.889,-5.137,-19.59
9108,Lautaro,Cautín,Región de La Araucanía,9.0,mobile,2025Q4,76.0,334.0,118.0,66.042,11.736,36.347,1585.937,1448.802,2026Q1,96.0,468.0,138.0,69.155,9.711,46.013,2375.107,2037.267,3.113,4.714,-2.025,-17.255,9.666,26.594
9109,Loncoche,Cautín,Región de La Araucanía,9.0,fixed,2025Q4,147.0,854.0,271.0,293.589,224.131,18.111,181.375,245.508,2026Q1,149.0,816.0,292.0,295.296,232.76,14.929,215.322,315.388,1.707,0.581,8.629,3.85,-3.182,-17.569
9109,Loncoche,Cautín,Región de La Araucanía,9.0,mobile,2025Q4,47.0,187.0,63.0,60.33,14.904,29.428,1255.625,1393.995,2026Q1,75.0,306.0,114.0,91.419,17.046,34.542,1641.475,1471.395,31.089,51.532,2.142,14.372,5.114,17.378
9110,Melipeuco,Cautín,Región de La Araucanía,9.0,fixed,2025Q4,27.0,61.0,34.0,126.351,21.615,51.574,405.656,241.639,2026Q1,35.0,164.0,51.0,104.78,19.791,31.561,326.927,352.36,-21.571,-17.072,-1.824,-8.439,-20.013,-38.804
9110,Melipeuco,Cautín,Región de La Araucanía,9.0,mobile,2025Q4,22.0,55.0,26.0,115.64,20.767,97.491,1144.509,1866.491,2026Q1,26.0,79.0,36.0,51.281,12.521,52.557,2087.241,1342.696,-64.359,-55.655,-8.246,-39.707,-44.934,-46.09
9111,Nueva Imperial,Cautín,Región de La Araucanía,9.0,fixed,2025Q4,55.0,412.0,131.0,277.793,220.106,16.432,228.265,281.752,2026Q1,65.0,417.0,153.0,325.745,250.649,15.384,213.962,295.928,47.952,17.262,30.543,13.876,-1.048,-6.378
9111,Nueva Imperial,Cautín,Región de La Araucanía,9.0,mobile,2025Q4,90.0,406.0,142.0,85.72,19.856,34.539,1176.638,1520.633,2026Q1,56.0,134.0,82.0,82.082,15.079,32.896,1610.78,1558.963,-3.638,-4.244,-4.777,-24.058,-1.643,-4.757
9112,Padre Las Casas,Cautín,Región de La Araucanía,9.0,fixed,2025Q4,105.0,648.0,277.0,393.959,320.641,15.139,241.231,307.032,2026Q1,126.0,782.0,356.0,336.407,293.954,13.999,189.453,220.427,-57.552,-14.609,-26.687,-8.323,-1.14,-7.53
9112,Padre Las Casas,Cautín,Región de La Araucanía,9.0,mobile,2025Q4,109.0,310.0,179.0,92.993,19.291,33.581,1494.342,1293.139,2026Q1,147.0,356.0,228.0,65.12,13.61,37.761,1691.594,1675.244,-27.873,-29.973,-5.681,-29.449,4.18,12.448
9113,Perquenco,Cautín,Región de La Araucanía,9.0,fixed,2025Q4,19.0,39.0,23.0,150.659,124.103,18.744,583.128,872.359,2026Q1,17.0,134.0,33.0,546.34,430.378,10.836,146.216,292.082,395.681,262.633,306.275,246.791,-7.908,-42.19
9113,Perquenco,Cautín,Región de La Araucanía,9.0,mobile,2025Q4,16.0,24.0,18.0,125.272,18.772,32.292,1733.875,1859.833,2026Q1,18.0,31.0,22.0,52.623,8.363,42.29,2035.645,2012.677,-72.649,-57.993,-10.409,-55.45,9.998,30.961
9114,Pitrufquén,Cautín,Región de La Araucanía,9.0,fixed,2025Q4,82.0,657.0,228.0,318.246,263.889,15.42,208.638,318.049,2026Q1,90.0,640.0,238.0,364.715,301.704,13.402,172.434,230.158,46.469,14.602,37.815,14.33,-2.018,-13.087
9114,Pitrufquén,Cautín,Región de La Araucanía,9.0,mobile,2025Q4,109.0,265.0,161.0,80.276,13.982,38.491,1655.636,1925.804,2026Q1,59.0,199.0,100.0,78.412,13.968,35.688,1811.364,1681.193,-1.864,-2.322,-0.014,-0.1,-2.803,-7.282
9115,Pucón,Cautín,Región de La Araucanía,9.0,fixed,2025Q4,265.0,1664.0,678.0,265.957,249.99,14.127,180.446,306.856,2026Q1,377.0,2480.0,1130.0,246.584,229.949,15.783,206.968,319.329,-19.373,-7.284,-20.041,-8.017,1.656,11.722
9115,Pucón,Cautín,Región de La Araucanía,9.0,mobile,2025Q4,113.0,422.0,208.0,92.228,20.223,34.251,1329.664,1279.26,2026Q1,199.0,705.0,402.0,66.521,15.327,45.651,1681.771,1624.223,-25.707,-27.873,-4.896,-24.21,11.4,33.284
9116,Saavedra,Cautín,Región de La Araucanía,9.0,fixed,2025Q4,12.0,50.0,23.0,238.797,196.672,27.9,215.94,464.74,2026Q1,22.0,101.0,34.0,244.364,186.42,17.238,321.723,752.515,5.567,2.331,-10.252,-5.213,-10.662,-38.215
9116,Saavedra,Cautín,Región de La Araucanía,9.0,mobile,2025Q4,47.0,123.0,74.0,89.715,21.222,35.106,1427.426,1899.123,2026Q1,31.0,90.0,53.0,107.114,21.572,37.0,1270.364,1808.722,17.399,19.394,0.35,1.649,1.894,5.395
9117,Teodoro Schmidt,Cautín,Región de La Araucanía,9.0,fixed,2025Q4,20.0,44.0,25.0,282.691,176.139,19.045,207.045,213.864,2026Q1,44.0,150.0,57.0,387.703,289.335,19.193,311.127,417.5,105.012,37.147,113.196,64.265,0.148,0.777
9117,Teodoro Schmidt,Cautín,Región de La Araucanía,9.0,mobile,2025Q4,25.0,92.0,31.0,89.856,29.524,29.457,1293.724,1544.517,2026Q1,50.0,225.0,65.0,56.795,7.545,39.142,1737.351,1762.25,-33.061,-36.793,-21.979,-74.445,9.685,32.878
9118,Toltén,Cautín,Región de La Araucanía,9.0,fixed,2025Q4,16.0,34.0,20.0,186.605,51.529,24.618,138.735,102.118,2026Q1,18.0,53.0,28.0,171.912,103.932,24.34,366.827,441.208,-14.693,-7.874,52.403,101.696,-0.278,-1.129
9118,Toltén,Cautín,Región de La Araucanía,9.0,mobile,2025Q4,16.0,121.0,18.0,44.844,24.635,29.802,1056.692,517.617,2026Q1,27.0,71.0,43.0,61.641,13.587,45.282,2052.186,1871.197,16.797,37.457,-11.048,-44.847,15.48,51.943
9119,Vilcún,Cautín,Región de La Araucanía,9.0,fixed,2025Q4,61.0,295.0,138.0,299.731,212.098,19.39,173.017,167.081,2026Q1,82.0,448.0,164.0,292.257,193.161,19.652,156.15,162.324,-7.474,-2.494,-18.937,-8.928,0.262,1.351
9119,Vilcún,Cautín,Región de La Araucanía,9.0,mobile,2025Q4,59.0,190.0,81.0,58.809,16.197,34.021,1347.934,1373.836,2026Q1,164.0,391.0,222.0,52.341,10.994,43.422,1564.779,1841.607,-6.468,-10.998,-5.203,-32.123,9.401,27.633
9120,Villarrica,Cautín,Región de La Araucanía,9.0,fixed,2025Q4,437.0,2848.0,1108.0,289.964,248.533,12.801,206.788,290.602,2026Q1,594.0,4210.0,1623.0,274.976,227.866,14.369,225.86,355.117,-14.988,-5.169,-20.667,-8.316,1.568,12.249
9120,Villarrica,Cautín,Región de La Araucanía,9.0,mobile,2025Q4,148.0,529.0,289.0,70.246,18.736,38.476,1715.779,1545.167,2026Q1,235.0,986.0,555.0,58.211,12.976,43.674,1768.531,1526.55,-12.035,-17.133,-5.76,-30.743,5.198,13.51
9121,Cholchol,Cautín,Región de La Araucanía,9.0,fixed,2025Q4,27.0,105.0,51.0,257.278,243.388,15.667,208.562,293.181,2026Q1,25.0,174.0,48.0,263.139,201.153,12.149,252.328,491.115,5.861,2.278,-42.235,-17.353,-3.518,-22.455
9121,Cholchol,Cautín,Región de La Araucanía,9.0,mobile,2025Q4,35.0,59.0,41.0,56.974,11.534,30.322,1910.39,1976.373,2026Q1,34.0,97.0,43.0,68.107,12.895,32.196,1670.406,2007.546,11.133,19.54,1.361,11.8,1.874,6.18
9201,Angol,Malleco,Región de La Araucanía,9.0,fixed,2025Q4,84.0,1475.0,347.0,407.213,375.025,8.833,240.693,272.481,2026Q1,91.0,1302.0,379.0,422.867,319.602,8.785,239.22,264.62,15.654,3.844,-55.423,-14.778,-0.048,-0.543
9201,Angol,Malleco,Región de La Araucanía,9.0,mobile,2025Q4,84.0,434.0,183.0,105.271,22.849,29.431,1291.333,1000.603,2026Q1,72.0,218.0,150.0,102.328,18.842,38.729,1585.209,1538.023,-2.943,-2.796,-4.007,-17.537,9.298,31.593
9202,Collipulli,Malleco,Región de La Araucanía,9.0,fixed,2025Q4,48.0,317.0,101.0,302.153,222.586,18.196,243.612,163.117,2026Q1,65.0,354.0,128.0,292.812,185.466,17.703,381.336,378.732,-9.341,-3.091,-37.12,-16.677,-0.493,-2.709
9202,Collipulli,Malleco,Región de La Araucanía,9.0,mobile,2025Q4,38.0,136.0,72.0,124.149,19.888,34.566,1379.452,1149.23,2026Q1,41.0,145.0,69.0,74.935,16.304,35.566,1562.168,1314.821,-49.214,-39.641,-3.584,-18.021,1.0,2.893
9203,Curacautín,Malleco,Región de La Araucanía,9.0,fixed,2025Q4,77.0,318.0,127.0,266.504,193.663,21.355,280.283,272.739,2026Q1,99.0,324.0,155.0,242.714,160.372,27.546,319.347,325.377,-23.79,-8.927,-33.291,-17.19,6.191,28.991
9203,Curacautín,Malleco,Región de La Araucanía,9.0,mobile,2025Q4,45.0,92.0,66.0,89.413,19.496,34.033,1069.474,986.718,2026Q1,39.0,132.0,62.0,114.713,18.847,36.364,1061.159,1356.144,25.3,28.296,-0.649,-3.329,2.331,6.849
9204,Ercilla,Malleco,Región de La Araucanía,9.0,fixed,2025Q4,17.0,65.0,27.0,497.072,376.815,12.0,183.569,137.138,2026Q1,18.0,135.0,43.0,616.476,390.283,12.481,253.733,270.941,119.404,24.021,13.468,3.574,0.481,4.008
9204,Ercilla,Malleco,Región de La Araucanía,9.0,mobile,2025Q4,32.0,67.0,38.0,80.496,18.769,37.597,937.141,1184.281,2026Q1,23.0,100.0,36.0,66.397,14.136,48.13,1834.67,1260.64,-14.099,-17.515,-4.633,-24.684,10.533,28.016
9205,Lonquimay,Malleco,Región de La Araucanía,9.0,fixed,2025Q4,41.0,185.0,72.0,278.01,171.429,18.876,304.151,339.384,2026Q1,36.0,195.0,68.0,211.328,129.938,25.692,311.456,347.318,-66.682,-23.985,-41.491,-24.203,6.816,36.109
9205,Lonquimay,Malleco,Región de La Araucanía,9.0,mobile,2025Q4,21.0,104.0,39.0,39.245,11.287,46.096,1532.75,1373.962,2026Q1,29.0,92.0,51.0,66.961,16.135,49.13,1529.077,1039.62,27.716,70.623,4.848,42.952,3.034,6.582
9206,Los Sauces,Malleco,Región de La Araucanía,9.0,fixed,2025Q4,23.0,130.0,40.0,339.917,270.797,15.015,272.31,242.569,2026Q1,14.0,90.0,31.0,418.449,290.288,30.911,316.967,256.389,78.532,23.103,19.491,7.198,15.896,105.867
9206,Los Sauces,Malleco,Región de La Araucanía,9.0,mobile,2025Q4,14.0,148.0,23.0,139.096,15.877,31.743,1009.415,993.52,2026Q1,20.0,124.0,30.0,58.748,12.402,60.597,1592.71,1465.444,-80.348,-57.764,-3.475,-21.887,28.854,90.899
9207,Lumaco,Malleco,Región de La Araucanía,9.0,fixed,2025Q4,38.0,288.0,61.0,85.785,18.27,43.257,821.622,367.205,2026Q1,27.0,123.0,42.0,105.841,19.808,34.0,489.138,132.894,20.056,23.379,1.538,8.418,-9.257,-21.4
9207,Lumaco,Malleco,Región de La Araucanía,9.0,mobile,2025Q4,28.0,151.0,47.0,38.642,19.052,251.093,1535.687,1349.673,2026Q1,59.0,155.0,73.0,43.369,13.914,130.839,1533.252,1830.626,4.727,12.233,-5.138,-26.968,-120.254,-47.892
9208,Purén,Malleco,Región de La Araucanía,9.0,fixed,2025Q4,18.0,46.0,37.0,378.798,302.927,14.696,239.043,196.457,2026Q1,18.0,77.0,38.0,437.946,326.708,10.377,240.091,231.908,59.148,15.615,23.781,7.85,-4.319,-29.389
9208,Purén,Malleco,Región de La Araucanía,9.0,mobile,2025Q4,26.0,66.0,30.0,76.737,15.552,33.788,1256.106,1535.303,2026Q1,25.0,115.0,41.0,83.496,18.496,74.591,765.678,898.139,6.759,8.808,2.944,18.93,40.803,120.762
9209,Renaico,Malleco,Región de La Araucanía,9.0,fixed,2025Q4,13.0,152.0,42.0,518.192,435.112,7.441,239.414,189.388,2026Q1,15.0,108.0,43.0,534.56,345.068,12.546,225.852,105.343,16.368,3.159,-90.044,-20.694,5.105,68.606
9209,Renaico,Malleco,Región de La Araucanía,9.0,mobile,2025Q4,24.0,108.0,38.0,105.14,23.106,47.306,1478.954,1009.157,2026Q1,18.0,57.0,33.0,81.014,12.528,34.825,1922.509,1600.088,-24.126,-22.947,-10.578,-45.78,-12.481,-26.384
9210,Traiguén,Malleco,Región de La Araucanía,9.0,fixed,2025Q4,27.0,200.0,80.0,370.289,299.647,11.175,334.68,296.09,2026Q1,30.0,183.0,69.0,436.098,305.983,8.404,236.514,326.202,65.809,17.772,6.336,2.114,-2.771,-24.796
9210,Traiguén,Malleco,Región de La Araucanía,9.0,mobile,2025Q4,23.0,86.0,45.0,131.774,28.148,30.395,860.628,1155.36,2026Q1,29.0,61.0,39.0,92.449,19.024,49.705,1452.393,1582.533,-39.325,-29.843,-9.124,-32.414,19.31,63.53
9211,Victoria,Malleco,Región de La Araucanía,9.0,fixed,2025Q4,60.0,374.0,152.0,330.925,320.331,14.353,224.372,229.453,2026Q1,60.0,381.0,151.0,337.407,291.325,16.871,205.937,286.239,6.482,1.959,-29.006,-9.055,2.518,17.543
9211,Victoria,Malleco,Región de La Araucanía,9.0,mobile,2025Q4,61.0,162.0,109.0,94.587,19.752,32.383,1566.763,1474.283,2026Q1,60.0,179.0,105.0,106.51,20.148,41.207,1600.379,1437.079,11.923,12.605,0.396,2.005,8.824,27.249
10101,Puerto Montt,Llanquihue,Región de Los Lagos,10.0,fixed,2025Q4,484.0,5885.0,2081.0,412.778,331.578,10.899,260.331,257.936,2026Q1,526.0,6007.0,2167.0,420.576,342.659,10.651,273.4,258.517,7.798,1.889,11.081,3.342,-0.248,-2.275
10101,Puerto Montt,Llanquihue,Región de Los Lagos,10.0,mobile,2025Q4,318.0,1511.0,787.0,102.768,24.149,39.61,1894.967,1117.618,2026Q1,355.0,1619.0,812.0,79.643,18.473,37.634,1915.01,1307.985,-23.125,-22.502,-5.676,-23.504,-1.976,-4.989
10102,Calbuco,Llanquihue,Región de Los Lagos,10.0,fixed,2025Q4,25.0,101.0,26.0,206.246,50.358,24.297,435.911,118.188,2026Q1,40.0,132.0,47.0,181.924,37.941,23.477,384.045,145.326,-24.322,-11.793,-12.417,-24.657,-0.82,-3.375
10102,Calbuco,Llanquihue,Región de Los Lagos,10.0,mobile,2025Q4,42.0,98.0,50.0,120.384,16.396,38.837,2329.939,1556.173,2026Q1,51.0,132.0,62.0,72.06,11.768,50.492,2488.434,1332.121,-48.324,-40.142,-4.628,-28.226,11.655,30.01
10103,Cochamó,Llanquihue,Región de Los Lagos,10.0,fixed,2025Q4,20.0,130.0,26.0,324.58,303.818,14.1,234.357,141.419,2026Q1,65.0,140.0,76.0,213.635,134.636,29.986,382.836,270.386,-110.945,-34.181,-169.182,-55.685,15.886,112.667
10103,Cochamó,Llanquihue,Región de Los Lagos,10.0,mobile,2025Q4,17.0,40.0,19.0,21.333,2.341,44.9,916.225,1189.9,2026Q1,25.0,65.0,31.0,41.221,10.047,48.292,2907.27,1665.825,19.888,93.226,7.706,329.176,3.392,7.555
10104,Fresia,Llanquihue,Región de Los Lagos,10.0,fixed,2025Q4,43.0,213.0,63.0,425.505,354.809,8.333,240.366,314.6,2026Q1,41.0,152.0,62.0,308.099,227.1,17.329,277.621,220.4,-117.406,-27.592,-127.709,-35.994,8.996,107.956
10104,Fresia,Llanquihue,Región de Los Lagos,10.0,mobile,2025Q4,38.0,103.0,44.0,63.236,15.491,40.155,1998.922,1189.673,2026Q1,35.0,91.0,41.0,65.054,11.288,37.132,2255.088,1625.462,1.818,2.875,-4.203,-27.132,-3.023,-7.528
10105,Frutillar,Llanquihue,Región de Los Lagos,10.0,fixed,2025Q4,115.0,631.0,223.0,296.741,207.855,14.894,341.17,374.037,2026Q1,158.0,780.0,325.0,340.359,256.035,12.513,335.146,295.24,43.618,14.699,48.18,23.18,-2.381,-15.986
10105,Frutillar,Llanquihue,Región de Los Lagos,10.0,mobile,2025Q4,54.0,134.0,79.0,109.174,19.822,36.448,1476.187,1165.436,2026Q1,58.0,158.0,105.0,90.576,17.925,36.076,1959.045,1313.582,-18.598,-17.035,-1.897,-9.57,-0.372,-1.021
10106,Los Muermos,Llanquihue,Región de Los Lagos,10.0,fixed,2025Q4,49.0,123.0,70.0,362.948,250.497,15.821,416.923,356.137,2026Q1,55.0,204.0,80.0,320.909,270.244,15.5,276.685,313.294,-42.039,-11.583,19.747,7.883,-0.321,-2.029
10106,Los Muermos,Llanquihue,Región de Los Lagos,10.0,mobile,2025Q4,32.0,92.0,39.0,71.997,13.257,39.435,1987.957,1438.604,2026Q1,49.0,125.0,62.0,75.728,13.337,41.384,1866.05,1509.821,3.731,5.182,0.08,0.603,1.949,4.942
10107,Llanquihue,Llanquihue,Región de Los Lagos,10.0,fixed,2025Q4,80.0,363.0,161.0,287.909,223.698,9.441,242.329,268.508,2026Q1,80.0,330.0,156.0,349.29,271.653,9.939,310.243,239.769,61.381,21.32,47.955,21.437,0.498,5.275
10107,Llanquihue,Llanquihue,Región de Los Lagos,10.0,mobile,2025Q4,27.0,71.0,38.0,82.375,13.814,33.915,1695.592,1567.1,2026Q1,37.0,71.0,57.0,99.847,21.532,48.577,1672.536,1252.366,17.472,21.21,7.718,55.871,14.662,43.232
10108,Maullín,Llanquihue,Región de Los Lagos,10.0,fixed,2025Q4,25.0,78.0,38.0,373.526,252.19,8.064,280.882,422.211,2026Q1,34.0,119.0,59.0,348.088,257.078,16.832,427.798,397.37,-25.438,-6.81,4.888,1.938,8.768,108.73
10108,Maullín,Llanquihue,Región de Los Lagos,10.0,mobile,2025Q4,36.0,120.0,61.0,78.552,18.38,38.2,2108.517,1039.258,2026Q1,45.0,141.0,82.0,82.636,16.356,42.184,2196.617,1567.603,4.084,5.199,-2.024,-11.012,3.984,10.429
10109,Puerto Varas,Llanquihue,Región de Los Lagos,10.0,fixed,2025Q4,294.0,1999.0,821.0,334.803,267.615,10.662,297.49,351.417,2026Q1,350.0,2125.0,926.0,302.166,232.666,11.592,297.136,368.267,-32.637,-9.748,-34.949,-13.059,0.93,8.723
10109,Puerto Varas,Llanquihue,Región de Los Lagos,10.0,mobile,2025Q4,96.0,318.0,179.0,107.033,20.892,44.255,1632.424,1269.833,2026Q1,143.0,487.0,239.0,72.15,14.879,47.23,1739.705,1449.072,-34.883,-32.591,-6.013,-28.781,2.975,6.722
10201,Castro,Chiloe,Región de Los Lagos,10.0,fixed,2025Q4,102.0,843.0,233.0,411.964,322.342,11.987,230.167,226.265,2026Q1,101.0,476.0,214.0,339.129,273.464,12.288,326.248,303.105,-72.835,-17.68,-48.878,-15.163,0.301,2.511
10201,Castro,Chiloe,Región de Los Lagos,10.0,mobile,2025Q4,38.0,198.0,79.0,65.602,22.947,37.551,2006.837,1252.899,2026Q1,54.0,185.0,99.0,71.676,18.041,57.686,2048.511,1425.643,6.074,9.259,-4.906,-21.38,20.135,53.62
10202,Ancud,Chiloe,Región de Los Lagos,10.0,fixed,2025Q4,96.0,662.0,160.0,168.304,100.5,18.462,288.074,332.159,2026Q1,116.0,662.0,223.0,211.413,119.619,19.796,295.621,490.562,43.109,25.614,19.119,19.024,1.334,7.226
10202,Ancud,Chiloe,Región de Los Lagos,10.0,mobile,2025Q4,63.0,210.0,98.0,71.02,15.595,41.957,1574.895,1254.276,2026Q1,76.0,323.0,133.0,78.928,18.895,47.954,2053.202,1505.193,7.908,11.135,3.3,21.161,5.997,14.293
10203,Chonchi,Chiloe,Región de Los Lagos,10.0,fixed,2025Q4,38.0,140.0,45.0,184.968,99.503,28.429,349.993,258.123,2026Q1,40.0,97.0,46.0,165.455,69.463,26.536,392.412,300.392,-19.513,-10.549,-30.04,-30.19,-1.893,-6.659
10203,Chonchi,Chiloe,Región de Los Lagos,10.0,mobile,2025Q4,42.0,309.0,54.0,35.023,9.576,63.841,2102.466,1976.799,2026Q1,41.0,84.0,48.0,59.933,11.265,41.964,1951.988,1380.5,24.91,71.125,1.689,17.638,-21.877,-34.268
10204,Curaco de Vélez,Chiloe,Región de Los Lagos,10.0,fixed,2025Q4,5.0,6.0,6.0,378.992,258.137,12.167,362.2,50.2,2026Q1,2.0,4.0,2.0,493.095,677.741,12.0,99.75,35.0,114.103,30.107,419.604,162.551,-0.167,-1.373
10204,Curaco de Vélez,Chiloe,Región de Los Lagos,10.0,mobile,2025Q4,12.0,38.0,14.0,42.758,12.508,42.263,2390.132,2495.079,2026Q1,8.0,31.0,11.0,105.375,11.433,41.387,1220.387,2404.742,62.617,146.445,-1.075,-8.594,-0.876,-2.073
10205,Dalcahue,Chiloe,Región de Los Lagos,10.0,fixed,2025Q4,19.0,52.0,22.0,186.581,82.202,22.308,337.769,298.904,2026Q1,24.0,98.0,35.0,97.781,56.734,27.02,543.316,457.102,-88.8,-47.593,-25.468,-30.982,4.712,21.122
10205,Dalcahue,Chiloe,Región de Los Lagos,10.0,mobile,2025Q4,11.0,15.0,12.0,47.198,16.426,46.2,2610.286,1495.067,2026Q1,12.0,19.0,14.0,86.762,16.016,48.158,1661.947,1337.526,39.564,83.826,-0.41,-2.496,1.958,4.238
10206,Puqueldón,Chiloe,Región de Los Lagos,10.0,fixed,2025Q4,4.0,20.0,10.0,191.417,104.802,13.3,263.15,510.0,2026Q1,5.0,30.0,10.0,269.112,220.462,14.667,160.033,312.233,77.695,40.589,115.66,110.36,1.367,10.278
10206,Puqueldón,Chiloe,Región de Los Lagos,10.0,mobile,2025Q4,11.0,18.0,13.0,77.25,10.736,46.167,2207.824,2024.667,2026Q1,14.0,62.0,16.0,23.647,9.249,37.484,2345.306,999.968,-53.603,-69.389,-1.487,-13.851,-8.683,-18.808
10207,Queilén,Chiloe,Región de Los Lagos,10.0,fixed,2025Q4,6.0,10.0,6.0,107.279,28.946,28.4,263.1,60.2,,,,,,,,,,,,,,,
10207,Queilén,Chiloe,Región de Los Lagos,10.0,mobile,2025Q4,14.0,28.0,15.0,17.445,5.509,49.679,2751.536,2148.214,2026Q1,6.0,11.0,6.0,33.278,7.405,51.636,3350.273,2205.364,15.833,90.76,1.896,34.416,1.957,3.939
10208,Quellón,Chiloe,Región de Los Lagos,10.0,fixed,2025Q4,32.0,200.0,70.0,305.456,192.406,15.53,195.41,380.775,2026Q1,50.0,265.0,89.0,283.162,145.041,18.423,196.204,289.925,-22.294,-7.299,-47.365,-24.617,2.893,18.628
10208,Quellón,Chiloe,Región de Los Lagos,10.0,mobile,2025Q4,26.0,64.0,29.0,115.938,22.379,48.078,1526.297,1908.344,2026Q1,25.0,72.0,33.0,80.682,16.103,55.0,1943.083,1742.764,-35.256,-30.409,-6.276,-28.044,6.922,14.397
10209,Quemchi,Chiloe,Región de Los Lagos,10.0,fixed,2025Q4,7.0,22.0,8.0,181.33,31.906,30.091,192.773,86.591,2026Q1,9.0,20.0,9.0,194.7,30.648,27.65,581.95,165.3,13.37,7.373,-1.258,-3.943,-2.441,-8.112
10209,Quemchi,Chiloe,Región de Los Lagos,10.0,mobile,2025Q4,10.0,30.0,10.0,137.126,27.971,42.9,807.1,1399.367,2026Q1,11.0,51.0,14.0,99.081,21.208,65.49,1726.176,1044.902,-38.045,-27.745,-6.763,-24.179,22.59,52.657
10210,Quinchao,Chiloe,Región de Los Lagos,10.0,fixed,2025Q4,11.0,33.0,14.0,297.868,180.854,13.485,279.515,392.242,2026Q1,8.0,19.0,10.0,366.812,272.68,11.158,317.316,222.842,68.944,23.146,91.826,50.774,-2.327,-17.256
10210,Quinchao,Chiloe,Región de Los Lagos,10.0,mobile,2025Q4,5.0,14.0,11.0,61.118,10.803,39.571,1460.286,1253.857,2026Q1,11.0,32.0,17.0,103.188,17.247,56.5,1451.312,1066.5,42.07,68.834,6.444,59.65,16.929,42.781
10301,Osorno,Osorno,Región de Los Lagos,10.0,fixed,2025Q4,254.0,3522.0,1376.0,455.08,361.636,11.64,235.582,206.326,2026Q1,275.0,3359.0,1313.0,444.221,364.849,11.577,244.108,219.971,-10.859,-2.386,3.213,0.888,-0.063,-0.541
10301,Osorno,Osorno,Región de Los Lagos,10.0,mobile,2025Q4,162.0,910.0,415.0,89.491,22.677,33.975,1762.574,1048.253,2026Q1,231.0,878.0,501.0,80.67,20.793,41.114,1776.139,1124.774,-8.821,-9.857,-1.884,-8.308,7.139,21.013
10302,Puerto Octay,Osorno,Región de Los Lagos,10.0,fixed,2025Q4,63.0,220.0,84.0,299.584,168.808,21.155,274.817,212.225,2026Q1,93.0,427.0,132.0,283.882,141.438,23.192,288.939,154.002,-15.702,-5.241,-27.37,-16.214,2.037,9.629
10302,Puerto Octay,Osorno,Región de Los Lagos,10.0,mobile,2025Q4,32.0,54.0,36.0,65.306,12.899,76.167,1606.48,1903.811,2026Q1,61.0,187.0,73.0,43.929,7.692,65.187,1960.045,1356.712,-21.377,-32.734,-5.207,-40.367,-10.98,-14.416
10303,Purranque,Osorno,Región de Los Lagos,10.0,fixed,2025Q4,56.0,373.0,121.0,512.923,370.868,21.0,272.263,216.175,2026Q1,63.0,380.0,129.0,490.946,388.254,13.684,231.687,207.405,-21.977,-4.285,17.386,4.688,-7.316,-34.838
10303,Purranque,Osorno,Región de Los Lagos,10.0,mobile,2025Q4,32.0,69.0,52.0,149.443,24.065,34.551,1204.104,1252.942,2026Q1,40.0,77.0,56.0,81.997,19.063,43.169,1584.895,1219.727,-67.446,-45.132,-5.002,-20.785,8.618,24.943
10304,Puyehue,Osorno,Región de Los Lagos,10.0,fixed,2025Q4,48.0,190.0,78.0,229.335,130.386,17.642,338.821,274.726,2026Q1,81.0,346.0,140.0,211.084,119.118,23.121,307.606,172.379,-18.251,-7.958,-11.268,-8.642,5.479,31.057
10304,Puyehue,Osorno,Región de Los Lagos,10.0,mobile,2025Q4,33.0,100.0,44.0,53.254,11.176,50.54,1375.93,1764.62,2026Q1,54.0,171.0,72.0,48.06,10.697,47.035,2301.714,1574.585,-5.194,-9.753,-0.479,-4.286,-3.505,-6.935
10305,Río Negro,Osorno,Región de Los Lagos,10.0,fixed,2025Q4,36.0,200.0,72.0,553.301,382.438,13.125,146.905,128.472,2026Q1,38.0,291.0,89.0,583.833,425.726,14.131,226.756,303.983,30.532,5.518,43.288,11.319,1.006,7.665
10305,Río Negro,Osorno,Región de Los Lagos,10.0,mobile,2025Q4,19.0,35.0,20.0,69.044,21.816,52.857,2168.514,1722.457,2026Q1,53.0,148.0,63.0,77.5,17.888,95.25,2384.041,1113.196,8.456,12.247,-3.928,-18.005,42.393,80.203
10306,San Juan de la Costa,Osorno,Región de Los Lagos,10.0,fixed,2025Q4,18.0,62.0,19.0,131.948,21.996,29.065,420.855,383.548,2026Q1,21.0,45.0,25.0,159.253,26.849,29.044,178.533,63.422,27.305,20.694,4.853,22.063,-0.021,-0.072
10306,San Juan de la Costa,Osorno,Región de Los Lagos,10.0,mobile,2025Q4,19.0,31.0,20.0,80.845,13.805,40.032,2464.0,1972.774,2026Q1,34.0,62.0,46.0,108.309,16.302,51.097,1759.39,1557.968,27.464,33.971,2.497,18.088,11.065,27.64
10307,San Pablo,Osorno,Región de Los Lagos,10.0,fixed,2025Q4,29.0,109.0,56.0,431.828,261.231,15.266,197.165,190.807,2026Q1,34.0,110.0,58.0,565.93,420.895,13.409,271.318,299.236,134.102,31.054,159.664,61.12,-1.857,-12.164
10307,San Pablo,Osorno,Región de Los Lagos,10.0,mobile,2025Q4,24.0,109.0,30.0,92.817,18.584,36.128,2301.661,1349.872,2026Q1,52.0,174.0,63.0,64.605,15.004,36.04,1500.676,1109.316,-28.212,-30.395,-3.58,-19.264,-0.088,-0.244
10401,Chaitén,Palena,Región de Los Lagos,10.0,fixed,2025Q4,30.0,74.0,41.0,136.619,56.709,23.622,387.836,398.685,2026Q1,51.0,171.0,102.0,149.711,67.833,20.708,379.942,421.953,13.092,9.583,11.124,19.616,-2.914,-12.336
10401,Chaitén,Palena,Región de Los Lagos,10.0,mobile,2025Q4,13.0,26.0,21.0,102.588,22.373,49.0,1405.038,1575.962,2026Q1,21.0,35.0,28.0,56.336,14.403,50.429,1715.0,1824.6,-46.252,-45.085,-7.97,-35.623,1.429,2.916
10402,Futaleufú,Palena,Región de Los Lagos,10.0,fixed,2025Q4,21.0,57.0,32.0,177.235,115.116,27.0,320.965,201.947,2026Q1,33.0,77.0,49.0,175.988,88.266,22.143,321.909,241.896,-1.247,-0.704,-26.85,-23.324,-4.857,-17.989
10402,Futaleufú,Palena,Región de Los Lagos,10.0,mobile,2025Q4,16.0,33.0,19.0,49.868,13.229,45.758,877.485,1035.818,2026Q1,7.0,12.0,11.0,94.546,22.39,54.5,1535.75,1346.167,44.678,89.593,9.161,69.249,8.742,19.105
10403,Hualaihué,Palena,Región de Los Lagos,10.0,fixed,2025Q4,35.0,107.0,58.0,370.461,328.715,10.346,227.178,302.664,2026Q1,37.0,165.0,76.0,291.336,257.887,24.4,348.261,365.115,-79.125,-21.359,-70.828,-21.547,14.054,135.84
10403,Hualaihué,Palena,Región de Los Lagos,10.0,mobile,2025Q4,28.0,42.0,31.0,54.121,16.938,38.31,1902.488,1531.476,2026Q1,28.0,110.0,46.0,34.998,11.351,39.455,2555.518,1575.027,-19.123,-35.334,-5.587,-32.985,1.145,2.989
10404,Palena,Palena,Región de Los Lagos,10.0,fixed,2025Q4,8.0,16.0,10.0,206.137,79.941,25.125,247.25,96.438,2026Q1,10.0,19.0,13.0,140.626,106.216,28.684,774.895,346.368,-65.511,-31.78,26.275,32.868,3.559,14.165
10404,Palena,Palena,Región de Los Lagos,10.0,mobile,2025Q4,7.0,15.0,7.0,19.907,6.107,44.2,696.8,882.067,2026Q1,3.0,3.0,3.0,41.739,6.182,47.333,813.333,3239.0,21.832,109.67,0.075,1.228,3.133,7.088
11101,Coyhaique,Coyhaique,Región de Aysén del Gral.Ibañez del Campo,11.0,fixed,2025Q4,138.0,668.0,317.0,354.211,289.496,20.621,256.313,312.531,2026Q1,158.0,883.0,382.0,314.677,233.468,21.438,299.442,282.94,-39.534,-11.161,-56.028,-19.354,0.817,3.962
11101,Coyhaique,Coyhaique,Región de Aysén del Gral.Ibañez del Campo,11.0,mobile,2025Q4,92.0,287.0,164.0,125.965,23.114,46.923,1842.042,1404.746,2026Q1,100.0,386.0,182.0,95.635,18.706,54.728,1648.082,1394.333,-30.33,-24.078,-4.408,-19.071,7.805,16.634
11102,Lago Verde,Coyhaique,Región de Aysén del Gral.Ibañez del Campo,11.0,fixed,2025Q4,3.0,3.0,3.0,34.059,11.473,32.667,717.667,1193.0,2026Q1,9.0,12.0,9.0,272.205,95.146,26.917,147.417,113.417,238.146,699.216,83.673,729.304,-5.75,-17.602
11102,Lago Verde,Coyhaique,Región de Aysén del Gral.Ibañez del Campo,11.0,mobile,2025Q4,2.0,2.0,2.0,59.294,9.858,58.0,559.0,1902.0,2026Q1,16.0,37.0,21.0,12.559,7.326,66.162,2015.0,1993.028,-46.735,-78.819,-2.532,-25.685,8.162,14.072
11201,Aysén,Aysén,Región de Aysén del Gral.Ibañez del Campo,11.0,fixed,2025Q4,72.0,254.0,119.0,316.283,216.902,21.496,309.346,370.642,2026Q1,73.0,307.0,135.0,214.215,156.24,19.065,329.964,326.235,-102.068,-32.271,-60.662,-27.967,-2.431,-11.309
11201,Aysén,Aysén,Región de Aysén del Gral.Ibañez del Campo,11.0,mobile,2025Q4,44.0,145.0,72.0,124.603,22.133,53.931,1469.566,1784.055,2026Q1,65.0,151.0,79.0,83.448,12.324,60.49,1815.993,2220.556,-41.155,-33.029,-9.809,-44.318,6.559,12.162
11202,Cisnes,Aysén,Región de Aysén del Gral.Ibañez del Campo,11.0,fixed,2025Q4,29.0,151.0,49.0,117.146,68.792,24.881,527.742,1066.185,2026Q1,46.0,169.0,85.0,165.867,89.092,25.278,511.556,497.207,48.721,41.59,20.3,29.509,0.397,1.596
11202,Cisnes,Aysén,Región de Aysén del Gral.Ibañez del Campo,11.0,mobile,2025Q4,9.0,11.0,11.0,120.127,22.699,93.364,726.182,1076.727,2026Q1,18.0,48.0,33.0,66.708,14.97,79.812,1479.042,1685.542,-53.419,-44.469,-7.729,-34.05,-13.552,-14.515
11203,Guaitecas,Aysén,Región de Aysén del Gral.Ibañez del Campo,11.0,fixed,2025Q4,1.0,4.0,1.0,190.634,36.55,30.0,180.0,67.0,,,,,,,,,,,,,,,
11301,Cochrane,Capitán Prat,Región de Aysén del Gral.Ibañez del Campo,11.0,fixed,2025Q4,21.0,42.0,26.0,205.692,98.438,35.214,518.286,431.286,2026Q1,33.0,72.0,48.0,253.265,144.695,30.194,382.264,181.639,47.573,23.128,46.257,46.991,-5.02,-14.256
11301,Cochrane,Capitán Prat,Región de Aysén del Gral.Ibañez del Campo,11.0,mobile,2025Q4,15.0,28.0,21.0,71.198,23.942,70.857,2625.571,2391.214,2026Q1,14.0,29.0,23.0,96.34,17.673,93.966,2463.379,1978.69,25.142,35.313,-6.269,-26.184,23.109,32.614
11302,O'Higgins,Capitán Prat,Región de Aysén del Gral.Ibañez del Campo,11.0,fixed,2025Q4,3.0,15.0,3.0,59.851,14.229,42.133,970.733,1092.067,2026Q1,4.0,10.0,4.0,132.077,41.048,37.7,206.2,53.6,72.226,120.676,26.819,188.481,-4.433,-10.521
11302,O'Higgins,Capitán Prat,Región de Aysén del Gral.Ibañez del Campo,11.0,mobile,,,,,,,,,,2026Q1,13.0,32.0,14.0,13.908,2.932,53.812,1897.781,2371.844,,,,,,
11303,Tortel,Capitán Prat,Región de Aysén del Gral.Ibañez del Campo,11.0,fixed,2025Q4,8.0,11.0,9.0,103.224,31.308,37.909,380.0,121.818,2026Q1,10.0,20.0,12.0,142.921,29.238,34.85,297.85,178.75,39.697,38.457,-2.07,-6.612,-3.059,-8.069
11303,Tortel,Capitán Prat,Región de Aysén del Gral.Ibañez del Campo,11.0,mobile,2025Q4,12.0,15.0,13.0,11.764,4.381,52.867,1855.667,1622.667,2026Q1,9.0,11.0,11.0,20.2,4.119,101.364,2025.5,1583.0,8.436,71.71,-0.262,-5.98,48.497,91.734
11401,Chile Chico,General Carrera,Región de Aysén del Gral.Ibañez del Campo,11.0,fixed,2025Q4,28.0,182.0,41.0,166.791,56.372,31.522,674.429,338.066,2026Q1,49.0,231.0,84.0,181.806,81.951,28.026,315.904,405.641,15.015,9.002,25.579,45.375,-3.496,-11.091
11401,Chile Chico,General Carrera,Región de Aysén del Gral.Ibañez del Campo,11.0,mobile,2025Q4,13.0,19.0,15.0,82.73,16.504,68.474,2418.579,2511.526,2026Q1,10.0,13.0,12.0,42.39,13.996,85.692,1568.0,772.769,-40.34,-48.761,-2.508,-15.196,17.218,25.145
11402,Río Ibáñez,General Carrera,Región de Aysén del Gral.Ibañez del Campo,11.0,fixed,2025Q4,26.0,72.0,48.0,155.221,72.467,30.556,707.542,396.181,2026Q1,59.0,164.0,108.0,179.174,77.482,29.902,331.988,256.372,23.953,15.432,5.015,6.92,-0.654,-2.14
11402,Río Ibáñez,General Carrera,Región de Aysén del Gral.Ibañez del Campo,11.0,mobile,2025Q4,26.0,48.0,32.0,43.713,13.942,60.417,2410.271,1376.292,2026Q1,20.0,33.0,27.0,38.866,8.987,53.818,1670.182,1532.091,-4.847,-11.088,-4.955,-35.54,-6.599,-10.922
12101,Punta Arenas,Magallanes,Región de Magallanes y Antártica Chilena,12.0,fixed,2025Q4,162.0,1445.0,625.0,411.977,302.88,48.66,309.234,216.625,2026Q1,153.0,1417.0,596.0,399.088,300.111,46.855,332.873,264.804,-12.889,-3.129,-2.769,-0.914,-1.805,-3.709
12101,Punta Arenas,Magallanes,Región de Magallanes y Antártica Chilena,12.0,mobile,2025Q4,91.0,268.0,150.0,72.347,20.768,79.396,1470.66,909.963,2026Q1,91.0,190.0,137.0,59.229,19.444,72.353,1658.588,1078.757,-13.118,-18.132,-1.324,-6.375,-7.043,-8.871
12102,Laguna Blanca,Magallanes,Región de Magallanes y Antártica Chilena,12.0,fixed,2025Q4,15.0,17.0,15.0,155.055,17.828,77.118,304.353,184.647,2026Q1,22.0,27.0,23.0,127.688,19.36,71.111,359.333,353.926,-27.367,-17.65,1.532,8.593,-6.007,-7.789
12102,Laguna Blanca,Magallanes,Región de Magallanes y Antártica Chilena,12.0,mobile,2025Q4,1.0,1.0,1.0,6.21,3.419,71.0,2653.0,1798.0,2026Q1,11.0,17.0,12.0,33.901,6.263,60.529,962.625,406.688,27.691,445.91,2.844,83.182,-10.471,-14.748
12103,Río Verde,Magallanes,Región de Magallanes y Antártica Chilena,12.0,fixed,,,,,,,,,,2026Q1,3.0,3.0,3.0,54.829,34.615,52.667,218.667,206.667,,,,,,
12103,Río Verde,Magallanes,Región de Magallanes y Antártica Chilena,12.0,mobile,,,,,,,,,,2026Q1,3.0,3.0,3.0,138.771,32.511,46.333,382.0,223.667,,,,,,
12104,San Gregorio,Magallanes,Región de Magallanes y Antártica Chilena,12.0,fixed,2025Q4,12.0,35.0,15.0,129.052,18.905,76.857,330.943,359.171,2026Q1,12.0,23.0,12.0,108.099,17.236,64.696,262.304,946.304,-20.953,-16.236,-1.669,-8.828,-12.161,-15.823
12104,San Gregorio,Magallanes,Región de Magallanes y Antártica Chilena,12.0,mobile,2025Q4,10.0,25.0,13.0,50.853,13.289,93.52,1750.304,1582.0,2026Q1,9.0,17.0,11.0,52.918,15.492,109.647,1640.941,2037.765,2.065,4.061,2.203,16.578,16.127,17.244
12201,Cabo de Hornos,Antártica Chilena,Región de Magallanes y Antártica Chilena,12.0,fixed,2025Q4,6.0,13.0,9.0,108.121,14.145,80.0,335.538,172.769,2026Q1,10.0,27.0,17.0,191.912,23.721,63.296,315.778,102.667,83.791,77.497,9.576,67.699,-16.704,-20.88
12201,Cabo de Hornos,Antártica Chilena,Región de Magallanes y Antártica Chilena,12.0,mobile,2025Q4,5.0,6.0,6.0,171.577,26.285,135.5,876.833,1554.667,2026Q1,18.0,43.0,22.0,41.024,8.363,60.442,1070.744,489.907,-130.553,-76.09,-17.922,-68.183,-75.058,-55.393
12301,Porvenir,Tierra del Fuego,Región de Magallanes y Antártica Chilena,12.0,fixed,2025Q4,26.0,107.0,57.0,364.565,296.199,56.963,624.561,378.757,2026Q1,27.0,106.0,51.0,360.655,262.713,50.821,803.248,264.657,-3.91,-1.073,-33.486,-11.305,-6.142,-10.782
12301,Porvenir,Tierra del Fuego,Región de Magallanes y Antártica Chilena,12.0,mobile,2025Q4,12.0,15.0,12.0,102.223,17.805,60.2,1665.667,1668.133,2026Q1,14.0,22.0,16.0,79.795,14.097,89.909,1312.636,1918.0,-22.428,-21.94,-3.708,-20.826,29.709,49.35
12302,Primavera,Tierra del Fuego,Región de Magallanes y Antártica Chilena,12.0,fixed,2025Q4,8.0,27.0,14.0,179.722,20.09,75.296,290.778,280.481,2026Q1,12.0,33.0,18.0,262.473,24.254,56.242,291.333,175.758,82.751,46.044,4.164,20.727,-19.054,-25.305
12302,Primavera,Tierra del Fuego,Región de Magallanes y Antártica Chilena,12.0,mobile,2025Q4,7.0,19.0,12.0,31.396,6.476,79.947,1734.316,1609.947,2026Q1,3.0,8.0,5.0,198.432,34.181,57.5,1000.125,645.0,167.036,532.03,27.705,427.81,-22.447,-28.077
12303,Timaukel,Tierra del Fuego,Región de Magallanes y Antártica Chilena,12.0,fixed,2025Q4,5.0,11.0,5.0,117.121,26.435,72.727,389.455,119.182,2026Q1,6.0,8.0,7.0,154.738,18.58,83.625,582.125,1298.375,37.617,32.118,-7.855,-29.714,10.898,14.985
12303,Timaukel,Tierra del Fuego,Región de Magallanes y Antártica Chilena,12.0,mobile,,,,,,,,,,2026Q1,30.0,44.0,33.0,47.395,7.359,74.136,959.302,1433.386,,,,,,
12401,Natales,Ultima Esperanza,Región de Magallanes y Antártica Chilena,12.0,fixed,2025Q4,80.0,828.0,340.0,235.136,180.696,47.012,410.664,483.05,2026Q1,95.0,695.0,381.0,263.19,198.02,43.698,388.387,422.767,28.054,11.931,17.324,9.587,-3.314,-7.049
12401,Natales,Ultima Esperanza,Región de Magallanes y Antártica Chilena,12.0,mobile,2025Q4,32.0,85.0,51.0,106.375,22.479,77.212,1523.612,1486.612,2026Q1,49.0,135.0,69.0,72.184,15.234,91.711,1635.842,1590.496,-34.191,-32.142,-7.245,-32.23,14.499,18.778
12402,Torres del Paine,Ultima Esperanza,Región de Magallanes y Antártica Chilena,12.0,fixed,2025Q4,42.0,162.0,115.0,112.773,20.156,48.568,548.802,363.364,2026Q1,60.0,139.0,121.0,110.25,18.365,50.115,544.662,509.626,-2.523,-2.237,-1.791,-8.886,1.547,3.185
12402,Torres del Paine,Ultima Esperanza,Región de Magallanes y Antártica Chilena,12.0,mobile,2025Q4,9.0,10.0,9.0,31.649,3.85,69.2,873.8,3456.6,2026Q1,4.0,4.0,4.0,33.289,6.195,89.25,1764.75,1623.5,1.64,5.182,2.345,60.909,20.05,28.974
13101,Santiago,Santiago,Región Metropolitana de Santiago,13.0,fixed,2025Q4,92.0,16927.0,6386.0,408.152,357.241,4.781,203.7,209.999,2026Q1,92.0,17369.0,6709.0,425.167,372.177,4.473,200.647,197.637,17.015,4.169,14.936,4.181,-0.308,-6.442
13101,Santiago,Santiago,Región Metropolitana de Santiago,13.0,mobile,2025Q4,93.0,5649.0,2447.0,124.115,28.973,21.129,1249.863,931.656,2026Q1,92.0,4729.0,2287.0,130.757,29.978,21.389,1222.486,943.174,6.642,5.351,1.005,3.469,0.26,1.231
13102,Cerrillos,Santiago,Región Metropolitana de Santiago,13.0,fixed,2025Q4,57.0,2307.0,1052.0,413.881,354.731,5.191,250.31,241.161,2026Q1,56.0,2496.0,1046.0,430.106,374.646,4.895,226.904,213.341,16.225,3.92,19.915,5.614,-0.296,-5.702
13102,Cerrillos,Santiago,Región Metropolitana de Santiago,13.0,mobile,2025Q4,60.0,519.0,296.0,126.793,24.202,22.568,1425.318,981.921,2026Q1,55.0,471.0,282.0,138.043,29.691,21.928,1185.987,954.13,11.25,8.873,5.489,22.68,-0.64,-2.836
13103,Cerro Navia,Santiago,Región Metropolitana de Santiago,13.0,fixed,2025Q4,38.0,2962.0,1187.0,402.492,362.939,4.169,216.262,214.448,2026Q1,38.0,2742.0,1147.0,428.943,381.392,3.998,230.397,209.286,26.451,6.572,18.453,5.084,-0.171,-4.102
13103,Cerro Navia,Santiago,Región Metropolitana de Santiago,13.0,mobile,2025Q4,39.0,444.0,214.0,138.028,25.655,20.662,1307.501,1120.205,2026Q1,38.0,519.0,222.0,135.468,22.852,20.694,1320.99,1045.341,-2.56,-1.855,-2.803,-10.926,0.032,0.155
13104,Conchalí,Santiago,Región Metropolitana de Santiago,13.0,fixed,2025Q4,40.0,3148.0,1290.0,433.111,385.914,4.348,219.686,196.645,2026Q1,40.0,3062.0,1353.0,434.783,392.279,4.125,224.257,245.922,1.672,0.386,6.365,1.649,-0.223,-5.129
13104,Conchalí,Santiago,Región Metropolitana de Santiago,13.0,mobile,2025Q4,40.0,832.0,268.0,139.473,30.255,20.787,1206.953,829.671,2026Q1,40.0,593.0,224.0,164.441,27.616,22.906,1020.725,1028.45,24.968,17.902,-2.639,-8.723,2.119,10.194
13105,El Bosque,Santiago,Región Metropolitana de Santiago,13.0,fixed,2025Q4,48.0,3317.0,1487.0,469.421,404.239,5.057,222.38,199.227,2026Q1,51.0,3241.0,1387.0,474.594,412.393,4.838,203.162,210.188,5.173,1.102,8.154,2.017,-0.219,-4.331
13105,El Bosque,Santiago,Región Metropolitana de Santiago,13.0,mobile,2025Q4,49.0,426.0,255.0,116.576,22.136,19.371,1468.117,1081.791,2026Q1,48.0,376.0,239.0,135.084,26.276,17.585,1277.505,1110.261,18.508,15.876,4.14,18.703,-1.786,-9.22
13106,Estación Central,Santiago,Región Metropolitana de Santiago,13.0,fixed,2025Q4,49.0,5225.0,2044.0,451.593,391.328,4.451,195.083,198.179,2026Q1,49.0,4840.0,1941.0,437.292,378.736,4.767,217.571,207.204,-14.301,-3.167,-12.592,-3.218,0.316,7.1
13106,Estación Central,Santiago,Región Metropolitana de Santiago,13.0,mobile,2025Q4,50.0,829.0,444.0,102.387,24.968,23.579,1523.204,1052.842,2026Q1,50.0,761.0,409.0,105.955,29.618,19.929,1504.767,944.112,3.568,3.485,4.65,18.624,-3.65,-15.48
13107,Huechuraba,Santiago,Región Metropolitana de Santiago,13.0,fixed,2025Q4,82.0,6124.0,1869.0,386.616,327.453,4.798,189.817,239.694,2026Q1,87.0,5336.0,1864.0,398.527,349.157,4.541,190.515,222.79,11.911,3.081,21.704,6.628,-0.257,-5.356
13107,Huechuraba,Santiago,Región Metropolitana de Santiago,13.0,mobile,2025Q4,91.0,1390.0,589.0,149.839,30.389,17.498,1205.157,905.896,2026Q1,76.0,806.0,431.0,146.023,25.572,18.223,1192.809,935.462,-3.816,-2.547,-4.817,-15.851,0.725,4.143
13108,Independencia,Santiago,Región Metropolitana de Santiago,13.0,fixed,2025Q4,27.0,3008.0,1215.0,444.414,385.698,4.453,166.182,191.194,2026Q1,27.0,2845.0,1189.0,457.527,396.939,4.435,191.856,238.833,13.113,2.951,11.241,2.914,-0.018,-0.404
13108,Independencia,Santiago,Región Metropolitana de Santiago,13.0,mobile,2025Q4,27.0,538.0,274.0,126.868,28.733,20.152,1309.29,952.628,2026Q1,27.0,454.0,241.0,116.01,24.091,20.282,1245.659,990.068,-10.858,-8.559,-4.642,-16.156,0.13,0.645
13109,La Cisterna,Santiago,Región Metropolitana de Santiago,13.0,fixed,2025Q4,39.0,4240.0,1677.0,441.346,375.894,4.958,198.391,222.619,2026Q1,39.0,4121.0,1609.0,469.099,406.533,5.016,205.995,187.803,27.753,6.288,30.639,8.151,0.058,1.17
13109,La Cisterna,Santiago,Región Metropolitana de Santiago,13.0,mobile,2025Q4,38.0,663.0,326.0,118.089,25.79,18.804,1479.897,980.065,2026Q1,39.0,575.0,316.0,110.949,23.0,18.362,1380.419,1071.061,-7.14,-6.046,-2.79,-10.818,-0.442,-2.351
13110,La Florida,Santiago,Región Metropolitana de Santiago,13.0,fixed,2025Q4,161.0,14142.0,5329.0,454.33,395.879,4.765,195.841,202.394,2026Q1,155.0,14336.0,5255.0,469.977,406.822,4.624,191.478,232.839,15.647,3.444,10.943,2.764,-0.141,-2.959
13110,La Florida,Santiago,Región Metropolitana de Santiago,13.0,mobile,2025Q4,144.0,1760.0,1025.0,123.301,25.623,21.735,1313.129,1076.339,2026Q1,138.0,1588.0,950.0,125.322,26.157,20.999,1175.948,1002.47,2.021,1.639,0.534,2.084,-0.736,-3.386
13111,La Granja,Santiago,Región Metropolitana de Santiago,13.0,fixed,2025Q4,39.0,2770.0,1185.0,462.426,410.228,4.888,206.945,196.359,2026Q1,39.0,2930.0,1222.0,459.354,412.236,4.469,211.697,216.432,-3.072,-0.664,2.008,0.489,-0.419,-8.572
13111,La Granja,Santiago,Región Metropolitana de Santiago,13.0,mobile,2025Q4,38.0,348.0,191.0,91.256,18.713,20.951,1636.187,1292.807,2026Q1,37.0,465.0,251.0,103.238,20.056,24.116,1330.114,1258.929,11.982,13.13,1.343,7.177,3.165,15.107
13112,La Pintana,Santiago,Región Metropolitana de Santiago,13.0,fixed,2025Q4,82.0,2314.0,912.0,422.73,363.752,4.49,196.602,285.452,2026Q1,80.0,2115.0,867.0,459.631,391.682,4.143,201.871,314.19,36.901,8.729,27.93,7.678,-0.347,-7.728
13112,La Pintana,Santiago,Región Metropolitana de Santiago,13.0,mobile,2025Q4,87.0,804.0,373.0,108.328,20.336,22.585,1399.014,1236.009,2026Q1,81.0,544.0,319.0,121.199,21.857,19.487,1296.654,1233.368,12.871,11.882,1.521,7.479,-3.098,-13.717
13113,La Reina,Santiago,Región Metropolitana de Santiago,13.0,fixed,2025Q4,72.0,5722.0,1905.0,408.088,349.488,5.355,245.148,243.275,2026Q1,72.0,4935.0,1697.0,413.378,344.88,5.372,246.035,235.789,5.29,1.296,-4.608,-1.319,0.017,0.317
13113,La Reina,Santiago,Región Metropolitana de Santiago,13.0,mobile,2025Q4,63.0,613.0,336.0,139.627,28.071,18.192,1122.94,1139.411,2026Q1,62.0,695.0,320.0,153.981,31.756,20.941,1072.85,863.988,14.354,10.28,3.685,13.127,2.749,15.111
13114,Las Condes,Santiago,Región Metropolitana de Santiago,13.0,fixed,2025Q4,169.0,23406.0,8164.0,391.209,320.079,5.572,224.075,227.526,2026Q1,171.0,21266.0,7630.0,394.783,319.015,5.564,222.372,243.582,3.574,0.914,-1.064,-0.332,-0.008,-0.144
13114,Las Condes,Santiago,Región Metropolitana de Santiago,13.0,mobile,2025Q4,149.0,6885.0,1541.0,165.635,34.072,27.556,964.584,970.737,2026Q1,143.0,5687.0,1467.0,185.538,39.899,24.852,999.144,818.887,19.903,12.016,5.827,17.102,-2.704,-9.813
13115,Lo Barnechea,Santiago,Región Metropolitana de Santiago,13.0,fixed,2025Q4,184.0,8389.0,2671.0,320.461,229.595,5.46,203.489,236.628,2026Q1,177.0,8032.0,2442.0,319.847,234.388,5.623,235.141,256.03,-0.614,-0.192,4.793,2.088,0.163,2.985
13115,Lo Barnechea,Santiago,Región Metropolitana de Santiago,13.0,mobile,2025Q4,107.0,406.0,267.0,103.686,23.244,22.456,1175.643,1147.175,2026Q1,100.0,427.0,273.0,110.05,25.245,29.916,1051.323,1051.454,6.364,6.138,2.001,8.609,7.46,33.221
13116,Lo Espejo,Santiago,Región Metropolitana de Santiago,13.0,fixed,2025Q4,32.0,2070.0,728.0,412.815,348.395,4.13,233.608,231.354,2026Q1,31.0,1483.0,628.0,429.402,367.378,4.214,216.797,243.716,16.587,4.018,18.983,5.449,0.084,2.034
13116,Lo Espejo,Santiago,Región Metropolitana de Santiago,13.0,mobile,2025Q4,30.0,370.0,165.0,114.403,21.949,19.319,1730.741,1022.143,2026Q1,32.0,322.0,155.0,123.222,22.805,27.59,1376.801,1080.432,8.819,7.709,0.856,3.9,8.271,42.813
13117,Lo Prado,Santiago,Región Metropolitana de Santiago,13.0,fixed,2025Q4,27.0,2246.0,905.0,417.555,376.962,4.653,218.373,204.136,2026Q1,27.0,2036.0,860.0,433.267,388.463,4.029,204.671,189.76,15.712,3.763,11.501,3.051,-0.624,-13.411
13117,Lo Prado,Santiago,Región Metropolitana de Santiago,13.0,mobile,2025Q4,27.0,422.0,193.0,153.599,30.61,22.211,1246.038,931.303,2026Q1,27.0,250.0,170.0,115.448,23.794,21.0,1355.616,1060.652,-38.151,-24.838,-6.816,-22.267,-1.211,-5.452
13118,Macul,Santiago,Región Metropolitana de Santiago,13.0,fixed,2025Q4,52.0,7432.0,2443.0,473.545,407.994,4.278,184.334,184.666,2026Q1,52.0,6114.0,2240.0,463.337,399.717,4.327,191.547,195.664,-10.208,-2.156,-8.277,-2.029,0.049,1.145
13118,Macul,Santiago,Región Metropolitana de Santiago,13.0,mobile,2025Q4,53.0,1062.0,427.0,129.895,27.944,20.008,1433.479,951.198,2026Q1,53.0,827.0,431.0,130.148,25.291,18.996,1435.825,1198.528,0.253,0.195,-2.653,-9.494,-1.012,-5.058
13119,Maipú,Santiago,Región Metropolitana de Santiago,13.0,fixed,2025Q4,222.0,14244.0,5489.0,428.091,387.842,5.425,248.547,237.289,2026Q1,212.0,14283.0,5880.0,433.634,396.055,4.974,253.612,244.426,5.543,1.295,8.213,2.118,-0.451,-8.313
13119,Maipú,Santiago,Región Metropolitana de Santiago,13.0,mobile,2025Q4,212.0,2526.0,1202.0,117.582,24.656,19.517,1325.561,1090.389,2026Q1,223.0,2466.0,1051.0,110.849,23.395,20.337,1434.944,1164.299,-6.733,-5.726,-1.261,-5.114,0.82,4.201
13120,Ñuñoa,Santiago,Región Metropolitana de Santiago,13.0,fixed,2025Q4,61.0,12430.0,4634.0,430.385,372.1,4.542,197.993,212.239,2026Q1,61.0,12590.0,4710.0,446.642,385.583,4.377,211.215,208.847,16.257,3.777,13.483,3.623,-0.165,-3.633
13120,Ñuñoa,Santiago,Región Metropolitana de Santiago,13.0,mobile,2025Q4,61.0,1683.0,861.0,132.409,28.929,21.02,1219.412,1046.526,2026Q1,61.0,1411.0,741.0,136.926,29.879,20.288,1105.617,933.427,4.517,3.411,0.95,3.284,-0.732,-3.482
13121,Pedro Aguirre Cerda,Santiago,Región Metropolitana de Santiago,13.0,fixed,2025Q4,32.0,2114.0,884.0,439.824,376.98,4.54,194.816,204.025,2026Q1,32.0,1843.0,846.0,416.779,365.247,4.466,263.283,247.468,-23.045,-5.24,-11.733,-3.112,-0.074,-1.63
13121,Pedro Aguirre Cerda,Santiago,Región Metropolitana de Santiago,13.0,mobile,2025Q4,32.0,420.0,199.0,110.518,23.848,24.181,1438.776,1097.257,2026Q1,32.0,339.0,186.0,132.712,26.666,18.549,1443.392,1002.201,22.194,20.082,2.818,11.817,-5.632,-23.291
13122,Peñalolén,Santiago,Región Metropolitana de Santiago,13.0,fixed,2025Q4,119.0,7962.0,2795.0,401.07,331.632,4.802,206.98,227.389,2026Q1,115.0,8516.0,2819.0,416.151,345.46,5.13,206.521,228.174,15.081,3.76,13.828,4.17,0.328,6.83
13122,Peñalolén,Santiago,Región Metropolitana de Santiago,13.0,mobile,2025Q4,117.0,1081.0,517.0,122.749,23.237,20.117,1511.322,1103.062,2026Q1,108.0,934.0,417.0,126.0,31.008,20.118,1433.297,996.961,3.251,2.648,7.771,33.442,0.001,0.005
13123,Providencia,Santiago,Región Metropolitana de Santiago,13.0,fixed,2025Q4,56.0,10779.0,3917.0,405.34,335.218,5.908,224.839,232.774,2026Q1,55.0,9862.0,3885.0,415.695,351.421,5.112,224.179,242.145,10.355,2.555,16.203,4.834,-0.796,-13.473
13123,Providencia,Santiago,Región Metropolitana de Santiago,13.0,mobile,2025Q4,55.0,2075.0,1152.0,146.523,32.835,25.041,1154.19,856.199,2026Q1,55.0,1751.0,1005.0,155.663,33.521,21.079,1005.224,874.498,9.14,6.238,0.686,2.089,-3.962,-15.822
13124,Pudahuel,Santiago,Región Metropolitana de Santiago,13.0,fixed,2025Q4,162.0,7108.0,2644.0,402.687,352.159,5.728,228.302,221.744,2026Q1,167.0,6664.0,2650.0,413.824,366.32,6.04,233.285,206.817,11.137,2.766,14.161,4.021,0.312,5.447
13124,Pudahuel,Santiago,Región Metropolitana de Santiago,13.0,mobile,2025Q4,204.0,1537.0,806.0,111.559,26.826,29.491,1503.226,1054.172,2026Q1,202.0,1468.0,822.0,116.995,24.221,32.771,1284.493,1029.626,5.436,4.873,-2.605,-9.711,3.28,11.122
13125,Quilicura,Santiago,Región Metropolitana de Santiago,13.0,fixed,2025Q4,125.0,6450.0,2403.0,435.194,371.009,5.016,172.767,186.571,2026Q1,131.0,6294.0,2313.0,429.354,363.921,4.73,193.257,213.728,-5.84,-1.342,-7.088,-1.91,-0.286,-5.702
13125,Quilicura,Santiago,Región Metropolitana de Santiago,13.0,mobile,2025Q4,138.0,1460.0,625.0,121.815,26.961,20.386,1248.959,1199.265,2026Q1,129.0,923.0,502.0,119.384,26.08,20.228,1218.294,943.622,-2.431,-1.996,-0.881,-3.268,-0.158,-0.775
13126,Quinta Normal,Santiago,Región Metropolitana de Santiago,13.0,fixed,2025Q4,46.0,3417.0,1452.0,434.62,384.693,4.516,214.702,190.822,2026Q1,46.0,3087.0,1321.0,455.315,400.066,4.248,200.695,184.634,20.695,4.762,15.373,3.996,-0.268,-5.934
13126,Quinta Normal,Santiago,Región Metropolitana de Santiago,13.0,mobile,2025Q4,45.0,614.0,290.0,134.138,29.332,18.904,1275.332,858.56,2026Q1,46.0,538.0,249.0,128.356,25.161,19.803,1379.66,938.405,-5.782,-4.31,-4.171,-14.22,0.899,4.756
13127,Recoleta,Santiago,Región Metropolitana de Santiago,13.0,fixed,2025Q4,58.0,3963.0,1656.0,439.406,385.839,4.935,187.779,220.178,2026Q1,56.0,3874.0,1608.0,443.739,400.563,4.368,221.543,233.365,4.333,0.986,14.724,3.816,-0.567,-11.489
13127,Recoleta,Santiago,Región Metropolitana de Santiago,13.0,mobile,2025Q4,55.0,771.0,386.0,145.133,30.727,19.719,1319.741,887.694,2026Q1,53.0,574.0,316.0,127.148,24.274,21.352,1248.228,1001.674,-17.985,-12.392,-6.453,-21.001,1.633,8.281
13128,Renca,Santiago,Región Metropolitana de Santiago,13.0,fixed,2025Q4,70.0,3165.0,1374.0,433.857,377.042,4.313,201.146,220.762,2026Q1,74.0,3233.0,1401.0,412.121,364.436,4.394,264.566,270.182,-21.736,-5.01,-12.606,-3.343,0.081,1.878
13128,Renca,Santiago,Región Metropolitana de Santiago,13.0,mobile,2025Q4,77.0,727.0,350.0,136.694,25.652,20.952,1479.904,1065.161,2026Q1,75.0,677.0,331.0,117.751,23.188,21.263,1399.944,1163.111,-18.943,-13.858,-2.464,-9.605,0.311,1.484
13129,San Joaquín,Santiago,Región Metropolitana de Santiago,13.0,fixed,2025Q4,37.0,2101.0,967.0,443.717,387.574,4.575,209.104,224.972,2026Q1,37.0,2178.0,1057.0,458.102,416.173,4.604,187.32,194.59,14.385,3.242,28.599,7.379,0.029,0.634
13129,San Joaquín,Santiago,Región Metropolitana de Santiago,13.0,mobile,2025Q4,37.0,382.0,204.0,122.923,23.648,23.537,1672.034,1150.442,2026Q1,36.0,401.0,187.0,118.476,27.756,19.137,1556.372,1251.387,-4.447,-3.618,4.108,17.371,-4.4,-18.694
13130,San Miguel,Santiago,Región Metropolitana de Santiago,13.0,fixed,2025Q4,38.0,6470.0,2487.0,446.747,379.726,5.104,231.051,222.383,2026Q1,38.0,6227.0,2591.0,454.737,393.83,4.601,208.978,213.562,7.99,1.788,14.104,3.714,-0.503,-9.855
13130,San Miguel,Santiago,Región Metropolitana de Santiago,13.0,mobile,2025Q4,38.0,722.0,429.0,110.897,23.138,19.544,1288.454,1014.529,2026Q1,38.0,818.0,442.0,123.148,24.655,18.18,1323.985,1009.364,12.251,11.047,1.517,6.556,-1.364,-6.979
13131,San Ramón,Santiago,Región Metropolitana de Santiago,13.0,fixed,2025Q4,25.0,1732.0,648.0,406.542,354.868,4.92,201.557,294.58,2026Q1,25.0,1388.0,601.0,473.304,418.55,4.398,210.13,246.036,66.762,16.422,63.682,17.945,-0.522,-10.61
13131,San Ramón,Santiago,Región Metropolitana de Santiago,13.0,mobile,2025Q4,24.0,333.0,171.0,132.383,26.206,18.595,1203.078,976.586,2026Q1,25.0,321.0,158.0,157.439,30.713,18.47,1171.96,1020.754,25.056,18.927,4.507,17.198,-0.125,-0.672
13132,Vitacura,Santiago,Región Metropolitana de Santiago,13.0,fixed,2025Q4,86.0,7089.0,2578.0,349.441,275.055,5.873,227.081,258.787,2026Q1,85.0,6430.0,2273.0,354.27,280.945,5.444,237.502,249.939,4.829,1.382,5.89,2.141,-0.429,-7.305
13132,Vitacura,Santiago,Región Metropolitana de Santiago,13.0,mobile,2025Q4,71.0,855.0,416.0,162.134,29.992,38.405,1021.076,1040.567,2026Q1,70.0,637.0,380.0,172.443,30.329,19.162,909.819,899.969,10.309,6.358,0.337,1.124,-19.243,-50.105
13201,Puente Alto,Cordillera,Región Metropolitana de Santiago,13.0,fixed,2025Q4,243.0,16386.0,6111.0,450.413,394.16,4.948,186.51,223.597,2026Q1,237.0,14671.0,5730.0,439.129,381.77,4.956,212.743,244.724,-11.284,-2.505,-12.39,-3.143,0.008,0.162
13201,Puente Alto,Cordillera,Región Metropolitana de Santiago,13.0,mobile,2025Q4,222.0,1758.0,1041.0,104.784,23.977,21.574,1415.736,1180.2,2026Q1,220.0,1877.0,1102.0,108.243,21.946,21.864,1320.18,1218.689,3.459,3.301,-2.031,-8.471,0.29,1.344
13202,Pirque,Cordillera,Región Metropolitana de Santiago,13.0,fixed,2025Q4,157.0,789.0,307.0,278.044,230.169,8.288,201.54,342.743,2026Q1,153.0,798.0,275.0,267.358,216.945,6.754,227.623,324.467,-10.686,-3.843,-13.224,-5.745,-1.534,-18.509
13202,Pirque,Cordillera,Región Metropolitana de Santiago,13.0,mobile,2025Q4,80.0,172.0,103.0,79.796,13.278,35.081,1675.512,1523.936,2026Q1,68.0,183.0,88.0,64.31,12.847,28.027,1505.421,1315.448,-15.486,-19.407,-0.431,-3.246,-7.054,-20.108
13203,San José de Maipo,Cordillera,Región Metropolitana de Santiago,13.0,fixed,2025Q4,84.0,457.0,187.0,258.589,224.034,9.278,188.567,327.171,2026Q1,77.0,426.0,177.0,297.873,243.302,15.582,263.548,356.906,39.284,15.192,19.268,8.6,6.304,67.946
13203,San José de Maipo,Cordillera,Región Metropolitana de Santiago,13.0,mobile,2025Q4,48.0,134.0,70.0,104.412,18.806,20.97,1179.993,1122.731,2026Q1,66.0,174.0,96.0,92.668,17.715,26.27,1947.202,1507.443,-11.744,-11.248,-1.091,-5.801,5.3,25.274
13301,Colina,Chacabuco,Región Metropolitana de Santiago,13.0,fixed,2025Q4,450.0,9873.0,2979.0,348.049,283.098,5.894,228.453,245.251,2026Q1,458.0,9039.0,2867.0,353.779,291.277,5.763,228.432,256.265,5.73,1.646,8.179,2.889,-0.131,-2.223
13301,Colina,Chacabuco,Región Metropolitana de Santiago,13.0,mobile,2025Q4,254.0,1110.0,513.0,97.92,20.006,22.704,1422.574,1209.356,2026Q1,251.0,971.0,499.0,101.637,21.347,21.385,1482.469,1146.134,3.717,3.796,1.341,6.703,-1.319,-5.81
13302,Lampa,Chacabuco,Región Metropolitana de Santiago,13.0,fixed,2025Q4,298.0,5164.0,1608.0,352.187,300.087,6.478,238.01,278.194,2026Q1,278.0,4903.0,1638.0,383.891,313.675,7.589,236.873,264.338,31.704,9.002,13.588,4.528,1.111,17.15
13302,Lampa,Chacabuco,Región Metropolitana de Santiago,13.0,mobile,2025Q4,183.0,856.0,374.0,67.973,16.464,25.623,1896.698,1417.485,2026Q1,193.0,766.0,399.0,71.841,14.424,22.052,1873.448,1307.841,3.868,5.69,-2.04,-12.391,-3.571,-13.937
13303,Tiltil,Chacabuco,Región Metropolitana de Santiago,13.0,fixed,2025Q4,61.0,494.0,204.0,328.946,237.599,23.113,264.398,277.54,2026Q1,69.0,477.0,187.0,346.416,245.048,8.0,163.011,238.025,17.47,5.311,7.449,3.135,-15.113,-65.387
13303,Tiltil,Chacabuco,Región Metropolitana de Santiago,13.0,mobile,2025Q4,69.0,301.0,105.0,81.381,17.756,28.272,1285.07,1229.525,2026Q1,80.0,237.0,121.0,81.468,18.086,27.916,1344.203,1172.882,0.087,0.107,0.33,1.859,-0.356,-1.259
13401,San Bernardo,Maipo,Región Metropolitana de Santiago,13.0,fixed,2025Q4,212.0,9321.0,3591.0,455.216,389.613,4.888,171.849,210.903,2026Q1,207.0,8428.0,3340.0,443.057,376.217,4.84,209.27,227.091,-12.159,-2.671,-13.396,-3.438,-0.048,-0.982
13401,San Bernardo,Maipo,Región Metropolitana de Santiago,13.0,mobile,2025Q4,231.0,1771.0,851.0,94.699,19.927,23.592,1482.121,1240.147,2026Q1,223.0,1718.0,850.0,102.379,20.046,22.623,1398.683,1192.945,7.68,8.11,0.119,0.597,-0.969,-4.107
13402,Buin,Maipo,Región Metropolitana de Santiago,13.0,fixed,2025Q4,206.0,4547.0,1517.0,392.522,321.807,5.94,169.346,251.526,2026Q1,222.0,4727.0,1617.0,407.669,347.031,5.355,162.225,258.812,15.147,3.859,25.224,7.838,-0.585,-9.848
13402,Buin,Maipo,Región Metropolitana de Santiago,13.0,mobile,2025Q4,138.0,603.0,341.0,101.884,19.334,27.033,1292.487,1202.135,2026Q1,136.0,716.0,347.0,99.595,20.983,25.071,1251.603,1139.704,-2.289,-2.247,1.649,8.529,-1.962,-7.258
13403,Calera de Tango,Maipo,Región Metropolitana de Santiago,13.0,fixed,2025Q4,112.0,988.0,331.0,282.101,258.419,8.143,237.199,318.28,2026Q1,101.0,786.0,312.0,295.185,269.147,6.594,236.709,314.009,13.084,4.638,10.728,4.151,-1.549,-19.022
13403,Calera de Tango,Maipo,Región Metropolitana de Santiago,13.0,mobile,2025Q4,65.0,187.0,100.0,87.029,15.521,26.235,1822.328,1204.043,2026Q1,64.0,185.0,108.0,110.069,17.462,24.616,1583.779,1382.853,23.04,26.474,1.941,12.506,-1.619,-6.171
13404,Paine,Maipo,Región Metropolitana de Santiago,13.0,fixed,2025Q4,293.0,2434.0,774.0,319.584,262.68,7.085,195.895,294.051,2026Q1,320.0,1924.0,757.0,329.475,273.117,7.241,217.381,278.456,9.891,3.095,10.437,3.973,0.156,2.202
13404,Paine,Maipo,Región Metropolitana de Santiago,13.0,mobile,2025Q4,162.0,488.0,229.0,62.398,14.394,28.439,1709.081,1329.926,2026Q1,151.0,428.0,244.0,63.345,13.411,25.729,1421.224,1286.369,0.947,1.518,-0.983,-6.829,-2.71,-9.529
13501,Melipilla,Melipilla,Región Metropolitana de Santiago,13.0,fixed,2025Q4,327.0,4069.0,1149.0,306.542,286.931,9.142,330.793,331.73,2026Q1,354.0,3866.0,1125.0,341.215,312.777,7.673,214.424,247.142,34.673,11.311,25.846,9.008,-1.469,-16.069
13501,Melipilla,Melipilla,Región Metropolitana de Santiago,13.0,mobile,2025Q4,186.0,867.0,396.0,74.321,18.535,22.749,1764.828,1301.928,2026Q1,226.0,1045.0,492.0,73.243,17.561,27.538,1782.563,1349.937,-1.078,-1.45,-0.974,-5.255,4.789,21.051
13502,Alhué,Melipilla,Región Metropolitana de Santiago,13.0,fixed,2025Q4,24.0,60.0,28.0,362.574,289.205,9.883,241.483,158.017,2026Q1,24.0,60.0,31.0,440.403,326.049,10.967,326.867,165.117,77.829,21.466,36.844,12.74,1.084,10.968
13502,Alhué,Melipilla,Región Metropolitana de Santiago,13.0,mobile,2025Q4,12.0,21.0,13.0,42.684,10.22,61.476,1079.429,1766.905,2026Q1,21.0,37.0,23.0,62.086,22.431,59.514,912.194,1016.027,19.402,45.455,12.211,119.481,-1.962,-3.191
13503,Curacaví,Melipilla,Región Metropolitana de Santiago,13.0,fixed,2025Q4,144.0,919.0,316.0,224.926,190.913,10.224,321.368,312.552,2026Q1,131.0,978.0,288.0,235.321,194.992,9.118,321.781,352.815,10.395,4.622,4.079,2.137,-1.106,-10.818
13503,Curacaví,Melipilla,Región Metropolitana de Santiago,13.0,mobile,2025Q4,110.0,251.0,173.0,65.456,15.673,26.096,1800.391,1423.572,2026Q1,115.0,388.0,200.0,84.117,17.006,39.655,1490.111,1317.326,18.661,28.509,1.333,8.505,13.559,51.958
13504,María Pinto,Melipilla,Región Metropolitana de Santiago,13.0,fixed,2025Q4,70.0,230.0,97.0,211.212,171.334,10.783,312.956,437.153,2026Q1,63.0,249.0,98.0,261.628,185.736,7.538,238.695,388.012,50.416,23.87,14.402,8.406,-3.245,-30.094
13504,María Pinto,Melipilla,Región Metropolitana de Santiago,13.0,mobile,2025Q4,18.0,33.0,22.0,84.045,14.973,20.03,1306.562,954.788,2026Q1,24.0,36.0,26.0,106.948,16.055,21.333,1252.714,1476.583,22.903,27.251,1.082,7.226,1.303,6.505
13505,San Pedro,Melipilla,Región Metropolitana de Santiago,13.0,fixed,2025Q4,43.0,118.0,50.0,222.161,160.816,12.39,191.017,230.627,2026Q1,55.0,481.0,71.0,138.085,122.982,7.083,603.11,583.252,-84.076,-37.845,-37.834,-23.526,-5.307,-42.833
13505,San Pedro,Melipilla,Región Metropolitana de Santiago,13.0,mobile,2025Q4,47.0,163.0,57.0,39.4,7.357,34.834,1550.472,2353.568,2026Q1,35.0,78.0,38.0,72.383,10.896,34.0,1243.269,1543.397,32.983,83.713,3.539,48.104,-0.834,-2.394
13601,Talagante,Talagante,Región Metropolitana de Santiago,13.0,fixed,2025Q4,182.0,2263.0,861.0,340.722,314.701,6.815,241.629,280.45,2026Q1,169.0,2258.0,866.0,360.635,335.264,7.47,215.209,247.548,19.913,5.844,20.563,6.534,0.655,9.611
13601,Talagante,Talagante,Región Metropolitana de Santiago,13.0,mobile,2025Q4,114.0,606.0,237.0,78.903,18.139,25.743,1601.821,1263.163,2026Q1,121.0,479.0,234.0,93.943,22.463,23.236,1488.652,1041.95,15.04,19.061,4.324,23.838,-2.507,-9.739
13602,El Monte,Talagante,Región Metropolitana de Santiago,13.0,fixed,2025Q4,58.0,524.0,228.0,348.683,317.298,5.826,229.62,246.052,2026Q1,71.0,691.0,283.0,364.198,314.447,7.525,257.285,262.403,15.515,4.45,-2.851,-0.899,1.699,29.162
13602,El Monte,Talagante,Región Metropolitana de Santiago,13.0,mobile,2025Q4,56.0,163.0,94.0,146.096,24.128,32.11,1252.521,1193.356,2026Q1,55.0,215.0,99.0,90.375,20.131,26.428,2046.572,1515.619,-55.721,-38.14,-3.997,-16.566,-5.682,-17.695
13603,Isla de Maipo,Talagante,Región Metropolitana de Santiago,13.0,fixed,2025Q4,103.0,1394.0,405.0,363.653,337.376,6.688,207.864,214.192,2026Q1,125.0,1514.0,471.0,383.118,359.19,6.408,199.735,249.042,19.465,5.353,21.814,6.466,-0.28,-4.187
13603,Isla de Maipo,Talagante,Región Metropolitana de Santiago,13.0,mobile,2025Q4,50.0,178.0,94.0,95.526,13.162,23.86,1781.333,1604.107,2026Q1,65.0,192.0,109.0,87.619,20.868,23.13,1657.063,1607.609,-7.907,-8.277,7.706,58.547,-0.73,-3.06
13604,Padre Hurtado,Talagante,Región Metropolitana de Santiago,13.0,fixed,2025Q4,104.0,3063.0,1078.0,392.906,341.085,7.703,231.803,229.696,2026Q1,93.0,2839.0,1135.0,423.27,377.173,5.979,230.263,212.968,30.364,7.728,36.088,10.58,-1.724,-22.381
13604,Padre Hurtado,Talagante,Región Metropolitana de Santiago,13.0,mobile,2025Q4,72.0,246.0,179.0,85.386,17.685,24.593,1586.041,1169.687,2026Q1,66.0,296.0,173.0,88.16,19.946,21.574,1554.858,992.493,2.774,3.249,2.261,12.785,-3.019,-12.276
13605,Peñaflor,Talagante,Región Metropolitana de Santiago,13.0,fixed,2025Q4,104.0,2700.0,1048.0,390.473,342.637,5.716,228.371,221.338,2026Q1,108.0,2927.0,1160.0,418.514,377.467,5.963,200.031,218.959,28.041,7.181,34.83,10.165,0.247,4.321
13605,Peñaflor,Talagante,Región Metropolitana de Santiago,13.0,mobile,2025Q4,81.0,798.0,256.0,94.374,20.793,22.911,1431.626,1003.445,2026Q1,86.0,602.0,253.0,103.954,19.874,23.261,1368.258,1099.65,9.58,10.151,-0.919,-4.42,0.35,1.528
14101,Valdivia,Valdivia,Región de Los Ríos,14.0,fixed,2025Q4,276.0,3518.0,1430.0,374.926,295.736,10.35,206.616,245.339,2026Q1,303.0,3726.0,1593.0,378.798,324.729,10.709,206.521,272.856,3.872,1.033,28.993,9.804,0.359,3.469
14101,Valdivia,Valdivia,Región de Los Ríos,14.0,mobile,2025Q4,183.0,874.0,509.0,101.828,22.215,38.112,1490.337,1262.802,2026Q1,201.0,1052.0,592.0,98.524,21.553,38.861,1670.473,1294.964,-3.304,-3.245,-0.662,-2.98,0.749,1.965
14102,Corral,Valdivia,Región de Los Ríos,14.0,fixed,2025Q4,16.0,72.0,25.0,395.497,258.46,16.736,128.597,177.972,2026Q1,14.0,92.0,25.0,259.387,201.4,15.935,231.478,399.533,-136.11,-34.415,-57.06,-22.077,-0.801,-4.786
14102,Corral,Valdivia,Región de Los Ríos,14.0,mobile,2025Q4,9.0,13.0,10.0,45.308,15.885,33.308,1220.0,849.923,2026Q1,23.0,58.0,34.0,33.386,10.384,89.379,1845.368,1359.172,-11.922,-26.313,-5.501,-34.63,56.071,168.341
14103,Lanco,Valdivia,Región de Los Ríos,14.0,fixed,2025Q4,42.0,227.0,76.0,260.295,189.246,15.612,235.07,187.256,2026Q1,38.0,400.0,95.0,265.912,187.415,10.37,544.455,280.96,5.617,2.158,-1.831,-0.968,-5.242,-33.577
14103,Lanco,Valdivia,Región de Los Ríos,14.0,mobile,2025Q4,35.0,138.0,51.0,60.405,14.853,37.565,1017.145,1454.21,2026Q1,40.0,130.0,65.0,61.642,12.984,66.477,1156.062,1299.227,1.237,2.048,-1.869,-12.583,28.912,76.965
14104,Los Lagos,Valdivia,Región de Los Ríos,14.0,fixed,2025Q4,70.0,287.0,104.0,180.497,105.404,26.617,278.206,356.619,2026Q1,92.0,267.0,131.0,208.181,100.954,26.199,324.729,247.782,27.684,15.338,-4.45,-4.222,-0.418,-1.57
14104,Los Lagos,Valdivia,Región de Los Ríos,14.0,mobile,2025Q4,43.0,133.0,57.0,51.653,14.522,40.632,1615.841,1413.805,2026Q1,113.0,174.0,128.0,51.73,10.036,46.603,1278.585,2428.157,0.077,0.149,-4.486,-30.891,5.971,14.695
14105,Máfil,Valdivia,Región de Los Ríos,14.0,fixed,2025Q4,16.0,55.0,27.0,219.601,171.233,23.0,542.436,350.873,2026Q1,28.0,75.0,44.0,290.838,211.722,21.693,187.907,513.453,71.237,32.439,40.489,23.646,-1.307,-5.683
14105,Máfil,Valdivia,Región de Los Ríos,14.0,mobile,2025Q4,47.0,117.0,61.0,44.374,9.193,46.145,1975.591,1721.607,2026Q1,32.0,161.0,48.0,32.868,9.31,39.621,2071.101,1670.298,-11.506,-25.93,0.117,1.273,-6.524,-14.138
14106,Mariquina,Valdivia,Región de Los Ríos,14.0,fixed,2025Q4,52.0,244.0,101.0,307.065,218.286,22.861,208.3,245.091,2026Q1,75.0,344.0,146.0,318.657,246.478,12.922,185.442,416.488,11.592,3.775,28.192,12.915,-9.939,-43.476
14106,Mariquina,Valdivia,Región de Los Ríos,14.0,mobile,2025Q4,60.0,156.0,84.0,54.041,12.144,44.596,1576.181,2153.129,2026Q1,101.0,205.0,145.0,43.032,9.672,46.644,1942.84,2476.778,-11.009,-20.372,-2.472,-20.356,2.048,4.592
14107,Paillaco,Valdivia,Región de Los Ríos,14.0,fixed,2025Q4,56.0,217.0,99.0,292.754,206.41,19.613,237.244,175.871,2026Q1,76.0,331.0,142.0,315.012,244.74,16.937,281.337,304.468,22.258,7.603,38.33,18.57,-2.676,-13.644
14107,Paillaco,Valdivia,Región de Los Ríos,14.0,mobile,2025Q4,40.0,82.0,58.0,81.763,12.783,44.024,1640.4,1893.0,2026Q1,48.0,117.0,71.0,83.532,16.61,38.761,1741.164,1803.821,1.769,2.164,3.827,29.938,-5.263,-11.955
14108,Panguipulli,Valdivia,Región de Los Ríos,14.0,fixed,2025Q4,206.0,831.0,319.0,158.297,76.692,26.628,274.972,317.173,2026Q1,378.0,1875.0,697.0,162.806,79.42,28.335,314.716,291.335,4.509,2.848,2.728,3.557,1.707,6.411
14108,Panguipulli,Valdivia,Región de Los Ríos,14.0,mobile,2025Q4,94.0,237.0,124.0,68.198,12.234,48.684,1745.179,1617.131,2026Q1,219.0,732.0,412.0,35.84,8.824,48.727,2280.33,1858.592,-32.358,-47.447,-3.41,-27.873,0.043,0.088
14201,La Unión,Ranco,Región de Los Ríos,14.0,fixed,2025Q4,105.0,875.0,255.0,427.213,328.502,13.29,192.747,175.215,2026Q1,121.0,666.0,272.0,393.513,292.293,17.976,176.735,190.074,-33.7,-7.888,-36.209,-11.022,4.686,35.26
14201,La Unión,Ranco,Región de Los Ríos,14.0,mobile,2025Q4,78.0,183.0,110.0,70.849,12.303,44.891,1933.508,1761.678,2026Q1,88.0,246.0,125.0,76.546,15.694,40.049,1718.62,1664.441,5.697,8.041,3.391,27.562,-4.842,-10.786
14202,Futrono,Ranco,Región de Los Ríos,14.0,fixed,2025Q4,96.0,607.0,204.0,320.209,248.373,15.082,238.254,236.477,2026Q1,161.0,909.0,303.0,197.74,128.036,25.966,310.0,436.146,-122.469,-38.247,-120.337,-48.45,10.884,72.165
14202,Futrono,Ranco,Región de Los Ríos,14.0,mobile,2025Q4,67.0,141.0,79.0,107.549,20.636,42.149,1233.935,1103.164,2026Q1,55.0,176.0,93.0,64.228,16.465,65.17,1742.671,1637.369,-43.321,-40.28,-4.171,-20.212,23.021,54.618
14203,Lago Ranco,Ranco,Región de Los Ríos,14.0,fixed,2025Q4,93.0,383.0,134.0,125.149,50.621,29.54,288.582,371.462,2026Q1,123.0,674.0,203.0,138.244,62.849,29.674,260.828,268.136,13.095,10.464,12.228,24.156,0.134,0.454
14203,Lago Ranco,Ranco,Región de Los Ríos,14.0,mobile,2025Q4,33.0,93.0,44.0,58.199,22.519,39.376,1249.022,1142.222,2026Q1,67.0,141.0,94.0,69.346,12.345,51.071,1810.201,1670.586,11.147,19.153,-10.174,-45.18,11.695,29.701
14204,Río Bueno,Ranco,Región de Los Ríos,14.0,fixed,2025Q4,62.0,434.0,170.0,451.456,323.532,12.389,237.312,256.171,2026Q1,74.0,341.0,160.0,370.301,277.223,16.358,392.235,276.132,-81.155,-17.976,-46.309,-14.314,3.969,32.036
14204,Río Bueno,Ranco,Región de Los Ríos,14.0,mobile,2025Q4,60.0,199.0,87.0,66.549,13.264,47.317,1584.289,1846.701,2026Q1,71.0,208.0,103.0,79.35,13.626,43.188,1548.005,1483.885,12.801,19.235,0.362,2.729,-4.129,-8.726
15101,Arica,Arica,Región de Arica y Parinacota,15.0,fixed,2025Q4,188.0,4121.0,1479.0,371.964,326.557,23.638,321.507,263.976,2026Q1,183.0,4919.0,1595.0,442.548,387.304,23.851,283.89,204.237,70.584,18.976,60.747,18.602,0.213,0.901
15101,Arica,Arica,Región de Arica y Parinacota,15.0,mobile,2025Q4,192.0,1071.0,517.0,88.504,23.247,63.612,1664.691,1191.274,2026Q1,161.0,1115.0,468.0,82.889,22.4,71.187,1686.695,1085.811,-5.615,-6.344,-0.847,-3.643,7.575,11.908
15102,Camarones,Arica,Región de Arica y Parinacota,15.0,fixed,2025Q4,8.0,10.0,8.0,98.562,17.788,43.7,162.3,82.6,2026Q1,2.0,4.0,2.0,109.801,20.618,40.5,228.0,180.5,11.239,11.403,2.83,15.91,-3.2,-7.323
15102,Camarones,Arica,Región de Arica y Parinacota,15.0,mobile,2025Q4,3.0,4.0,3.0,40.785,1.926,74.25,2249.5,3462.5,2026Q1,3.0,3.0,3.0,248.696,32.204,40.0,1107.667,1320.333,207.911,509.773,30.278,1572.066,-34.25,-46.128
15201,Putre,Parinacota,Región de Arica y Parinacota,15.0,fixed,2025Q4,6.0,13.0,8.0,164.717,28.504,85.769,334.538,127.692,2026Q1,8.0,17.0,11.0,188.532,31.518,45.353,184.412,82.706,23.815,14.458,3.014,10.574,-40.416,-47.122
15201,Putre,Parinacota,Región de Arica y Parinacota,15.0,mobile,2025Q4,10.0,18.0,16.0,64.753,8.876,92.278,1259.444,2278.944,2026Q1,19.0,52.0,28.0,32.118,4.982,95.5,1450.154,2981.942,-32.635,-50.399,-3.894,-43.871,3.222,3.492
15202,General Lagos,Parinacota,Región de Arica y Parinacota,15.0,fixed,2025Q4,2.0,3.0,2.0,8.592,12.941,413.667,1548.667,680.667,2026Q1,5.0,8.0,5.0,171.907,30.204,44.375,82.5,71.5,163.315,1900.78,17.263,133.398,-369.292,-89.273
15202,General Lagos,Parinacota,Región de Arica y Parinacota,15.0,mobile,2025Q4,3.0,4.0,3.0,18.172,3.793,85.75,1349.25,2481.75,2026Q1,8.0,53.0,9.0,5.348,2.111,97.434,1494.434,2800.075,-12.824,-70.57,-1.682,-44.345,11.684,13.626
16101,Chillán,Ñuble,Región de Ñuble,16.0,fixed,2025Q4,283.0,4364.0,1718.0,436.906,390.753,9.07,203.457,228.467,2026Q1,286.0,4411.0,1725.0,447.683,395.561,9.079,213.435,224.422,10.777,2.467,4.808,1.23,0.009,0.099
16101,Chillán,Ñuble,Región de Ñuble,16.0,mobile,2025Q4,190.0,1156.0,529.0,90.725,21.747,32.315,1720.504,1066.965,2026Q1,192.0,989.0,561.0,99.947,21.866,28.38,1767.186,1220.382,9.222,10.165,0.119,0.547,-3.935,-12.177
16102,Bulnes,Ñuble,Región de Ñuble,16.0,fixed,2025Q4,72.0,305.0,123.0,316.059,202.967,22.252,249.564,271.528,2026Q1,71.0,360.0,133.0,295.939,218.668,20.45,300.058,368.553,-20.12,-6.366,15.701,7.736,-1.802,-8.098
16102,Bulnes,Ñuble,Región de Ñuble,16.0,mobile,2025Q4,50.0,151.0,66.0,86.175,12.705,30.06,1805.18,1813.967,2026Q1,68.0,193.0,93.0,81.745,13.164,40.953,2162.482,1633.596,-4.43,-5.141,0.459,3.613,10.893,36.238
16103,Chillán Viejo,Ñuble,Región de Ñuble,16.0,fixed,2025Q4,55.0,648.0,252.0,440.729,385.864,13.894,206.392,193.278,2026Q1,58.0,603.0,275.0,442.297,373.688,11.541,207.733,172.063,1.568,0.356,-12.176,-3.156,-2.353,-16.935
16103,Chillán Viejo,Ñuble,Región de Ñuble,16.0,mobile,2025Q4,48.0,185.0,107.0,92.742,16.506,30.681,1808.546,1350.146,2026Q1,61.0,146.0,104.0,115.977,20.099,26.425,1525.836,1281.538,23.235,25.053,3.593,21.768,-4.256,-13.872
16104,El Carmen,Ñuble,Región de Ñuble,16.0,fixed,2025Q4,29.0,124.0,63.0,245.46,179.769,12.46,349.863,568.774,2026Q1,31.0,159.0,66.0,282.961,202.258,18.132,281.34,252.101,37.501,15.278,22.489,12.51,5.672,45.522
16104,El Carmen,Ñuble,Región de Ñuble,16.0,mobile,2025Q4,24.0,56.0,29.0,58.66,10.924,70.339,2028.036,1060.071,2026Q1,62.0,104.0,73.0,52.502,11.689,41.279,2021.697,1956.885,-6.158,-10.498,0.765,7.003,-29.06,-41.314
16105,Pemuco,Ñuble,Región de Ñuble,16.0,fixed,2025Q4,26.0,90.0,50.0,285.94,223.136,18.867,319.278,211.756,2026Q1,32.0,97.0,53.0,258.089,167.972,22.062,407.66,274.292,-27.851,-9.74,-55.164,-24.722,3.195,16.934
16105,Pemuco,Ñuble,Región de Ñuble,16.0,mobile,2025Q4,38.0,92.0,58.0,77.405,15.202,46.109,1250.685,1186.391,2026Q1,36.0,109.0,50.0,96.624,15.331,38.055,1872.583,1645.426,19.219,24.829,0.129,0.849,-8.054,-17.467
16106,Pinto,Ñuble,Región de Ñuble,16.0,fixed,2025Q4,79.0,273.0,114.0,271.745,167.738,24.586,286.217,242.206,2026Q1,97.0,366.0,151.0,267.237,170.02,16.467,305.205,243.153,-4.508,-1.659,2.282,1.36,-8.119,-33.023
16106,Pinto,Ñuble,Región de Ñuble,16.0,mobile,2025Q4,29.0,57.0,41.0,70.956,15.649,40.947,1824.107,1433.526,2026Q1,49.0,99.0,62.0,88.289,17.238,34.657,1812.516,1634.01,17.333,24.428,1.589,10.154,-6.29,-15.361
16107,Quillón,Ñuble,Región de Ñuble,16.0,fixed,2025Q4,87.0,376.0,151.0,362.73,284.787,10.867,257.963,205.061,2026Q1,84.0,451.0,143.0,342.365,277.143,13.322,288.953,240.814,-20.365,-5.614,-7.644,-2.684,2.455,22.591
16107,Quillón,Ñuble,Región de Ñuble,16.0,mobile,2025Q4,57.0,140.0,80.0,97.181,18.942,51.986,1609.793,1395.986,2026Q1,76.0,168.0,98.0,77.558,15.719,36.875,2113.138,1716.768,-19.623,-20.192,-3.223,-17.015,-15.111,-29.067
16108,San Ignacio,Ñuble,Región de Ñuble,16.0,fixed,2025Q4,33.0,82.0,43.0,296.803,208.715,21.549,261.716,311.852,2026Q1,39.0,137.0,58.0,251.296,169.609,26.92,425.883,479.029,-45.507,-15.332,-39.106,-18.737,5.371,24.925
16108,San Ignacio,Ñuble,Región de Ñuble,16.0,mobile,2025Q4,45.0,136.0,52.0,97.146,17.877,32.294,1779.066,1256.632,2026Q1,54.0,108.0,74.0,62.927,13.038,38.676,2225.876,1444.657,-34.219,-35.224,-4.839,-27.068,6.382,19.762
16109,Yungay,Ñuble,Región de Ñuble,16.0,fixed,2025Q4,50.0,173.0,87.0,314.436,238.062,20.341,298.595,286.197,2026Q1,69.0,282.0,121.0,323.405,244.951,14.738,259.085,288.085,8.969,2.852,6.889,2.894,-5.603,-27.545
16109,Yungay,Ñuble,Región de Ñuble,16.0,mobile,2025Q4,50.0,109.0,67.0,106.544,19.337,41.257,2061.046,1502.817,2026Q1,40.0,154.0,72.0,73.881,16.224,32.584,2396.636,1838.922,-32.663,-30.657,-3.113,-16.099,-8.673,-21.022
16201,Quirihue,Itata,Región de Ñuble,16.0,fixed,2025Q4,17.0,163.0,39.0,452.434,365.313,5.546,293.356,225.65,2026Q1,20.0,135.0,40.0,284.954,244.97,6.919,282.104,307.23,-167.48,-37.018,-120.343,-32.942,1.373,24.757
16201,Quirihue,Itata,Región de Ñuble,16.0,mobile,2025Q4,11.0,69.0,17.0,81.644,14.887,33.174,1134.014,1665.957,2026Q1,30.0,139.0,42.0,77.183,11.906,31.986,1571.362,1653.345,-4.461,-5.464,-2.981,-20.024,-1.188,-3.581
16202,Cobquecura,Itata,Región de Ñuble,16.0,fixed,2025Q4,16.0,66.0,27.0,313.1,255.165,11.985,359.697,250.545,2026Q1,28.0,96.0,36.0,271.297,168.859,14.635,405.625,322.771,-41.803,-13.351,-86.306,-33.824,2.65,22.111
16202,Cobquecura,Itata,Región de Ñuble,16.0,mobile,2025Q4,15.0,33.0,22.0,102.84,18.06,33.667,2084.545,1275.152,2026Q1,28.0,56.0,41.0,126.233,21.046,30.946,1536.889,1615.339,23.393,22.747,2.986,16.534,-2.721,-8.082
16203,Coelemu,Itata,Región de Ñuble,16.0,fixed,2025Q4,19.0,116.0,44.0,261.499,235.644,9.948,367.93,358.422,2026Q1,27.0,220.0,60.0,295.61,329.666,8.55,153.918,247.173,34.111,13.044,94.022,39.9,-1.398,-14.053
16203,Coelemu,Itata,Región de Ñuble,16.0,mobile,2025Q4,19.0,72.0,27.0,70.299,13.357,28.931,1942.583,1055.083,2026Q1,27.0,105.0,46.0,79.971,15.211,34.352,1672.01,1450.21,9.672,13.758,1.854,13.88,5.421,18.738
16204,Ninhue,Itata,Región de Ñuble,16.0,fixed,2025Q4,4.0,21.0,7.0,758.795,427.349,5.524,339.619,196.19,2026Q1,14.0,36.0,16.0,136.473,94.767,23.333,299.0,437.417,-622.322,-82.015,-332.582,-77.824,17.809,322.393
16204,Ninhue,Itata,Región de Ñuble,16.0,mobile,2025Q4,9.0,20.0,9.0,77.297,21.137,28.1,1685.5,1012.4,2026Q1,9.0,13.0,9.0,50.589,6.66,28.462,1783.385,1265.308,-26.708,-34.552,-14.477,-68.491,0.362,1.288
16205,Portezuelo,Itata,Región de Ñuble,16.0,fixed,2025Q4,14.0,45.0,17.0,291.784,218.207,16.356,282.378,311.644,2026Q1,19.0,47.0,24.0,159.809,94.184,43.085,554.617,960.638,-131.975,-45.23,-124.023,-56.837,26.729,163.42
16205,Portezuelo,Itata,Región de Ñuble,16.0,mobile,2025Q4,21.0,26.0,22.0,65.749,10.77,38.731,1927.64,2190.731,2026Q1,21.0,62.0,27.0,141.858,22.523,36.484,775.323,1080.677,76.109,115.757,11.753,109.127,-2.247,-5.802
16206,Ranquil,Itata,Región de Ñuble,16.0,fixed,2025Q4,26.0,71.0,32.0,320.499,192.214,15.676,293.225,224.571,2026Q1,28.0,68.0,36.0,283.928,179.028,22.926,234.353,244.632,-36.571,-11.411,-13.186,-6.86,7.25,46.249
16206,Ranquil,Itata,Región de Ñuble,16.0,mobile,2025Q4,38.0,83.0,53.0,83.945,17.773,31.096,1812.183,1162.512,2026Q1,25.0,155.0,45.0,54.263,19.984,27.974,1780.013,1241.542,-29.682,-35.359,2.211,12.44,-3.122,-10.04
16207,Treguaco,Itata,Región de Ñuble,16.0,fixed,2025Q4,7.0,14.0,8.0,487.064,386.288,5.429,626.929,752.143,2026Q1,9.0,34.0,13.0,337.346,244.534,7.618,424.5,273.059,-149.718,-30.739,-141.754,-36.696,2.189,40.321
16207,Treguaco,Itata,Región de Ñuble,16.0,mobile,2025Q4,8.0,16.0,9.0,69.71,11.701,22.938,1809.75,1616.312,2026Q1,8.0,23.0,8.0,22.414,11.634,27.087,2789.667,2176.609,-47.296,-67.847,-0.067,-0.573,4.149,18.088
16301,San Carlos,Punilla,Región de Ñuble,16.0,fixed,2025Q4,138.0,1078.0,338.0,270.939,206.636,15.856,256.111,276.994,2026Q1,146.0,1093.0,374.0,311.89,252.984,10.835,237.761,273.408,40.951,15.114,46.348,22.43,-5.021,-31.666
16301,San Carlos,Punilla,Región de Ñuble,16.0,mobile,2025Q4,84.0,342.0,161.0,94.351,18.388,34.295,1629.44,1338.512,2026Q1,90.0,264.0,146.0,91.664,16.17,31.216,1891.092,1360.498,-2.687,-2.848,-2.218,-12.062,-3.079,-8.978
16302,Coihueco,Punilla,Región de Ñuble,16.0,fixed,2025Q4,93.0,432.0,149.0,207.99,153.306,25.167,258.993,376.618,2026Q1,77.0,293.0,134.0,244.576,184.639,24.089,255.0,236.716,36.586,17.59,31.333,20.438,-1.078,-4.283
16302,Coihueco,Punilla,Región de Ñuble,16.0,mobile,2025Q4,49.0,118.0,63.0,63.171,15.537,42.195,2348.974,1251.542,2026Q1,53.0,105.0,73.0,46.758,11.803,35.705,2117.206,1318.619,-16.413,-25.982,-3.734,-24.033,-6.49,-15.381
16303,Ñiquén,Punilla,Región de Ñuble,16.0,fixed,2025Q4,47.0,134.0,64.0,179.083,106.999,15.701,173.657,312.119,2026Q1,39.0,164.0,57.0,161.196,78.834,16.299,192.432,359.134,-17.887,-9.988,-28.165,-26.323,0.598,3.809
16303,Ñiquén,Punilla,Región de Ñuble,16.0,mobile,2025Q4,37.0,249.0,48.0,114.338,26.872,42.253,1175.799,1176.522,2026Q1,47.0,165.0,61.0,75.606,15.496,35.915,1954.372,1297.721,-38.732,-33.875,-11.376,-42.334,-6.338,-15.0
16304,San Fabián,Punilla,Región de Ñuble,16.0,fixed,2025Q4,25.0,68.0,38.0,232.11,161.632,90.0,587.324,356.485,2026Q1,25.0,77.0,35.0,151.622,58.195,61.805,449.208,388.273,-80.488,-34.677,-103.437,-63.995,-28.195,-31.328
16304,San Fabián,Punilla,Región de Ñuble,16.0,mobile,2025Q4,17.0,25.0,17.0,84.61,18.512,58.16,1202.609,1656.68,2026Q1,30.0,72.0,34.0,25.716,7.039,40.583,1984.75,1664.583,-58.894,-69.606,-11.473,-61.976,-17.577,-30.222
16305,San Nicolás,Punilla,Región de Ñuble,16.0,fixed,2025Q4,36.0,114.0,50.0,205.786,152.994,16.105,362.053,511.781,2026Q1,68.0,283.0,99.0,138.767,103.916,20.88,485.375,578.753,-67.019,-32.567,-49.078,-32.078,4.775,29.649
16305,San Nicolás,Punilla,Región de Ñuble,16.0,mobile,2025Q4,43.0,139.0,60.0,70.39,11.553,43.288,2327.978,2061.547,2026Q1,46.0,161.0,72.0,82.909,13.863,26.019,2234.805,1818.547,12.519,17.785,2.31,19.995,-17.269,-39.893
