commune_code,commune,province,region,region_code,network,control_period,control_tiles,control_tests,control_devices_sum_across_tiles,control_download_mbps_test_weighted,control_upload_mbps_test_weighted,control_latency_ms_test_weighted,control_loaded_latency_down_ms_test_weighted,control_loaded_latency_up_ms_test_weighted,current_period,current_tiles,current_tests,current_devices_sum_across_tiles,current_download_mbps_test_weighted,current_upload_mbps_test_weighted,current_latency_ms_test_weighted,current_loaded_latency_down_ms_test_weighted,current_loaded_latency_up_ms_test_weighted,delta_download_mbps_test_weighted,delta_pct_download_mbps_test_weighted,delta_upload_mbps_test_weighted,delta_pct_upload_mbps_test_weighted,delta_latency_ms_test_weighted,delta_pct_latency_ms_test_weighted
1101,Iquique,Iquique,Región de Tarapacá,1.0,fixed,2026Q1,87.0,5292.0,1794.0,443.733,368.08,21.698,330.144,245.284,2026Q2,91.0,4994.0,1813.0,475.773,392.641,22.709,346.582,251.807,32.04,7.221,24.561,6.673,1.011,4.659
1101,Iquique,Iquique,Región de Tarapacá,1.0,mobile,2026Q1,98.0,667.0,390.0,85.075,22.932,58.999,1444.575,1233.978,2026Q2,85.0,870.0,396.0,71.311,23.954,49.577,1491.934,1095.592,-13.764,-16.179,1.022,4.457,-9.422,-15.97
1107,Alto Hospicio,Iquique,Región de Tarapacá,1.0,fixed,2026Q1,74.0,2941.0,978.0,407.473,323.401,23.209,372.508,262.126,2026Q2,90.0,3648.0,1150.0,462.565,369.59,23.352,333.753,228.708,55.092,13.52,46.189,14.282,0.143,0.616
1107,Alto Hospicio,Iquique,Región de Tarapacá,1.0,mobile,2026Q1,66.0,522.0,236.0,55.12,17.989,55.789,1826.824,1275.475,2026Q2,66.0,696.0,255.0,59.783,17.699,51.869,1673.767,1334.464,4.663,8.46,-0.29,-1.612,-3.92,-7.026
1401,Pozo Almonte,Tamarugal,Región de Tarapacá,1.0,fixed,2026Q1,76.0,412.0,164.0,205.55,144.286,33.682,476.801,406.731,2026Q2,85.0,488.0,171.0,174.428,113.581,33.803,552.195,405.381,-31.122,-15.141,-30.705,-21.281,0.121,0.359
1401,Pozo Almonte,Tamarugal,Región de Tarapacá,1.0,mobile,2026Q1,53.0,233.0,101.0,74.091,15.816,60.185,1572.773,1329.163,2026Q2,71.0,359.0,128.0,83.384,17.878,52.379,1457.513,1237.596,9.293,12.543,2.062,13.037,-7.806,-12.97
1402,Camiña,Tamarugal,Región de Tarapacá,1.0,fixed,2026Q1,4.0,5.0,4.0,277.804,33.294,45.6,167.6,61.2,2026Q2,2.0,7.0,3.0,355.671,38.165,46.571,202.143,59.143,77.867,28.029,4.871,14.63,0.971,2.129
1402,Camiña,Tamarugal,Región de Tarapacá,1.0,mobile,2026Q1,3.0,7.0,4.0,140.451,10.712,72.857,996.286,1031.429,2026Q2,6.0,28.0,9.0,152.736,22.518,49.929,1154.357,876.393,12.285,8.747,11.806,110.213,-22.928,-31.47
1403,Colchane,Tamarugal,Región de Tarapacá,1.0,fixed,2026Q1,7.0,17.0,9.0,114.408,22.545,45.647,310.353,282.765,2026Q2,7.0,13.0,7.0,204.89,15.193,132.615,566.385,726.769,90.482,79.087,-7.352,-32.61,86.968,190.523
1403,Colchane,Tamarugal,Región de Tarapacá,1.0,mobile,2026Q1,2.0,2.0,2.0,16.524,4.994,114.5,4553.0,1493.0,2026Q2,5.0,16.0,5.0,43.852,6.781,73.75,832.75,634.25,27.328,165.384,1.787,35.783,-40.75,-35.59
1404,Huara,Tamarugal,Región de Tarapacá,1.0,fixed,2026Q1,12.0,47.0,15.0,199.154,78.394,67.277,301.362,225.404,2026Q2,17.0,71.0,21.0,134.809,80.866,60.338,388.859,260.07,-64.345,-32.309,2.472,3.153,-6.939,-10.314
1404,Huara,Tamarugal,Región de Tarapacá,1.0,mobile,2026Q1,26.0,113.0,37.0,42.588,10.277,53.522,1911.832,1908.292,2026Q2,14.0,31.0,19.0,137.428,35.947,46.032,1022.433,1352.677,94.84,222.692,25.67,249.781,-7.49,-13.994
1405,Pica,Tamarugal,Región de Tarapacá,1.0,fixed,2026Q1,37.0,180.0,94.0,146.002,105.263,47.45,571.233,632.922,2026Q2,48.0,240.0,100.0,192.971,119.896,48.079,380.77,363.875,46.969,32.17,14.633,13.901,0.629,1.326
1405,Pica,Tamarugal,Región de Tarapacá,1.0,mobile,2026Q1,36.0,130.0,63.0,90.451,16.155,48.254,1208.651,1440.138,2026Q2,39.0,190.0,77.0,49.906,13.069,51.905,1733.047,1430.742,-40.545,-44.825,-3.086,-19.102,3.651,7.566
2101,Antofagasta,Antofagasta,Región de Antofagasta,2.0,fixed,2026Q1,240.0,10299.0,3459.0,452.314,379.847,15.788,269.393,236.847,2026Q2,244.0,11119.0,3482.0,466.609,398.577,15.073,270.022,233.703,14.295,3.16,18.73,4.931,-0.715,-4.529
2101,Antofagasta,Antofagasta,Región de Antofagasta,2.0,mobile,2026Q1,220.0,1707.0,787.0,82.831,21.341,38.596,1849.167,1214.757,2026Q2,253.0,1723.0,820.0,79.854,20.549,42.784,1718.134,1164.055,-2.977,-3.594,-0.792,-3.711,4.188,10.851
2102,Mejillones,Antofagasta,Región de Antofagasta,2.0,fixed,2026Q1,29.0,233.0,92.0,220.136,196.28,16.73,241.515,235.236,2026Q2,23.0,270.0,68.0,280.688,285.462,7.174,397.452,388.611,60.552,27.507,89.182,45.436,-9.556,-57.119
2102,Mejillones,Antofagasta,Región de Antofagasta,2.0,mobile,2026Q1,31.0,140.0,57.0,60.092,15.274,45.021,1904.457,874.136,2026Q2,46.0,218.0,75.0,71.438,17.913,45.014,1230.528,994.156,11.346,18.881,2.639,17.278,-0.007,-0.016
2103,Sierra Gorda,Antofagasta,Región de Antofagasta,2.0,fixed,2026Q1,49.0,140.0,88.0,121.962,32.01,32.764,509.557,365.321,2026Q2,49.0,211.0,94.0,125.706,43.829,30.578,382.393,254.142,3.744,3.07,11.819,36.923,-2.186,-6.672
2103,Sierra Gorda,Antofagasta,Región de Antofagasta,2.0,mobile,2026Q1,68.0,204.0,120.0,27.134,11.74,50.701,2208.813,1394.172,2026Q2,88.0,239.0,144.0,33.092,12.5,48.456,1926.605,1308.206,5.958,21.958,0.76,6.474,-2.245,-4.428
2104,Taltal,Antofagasta,Región de Antofagasta,2.0,fixed,2026Q1,40.0,364.0,102.0,273.462,234.838,20.508,321.907,358.835,2026Q2,40.0,343.0,105.0,324.141,272.099,18.117,242.534,389.303,50.679,18.532,37.261,15.867,-2.391,-11.659
2104,Taltal,Antofagasta,Región de Antofagasta,2.0,mobile,2026Q1,35.0,84.0,51.0,90.421,31.04,40.512,1441.095,854.476,2026Q2,43.0,153.0,70.0,73.518,19.475,43.941,1415.438,905.588,-16.903,-18.694,-11.565,-37.258,3.429,8.464
2201,Calama,El Loa,Región de Antofagasta,2.0,fixed,2026Q1,188.0,4597.0,1682.0,448.081,388.362,21.945,289.595,267.428,2026Q2,181.0,4060.0,1563.0,435.439,368.17,22.287,294.282,245.242,-12.642,-2.821,-20.192,-5.199,0.342,1.558
2201,Calama,El Loa,Región de Antofagasta,2.0,mobile,2026Q1,156.0,1004.0,480.0,93.026,24.088,44.402,1697.271,1122.134,2026Q2,169.0,1034.0,484.0,82.813,24.006,50.294,1835.123,1078.621,-10.213,-10.979,-0.082,-0.34,5.892,13.27
2202,Ollagüe,El Loa,Región de Antofagasta,2.0,fixed,2026Q1,3.0,8.0,4.0,154.726,20.699,29.25,141.125,438.0,2026Q2,1.0,1.0,1.0,418.311,19.995,29.0,44.0,36.0,263.585,170.356,-0.704,-3.401,-0.25,-0.855
2202,Ollagüe,El Loa,Región de Antofagasta,2.0,mobile,2026Q1,2.0,2.0,2.0,122.971,17.404,43.5,320.5,1090.0,2026Q2,2.0,4.0,2.0,6.472,1.7,103.0,3224.0,4585.5,-116.499,-94.737,-15.704,-90.232,59.5,136.782
2203,San Pedro de Atacama,El Loa,Región de Antofagasta,2.0,fixed,2026Q1,77.0,383.0,250.0,131.25,29.172,30.809,382.402,267.428,2026Q2,67.0,383.0,186.0,146.341,25.238,30.46,338.514,234.452,15.091,11.498,-3.934,-13.486,-0.349,-1.133
2203,San Pedro de Atacama,El Loa,Región de Antofagasta,2.0,mobile,2026Q1,47.0,261.0,103.0,58.65,16.023,69.218,1715.93,1514.95,2026Q2,36.0,146.0,78.0,52.152,13.047,74.342,1836.37,1692.267,-6.498,-11.079,-2.976,-18.573,5.124,7.403
2301,Tocopilla,Tocopilla,Región de Antofagasta,2.0,fixed,2026Q1,27.0,390.0,163.0,387.345,363.028,17.787,281.992,288.651,2026Q2,33.0,559.0,173.0,416.04,399.398,19.603,283.417,312.794,28.695,7.408,36.37,10.019,1.816,10.21
2301,Tocopilla,Tocopilla,Región de Antofagasta,2.0,mobile,2026Q1,22.0,127.0,55.0,98.453,21.207,34.079,2111.976,1055.087,2026Q2,24.0,176.0,78.0,87.603,22.79,36.091,2213.034,1436.409,-10.85,-11.02,1.583,7.465,2.012,5.904
2302,María Elena,Tocopilla,Región de Antofagasta,2.0,fixed,2026Q1,22.0,98.0,39.0,152.866,23.419,28.786,278.878,210.571,2026Q2,26.0,117.0,53.0,175.216,27.542,27.744,211.293,198.25,22.35,14.621,4.123,17.605,-1.042,-3.62
2302,María Elena,Tocopilla,Región de Antofagasta,2.0,mobile,2026Q1,23.0,55.0,43.0,35.096,12.447,56.636,1829.964,1927.509,2026Q2,32.0,165.0,63.0,29.532,12.489,82.503,1815.133,1649.127,-5.564,-15.854,0.042,0.337,25.867,45.672
3101,Copiapó,Copiapó,Región de Atacama,3.0,fixed,2026Q1,181.0,3809.0,1519.0,440.291,387.506,14.059,209.012,257.444,2026Q2,177.0,5096.0,1596.0,421.413,362.101,14.859,245.086,301.934,-18.878,-4.288,-25.405,-6.556,0.8,5.69
3101,Copiapó,Copiapó,Región de Atacama,3.0,mobile,2026Q1,154.0,832.0,445.0,89.904,22.814,32.142,2001.924,1209.636,2026Q2,158.0,1146.0,512.0,87.58,20.291,34.513,1900.322,1328.321,-2.324,-2.585,-2.523,-11.059,2.371,7.377
3102,Caldera,Copiapó,Región de Atacama,3.0,fixed,2026Q1,50.0,532.0,215.0,347.437,280.323,18.5,229.036,236.468,2026Q2,48.0,462.0,159.0,417.703,342.623,18.818,256.844,248.618,70.266,20.224,62.3,22.224,0.318,1.719
3102,Caldera,Copiapó,Región de Atacama,3.0,mobile,2026Q1,69.0,270.0,151.0,65.675,16.566,51.737,2009.187,1822.656,2026Q2,54.0,238.0,103.0,90.711,18.75,37.307,1655.71,1406.496,25.036,38.121,2.184,13.184,-14.43,-27.891
3103,Tierra Amarilla,Copiapó,Región de Atacama,3.0,fixed,2026Q1,53.0,357.0,137.0,327.897,259.383,17.171,324.179,203.294,2026Q2,52.0,256.0,121.0,283.808,214.025,16.301,321.691,343.727,-44.089,-13.446,-45.358,-17.487,-0.87,-5.067
3103,Tierra Amarilla,Copiapó,Región de Atacama,3.0,mobile,2026Q1,47.0,146.0,64.0,69.149,13.547,35.521,1719.815,1568.568,2026Q2,36.0,80.0,62.0,75.225,14.597,38.812,1248.425,1770.675,6.076,8.787,1.05,7.751,3.291,9.265
3201,Chañaral,Chañaral,Región de Atacama,3.0,fixed,2026Q1,32.0,257.0,85.0,424.169,251.087,19.49,270.856,163.763,2026Q2,29.0,362.0,90.0,451.371,286.478,27.298,494.489,254.53,27.202,6.413,35.391,14.095,7.808,40.062
3201,Chañaral,Chañaral,Región de Atacama,3.0,mobile,2026Q1,25.0,106.0,60.0,91.75,23.754,36.953,1383.585,1139.226,2026Q2,47.0,167.0,85.0,95.843,23.108,40.042,1293.199,936.036,4.093,4.461,-0.646,-2.72,3.089,8.359
3202,Diego de Almagro,Chañaral,Región de Atacama,3.0,fixed,2026Q1,40.0,191.0,85.0,327.311,280.917,21.56,157.346,171.634,2026Q2,51.0,237.0,112.0,250.776,160.148,20.013,254.215,231.996,-76.535,-23.383,-120.769,-42.991,-1.547,-7.175
3202,Diego de Almagro,Chañaral,Región de Atacama,3.0,mobile,2026Q1,35.0,156.0,84.0,104.98,21.496,40.353,1558.167,1172.391,2026Q2,42.0,217.0,102.0,84.826,23.435,38.484,1563.764,1074.718,-20.154,-19.198,1.939,9.02,-1.869,-4.632
3301,Vallenar,Huasco,Región de Atacama,3.0,fixed,2026Q1,98.0,1383.0,511.0,429.044,359.255,14.299,189.387,209.046,2026Q2,85.0,1540.0,450.0,486.525,431.679,12.526,176.11,183.879,57.481,13.397,72.424,20.159,-1.773,-12.399
3301,Vallenar,Huasco,Región de Atacama,3.0,mobile,2026Q1,77.0,341.0,166.0,74.214,18.104,42.657,1582.669,1298.481,2026Q2,87.0,397.0,169.0,99.88,20.927,37.242,1877.256,1498.341,25.666,34.584,2.823,15.593,-5.415,-12.694
3302,Alto del Carmen,Huasco,Región de Atacama,3.0,fixed,2026Q1,11.0,46.0,12.0,152.584,31.87,30.152,348.109,386.804,2026Q2,5.0,18.0,5.0,277.772,34.665,27.889,176.5,48.111,125.188,82.045,2.795,8.77,-2.263,-7.505
3302,Alto del Carmen,Huasco,Región de Atacama,3.0,mobile,2026Q1,22.0,48.0,24.0,48.886,7.501,48.479,1672.354,1660.812,2026Q2,10.0,19.0,11.0,57.711,25.852,59.632,1844.611,1362.737,8.825,18.052,18.351,244.647,11.153,23.006
3303,Freirina,Huasco,Región de Atacama,3.0,fixed,2026Q1,23.0,189.0,43.0,217.567,94.278,27.233,226.212,261.349,2026Q2,29.0,141.0,49.0,173.274,39.332,28.454,221.794,102.021,-44.293,-20.358,-54.946,-58.281,1.221,4.484
3303,Freirina,Huasco,Región de Atacama,3.0,mobile,2026Q1,23.0,201.0,56.0,84.437,18.014,55.443,1201.542,1355.214,2026Q2,29.0,167.0,56.0,80.855,15.531,37.311,1220.892,1419.413,-3.582,-4.242,-2.483,-13.784,-18.132,-32.704
3304,Huasco,Huasco,Región de Atacama,3.0,fixed,2026Q1,21.0,174.0,56.0,367.74,307.124,12.126,172.385,223.282,2026Q2,24.0,591.0,88.0,277.901,154.165,18.602,177.585,190.308,-89.839,-24.43,-152.959,-49.804,6.476,53.406
3304,Huasco,Huasco,Región de Atacama,3.0,mobile,2026Q1,25.0,245.0,89.0,119.745,23.03,43.241,1319.792,1194.151,2026Q2,25.0,226.0,83.0,118.787,23.602,32.403,1188.323,1240.491,-0.958,-0.8,0.572,2.484,-10.838,-25.064
4101,La Serena,Elqui,Región de Coquimbo,4.0,fixed,2026Q1,365.0,8117.0,3286.0,422.926,346.136,12.287,197.485,215.949,2026Q2,349.0,7525.0,2929.0,442.553,388.434,10.996,191.022,224.176,19.627,4.641,42.298,12.22,-1.291,-10.507
4101,La Serena,Elqui,Región de Coquimbo,4.0,mobile,2026Q1,235.0,1645.0,850.0,89.028,22.639,32.076,1616.716,1163.226,2026Q2,238.0,1652.0,791.0,98.904,23.044,30.292,1622.764,1242.712,9.876,11.093,0.405,1.789,-1.784,-5.562
4102,Coquimbo,Elqui,Región de Coquimbo,4.0,fixed,2026Q1,363.0,7386.0,2981.0,398.575,351.881,10.856,210.456,265.062,2026Q2,311.0,7603.0,2799.0,436.081,394.447,9.782,180.275,245.013,37.506,9.41,42.566,12.097,-1.074,-9.893
4102,Coquimbo,Elqui,Región de Coquimbo,4.0,mobile,2026Q1,305.0,1995.0,902.0,78.106,19.033,31.411,1704.754,1274.61,2026Q2,258.0,1297.0,648.0,87.385,18.76,33.985,1485.64,1329.436,9.279,11.88,-0.273,-1.434,2.574,8.195
4103,Andacollo,Elqui,Región de Coquimbo,4.0,fixed,2026Q1,16.0,117.0,38.0,463.507,324.021,5.239,258.974,385.009,2026Q2,18.0,117.0,41.0,282.703,221.988,18.299,287.897,243.205,-180.804,-39.008,-102.033,-31.49,13.06,249.284
4103,Andacollo,Elqui,Región de Coquimbo,4.0,mobile,2026Q1,22.0,42.0,30.0,109.241,21.24,31.524,1495.707,1013.762,2026Q2,22.0,53.0,32.0,93.767,22.957,30.83,1618.604,1147.679,-15.474,-14.165,1.717,8.084,-0.694,-2.201
4104,La Higuera,Elqui,Región de Coquimbo,4.0,fixed,2026Q1,15.0,30.0,17.0,147.059,69.448,28.467,450.9,580.267,2026Q2,13.0,43.0,26.0,335.73,230.2,14.047,264.698,376.884,188.671,128.296,160.752,231.471,-14.42,-50.655
4104,La Higuera,Elqui,Región de Coquimbo,4.0,mobile,2026Q1,25.0,111.0,32.0,48.459,7.565,80.604,1226.369,2290.216,2026Q2,28.0,108.0,41.0,99.368,10.714,41.917,1004.776,1529.63,50.909,105.056,3.149,41.626,-38.687,-47.996
4105,Paihuano,Elqui,Región de Coquimbo,4.0,fixed,2026Q1,18.0,51.0,26.0,97.606,18.55,37.686,340.686,364.51,2026Q2,12.0,59.0,17.0,112.127,21.637,29.932,292.695,526.22,14.521,14.877,3.087,16.642,-7.754,-20.575
4105,Paihuano,Elqui,Región de Coquimbo,4.0,mobile,2026Q1,41.0,144.0,74.0,66.577,12.598,43.861,1737.528,1595.819,2026Q2,25.0,91.0,36.0,64.095,11.31,31.912,1288.143,1426.844,-2.482,-3.728,-1.288,-10.224,-11.949,-27.243
4106,Vicuña,Elqui,Región de Coquimbo,4.0,fixed,2026Q1,63.0,309.0,132.0,269.666,206.011,13.744,310.246,361.343,2026Q2,72.0,486.0,141.0,298.119,245.722,14.504,217.294,349.564,28.453,10.551,39.711,19.276,0.76,5.53
4106,Vicuña,Elqui,Región de Coquimbo,4.0,mobile,2026Q1,62.0,154.0,93.0,97.003,19.449,32.123,1485.099,1129.851,2026Q2,50.0,171.0,74.0,96.607,25.563,29.865,1037.665,808.105,-0.396,-0.408,6.114,31.436,-2.258,-7.029
4201,Illapel,Choapa,Región de Coquimbo,4.0,fixed,2026Q1,94.0,902.0,255.0,362.994,273.828,16.021,274.34,280.153,2026Q2,88.0,754.0,246.0,394.216,323.701,13.595,284.936,381.436,31.222,8.601,49.873,18.213,-2.426,-15.143
4201,Illapel,Choapa,Región de Coquimbo,4.0,mobile,2026Q1,59.0,177.0,100.0,81.893,17.147,34.525,1876.576,1700.966,2026Q2,49.0,119.0,75.0,84.622,18.899,35.076,1695.686,1245.059,2.729,3.332,1.752,10.218,0.551,1.596
4202,Canela,Choapa,Región de Coquimbo,4.0,fixed,2026Q1,28.0,86.0,41.0,292.756,202.59,19.919,267.919,279.616,2026Q2,23.0,87.0,32.0,289.249,189.174,14.724,202.989,245.034,-3.507,-1.198,-13.416,-6.622,-5.195,-26.081
4202,Canela,Choapa,Región de Coquimbo,4.0,mobile,2026Q1,28.0,97.0,38.0,42.455,12.679,127.938,1348.812,2361.794,2026Q2,15.0,44.0,19.0,48.103,11.735,92.205,961.14,2798.886,5.648,13.303,-0.944,-7.445,-35.733,-27.93
4203,Los Vilos,Choapa,Región de Coquimbo,4.0,fixed,2026Q1,64.0,575.0,222.0,389.207,293.305,16.209,268.617,256.743,2026Q2,71.0,443.0,195.0,379.65,304.811,13.939,230.722,226.413,-9.557,-2.456,11.506,3.923,-2.27,-14.005
4203,Los Vilos,Choapa,Región de Coquimbo,4.0,mobile,2026Q1,99.0,544.0,237.0,67.017,14.251,110.369,1810.445,1499.89,2026Q2,87.0,381.0,127.0,69.31,13.98,78.457,1334.703,1562.701,2.293,3.422,-0.271,-1.902,-31.912,-28.914
4204,Salamanca,Choapa,Región de Coquimbo,4.0,fixed,2026Q1,112.0,537.0,244.0,243.499,170.204,15.851,342.565,364.06,2026Q2,88.0,469.0,214.0,228.789,175.32,11.574,256.464,442.34,-14.71,-6.041,5.116,3.006,-4.277,-26.983
4204,Salamanca,Choapa,Región de Coquimbo,4.0,mobile,2026Q1,84.0,243.0,142.0,75.862,18.249,71.267,1516.678,1261.609,2026Q2,78.0,272.0,138.0,62.956,16.196,46.82,1593.609,1228.225,-12.906,-17.012,-2.053,-11.25,-24.447,-34.303
4301,Ovalle,Limarí,Región de Coquimbo,4.0,fixed,2026Q1,172.0,2003.0,728.0,381.954,340.072,12.115,183.264,222.676,2026Q2,163.0,2101.0,722.0,407.545,368.703,10.017,192.773,227.756,25.591,6.7,28.631,8.419,-2.098,-17.317
4301,Ovalle,Limarí,Región de Coquimbo,4.0,mobile,2026Q1,153.0,606.0,288.0,69.692,19.125,33.38,1704.384,1437.85,2026Q2,123.0,570.0,293.0,73.872,17.905,34.004,1573.862,1389.979,4.18,5.998,-1.22,-6.379,0.624,1.869
4302,Combarbalá,Limarí,Región de Coquimbo,4.0,fixed,2026Q1,37.0,338.0,75.0,334.822,277.724,16.565,212.595,684.571,2026Q2,34.0,339.0,92.0,357.837,330.762,15.142,242.617,301.109,23.015,6.874,53.038,19.097,-1.423,-8.59
4302,Combarbalá,Limarí,Región de Coquimbo,4.0,mobile,2026Q1,27.0,110.0,47.0,116.029,21.519,53.318,1044.5,1126.791,2026Q2,28.0,107.0,54.0,94.876,25.26,31.43,920.636,1416.701,-21.153,-18.231,3.741,17.385,-21.888,-41.052
4303,Monte Patria,Limarí,Región de Coquimbo,4.0,fixed,2026Q1,51.0,283.0,115.0,406.122,358.755,12.724,163.569,234.035,2026Q2,56.0,291.0,105.0,419.153,326.172,9.698,173.079,284.955,13.031,3.209,-32.583,-9.082,-3.026,-23.782
4303,Monte Patria,Limarí,Región de Coquimbo,4.0,mobile,2026Q1,55.0,154.0,75.0,40.181,12.062,40.117,2039.627,1461.869,2026Q2,65.0,259.0,89.0,43.919,17.481,42.162,1986.472,1273.633,3.738,9.303,5.419,44.926,2.045,5.098
4304,Punitaqui,Limarí,Región de Coquimbo,4.0,fixed,2026Q1,21.0,71.0,32.0,408.937,268.359,11.0,232.873,193.465,2026Q2,17.0,60.0,25.0,519.537,385.739,48.667,334.75,310.933,110.6,27.046,117.38,43.74,37.667,342.427
4304,Punitaqui,Limarí,Región de Coquimbo,4.0,mobile,2026Q1,21.0,52.0,26.0,63.381,11.739,36.058,1244.837,1869.808,2026Q2,14.0,44.0,17.0,44.356,7.764,45.023,1032.023,2916.0,-19.025,-30.017,-3.975,-33.861,8.965,24.863
4305,Río Hurtado,Limarí,Región de Coquimbo,4.0,fixed,2026Q1,12.0,30.0,14.0,165.731,59.751,24.733,309.633,261.433,2026Q2,15.0,32.0,21.0,192.142,60.24,25.219,366.625,124.375,26.411,15.936,0.489,0.818,0.486,1.965
4305,Río Hurtado,Limarí,Región de Coquimbo,4.0,mobile,2026Q1,11.0,23.0,14.0,57.306,8.645,32.043,998.739,1097.435,2026Q2,38.0,73.0,40.0,95.963,20.145,34.89,898.042,987.753,38.657,67.457,11.5,133.025,2.847,8.885
5101,Valparaíso,Valparaíso,Región de Valparaíso,5.0,fixed,2026Q1,228.0,7060.0,2726.0,407.412,346.073,7.831,223.336,237.235,2026Q2,227.0,6047.0,2324.0,418.536,359.207,7.683,239.979,290.829,11.124,2.73,13.134,3.795,-0.148,-1.89
5101,Valparaíso,Valparaíso,Región de Valparaíso,5.0,mobile,2026Q1,232.0,1847.0,871.0,93.962,20.18,25.069,1462.292,1225.49,2026Q2,209.0,1777.0,747.0,97.719,19.763,24.749,1509.349,1508.438,3.757,3.998,-0.417,-2.066,-0.32,-1.276
5102,Casablanca,Valparaíso,Región de Valparaíso,5.0,fixed,2026Q1,115.0,972.0,293.0,230.513,146.224,20.838,280.415,274.289,2026Q2,124.0,768.0,280.0,270.44,213.382,14.509,249.529,212.711,39.927,17.321,67.158,45.928,-6.329,-30.372
5102,Casablanca,Valparaíso,Región de Valparaíso,5.0,mobile,2026Q1,137.0,397.0,208.0,76.962,17.673,39.431,1507.065,1352.894,2026Q2,113.0,335.0,176.0,76.004,14.521,33.997,1402.889,1156.495,-0.958,-1.245,-3.152,-17.835,-5.434,-13.781
5103,Concón,Valparaíso,Región de Valparaíso,5.0,fixed,2026Q1,69.0,2817.0,1010.0,406.63,334.378,8.375,227.519,212.033,2026Q2,68.0,2741.0,848.0,424.495,367.061,7.403,279.592,231.276,17.865,4.393,32.683,9.774,-0.972,-11.606
5103,Concón,Valparaíso,Región de Valparaíso,5.0,mobile,2026Q1,65.0,421.0,218.0,103.716,18.648,25.705,1424.344,1220.675,2026Q2,65.0,389.0,172.0,123.724,21.444,24.871,1310.997,1148.463,20.008,19.291,2.796,14.994,-0.834,-3.245
5105,Puchuncaví,Valparaíso,Región de Valparaíso,5.0,fixed,2026Q1,153.0,1196.0,517.0,328.247,270.463,12.135,315.666,277.777,2026Q2,111.0,710.0,255.0,359.413,287.129,7.932,361.606,332.489,31.166,9.495,16.666,6.162,-4.203,-34.635
5105,Puchuncaví,Valparaíso,Región de Valparaíso,5.0,mobile,2026Q1,110.0,503.0,270.0,93.016,18.571,28.308,1709.204,1248.899,2026Q2,94.0,340.0,147.0,160.744,28.788,21.444,1424.299,1264.693,67.728,72.813,10.217,55.016,-6.864,-24.248
5107,Quintero,Valparaíso,Región de Valparaíso,5.0,fixed,2026Q1,69.0,1120.0,388.0,422.184,374.395,8.366,212.829,185.079,2026Q2,72.0,1564.0,351.0,489.493,450.152,7.719,210.604,218.995,67.309,15.943,75.757,20.235,-0.647,-7.734
5107,Quintero,Valparaíso,Región de Valparaíso,5.0,mobile,2026Q1,83.0,438.0,213.0,70.359,14.964,29.5,1932.443,1545.845,2026Q2,65.0,259.0,129.0,103.445,22.699,22.849,1764.911,1213.598,33.086,47.025,7.735,51.691,-6.651,-22.546
5109,Viña del Mar,Valparaíso,Región de Valparaíso,5.0,fixed,2026Q1,262.0,11729.0,4557.0,421.57,353.462,7.504,230.912,228.962,2026Q2,249.0,11444.0,4095.0,436.858,381.386,6.818,247.507,231.053,15.288,3.626,27.924,7.9,-0.686,-9.142
5109,Viña del Mar,Valparaíso,Región de Valparaíso,5.0,mobile,2026Q1,226.0,3063.0,1234.0,108.068,25.818,25.832,1578.865,976.661,2026Q2,220.0,2521.0,1025.0,103.145,23.628,24.845,1655.75,1254.044,-4.923,-4.555,-2.19,-8.482,-0.987,-3.821
5301,Los Andes,Los Andes,Región de Valparaíso,5.0,fixed,2026Q1,75.0,1425.0,573.0,438.903,381.689,7.352,246.046,235.999,2026Q2,76.0,1721.0,655.0,425.819,374.128,7.472,210.523,208.04,-13.084,-2.981,-7.561,-1.981,0.12,1.632
5301,Los Andes,Los Andes,Región de Valparaíso,5.0,mobile,2026Q1,84.0,755.0,225.0,73.266,16.717,25.212,1261.334,1181.51,2026Q2,81.0,449.0,228.0,108.782,20.731,27.287,1236.408,1255.356,35.516,48.475,4.014,24.011,2.075,8.23
5302,Calle Larga,Los Andes,Región de Valparaíso,5.0,fixed,2026Q1,55.0,489.0,181.0,431.851,368.633,7.102,225.583,199.638,2026Q2,51.0,500.0,206.0,454.901,391.131,7.334,154.662,230.678,23.05,5.337,22.498,6.103,0.232,3.267
5302,Calle Larga,Los Andes,Región de Valparaíso,5.0,mobile,2026Q1,27.0,51.0,38.0,111.311,15.514,21.647,1243.667,1373.922,2026Q2,27.0,70.0,41.0,122.204,19.726,24.7,1495.4,1156.319,10.893,9.786,4.212,27.15,3.053,14.104
5303,Rinconada,Los Andes,Región de Valparaíso,5.0,fixed,2026Q1,43.0,442.0,126.0,300.613,218.47,13.719,254.233,366.805,2026Q2,47.0,406.0,134.0,355.584,256.364,11.749,267.773,262.318,54.971,18.286,37.894,17.345,-1.97,-14.36
5303,Rinconada,Los Andes,Región de Valparaíso,5.0,mobile,2026Q1,23.0,59.0,29.0,93.329,14.084,21.305,2131.746,1524.695,2026Q2,26.0,77.0,43.0,99.049,11.87,26.935,1172.684,1230.145,5.72,6.129,-2.214,-15.72,5.63,26.426
5304,San Esteban,Los Andes,Región de Valparaíso,5.0,fixed,2026Q1,58.0,393.0,145.0,346.747,273.607,10.634,214.56,201.156,2026Q2,61.0,419.0,150.0,352.467,260.29,9.277,266.084,207.955,5.72,1.65,-13.317,-4.867,-1.357,-12.761
5304,San Esteban,Los Andes,Región de Valparaíso,5.0,mobile,2026Q1,31.0,75.0,43.0,100.762,15.727,21.533,1381.216,1142.149,2026Q2,40.0,117.0,53.0,113.603,14.366,27.427,1281.929,1099.325,12.841,12.744,-1.361,-8.654,5.894,27.372
5401,La Ligua,Petorca,Región de Valparaíso,5.0,fixed,2026Q1,126.0,904.0,337.0,331.713,272.607,11.421,258.392,258.583,2026Q2,106.0,793.0,286.0,377.446,335.822,8.97,227.483,271.48,45.733,13.787,63.215,23.189,-2.451,-21.46
5401,La Ligua,Petorca,Región de Valparaíso,5.0,mobile,2026Q1,122.0,751.0,277.0,63.827,17.416,84.762,1716.097,1279.658,2026Q2,87.0,325.0,147.0,88.84,20.081,70.323,1652.827,1202.225,25.013,39.189,2.665,15.302,-14.439,-17.035
5402,Cabildo,Petorca,Región de Valparaíso,5.0,fixed,2026Q1,65.0,374.0,128.0,180.294,147.477,11.575,283.973,218.759,2026Q2,51.0,314.0,105.0,195.065,174.111,9.936,290.14,458.818,14.771,8.193,26.634,18.06,-1.639,-14.16
5402,Cabildo,Petorca,Región de Valparaíso,5.0,mobile,2026Q1,30.0,149.0,47.0,102.466,18.336,29.725,1747.718,1292.416,2026Q2,45.0,160.0,68.0,141.137,22.867,50.538,1161.836,1182.156,38.671,37.74,4.531,24.711,20.813,70.019
5403,Papudo,Petorca,Región de Valparaíso,5.0,fixed,2026Q1,40.0,592.0,277.0,320.762,283.843,8.076,205.726,214.693,2026Q2,37.0,300.0,134.0,306.994,273.461,9.543,343.687,195.533,-13.768,-4.292,-10.382,-3.658,1.467,18.165
5403,Papudo,Petorca,Región de Valparaíso,5.0,mobile,2026Q1,44.0,405.0,162.0,66.795,20.27,37.41,1487.538,1220.706,2026Q2,29.0,73.0,51.0,147.114,26.969,20.712,1265.301,1105.699,80.319,120.247,6.699,33.049,-16.698,-44.635
5404,Petorca,Petorca,Región de Valparaíso,5.0,fixed,2026Q1,20.0,90.0,35.0,151.715,86.129,20.078,510.156,471.589,2026Q2,22.0,57.0,25.0,275.913,167.477,16.719,267.754,338.789,124.198,81.863,81.348,94.449,-3.359,-16.73
5404,Petorca,Petorca,Región de Valparaíso,5.0,mobile,2026Q1,23.0,66.0,24.0,65.839,11.017,173.439,1321.076,2141.015,2026Q2,30.0,103.0,37.0,90.336,15.175,51.243,1062.431,1688.796,24.497,37.207,4.158,37.742,-122.196,-70.455
5405,Zapallar,Petorca,Región de Valparaíso,5.0,fixed,2026Q1,91.0,906.0,315.0,284.658,189.648,17.33,283.531,267.579,2026Q2,84.0,614.0,212.0,314.08,227.64,12.35,362.042,306.029,29.422,10.336,37.992,20.033,-4.98,-28.736
5405,Zapallar,Petorca,Región de Valparaíso,5.0,mobile,2026Q1,56.0,271.0,118.0,141.33,31.488,31.513,1169.133,1000.893,2026Q2,53.0,146.0,75.0,94.0,15.661,29.815,1242.049,1276.469,-47.33,-33.489,-15.827,-50.264,-1.698,-5.388
5501,Quillota,Quillota,Región de Valparaíso,5.0,fixed,2026Q1,147.0,2331.0,787.0,409.827,354.554,8.161,202.078,217.436,2026Q2,147.0,2352.0,785.0,433.607,378.527,7.096,229.339,241.307,23.78,5.802,23.973,6.761,-1.065,-13.05
5501,Quillota,Quillota,Región de Valparaíso,5.0,mobile,2026Q1,106.0,536.0,230.0,89.114,18.417,24.125,1645.886,1230.508,2026Q2,115.0,549.0,253.0,73.027,18.259,24.889,1779.784,1080.647,-16.087,-18.052,-0.158,-0.858,0.764,3.167
5502,Calera,Quillota,Región de Valparaíso,5.0,fixed,2026Q1,55.0,863.0,334.0,439.007,371.079,7.754,237.738,181.009,2026Q2,56.0,973.0,315.0,409.275,355.977,8.189,204.967,229.285,-29.732,-6.773,-15.102,-4.07,0.435,5.61
5502,Calera,Quillota,Región de Valparaíso,5.0,mobile,2026Q1,45.0,332.0,140.0,64.93,17.248,26.148,1853.644,998.117,2026Q2,48.0,205.0,115.0,86.056,19.375,25.42,1517.143,972.556,21.126,32.537,2.127,12.332,-0.728,-2.784
5503,Hijuelas,Quillota,Región de Valparaíso,5.0,fixed,2026Q1,67.0,547.0,131.0,271.421,203.771,18.799,219.599,164.612,2026Q2,67.0,553.0,133.0,404.488,378.228,8.016,309.043,163.533,133.067,49.026,174.457,85.614,-10.783,-57.359
5503,Hijuelas,Quillota,Región de Valparaíso,5.0,mobile,2026Q1,41.0,154.0,70.0,71.462,12.038,24.714,1708.24,1098.448,2026Q2,44.0,83.0,57.0,112.197,13.139,23.205,1364.42,1444.904,40.735,57.002,1.101,9.146,-1.509,-6.106
5504,La Cruz,Quillota,Región de Valparaíso,5.0,fixed,2026Q1,50.0,547.0,223.0,421.748,356.746,6.389,203.049,276.475,2026Q2,52.0,440.0,186.0,410.617,337.494,7.405,202.153,169.574,-11.131,-2.639,-19.252,-5.397,1.016,15.902
5504,La Cruz,Quillota,Región de Valparaíso,5.0,mobile,2026Q1,31.0,110.0,48.0,89.839,16.854,31.618,2392.56,1838.036,2026Q2,33.0,100.0,49.0,111.038,25.261,23.6,1118.316,1117.01,21.199,23.597,8.407,49.881,-8.018,-25.359
5506,Nogales,Quillota,Región de Valparaíso,5.0,fixed,2026Q1,57.0,235.0,111.0,365.988,283.101,12.089,255.077,273.191,2026Q2,49.0,244.0,109.0,410.644,325.085,10.098,209.143,252.393,44.656,12.201,41.984,14.83,-1.991,-16.47
5506,Nogales,Quillota,Región de Valparaíso,5.0,mobile,2026Q1,50.0,125.0,72.0,65.798,14.114,30.672,1393.744,1569.52,2026Q2,43.0,134.0,62.0,79.694,14.611,31.112,1068.545,1357.851,13.896,21.119,0.497,3.521,0.44,1.435
5601,San Antonio,San Antonio,Región de Valparaíso,5.0,fixed,2026Q1,129.0,2004.0,704.0,376.702,333.364,8.617,253.997,291.645,2026Q2,121.0,2205.0,646.0,416.361,371.167,7.007,179.696,295.17,39.659,10.528,37.803,11.34,-1.61,-18.684
5601,San Antonio,San Antonio,Región de Valparaíso,5.0,mobile,2026Q1,129.0,881.0,414.0,96.679,18.439,27.756,1678.028,1403.3,2026Q2,107.0,665.0,274.0,91.308,20.469,23.865,1665.099,1242.188,-5.371,-5.555,2.03,11.009,-3.891,-14.019
5602,Algarrobo,San Antonio,Región de Valparaíso,5.0,fixed,2026Q1,114.0,1312.0,582.0,327.441,280.578,11.016,235.406,290.255,2026Q2,106.0,902.0,384.0,347.271,301.519,9.672,282.487,277.718,19.83,6.056,20.941,7.464,-1.344,-12.2
5602,Algarrobo,San Antonio,Región de Valparaíso,5.0,mobile,2026Q1,104.0,622.0,274.0,79.47,17.562,33.129,1706.317,1376.109,2026Q2,80.0,501.0,152.0,91.893,15.701,26.812,1824.912,1047.066,12.423,15.632,-1.861,-10.597,-6.317,-19.068
5603,Cartagena,San Antonio,Región de Valparaíso,5.0,fixed,2026Q1,60.0,819.0,277.0,331.735,306.138,3.753,258.502,404.355,2026Q2,58.0,749.0,240.0,390.547,376.733,3.469,277.499,342.222,58.812,17.729,70.595,23.06,-0.284,-7.567
5603,Cartagena,San Antonio,Región de Valparaíso,5.0,mobile,2026Q1,57.0,471.0,207.0,70.312,14.671,32.76,2111.321,1436.677,2026Q2,46.0,227.0,99.0,85.843,14.98,28.802,1555.291,1280.784,15.531,22.089,0.309,2.106,-3.958,-12.082
5604,El Quisco,San Antonio,Región de Valparaíso,5.0,fixed,2026Q1,77.0,791.0,325.0,372.618,306.053,6.355,326.601,314.726,2026Q2,76.0,599.0,230.0,356.832,297.006,8.509,238.05,261.27,-15.786,-4.237,-9.047,-2.956,2.154,33.895
5604,El Quisco,San Antonio,Región de Valparaíso,5.0,mobile,2026Q1,81.0,729.0,275.0,128.502,29.924,28.593,1663.466,1083.818,2026Q2,61.0,292.0,120.0,145.779,23.947,23.719,1328.175,1121.729,17.277,13.445,-5.977,-19.974,-4.874,-17.046
5605,El Tabo,San Antonio,Región de Valparaíso,5.0,fixed,2026Q1,95.0,898.0,366.0,369.473,340.796,6.285,300.017,305.0,2026Q2,85.0,570.0,223.0,468.657,414.106,4.975,201.368,221.588,99.184,26.845,73.31,21.511,-1.31,-20.843
5605,El Tabo,San Antonio,Región de Valparaíso,5.0,mobile,2026Q1,85.0,684.0,335.0,88.087,18.448,43.839,1874.351,1141.287,2026Q2,67.0,202.0,121.0,116.788,22.986,24.218,1491.762,1073.213,28.701,32.583,4.538,24.599,-19.621,-44.757
5606,Santo Domingo,San Antonio,Región de Valparaíso,5.0,fixed,2026Q1,111.0,937.0,395.0,282.399,219.014,10.986,230.671,245.369,2026Q2,102.0,861.0,285.0,331.478,256.231,9.948,238.553,243.105,49.079,17.379,37.217,16.993,-1.038,-9.448
5606,Santo Domingo,San Antonio,Región de Valparaíso,5.0,mobile,2026Q1,69.0,243.0,109.0,79.266,17.226,30.877,1730.485,1233.227,2026Q2,59.0,138.0,76.0,72.549,15.58,24.522,1700.365,1549.043,-6.717,-8.474,-1.646,-9.555,-6.355,-20.582
5701,San Felipe,San Felipe,Región de Valparaíso,5.0,fixed,2026Q1,103.0,1591.0,626.0,404.228,309.123,9.389,238.869,219.083,2026Q2,98.0,2452.0,669.0,447.447,376.226,7.159,177.941,183.214,43.219,10.692,67.103,21.708,-2.23,-23.751
5701,San Felipe,San Felipe,Región de Valparaíso,5.0,mobile,2026Q1,74.0,473.0,220.0,90.015,18.52,24.3,1313.078,1323.879,2026Q2,92.0,512.0,234.0,120.886,20.909,28.873,1356.276,1126.314,30.871,34.295,2.389,12.9,4.573,18.819
5702,Catemu,San Felipe,Región de Valparaíso,5.0,fixed,2026Q1,26.0,172.0,58.0,382.914,290.75,12.523,274.203,270.209,2026Q2,30.0,230.0,75.0,430.364,369.36,9.548,218.13,271.265,47.45,12.392,78.61,27.037,-2.975,-23.756
5702,Catemu,San Felipe,Región de Valparaíso,5.0,mobile,2026Q1,40.0,169.0,64.0,85.802,15.241,31.101,1171.857,1108.583,2026Q2,43.0,249.0,78.0,73.453,15.63,63.767,1821.911,1790.065,-12.349,-14.392,0.389,2.552,32.666,105.032
5703,Llaillay,San Felipe,Región de Valparaíso,5.0,fixed,2026Q1,47.0,498.0,161.0,436.889,358.616,8.576,244.496,242.46,2026Q2,49.0,775.0,189.0,444.938,330.5,10.379,172.114,209.857,8.049,1.842,-28.116,-7.84,1.803,21.024
5703,Llaillay,San Felipe,Región de Valparaíso,5.0,mobile,2026Q1,58.0,233.0,92.0,71.401,17.754,23.133,1187.815,1034.682,2026Q2,57.0,203.0,111.0,94.739,22.33,25.872,1475.706,905.886,23.338,32.686,4.576,25.774,2.739,11.84
5704,Panquehue,San Felipe,Región de Valparaíso,5.0,fixed,2026Q1,33.0,171.0,60.0,337.167,255.016,14.292,189.468,146.462,2026Q2,36.0,206.0,84.0,428.059,376.512,7.879,267.951,141.354,90.892,26.958,121.496,47.643,-6.413,-44.871
5704,Panquehue,San Felipe,Región de Valparaíso,5.0,mobile,2026Q1,36.0,256.0,70.0,113.491,16.725,26.059,1363.686,982.266,2026Q2,31.0,132.0,43.0,103.073,19.666,25.288,1377.136,1099.568,-10.418,-9.18,2.941,17.584,-0.771,-2.959
5705,Putaendo,San Felipe,Región de Valparaíso,5.0,fixed,2026Q1,71.0,370.0,123.0,374.755,279.217,8.762,280.997,179.832,2026Q2,60.0,381.0,119.0,366.145,290.694,7.291,274.738,213.331,-8.61,-2.298,11.477,4.11,-1.471,-16.788
5705,Putaendo,San Felipe,Región de Valparaíso,5.0,mobile,2026Q1,31.0,93.0,40.0,89.634,13.244,101.978,1291.522,1430.444,2026Q2,33.0,131.0,50.0,109.588,15.605,48.412,1170.389,1255.389,19.954,22.262,2.361,17.827,-53.566,-52.527
5706,Santa María,San Felipe,Región de Valparaíso,5.0,fixed,2026Q1,42.0,252.0,84.0,387.039,319.551,7.44,159.206,283.115,2026Q2,52.0,303.0,109.0,377.722,313.286,8.673,198.877,282.169,-9.317,-2.407,-6.265,-1.961,1.233,16.573
5706,Santa María,San Felipe,Región de Valparaíso,5.0,mobile,2026Q1,27.0,62.0,41.0,104.627,15.287,19.274,1297.656,1247.508,2026Q2,19.0,42.0,24.0,88.169,13.777,21.0,1883.475,873.262,-16.458,-15.73,-1.51,-9.878,1.726,8.955
5801,Quilpué,Marga Marga,Región de Valparaíso,5.0,fixed,2026Q1,148.0,4353.0,1707.0,426.361,377.755,7.621,219.604,219.164,2026Q2,143.0,4486.0,1669.0,444.224,381.834,7.653,219.906,211.521,17.863,4.19,4.079,1.08,0.032,0.42
5801,Quilpué,Marga Marga,Región de Valparaíso,5.0,mobile,2026Q1,131.0,1025.0,439.0,94.403,21.109,24.029,1329.74,1224.893,2026Q2,116.0,741.0,354.0,104.384,23.636,25.024,1948.097,1111.753,9.981,10.573,2.527,11.971,0.995,4.141
5802,Limache,Marga Marga,Región de Valparaíso,5.0,fixed,2026Q1,172.0,1644.0,598.0,365.744,310.749,9.325,202.841,235.662,2026Q2,175.0,1692.0,591.0,384.506,314.91,8.605,229.881,229.821,18.762,5.13,4.161,1.339,-0.72,-7.721
5802,Limache,Marga Marga,Región de Valparaíso,5.0,mobile,2026Q1,115.0,413.0,199.0,81.01,15.642,30.237,1573.749,1360.157,2026Q2,110.0,575.0,224.0,84.659,18.08,29.805,1579.336,1165.69,3.649,4.504,2.438,15.586,-0.432,-1.429
5803,Olmué,Marga Marga,Región de Valparaíso,5.0,fixed,2026Q1,97.0,583.0,213.0,301.755,241.673,11.103,284.799,223.677,2026Q2,106.0,688.0,218.0,313.964,266.193,8.368,259.371,378.068,12.209,4.046,24.52,10.146,-2.735,-24.633
5803,Olmué,Marga Marga,Región de Valparaíso,5.0,mobile,2026Q1,81.0,334.0,146.0,82.313,14.768,30.458,1369.453,1167.231,2026Q2,74.0,314.0,111.0,85.428,15.06,24.637,1471.152,1134.369,3.115,3.784,0.292,1.977,-5.821,-19.112
5804,Villa Alemana,Marga Marga,Región de Valparaíso,5.0,fixed,2026Q1,113.0,4295.0,1640.0,437.596,384.446,7.374,199.719,201.481,2026Q2,109.0,5180.0,1757.0,445.252,401.163,7.101,215.2,207.403,7.656,1.75,16.717,4.348,-0.273,-3.702
5804,Villa Alemana,Marga Marga,Región de Valparaíso,5.0,mobile,2026Q1,94.0,595.0,268.0,117.901,24.019,27.371,1451.573,1003.654,2026Q2,88.0,645.0,259.0,113.145,19.846,24.617,1477.479,1257.726,-4.756,-4.034,-4.173,-17.374,-2.754,-10.062
6101,Rancagua,Cachapoal,Región del Libertador Bernardo O'Higgins,6.0,fixed,2026Q1,232.0,5910.0,2482.0,417.355,358.831,5.711,197.079,200.759,2026Q2,231.0,6412.0,2560.0,433.51,376.691,5.893,188.079,195.633,16.155,3.871,17.86,4.977,0.182,3.187
6101,Rancagua,Cachapoal,Región del Libertador Bernardo O'Higgins,6.0,mobile,2026Q1,186.0,1184.0,584.0,102.56,22.637,22.981,1194.68,1105.074,2026Q2,173.0,1258.0,589.0,88.536,21.195,23.47,1299.455,1150.279,-14.024,-13.674,-1.442,-6.37,0.489,2.128
6102,Codegua,Cachapoal,Región del Libertador Bernardo O'Higgins,6.0,fixed,2026Q1,44.0,201.0,77.0,319.473,310.806,4.716,307.075,284.9,2026Q2,51.0,254.0,101.0,307.141,256.095,6.339,242.504,286.37,-12.332,-3.86,-54.711,-17.603,1.623,34.415
6102,Codegua,Cachapoal,Región del Libertador Bernardo O'Higgins,6.0,mobile,2026Q1,18.0,44.0,26.0,89.52,15.711,23.773,1132.093,1377.395,2026Q2,20.0,65.0,31.0,94.768,21.09,23.969,1424.206,1349.646,5.248,5.862,5.379,34.237,0.196,0.824
6103,Coinco,Cachapoal,Región del Libertador Bernardo O'Higgins,6.0,fixed,2026Q1,27.0,127.0,36.0,494.21,428.795,4.795,321.031,407.543,2026Q2,33.0,167.0,50.0,366.01,304.943,5.359,270.383,209.772,-128.2,-25.94,-123.852,-28.884,0.564,11.762
6103,Coinco,Cachapoal,Región del Libertador Bernardo O'Higgins,6.0,mobile,2026Q1,14.0,41.0,20.0,98.522,10.663,26.146,1090.854,1442.366,2026Q2,15.0,98.0,27.0,108.398,11.141,25.541,1295.214,2033.959,9.876,10.024,0.478,4.483,-0.605,-2.314
6104,Coltauco,Cachapoal,Región del Libertador Bernardo O'Higgins,6.0,fixed,2026Q1,106.0,725.0,167.0,350.585,297.204,5.917,175.032,215.153,2026Q2,99.0,592.0,183.0,341.853,298.723,4.699,156.69,256.156,-8.732,-2.491,1.519,0.511,-1.218,-20.585
6104,Coltauco,Cachapoal,Región del Libertador Bernardo O'Higgins,6.0,mobile,2026Q1,56.0,377.0,80.0,31.14,7.542,37.589,2306.016,1430.79,2026Q2,33.0,102.0,48.0,111.558,25.736,22.324,843.716,949.284,80.418,258.247,18.194,241.236,-15.265,-40.61
6105,Doñihue,Cachapoal,Región del Libertador Bernardo O'Higgins,6.0,fixed,2026Q1,59.0,267.0,129.0,423.874,337.4,5.79,213.026,290.839,2026Q2,58.0,380.0,123.0,458.977,400.208,4.411,176.135,319.805,35.103,8.281,62.808,18.615,-1.379,-23.817
6105,Doñihue,Cachapoal,Región del Libertador Bernardo O'Higgins,6.0,mobile,2026Q1,40.0,103.0,69.0,135.33,22.002,26.854,1466.284,1242.255,2026Q2,37.0,126.0,53.0,115.032,18.695,22.286,1104.468,1258.714,-20.298,-14.999,-3.307,-15.03,-4.568,-17.011
6106,Graneros,Cachapoal,Región del Libertador Bernardo O'Higgins,6.0,fixed,2026Q1,52.0,626.0,260.0,411.013,356.196,4.8,211.827,264.006,2026Q2,53.0,780.0,277.0,428.324,359.661,4.476,172.833,256.527,17.311,4.212,3.465,0.973,-0.324,-6.75
6106,Graneros,Cachapoal,Región del Libertador Bernardo O'Higgins,6.0,mobile,2026Q1,40.0,101.0,66.0,95.768,19.74,20.465,1205.85,1021.762,2026Q2,30.0,121.0,53.0,106.962,28.971,24.14,1008.876,930.702,11.194,11.689,9.231,46.763,3.675,17.957
6107,Las Cabras,Cachapoal,Región del Libertador Bernardo O'Higgins,6.0,fixed,2026Q1,236.0,1510.0,550.0,201.537,150.435,14.715,244.045,267.028,2026Q2,160.0,737.0,299.0,279.797,217.238,10.186,178.204,196.499,78.26,38.832,66.803,44.407,-4.529,-30.778
6107,Las Cabras,Cachapoal,Región del Libertador Bernardo O'Higgins,6.0,mobile,2026Q1,144.0,471.0,239.0,60.686,14.557,60.454,1435.1,1463.783,2026Q2,91.0,323.0,138.0,67.626,18.68,35.186,1355.789,1596.777,6.94,11.436,4.123,28.323,-25.268,-41.797
6108,Machalí,Cachapoal,Región del Libertador Bernardo O'Higgins,6.0,fixed,2026Q1,112.0,2253.0,758.0,398.158,340.551,6.568,217.899,301.628,2026Q2,124.0,2161.0,646.0,444.871,381.485,6.268,194.822,257.464,46.713,11.732,40.934,12.02,-0.3,-4.568
6108,Machalí,Cachapoal,Región del Libertador Bernardo O'Higgins,6.0,mobile,2026Q1,81.0,275.0,159.0,98.598,20.947,22.789,1059.796,1086.055,2026Q2,90.0,349.0,156.0,89.113,21.609,21.645,974.748,1287.063,-9.485,-9.62,0.662,3.16,-1.144,-5.02
6109,Malloa,Cachapoal,Región del Libertador Bernardo O'Higgins,6.0,fixed,2026Q1,50.0,215.0,84.0,268.41,206.437,12.874,176.791,324.353,2026Q2,31.0,134.0,51.0,226.449,163.879,20.082,259.06,415.224,-41.961,-15.633,-42.558,-20.615,7.208,55.989
6109,Malloa,Cachapoal,Región del Libertador Bernardo O'Higgins,6.0,mobile,2026Q1,50.0,141.0,72.0,71.437,16.36,31.284,1532.629,1192.617,2026Q2,32.0,93.0,41.0,71.985,13.908,27.989,1380.774,1133.011,0.548,0.767,-2.452,-14.988,-3.295,-10.533
6110,Mostazal,Cachapoal,Región del Libertador Bernardo O'Higgins,6.0,fixed,2026Q1,88.0,733.0,209.0,341.523,269.558,7.55,197.045,252.84,2026Q2,87.0,690.0,212.0,363.606,275.105,9.87,193.758,216.484,22.083,6.466,5.547,2.058,2.32,30.728
6110,Mostazal,Cachapoal,Región del Libertador Bernardo O'Higgins,6.0,mobile,2026Q1,45.0,155.0,82.0,109.759,20.14,31.161,1048.461,1205.465,2026Q2,57.0,249.0,106.0,105.917,20.332,53.928,1088.721,1151.664,-3.842,-3.5,0.192,0.953,22.767,73.062
6111,Olivar,Cachapoal,Región del Libertador Bernardo O'Higgins,6.0,fixed,2026Q1,41.0,276.0,84.0,482.088,419.657,4.388,223.138,273.025,2026Q2,35.0,252.0,65.0,432.481,362.928,3.746,133.028,210.913,-49.607,-10.29,-56.729,-13.518,-0.642,-14.631
6111,Olivar,Cachapoal,Región del Libertador Bernardo O'Higgins,6.0,mobile,2026Q1,27.0,80.0,44.0,143.833,25.732,20.788,1201.38,835.062,2026Q2,22.0,59.0,29.0,138.398,27.333,22.508,964.379,1108.345,-5.435,-3.779,1.601,6.222,1.72,8.274
6112,Peumo,Cachapoal,Región del Libertador Bernardo O'Higgins,6.0,fixed,2026Q1,55.0,344.0,154.0,251.837,213.047,8.901,340.108,294.462,2026Q2,47.0,421.0,171.0,284.712,228.703,7.428,316.983,315.352,32.875,13.054,15.656,7.349,-1.473,-16.549
6112,Peumo,Cachapoal,Región del Libertador Bernardo O'Higgins,6.0,mobile,2026Q1,28.0,90.0,51.0,113.492,24.04,34.367,867.356,1203.522,2026Q2,35.0,148.0,64.0,101.275,18.997,39.034,986.497,1224.75,-12.217,-10.765,-5.043,-20.978,4.667,13.58
6113,Pichidegua,Cachapoal,Región del Libertador Bernardo O'Higgins,6.0,fixed,2026Q1,84.0,470.0,146.0,269.861,225.852,8.051,222.251,464.083,2026Q2,89.0,518.0,163.0,211.556,183.857,8.851,269.145,472.299,-58.305,-21.606,-41.995,-18.594,0.8,9.937
6113,Pichidegua,Cachapoal,Región del Libertador Bernardo O'Higgins,6.0,mobile,2026Q1,53.0,297.0,78.0,73.946,19.013,52.572,879.759,1140.767,2026Q2,56.0,224.0,90.0,100.036,22.512,39.473,1173.339,1157.125,26.09,35.283,3.499,18.403,-13.099,-24.916
6114,Quinta de Tilcoco,Cachapoal,Región del Libertador Bernardo O'Higgins,6.0,fixed,2026Q1,46.0,172.0,92.0,402.439,312.118,23.145,266.488,306.413,2026Q2,41.0,204.0,81.0,466.857,368.341,4.873,186.088,282.951,64.418,16.007,56.223,18.013,-18.272,-78.946
6114,Quinta de Tilcoco,Cachapoal,Región del Libertador Bernardo O'Higgins,6.0,mobile,2026Q1,26.0,135.0,40.0,103.254,21.52,23.874,1257.133,992.081,2026Q2,31.0,83.0,45.0,115.103,18.62,22.47,1029.133,1292.337,11.849,11.476,-2.9,-13.476,-1.404,-5.881
6115,Rengo,Cachapoal,Región del Libertador Bernardo O'Higgins,6.0,fixed,2026Q1,109.0,1706.0,586.0,421.561,354.843,7.113,160.506,185.047,2026Q2,112.0,1642.0,525.0,431.79,353.184,7.048,190.043,240.792,10.229,2.426,-1.659,-0.468,-0.065,-0.914
6115,Rengo,Cachapoal,Región del Libertador Bernardo O'Higgins,6.0,mobile,2026Q1,94.0,406.0,177.0,83.693,15.38,29.704,1699.656,1473.17,2026Q2,86.0,271.0,161.0,119.986,21.388,22.229,1217.796,1154.697,36.293,43.364,6.008,39.064,-7.475,-25.165
6116,Requínoa,Cachapoal,Región del Libertador Bernardo O'Higgins,6.0,fixed,2026Q1,85.0,440.0,192.0,358.767,294.58,7.55,215.293,256.875,2026Q2,78.0,520.0,200.0,388.448,317.671,8.198,235.145,333.502,29.681,8.273,23.091,7.839,0.648,8.583
6116,Requínoa,Cachapoal,Región del Libertador Bernardo O'Higgins,6.0,mobile,2026Q1,62.0,228.0,103.0,103.633,18.974,22.377,958.974,1153.163,2026Q2,53.0,263.0,81.0,80.946,17.444,22.859,895.841,1293.224,-22.687,-21.892,-1.53,-8.064,0.482,2.154
6117,San Vicente,Cachapoal,Región del Libertador Bernardo O'Higgins,6.0,fixed,2026Q1,174.0,1171.0,364.0,254.072,223.959,13.209,198.543,383.576,2026Q2,153.0,764.0,313.0,282.671,230.844,11.843,202.318,307.393,28.599,11.256,6.885,3.074,-1.366,-10.341
6117,San Vicente,Cachapoal,Región del Libertador Bernardo O'Higgins,6.0,mobile,2026Q1,93.0,267.0,152.0,91.236,15.621,40.116,1468.106,1423.451,2026Q2,70.0,247.0,120.0,57.344,16.722,28.688,1421.186,1309.272,-33.892,-37.148,1.101,7.048,-11.428,-28.487
6201,Pichilemu,Cardenal Caro,Región del Libertador Bernardo O'Higgins,6.0,fixed,2026Q1,90.0,784.0,343.0,289.43,219.471,15.704,237.853,272.761,2026Q2,79.0,579.0,223.0,342.118,269.386,13.377,185.223,213.744,52.688,18.204,49.915,22.743,-2.327,-14.818
6201,Pichilemu,Cardenal Caro,Región del Libertador Bernardo O'Higgins,6.0,mobile,2026Q1,88.0,546.0,292.0,99.643,21.036,51.487,1098.273,1340.868,2026Q2,69.0,222.0,136.0,93.028,18.503,34.194,1065.264,1370.788,-6.615,-6.639,-2.533,-12.041,-17.293,-33.587
6202,La Estrella,Cardenal Caro,Región del Libertador Bernardo O'Higgins,6.0,fixed,2026Q1,40.0,147.0,55.0,231.091,113.281,26.918,295.422,308.534,2026Q2,20.0,73.0,29.0,453.156,292.87,16.63,198.712,148.89,222.065,96.094,179.589,158.534,-10.288,-38.22
6202,La Estrella,Cardenal Caro,Región del Libertador Bernardo O'Higgins,6.0,mobile,2026Q1,46.0,168.0,58.0,54.167,12.492,65.024,1641.5,1791.287,2026Q2,41.0,200.0,54.0,93.884,15.532,38.905,1482.155,1318.457,39.717,73.323,3.04,24.336,-26.119,-40.168
6203,Litueche,Cardenal Caro,Región del Libertador Bernardo O'Higgins,6.0,fixed,2026Q1,76.0,313.0,98.0,215.657,75.176,25.719,283.249,197.061,2026Q2,57.0,207.0,74.0,245.392,110.89,20.444,190.309,191.159,29.735,13.788,35.714,47.507,-5.275,-20.51
6203,Litueche,Cardenal Caro,Región del Libertador Bernardo O'Higgins,6.0,mobile,2026Q1,37.0,126.0,54.0,86.601,14.614,32.214,1016.508,1064.238,2026Q2,42.0,87.0,66.0,43.939,12.679,56.874,1620.612,1675.14,-42.662,-49.263,-1.935,-13.241,24.66,76.551
6204,Marchigüe,Cardenal Caro,Región del Libertador Bernardo O'Higgins,6.0,fixed,2026Q1,33.0,168.0,49.0,144.601,69.241,19.077,290.435,318.149,2026Q2,35.0,153.0,47.0,204.344,97.137,19.582,153.922,259.395,59.743,41.316,27.896,40.288,0.505,2.647
6204,Marchigüe,Cardenal Caro,Región del Libertador Bernardo O'Higgins,6.0,mobile,2026Q1,46.0,197.0,64.0,98.124,13.165,46.396,1056.325,1368.416,2026Q2,55.0,180.0,82.0,105.478,14.311,30.511,1273.669,1511.178,7.354,7.495,1.146,8.705,-15.885,-34.238
6205,Navidad,Cardenal Caro,Región del Libertador Bernardo O'Higgins,6.0,fixed,2026Q1,81.0,366.0,156.0,327.283,215.589,17.809,366.216,258.817,2026Q2,61.0,282.0,102.0,315.474,233.59,15.582,185.936,224.163,-11.809,-3.608,18.001,8.35,-2.227,-12.505
6205,Navidad,Cardenal Caro,Región del Libertador Bernardo O'Higgins,6.0,mobile,2026Q1,53.0,214.0,107.0,73.581,18.547,77.051,1467.516,1690.159,2026Q2,27.0,92.0,50.0,90.668,15.875,73.424,1400.87,1363.859,17.087,23.222,-2.672,-14.407,-3.627,-4.707
6206,Paredones,Cardenal Caro,Región del Libertador Bernardo O'Higgins,6.0,fixed,2026Q1,36.0,157.0,56.0,168.977,79.266,26.561,258.394,353.665,2026Q2,30.0,115.0,41.0,136.564,92.189,19.913,255.061,189.165,-32.413,-19.182,12.923,16.303,-6.648,-25.029
6206,Paredones,Cardenal Caro,Región del Libertador Bernardo O'Higgins,6.0,mobile,2026Q1,53.0,200.0,83.0,61.922,14.839,33.525,1031.869,1160.583,2026Q2,31.0,150.0,50.0,51.381,13.231,56.873,1285.443,976.752,-10.541,-17.023,-1.608,-10.836,23.348,69.644
6301,San Fernando,Colchagua,Región del Libertador Bernardo O'Higgins,6.0,fixed,2026Q1,138.0,1557.0,611.0,388.317,318.283,8.821,234.787,296.222,2026Q2,143.0,1787.0,615.0,387.923,320.148,7.378,219.176,277.713,-0.394,-0.101,1.865,0.586,-1.443,-16.359
6301,San Fernando,Colchagua,Región del Libertador Bernardo O'Higgins,6.0,mobile,2026Q1,113.0,384.0,233.0,104.509,19.933,26.404,1418.801,1316.869,2026Q2,89.0,506.0,251.0,87.256,20.843,25.346,1368.265,1263.344,-17.253,-16.509,0.91,4.565,-1.058,-4.007
6302,Chépica,Colchagua,Región del Libertador Bernardo O'Higgins,6.0,fixed,2026Q1,87.0,492.0,192.0,164.406,150.038,10.417,199.909,441.557,2026Q2,89.0,943.0,226.0,236.834,256.49,9.176,118.705,229.246,72.428,44.054,106.452,70.95,-1.241,-11.913
6302,Chépica,Colchagua,Región del Libertador Bernardo O'Higgins,6.0,mobile,2026Q1,28.0,79.0,42.0,74.331,10.661,47.165,1442.19,1676.658,2026Q2,33.0,89.0,50.0,69.577,11.887,27.944,1611.307,1554.182,-4.754,-6.396,1.226,11.5,-19.221,-40.753
6303,Chimbarongo,Colchagua,Región del Libertador Bernardo O'Higgins,6.0,fixed,2026Q1,74.0,372.0,130.0,238.722,185.312,8.944,126.29,210.752,2026Q2,80.0,429.0,131.0,267.687,217.723,9.415,149.179,211.559,28.965,12.133,32.411,17.49,0.471,5.266
6303,Chimbarongo,Colchagua,Región del Libertador Bernardo O'Higgins,6.0,mobile,2026Q1,84.0,803.0,123.0,109.386,30.317,21.224,806.695,546.521,2026Q2,76.0,673.0,114.0,119.072,31.258,20.939,687.292,547.426,9.686,8.855,0.941,3.104,-0.285,-1.343
6304,Lolol,Colchagua,Región del Libertador Bernardo O'Higgins,6.0,fixed,2026Q1,33.0,202.0,55.0,186.0,148.556,16.366,258.381,183.129,2026Q2,44.0,242.0,82.0,223.227,182.362,14.112,219.967,211.901,37.227,20.015,33.806,22.756,-2.254,-13.772
6304,Lolol,Colchagua,Región del Libertador Bernardo O'Higgins,6.0,mobile,2026Q1,78.0,275.0,113.0,90.598,19.174,25.767,1345.38,832.12,2026Q2,51.0,210.0,88.0,105.449,18.641,35.195,1036.282,850.581,14.851,16.392,-0.533,-2.78,9.428,36.589
6305,Nancagua,Colchagua,Región del Libertador Bernardo O'Higgins,6.0,fixed,2026Q1,53.0,207.0,103.0,286.468,245.675,6.884,185.304,301.903,2026Q2,54.0,238.0,119.0,284.209,242.495,8.231,179.256,262.601,-2.259,-0.789,-3.18,-1.294,1.347,19.567
6305,Nancagua,Colchagua,Región del Libertador Bernardo O'Higgins,6.0,mobile,2026Q1,30.0,71.0,43.0,113.684,19.993,27.014,1173.282,1406.549,2026Q2,23.0,108.0,49.0,122.946,23.443,22.407,971.449,1057.204,9.262,8.147,3.45,17.256,-4.607,-17.054
6306,Palmilla,Colchagua,Región del Libertador Bernardo O'Higgins,6.0,fixed,2026Q1,55.0,264.0,78.0,132.684,98.454,15.348,288.319,386.617,2026Q2,71.0,347.0,103.0,232.799,202.933,12.954,227.879,429.303,100.115,75.454,104.479,106.12,-2.394,-15.598
6306,Palmilla,Colchagua,Región del Libertador Bernardo O'Higgins,6.0,mobile,2026Q1,37.0,75.0,44.0,111.444,24.227,32.133,959.176,1335.427,2026Q2,49.0,140.0,74.0,104.823,23.974,25.257,1145.507,1241.899,-6.621,-5.941,-0.253,-1.044,-6.876,-21.399
6307,Peralillo,Colchagua,Región del Libertador Bernardo O'Higgins,6.0,fixed,2026Q1,55.0,282.0,94.0,227.12,175.042,9.319,123.504,228.493,2026Q2,52.0,349.0,87.0,211.659,156.041,11.67,137.163,237.04,-15.461,-6.807,-19.001,-10.855,2.351,25.228
6307,Peralillo,Colchagua,Región del Libertador Bernardo O'Higgins,6.0,mobile,2026Q1,41.0,93.0,55.0,102.077,30.415,33.086,1142.902,1029.011,2026Q2,30.0,59.0,40.0,78.128,22.511,23.508,1118.169,1059.017,-23.949,-23.462,-7.904,-25.987,-9.578,-28.949
6308,Placilla,Colchagua,Región del Libertador Bernardo O'Higgins,6.0,fixed,2026Q1,25.0,93.0,31.0,160.613,153.173,11.14,289.204,395.645,2026Q2,25.0,81.0,31.0,183.798,170.744,8.802,207.247,188.346,23.185,14.435,17.571,11.471,-2.338,-20.987
6308,Placilla,Colchagua,Región del Libertador Bernardo O'Higgins,6.0,mobile,2026Q1,22.0,85.0,24.0,80.11,11.904,25.153,991.8,1115.214,2026Q2,25.0,162.0,40.0,67.161,13.399,26.093,1075.969,1537.019,-12.949,-16.164,1.495,12.559,0.94,3.737
6309,Pumanque,Colchagua,Región del Libertador Bernardo O'Higgins,6.0,fixed,2026Q1,18.0,49.0,24.0,180.891,66.505,16.98,85.776,164.918,2026Q2,19.0,51.0,23.0,192.385,60.4,20.941,102.529,183.275,11.494,6.354,-6.105,-9.18,3.961,23.327
6309,Pumanque,Colchagua,Región del Libertador Bernardo O'Higgins,6.0,mobile,2026Q1,30.0,69.0,36.0,29.32,7.821,34.507,2305.176,2565.899,2026Q2,22.0,102.0,27.0,26.75,6.547,52.853,2309.554,2987.353,-2.57,-8.765,-1.274,-16.289,18.346,53.166
6310,Santa Cruz,Colchagua,Región del Libertador Bernardo O'Higgins,6.0,fixed,2026Q1,99.0,735.0,307.0,324.028,280.779,12.005,221.335,250.556,2026Q2,102.0,908.0,290.0,323.699,300.103,9.859,200.873,248.078,-0.329,-0.102,19.324,6.882,-2.146,-17.876
6310,Santa Cruz,Colchagua,Región del Libertador Bernardo O'Higgins,6.0,mobile,2026Q1,82.0,354.0,162.0,87.029,16.742,29.46,1267.559,1332.969,2026Q2,75.0,327.0,174.0,73.291,18.79,26.933,1578.914,1207.422,-13.738,-15.786,2.048,12.233,-2.527,-8.578
7101,Talca,Talca,Región del Maule,7.0,fixed,2026Q1,271.0,5495.0,2230.0,432.998,398.948,6.553,162.458,182.898,2026Q2,275.0,5967.0,2249.0,441.892,404.396,6.146,179.99,240.474,8.894,2.054,5.448,1.366,-0.407,-6.211
7101,Talca,Talca,Región del Maule,7.0,mobile,2026Q1,204.0,1442.0,704.0,126.17,26.153,30.686,1324.911,1191.257,2026Q2,206.0,1387.0,762.0,93.241,20.248,29.422,1486.592,1159.747,-32.929,-26.099,-5.905,-22.579,-1.264,-4.119
7102,Constitución,Talca,Región del Maule,7.0,fixed,2026Q1,79.0,756.0,255.0,401.692,290.525,11.893,212.507,194.231,2026Q2,66.0,777.0,237.0,411.5,318.853,11.196,210.333,216.206,9.808,2.442,28.328,9.751,-0.697,-5.861
7102,Constitución,Talca,Región del Maule,7.0,mobile,2026Q1,81.0,340.0,188.0,79.415,19.444,34.679,1314.768,1309.437,2026Q2,86.0,483.0,194.0,79.988,19.96,43.625,1770.367,1384.133,0.573,0.722,0.516,2.654,8.946,25.797
7103,Curepto,Talca,Región del Maule,7.0,fixed,2026Q1,23.0,114.0,36.0,268.052,167.723,32.228,220.561,458.272,2026Q2,23.0,81.0,37.0,318.412,201.16,17.951,302.58,405.383,50.36,18.787,33.437,19.936,-14.277,-44.3
7103,Curepto,Talca,Región del Maule,7.0,mobile,2026Q1,36.0,141.0,49.0,45.047,14.518,28.66,1217.241,1257.319,2026Q2,45.0,280.0,64.0,51.375,18.88,31.471,1003.779,814.932,6.328,14.048,4.362,30.045,2.811,9.808
7104,Empedrado,Talca,Región del Maule,7.0,fixed,2026Q1,5.0,15.0,6.0,584.645,564.604,8.6,112.267,151.733,2026Q2,3.0,6.0,5.0,442.551,411.303,5.0,503.0,696.167,-142.094,-24.304,-153.301,-27.152,-3.6,-41.86
7104,Empedrado,Talca,Región del Maule,7.0,mobile,2026Q1,12.0,16.0,13.0,37.329,12.44,30.062,1938.0,1070.938,2026Q2,6.0,14.0,9.0,43.362,13.799,57.643,2257.786,1151.786,6.033,16.162,1.359,10.924,27.581,91.747
7105,Maule,Talca,Región del Maule,7.0,fixed,2026Q1,126.0,1159.0,450.0,347.886,319.181,7.832,155.897,205.763,2026Q2,133.0,1673.0,503.0,370.193,338.916,6.925,130.45,189.176,22.307,6.412,19.735,6.183,-0.907,-11.581
7105,Maule,Talca,Región del Maule,7.0,mobile,2026Q1,98.0,465.0,184.0,57.559,14.436,26.254,1534.312,1198.248,2026Q2,87.0,467.0,158.0,56.204,12.044,43.914,1538.045,1405.597,-1.355,-2.354,-2.392,-16.57,17.66,67.266
7106,Pelarco,Talca,Región del Maule,7.0,fixed,2026Q1,52.0,264.0,81.0,187.146,128.224,14.133,228.14,281.0,2026Q2,59.0,359.0,98.0,194.515,155.053,11.415,274.713,351.93,7.369,3.938,26.829,20.924,-2.718,-19.232
7106,Pelarco,Talca,Región del Maule,7.0,mobile,2026Q1,21.0,50.0,28.0,81.028,14.745,30.26,1834.84,2045.46,2026Q2,26.0,55.0,31.0,79.378,10.013,26.055,1953.0,1701.527,-1.65,-2.036,-4.732,-32.092,-4.205,-13.896
7107,Pencahue,Talca,Región del Maule,7.0,fixed,2026Q1,32.0,92.0,40.0,161.614,90.08,18.228,203.217,300.011,2026Q2,31.0,96.0,38.0,277.611,239.965,17.615,199.344,161.333,115.997,71.774,149.885,166.391,-0.613,-3.363
7107,Pencahue,Talca,Región del Maule,7.0,mobile,2026Q1,59.0,97.0,60.0,44.632,9.169,35.124,1999.771,1945.344,2026Q2,24.0,51.0,30.0,52.356,8.716,42.078,1717.521,2144.82,7.724,17.306,-0.453,-4.941,6.954,19.798
7108,Río Claro,Talca,Región del Maule,7.0,fixed,2026Q1,53.0,233.0,80.0,190.321,151.699,15.283,530.305,473.302,2026Q2,44.0,189.0,58.0,220.298,173.974,8.021,181.085,259.889,29.977,15.751,22.275,14.684,-7.262,-47.517
7108,Río Claro,Talca,Región del Maule,7.0,mobile,2026Q1,38.0,80.0,48.0,136.195,21.881,27.625,1411.924,1490.05,2026Q2,34.0,151.0,53.0,108.556,21.898,27.278,1106.547,1017.993,-27.639,-20.294,0.017,0.078,-0.347,-1.256
7109,San Clemente,Talca,Región del Maule,7.0,fixed,2026Q1,174.0,974.0,350.0,244.041,192.037,13.362,226.002,270.82,2026Q2,170.0,963.0,328.0,329.415,260.472,15.072,152.64,204.203,85.374,34.983,68.435,35.636,1.71,12.797
7109,San Clemente,Talca,Región del Maule,7.0,mobile,2026Q1,142.0,341.0,189.0,36.617,9.652,32.443,1725.955,1530.115,2026Q2,121.0,258.0,168.0,65.174,13.474,31.791,1733.287,1382.764,28.557,77.988,3.822,39.598,-0.652,-2.01
7110,San Rafael,Talca,Región del Maule,7.0,fixed,2026Q1,49.0,236.0,69.0,160.063,88.16,18.123,258.178,254.547,2026Q2,40.0,231.0,58.0,208.562,155.951,17.771,177.147,258.333,48.499,30.3,67.791,76.895,-0.352,-1.942
7110,San Rafael,Talca,Región del Maule,7.0,mobile,2026Q1,37.0,92.0,50.0,130.504,22.945,27.076,1148.054,1423.554,2026Q2,24.0,46.0,29.0,64.808,14.026,35.5,1925.848,1570.87,-65.696,-50.34,-8.919,-38.871,8.424,31.112
7201,Cauquenes,Cauquenes,Región del Maule,7.0,fixed,2026Q1,80.0,698.0,233.0,428.236,370.883,12.1,163.92,243.441,2026Q2,79.0,784.0,271.0,375.143,321.695,12.376,228.966,203.241,-53.093,-12.398,-49.188,-13.262,0.276,2.281
7201,Cauquenes,Cauquenes,Región del Maule,7.0,mobile,2026Q1,85.0,280.0,144.0,65.736,13.598,29.9,2044.812,1880.518,2026Q2,70.0,238.0,108.0,62.731,14.768,31.475,2065.084,1681.651,-3.005,-4.571,1.17,8.604,1.575,5.268
7202,Chanco,Cauquenes,Región del Maule,7.0,fixed,2026Q1,12.0,60.0,21.0,170.026,89.879,21.1,389.233,263.833,2026Q2,12.0,117.0,30.0,360.409,242.726,22.128,319.718,227.769,190.383,111.973,152.847,170.059,1.028,4.872
7202,Chanco,Cauquenes,Región del Maule,7.0,mobile,2026Q1,23.0,143.0,51.0,80.36,26.591,104.329,1705.39,1491.437,2026Q2,24.0,57.0,33.0,69.303,26.188,46.351,1392.263,1595.732,-11.057,-13.759,-0.403,-1.516,-57.978,-55.572
7203,Pelluhue,Cauquenes,Región del Maule,7.0,fixed,2026Q1,39.0,159.0,81.0,294.397,198.673,16.491,181.994,270.918,2026Q2,30.0,194.0,49.0,373.16,259.367,13.495,221.351,363.062,78.763,26.754,60.694,30.55,-2.996,-18.167
7203,Pelluhue,Cauquenes,Región del Maule,7.0,mobile,2026Q1,67.0,361.0,149.0,53.33,14.929,97.928,1343.953,1564.958,2026Q2,43.0,171.0,60.0,38.728,9.318,41.175,1243.737,1469.029,-14.602,-27.38,-5.611,-37.585,-56.753,-57.954
7301,Curicó,Curicó,Región del Maule,7.0,fixed,2026Q1,267.0,3791.0,1442.0,369.842,325.491,8.504,193.588,237.417,2026Q2,270.0,4299.0,1563.0,395.739,348.078,8.118,189.939,260.689,25.897,7.002,22.587,6.939,-0.386,-4.539
7301,Curicó,Curicó,Región del Maule,7.0,mobile,2026Q1,168.0,791.0,413.0,119.661,22.254,27.281,1272.518,1347.869,2026Q2,152.0,868.0,404.0,97.985,19.531,27.423,1338.027,1325.036,-21.676,-18.115,-2.723,-12.236,0.142,0.521
7302,Hualañé,Curicó,Región del Maule,7.0,fixed,2026Q1,20.0,83.0,28.0,300.71,191.482,16.193,189.554,152.084,2026Q2,30.0,114.0,49.0,365.152,314.858,16.851,286.912,295.465,64.442,21.43,123.376,64.432,0.658,4.063
7302,Hualañé,Curicó,Región del Maule,7.0,mobile,2026Q1,42.0,113.0,59.0,78.684,19.451,49.85,1067.336,1519.434,2026Q2,29.0,109.0,48.0,57.68,11.387,29.028,1252.704,1029.0,-21.004,-26.694,-8.064,-41.458,-20.822,-41.769
7303,Licantén,Curicó,Región del Maule,7.0,fixed,2026Q1,32.0,267.0,72.0,495.477,410.409,8.648,127.432,203.019,2026Q2,28.0,259.0,49.0,500.714,389.467,6.668,245.757,245.166,5.237,1.057,-20.942,-5.103,-1.98,-22.895
7303,Licantén,Curicó,Región del Maule,7.0,mobile,2026Q1,31.0,107.0,70.0,93.54,20.164,40.234,1158.925,1350.841,2026Q2,32.0,66.0,45.0,116.404,21.151,26.879,829.806,1155.955,22.864,24.443,0.987,4.895,-13.355,-33.193
7304,Molina,Curicó,Región del Maule,7.0,fixed,2026Q1,113.0,1001.0,402.0,343.41,308.311,7.215,178.811,270.41,2026Q2,116.0,1158.0,417.0,365.336,325.075,6.791,176.364,304.541,21.926,6.385,16.764,5.437,-0.424,-5.877
7304,Molina,Curicó,Región del Maule,7.0,mobile,2026Q1,101.0,427.0,214.0,102.068,19.53,28.817,1159.376,1107.326,2026Q2,95.0,355.0,171.0,84.241,19.729,26.924,1325.233,1449.585,-17.827,-17.466,0.199,1.019,-1.893,-6.569
7305,Rauco,Curicó,Región del Maule,7.0,fixed,2026Q1,39.0,214.0,73.0,232.107,189.218,9.033,218.556,221.196,2026Q2,31.0,125.0,67.0,321.804,259.715,16.824,278.344,275.328,89.697,38.645,70.497,37.257,7.791,86.25
7305,Rauco,Curicó,Región del Maule,7.0,mobile,2026Q1,24.0,101.0,34.0,76.709,13.299,28.723,1222.238,1627.554,2026Q2,17.0,68.0,28.0,57.801,9.164,52.971,938.794,1729.941,-18.908,-24.649,-4.135,-31.093,24.248,84.42
7306,Romeral,Curicó,Región del Maule,7.0,fixed,2026Q1,69.0,419.0,152.0,252.726,225.556,20.131,304.933,419.833,2026Q2,80.0,409.0,166.0,270.604,270.554,16.066,260.402,304.002,17.878,7.074,44.998,19.95,-4.065,-20.193
7306,Romeral,Curicó,Región del Maule,7.0,mobile,2026Q1,50.0,227.0,92.0,88.987,14.124,29.709,2126.791,1473.434,2026Q2,43.0,261.0,63.0,60.568,10.159,28.782,1787.732,2281.446,-28.419,-31.936,-3.965,-28.073,-0.927,-3.12
7307,Sagrada Familia,Curicó,Región del Maule,7.0,fixed,2026Q1,81.0,293.0,119.0,232.414,215.191,10.331,223.01,260.976,2026Q2,73.0,343.0,125.0,221.733,203.764,6.711,158.478,327.376,-10.681,-4.596,-11.427,-5.31,-3.62,-35.04
7307,Sagrada Familia,Curicó,Región del Maule,7.0,mobile,2026Q1,39.0,96.0,54.0,66.397,11.005,40.615,1274.305,1559.781,2026Q2,42.0,113.0,52.0,66.315,13.679,39.566,1400.486,1438.857,-0.082,-0.123,2.674,24.298,-1.049,-2.583
7308,Teno,Curicó,Región del Maule,7.0,fixed,2026Q1,136.0,606.0,218.0,200.673,159.146,15.528,236.472,299.228,2026Q2,151.0,641.0,234.0,241.45,213.086,13.349,185.361,261.786,40.777,20.32,53.94,33.893,-2.179,-14.033
7308,Teno,Curicó,Región del Maule,7.0,mobile,2026Q1,84.0,148.0,101.0,63.125,10.692,42.101,1808.24,1586.932,2026Q2,92.0,293.0,118.0,48.97,16.1,30.795,1414.232,1418.188,-14.155,-22.424,5.408,50.58,-11.306,-26.854
7309,Vichuquén,Curicó,Región del Maule,7.0,fixed,2026Q1,47.0,224.0,79.0,241.213,173.779,18.429,248.767,205.767,2026Q2,34.0,265.0,50.0,491.567,402.714,34.355,310.638,280.581,250.354,103.79,228.935,131.739,15.926,86.418
7309,Vichuquén,Curicó,Región del Maule,7.0,mobile,2026Q1,35.0,74.0,44.0,77.025,18.886,40.892,1261.865,1491.108,2026Q2,58.0,187.0,97.0,68.764,17.376,29.171,1359.893,1424.594,-8.261,-10.725,-1.51,-7.995,-11.721,-28.663
7401,Linares,Linares,Región del Maule,7.0,fixed,2026Q1,237.0,2670.0,939.0,362.691,330.056,10.085,184.899,235.246,2026Q2,231.0,2440.0,915.0,365.535,339.629,11.219,143.347,209.039,2.844,0.784,9.573,2.9,1.134,11.244
7401,Linares,Linares,Región del Maule,7.0,mobile,2026Q1,144.0,567.0,307.0,82.111,15.868,34.596,1672.057,1485.69,2026Q2,131.0,692.0,319.0,70.128,18.93,28.564,1422.754,1241.205,-11.983,-14.594,3.062,19.297,-6.032,-17.436
7402,Colbún,Linares,Región del Maule,7.0,fixed,2026Q1,90.0,521.0,160.0,205.991,160.311,14.94,251.877,305.284,2026Q2,93.0,441.0,151.0,299.006,214.862,10.499,178.198,248.261,93.015,45.155,54.551,34.028,-4.441,-29.726
7402,Colbún,Linares,Región del Maule,7.0,mobile,2026Q1,72.0,239.0,100.0,62.719,13.217,29.987,1535.567,1389.071,2026Q2,57.0,133.0,75.0,63.025,9.553,33.113,1696.42,1713.053,0.306,0.488,-3.664,-27.722,3.126,10.425
7403,Longaví,Linares,Región del Maule,7.0,fixed,2026Q1,147.0,729.0,231.0,205.246,108.119,18.86,175.731,293.759,2026Q2,137.0,628.0,231.0,197.365,138.203,12.037,123.777,212.702,-7.881,-3.84,30.084,27.825,-6.823,-36.177
7403,Longaví,Linares,Región del Maule,7.0,mobile,2026Q1,107.0,300.0,142.0,43.91,11.344,34.3,1931.279,1711.73,2026Q2,72.0,222.0,91.0,61.097,18.277,49.829,2253.216,1519.104,17.187,39.141,6.933,61.116,15.529,45.274
7404,Parral,Linares,Región del Maule,7.0,fixed,2026Q1,117.0,755.0,315.0,303.302,266.33,11.613,218.599,280.878,2026Q2,87.0,867.0,313.0,309.918,265.26,9.773,159.157,243.81,6.616,2.181,-1.07,-0.402,-1.84,-15.844
7404,Parral,Linares,Región del Maule,7.0,mobile,2026Q1,94.0,595.0,181.0,56.337,15.084,141.119,1510.364,1727.358,2026Q2,84.0,510.0,154.0,53.149,16.972,82.029,1413.278,1500.343,-3.188,-5.659,1.888,12.517,-59.09,-41.872
7405,Retiro,Linares,Región del Maule,7.0,fixed,2026Q1,81.0,300.0,126.0,152.512,125.4,12.147,202.767,295.67,2026Q2,76.0,392.0,162.0,223.793,191.411,6.694,119.426,232.696,71.281,46.738,66.011,52.64,-5.453,-44.892
7405,Retiro,Linares,Región del Maule,7.0,mobile,2026Q1,52.0,107.0,62.0,37.69,10.849,41.421,2432.76,2159.121,2026Q2,52.0,136.0,62.0,43.097,8.235,36.103,1683.714,1840.903,5.407,14.346,-2.614,-24.094,-5.318,-12.839
7406,San Javier,Linares,Región del Maule,7.0,fixed,2026Q1,93.0,1017.0,339.0,342.382,314.739,9.791,193.345,293.08,2026Q2,87.0,1044.0,351.0,380.59,359.552,8.822,191.922,213.814,38.208,11.159,44.813,14.238,-0.969,-9.897
7406,San Javier,Linares,Región del Maule,7.0,mobile,2026Q1,87.0,336.0,140.0,58.971,18.227,34.72,1437.764,1163.345,2026Q2,85.0,343.0,141.0,77.896,25.255,31.35,1338.713,1280.752,18.925,32.092,7.028,38.558,-3.37,-9.706
7407,Villa Alegre,Linares,Región del Maule,7.0,fixed,2026Q1,38.0,208.0,84.0,296.226,278.576,10.389,133.197,264.024,2026Q2,44.0,231.0,89.0,283.843,217.386,10.251,201.606,278.939,-12.383,-4.18,-61.19,-21.965,-0.138,-1.328
7407,Villa Alegre,Linares,Región del Maule,7.0,mobile,2026Q1,40.0,83.0,58.0,85.892,11.314,29.217,1491.8,1875.578,2026Q2,41.0,90.0,59.0,99.082,14.891,31.3,1504.101,1797.404,13.19,15.356,3.577,31.616,2.083,7.129
7408,Yerbas Buenas,Linares,Región del Maule,7.0,fixed,2026Q1,65.0,258.0,94.0,248.758,233.599,11.291,158.698,212.857,2026Q2,66.0,364.0,104.0,208.149,213.061,10.148,120.676,238.308,-40.609,-16.325,-20.538,-8.792,-1.143,-10.123
7408,Yerbas Buenas,Linares,Región del Maule,7.0,mobile,2026Q1,52.0,171.0,79.0,100.597,20.123,28.93,1474.136,1316.222,2026Q2,46.0,139.0,72.0,81.995,16.522,26.547,1584.101,1477.604,-18.602,-18.492,-3.601,-17.895,-2.383,-8.237
8101,Concepción,Concepción,Región del Bío-Bío,8.0,fixed,2026Q1,182.0,6481.0,2588.0,461.087,392.587,7.565,226.794,222.646,2026Q2,173.0,7401.0,2888.0,472.629,407.015,7.838,220.022,236.457,11.542,2.503,14.428,3.675,0.273,3.609
8101,Concepción,Concepción,Región del Bío-Bío,8.0,mobile,2026Q1,151.0,1310.0,690.0,98.317,24.769,31.913,1738.144,1186.726,2026Q2,141.0,1234.0,694.0,95.135,23.519,31.071,1850.183,1203.833,-3.182,-3.236,-1.25,-5.047,-0.842,-2.638
8102,Coronel,Concepción,Región del Bío-Bío,8.0,fixed,2026Q1,124.0,1880.0,798.0,502.336,408.092,7.739,252.795,297.475,2026Q2,132.0,2154.0,792.0,497.944,418.238,6.799,257.315,311.324,-4.392,-0.874,10.146,2.486,-0.94,-12.146
8102,Coronel,Concepción,Región del Bío-Bío,8.0,mobile,2026Q1,101.0,376.0,239.0,106.466,20.428,33.439,1821.579,1265.362,2026Q2,95.0,260.0,175.0,93.509,17.99,28.792,1804.849,1388.042,-12.957,-12.17,-2.438,-11.935,-4.647,-13.897
8103,Chiguayante,Concepción,Región del Bío-Bío,8.0,fixed,2026Q1,75.0,1835.0,646.0,422.188,346.014,7.071,208.71,230.098,2026Q2,76.0,2290.0,771.0,424.801,362.809,7.048,296.542,285.497,2.613,0.619,16.795,4.854,-0.023,-0.325
8103,Chiguayante,Concepción,Región del Bío-Bío,8.0,mobile,2026Q1,44.0,150.0,90.0,87.711,19.664,37.167,2000.577,1513.466,2026Q2,42.0,136.0,94.0,73.294,15.697,35.926,2015.496,1603.257,-14.417,-16.437,-3.967,-20.174,-1.241,-3.339
8104,Florida,Concepción,Región del Bío-Bío,8.0,fixed,2026Q1,63.0,226.0,75.0,229.834,112.864,18.004,207.677,218.934,2026Q2,42.0,122.0,53.0,295.562,195.345,16.943,221.083,260.421,65.728,28.598,82.481,73.08,-1.061,-5.893
8104,Florida,Concepción,Región del Bío-Bío,8.0,mobile,2026Q1,72.0,169.0,84.0,80.137,13.478,33.74,1841.448,1981.935,2026Q2,62.0,151.0,72.0,81.357,13.668,32.834,1979.54,1356.278,1.22,1.522,0.19,1.41,-0.906,-2.685
8105,Hualqui,Concepción,Región del Bío-Bío,8.0,fixed,2026Q1,49.0,252.0,115.0,381.231,300.042,11.619,211.689,426.211,2026Q2,46.0,387.0,147.0,451.28,355.999,12.86,263.687,260.207,70.049,18.374,55.957,18.65,1.241,10.681
8105,Hualqui,Concepción,Región del Bío-Bío,8.0,mobile,2026Q1,71.0,197.0,94.0,79.314,15.906,33.655,1978.462,1368.756,2026Q2,36.0,97.0,51.0,69.133,15.665,31.062,2086.887,1700.237,-10.181,-12.836,-0.241,-1.515,-2.593,-7.705
8106,Lota,Concepción,Región del Bío-Bío,8.0,fixed,2026Q1,32.0,486.0,154.0,542.299,425.986,4.975,222.815,238.195,2026Q2,28.0,547.0,185.0,493.062,470.444,5.168,257.155,235.104,-49.237,-9.079,44.458,10.436,0.193,3.879
8106,Lota,Concepción,Región del Bío-Bío,8.0,mobile,2026Q1,27.0,111.0,53.0,99.046,18.685,26.685,1907.757,1401.018,2026Q2,29.0,141.0,69.0,84.08,16.729,27.085,1870.645,1719.539,-14.966,-15.11,-1.956,-10.468,0.4,1.499
8107,Penco,Concepción,Región del Bío-Bío,8.0,fixed,2026Q1,56.0,890.0,358.0,418.976,336.257,10.135,297.117,299.258,2026Q2,49.0,771.0,317.0,502.316,413.255,9.577,236.495,229.245,83.34,19.891,76.998,22.899,-0.558,-5.506
8107,Penco,Concepción,Región del Bío-Bío,8.0,mobile,2026Q1,39.0,129.0,82.0,76.385,19.059,31.566,1703.233,975.651,2026Q2,39.0,181.0,90.0,100.908,20.846,27.05,1911.201,1024.624,24.523,32.104,1.787,9.376,-4.516,-14.307
8108,San Pedro de la Paz,Concepción,Región del Bío-Bío,8.0,fixed,2026Q1,127.0,3578.0,1355.0,448.55,365.109,7.098,236.203,220.604,2026Q2,131.0,4736.0,1520.0,449.961,383.555,7.706,257.309,264.459,1.411,0.315,18.446,5.052,0.608,8.566
8108,San Pedro de la Paz,Concepción,Región del Bío-Bío,8.0,mobile,2026Q1,90.0,449.0,219.0,116.517,22.354,27.746,1622.808,1192.951,2026Q2,99.0,508.0,254.0,98.576,22.692,26.691,1966.447,1336.213,-17.941,-15.398,0.338,1.512,-1.055,-3.802
8109,Santa Juana,Concepción,Región del Bío-Bío,8.0,fixed,2026Q1,36.0,171.0,66.0,258.834,179.773,17.24,248.941,376.129,2026Q2,25.0,77.0,46.0,319.932,224.377,13.234,226.562,156.37,61.098,23.605,44.604,24.811,-4.006,-23.237
8109,Santa Juana,Concepción,Región del Bío-Bío,8.0,mobile,2026Q1,58.0,181.0,63.0,89.155,11.763,30.718,2284.0,2482.204,2026Q2,37.0,121.0,45.0,65.603,9.681,36.298,1546.05,1648.496,-23.552,-26.417,-2.082,-17.7,5.58,18.165
8110,Talcahuano,Concepción,Región del Bío-Bío,8.0,fixed,2026Q1,126.0,2483.0,1018.0,464.069,403.345,8.069,217.281,217.136,2026Q2,119.0,2529.0,1028.0,466.438,416.258,7.773,224.321,245.999,2.369,0.51,12.913,3.201,-0.296,-3.668
8110,Talcahuano,Concepción,Región del Bío-Bío,8.0,mobile,2026Q1,92.0,505.0,287.0,105.971,25.553,30.085,1802.994,1283.002,2026Q2,86.0,617.0,247.0,77.958,18.641,32.95,2204.537,1319.314,-28.013,-26.435,-6.912,-27.05,2.865,9.523
8111,Tomé,Concepción,Región del Bío-Bío,8.0,fixed,2026Q1,73.0,912.0,310.0,465.77,374.307,7.74,217.66,231.639,2026Q2,65.0,801.0,254.0,468.046,402.608,8.599,279.519,257.147,2.276,0.489,28.301,7.561,0.859,11.098
8111,Tomé,Concepción,Región del Bío-Bío,8.0,mobile,2026Q1,66.0,236.0,141.0,68.13,17.759,59.653,1710.553,1469.838,2026Q2,65.0,239.0,122.0,61.171,18.149,35.703,1599.832,1139.013,-6.959,-10.214,0.39,2.196,-23.95,-40.149
8112,Hualpén,Concepción,Región del Bío-Bío,8.0,fixed,2026Q1,53.0,1836.0,724.0,464.708,404.338,7.996,228.911,225.073,2026Q2,53.0,1819.0,749.0,482.729,415.152,8.261,239.175,237.589,18.021,3.878,10.814,2.674,0.265,3.314
8112,Hualpén,Concepción,Región del Bío-Bío,8.0,mobile,2026Q1,56.0,337.0,161.0,83.432,19.342,33.884,2105.579,1480.533,2026Q2,55.0,313.0,146.0,93.483,19.142,27.01,1808.785,1364.645,10.051,12.047,-0.2,-1.034,-6.874,-20.287
8201,Lebu,Arauco,Región del Bío-Bío,8.0,fixed,2026Q1,39.0,211.0,101.0,435.965,349.71,11.066,274.267,137.938,2026Q2,30.0,147.0,74.0,442.876,374.692,9.463,316.966,175.109,6.911,1.585,24.982,7.144,-1.603,-14.486
8201,Lebu,Arauco,Región del Bío-Bío,8.0,mobile,2026Q1,45.0,150.0,68.0,90.585,22.375,57.187,1116.9,1302.147,2026Q2,27.0,92.0,38.0,166.553,24.699,28.152,1347.659,860.913,75.968,83.864,2.324,10.387,-29.035,-50.772
8202,Arauco,Arauco,Región del Bío-Bío,8.0,fixed,2026Q1,63.0,434.0,186.0,433.292,372.249,8.871,247.417,287.744,2026Q2,54.0,389.0,145.0,447.556,381.346,9.111,464.419,470.972,14.264,3.292,9.097,2.444,0.24,2.705
8202,Arauco,Arauco,Región del Bío-Bío,8.0,mobile,2026Q1,52.0,208.0,92.0,72.97,21.547,42.572,1417.5,1236.409,2026Q2,72.0,180.0,101.0,75.514,15.928,30.011,1954.669,1234.011,2.544,3.486,-5.619,-26.078,-12.561,-29.505
8203,Cañete,Arauco,Región del Bío-Bío,8.0,fixed,2026Q1,103.0,548.0,216.0,273.608,183.628,17.859,273.819,246.75,2026Q2,84.0,535.0,179.0,359.822,270.405,13.867,256.806,207.626,86.214,31.51,86.777,47.257,-3.992,-22.353
8203,Cañete,Arauco,Región del Bío-Bío,8.0,mobile,2026Q1,82.0,366.0,151.0,89.058,18.125,38.719,1763.096,1377.041,2026Q2,70.0,405.0,113.0,101.944,21.662,36.356,1684.468,1008.854,12.886,14.469,3.537,19.514,-2.363,-6.103
8204,Contulmo,Arauco,Región del Bío-Bío,8.0,fixed,2026Q1,12.0,50.0,18.0,573.329,419.239,9.18,200.16,276.64,2026Q2,9.0,43.0,15.0,284.83,203.94,8.419,159.651,174.628,-288.499,-50.32,-215.299,-51.355,-0.761,-8.29
8204,Contulmo,Arauco,Región del Bío-Bío,8.0,mobile,2026Q1,33.0,132.0,42.0,63.05,10.325,35.667,2080.364,1262.22,2026Q2,51.0,171.0,71.0,67.704,16.46,31.17,1190.333,1208.526,4.654,7.381,6.135,59.419,-4.497,-12.608
8205,Curanilahue,Arauco,Región del Bío-Bío,8.0,fixed,2026Q1,35.0,262.0,94.0,341.961,276.559,6.477,303.958,337.095,2026Q2,35.0,315.0,116.0,347.031,327.998,6.514,364.251,427.21,5.07,1.483,51.439,18.6,0.037,0.571
8205,Curanilahue,Arauco,Región del Bío-Bío,8.0,mobile,2026Q1,29.0,70.0,41.0,58.845,13.337,31.971,1889.143,1758.814,2026Q2,23.0,62.0,38.0,116.872,30.682,39.532,1571.667,1118.806,58.027,98.61,17.345,130.052,7.561,23.65
8206,Los Alamos,Arauco,Región del Bío-Bío,8.0,fixed,2026Q1,37.0,271.0,82.0,369.771,285.23,13.79,282.801,246.871,2026Q2,41.0,243.0,82.0,369.57,296.577,10.864,319.158,319.667,-0.201,-0.054,11.347,3.978,-2.926,-21.218
8206,Los Alamos,Arauco,Región del Bío-Bío,8.0,mobile,2026Q1,32.0,66.0,43.0,141.665,29.189,30.273,1561.136,1187.591,2026Q2,26.0,63.0,39.0,91.132,19.973,63.429,1691.581,1336.381,-50.533,-35.671,-9.216,-31.574,33.156,109.523
8207,Tirúa,Arauco,Región del Bío-Bío,8.0,fixed,2026Q1,26.0,91.0,36.0,101.005,20.927,48.857,355.462,199.857,2026Q2,19.0,41.0,27.0,154.31,24.506,47.098,182.122,84.707,53.305,52.775,3.579,17.102,-1.759,-3.6
8207,Tirúa,Arauco,Región del Bío-Bío,8.0,mobile,2026Q1,58.0,344.0,126.0,57.819,15.602,44.241,1629.971,1553.804,2026Q2,66.0,434.0,110.0,56.482,14.36,40.756,1431.111,1256.194,-1.337,-2.312,-1.242,-7.961,-3.485,-7.877
8301,Los Ángeles,Bío-Bío,Región del Bío-Bío,8.0,fixed,2026Q1,675.0,5272.0,2106.0,328.872,264.489,12.564,251.934,295.201,2026Q2,603.0,6196.0,2015.0,345.257,280.375,12.841,288.761,277.434,16.385,4.982,15.886,6.006,0.277,2.205
8301,Los Ángeles,Bío-Bío,Región del Bío-Bío,8.0,mobile,2026Q1,343.0,1507.0,730.0,70.61,16.998,35.052,2002.652,1441.458,2026Q2,316.0,1438.0,735.0,84.894,19.266,33.653,1879.01,1237.645,14.284,20.229,2.268,13.343,-1.399,-3.991
8302,Antuco,Bío-Bío,Región del Bío-Bío,8.0,fixed,2026Q1,29.0,102.0,43.0,102.037,70.172,20.588,382.673,367.069,2026Q2,25.0,79.0,35.0,123.142,51.828,20.658,283.975,495.443,21.105,20.684,-18.344,-26.141,0.07,0.34
8302,Antuco,Bío-Bío,Región del Bío-Bío,8.0,mobile,2026Q1,23.0,54.0,34.0,28.103,10.632,35.019,2612.17,1512.778,2026Q2,21.0,56.0,33.0,79.696,16.88,34.679,1847.929,1713.0,51.593,183.585,6.248,58.766,-0.34,-0.971
8303,Cabrero,Bío-Bío,Región del Bío-Bío,8.0,fixed,2026Q1,109.0,620.0,247.0,236.193,179.435,15.073,268.098,304.911,2026Q2,92.0,527.0,199.0,349.395,279.652,11.355,270.922,356.888,113.202,47.928,100.217,55.851,-3.718,-24.667
8303,Cabrero,Bío-Bío,Región del Bío-Bío,8.0,mobile,2026Q1,81.0,245.0,141.0,64.083,12.468,32.086,2449.597,1545.98,2026Q2,74.0,273.0,102.0,54.345,12.854,31.289,2142.346,1273.201,-9.738,-15.196,0.386,3.096,-0.797,-2.484
8304,Laja,Bío-Bío,Región del Bío-Bío,8.0,fixed,2026Q1,41.0,234.0,112.0,292.632,201.072,11.808,301.5,308.009,2026Q2,37.0,208.0,87.0,337.084,216.415,14.111,199.014,139.361,44.452,15.19,15.343,7.631,2.303,19.504
8304,Laja,Bío-Bío,Región del Bío-Bío,8.0,mobile,2026Q1,48.0,101.0,67.0,78.378,14.351,30.624,2143.842,1358.723,2026Q2,52.0,128.0,62.0,79.342,23.081,29.227,1602.21,1091.984,0.964,1.23,8.73,60.832,-1.397,-4.562
8305,Mulchén,Bío-Bío,Región del Bío-Bío,8.0,fixed,2026Q1,49.0,419.0,135.0,332.703,244.22,14.714,285.407,263.864,2026Q2,51.0,437.0,167.0,369.129,298.514,11.725,224.245,261.243,36.426,10.949,54.294,22.232,-2.989,-20.314
8305,Mulchén,Bío-Bío,Región del Bío-Bío,8.0,mobile,2026Q1,51.0,130.0,82.0,82.475,14.67,36.469,1469.231,1721.271,2026Q2,59.0,269.0,97.0,99.323,17.757,64.067,1731.438,1366.757,16.848,20.428,3.087,21.043,27.598,75.675
8306,Nacimiento,Bío-Bío,Región del Bío-Bío,8.0,fixed,2026Q1,49.0,416.0,130.0,301.284,203.61,13.663,244.555,240.349,2026Q2,48.0,401.0,155.0,405.399,344.614,9.708,249.102,239.357,104.115,34.557,141.004,69.252,-3.955,-28.947
8306,Nacimiento,Bío-Bío,Región del Bío-Bío,8.0,mobile,2026Q1,51.0,155.0,74.0,66.415,10.584,34.813,2053.545,1874.755,2026Q2,40.0,228.0,66.0,72.978,15.613,31.373,1555.548,1236.325,6.563,9.882,5.029,47.515,-3.44,-9.881
8307,Negrete,Bío-Bío,Región del Bío-Bío,8.0,fixed,2026Q1,21.0,53.0,29.0,196.995,118.328,12.528,267.34,479.698,2026Q2,20.0,155.0,35.0,286.563,235.135,11.277,372.858,227.929,89.568,45.467,116.807,98.715,-1.251,-9.986
8307,Negrete,Bío-Bío,Región del Bío-Bío,8.0,mobile,2026Q1,22.0,82.0,47.0,79.046,18.228,49.878,1612.488,1031.756,2026Q2,21.0,151.0,43.0,83.926,18.325,30.682,1802.45,1435.51,4.88,6.174,0.097,0.532,-19.196,-38.486
8308,Quilaco,Bío-Bío,Región del Bío-Bío,8.0,fixed,2026Q1,18.0,92.0,27.0,251.827,98.522,23.652,137.054,165.946,2026Q2,27.0,167.0,38.0,287.244,200.558,13.91,398.449,344.497,35.417,14.064,102.036,103.567,-9.742,-41.189
8308,Quilaco,Bío-Bío,Región del Bío-Bío,8.0,mobile,2026Q1,15.0,21.0,17.0,81.16,8.983,44.762,1735.0,1958.667,2026Q2,20.0,48.0,28.0,60.48,7.757,49.625,990.383,1558.125,-20.68,-25.481,-1.226,-13.648,4.863,10.864
8309,Quilleco,Bío-Bío,Región del Bío-Bío,8.0,fixed,2026Q1,38.0,156.0,72.0,124.573,82.712,13.474,182.058,861.34,2026Q2,37.0,107.0,69.0,100.669,63.603,19.776,315.523,484.729,-23.904,-19.189,-19.109,-23.103,6.302,46.772
8309,Quilleco,Bío-Bío,Región del Bío-Bío,8.0,mobile,2026Q1,26.0,67.0,34.0,67.474,11.695,33.582,1199.03,2282.194,2026Q2,16.0,43.0,20.0,88.306,17.15,27.837,2385.907,1582.535,20.832,30.874,5.455,46.644,-5.745,-17.107
8310,San Rosendo,Bío-Bío,Región del Bío-Bío,8.0,fixed,2026Q1,7.0,42.0,16.0,361.814,267.579,7.952,143.024,134.833,2026Q2,7.0,35.0,11.0,249.065,147.099,43.343,202.857,131.543,-112.749,-31.162,-120.48,-45.026,35.391,445.058
8310,San Rosendo,Bío-Bío,Región del Bío-Bío,8.0,mobile,2026Q1,6.0,9.0,7.0,59.727,17.274,30.778,2440.556,782.889,2026Q2,15.0,24.0,19.0,128.951,29.985,33.333,1155.292,952.217,69.224,115.901,12.711,73.585,2.555,8.301
8311,Santa Bárbara,Bío-Bío,Región del Bío-Bío,8.0,fixed,2026Q1,49.0,156.0,86.0,247.196,132.019,23.519,363.628,360.808,2026Q2,34.0,126.0,68.0,397.618,270.314,15.857,252.143,212.841,150.422,60.851,138.295,104.754,-7.662,-32.578
8311,Santa Bárbara,Bío-Bío,Región del Bío-Bío,8.0,mobile,2026Q1,52.0,124.0,70.0,64.317,11.989,35.395,2091.259,2023.211,2026Q2,43.0,110.0,62.0,66.941,11.202,34.764,1582.692,2151.164,2.624,4.08,-0.787,-6.564,-0.631,-1.783
8312,Tucapel,Bío-Bío,Región del Bío-Bío,8.0,fixed,2026Q1,52.0,303.0,119.0,276.248,212.674,14.254,322.828,307.855,2026Q2,40.0,352.0,124.0,354.082,290.734,10.256,238.128,306.219,77.834,28.175,78.06,36.704,-3.998,-28.048
8312,Tucapel,Bío-Bío,Región del Bío-Bío,8.0,mobile,2026Q1,25.0,72.0,34.0,66.82,14.369,31.042,1832.197,1201.264,2026Q2,29.0,104.0,48.0,58.715,14.416,31.625,2303.62,1532.663,-8.105,-12.13,0.047,0.327,0.583,1.878
8313,Yumbel,Bío-Bío,Región del Bío-Bío,8.0,fixed,2026Q1,66.0,371.0,115.0,443.536,329.806,12.415,197.798,293.763,2026Q2,60.0,308.0,111.0,448.421,347.034,12.331,236.912,265.619,4.885,1.101,17.228,5.224,-0.084,-0.677
8313,Yumbel,Bío-Bío,Región del Bío-Bío,8.0,mobile,2026Q1,74.0,227.0,111.0,64.617,12.357,36.467,1979.288,2025.106,2026Q2,62.0,226.0,87.0,61.276,15.849,34.115,1686.907,1450.168,-3.341,-5.17,3.492,28.259,-2.352,-6.45
8314,Alto Biobío,Bío-Bío,Región del Bío-Bío,8.0,fixed,2026Q1,17.0,84.0,26.0,211.764,161.966,23.405,165.369,237.821,2026Q2,10.0,73.0,15.0,224.192,204.3,16.411,113.37,174.822,12.428,5.869,42.334,26.138,-6.994,-29.883
8314,Alto Biobío,Bío-Bío,Región del Bío-Bío,8.0,mobile,2026Q1,13.0,16.0,14.0,14.304,3.587,42.25,1384.8,1578.312,2026Q2,8.0,17.0,10.0,21.289,3.481,47.235,2090.786,1573.765,6.985,48.832,-0.106,-2.955,4.985,11.799
9101,Temuco,Cautín,Región de La Araucanía,9.0,fixed,2026Q1,376.0,7984.0,3219.0,396.134,364.555,9.598,179.591,233.582,2026Q2,370.0,8783.0,3292.0,424.505,386.546,9.269,181.963,253.945,28.371,7.162,21.991,6.032,-0.329,-3.428
9101,Temuco,Cautín,Región de La Araucanía,9.0,mobile,2026Q1,254.0,1928.0,1024.0,103.971,22.146,32.498,1362.333,1188.595,2026Q2,243.0,1883.0,1005.0,98.141,21.869,36.29,1460.06,1155.158,-5.83,-5.607,-0.277,-1.251,3.792,11.668
9102,Carahue,Cautín,Región de La Araucanía,9.0,fixed,2026Q1,51.0,207.0,80.0,202.331,128.607,23.773,284.464,217.444,2026Q2,47.0,189.0,76.0,264.213,198.563,17.217,257.508,318.72,61.882,30.585,69.956,54.395,-6.556,-27.578
9102,Carahue,Cautín,Región de La Araucanía,9.0,mobile,2026Q1,60.0,182.0,82.0,70.733,10.816,37.066,1339.956,1281.33,2026Q2,41.0,148.0,67.0,98.962,20.648,32.703,1326.709,1124.156,28.229,39.909,9.832,90.902,-4.363,-11.771
9103,Cunco,Cautín,Región de La Araucanía,9.0,fixed,2026Q1,85.0,447.0,133.0,274.853,200.078,17.394,232.327,241.572,2026Q2,59.0,259.0,91.0,335.099,277.587,52.212,487.151,475.355,60.246,21.919,77.509,38.739,34.818,200.172
9103,Cunco,Cautín,Región de La Araucanía,9.0,mobile,2026Q1,77.0,534.0,118.0,54.34,9.337,47.528,1951.389,2267.075,2026Q2,57.0,488.0,86.0,54.935,8.793,41.787,1971.282,1875.559,0.595,1.095,-0.544,-5.826,-5.741,-12.079
9104,Curarrehue,Cautín,Región de La Araucanía,9.0,fixed,2026Q1,58.0,183.0,80.0,134.301,91.818,26.164,328.082,256.869,2026Q2,46.0,177.0,66.0,145.121,120.902,24.91,264.13,455.548,10.82,8.057,29.084,31.676,-1.254,-4.793
9104,Curarrehue,Cautín,Región de La Araucanía,9.0,mobile,2026Q1,20.0,46.0,26.0,45.238,7.602,37.304,1910.652,1619.522,2026Q2,8.0,20.0,8.0,49.224,14.123,29.05,1771.75,588.5,3.986,8.811,6.521,85.78,-8.254,-22.126
9105,Freire,Cautín,Región de La Araucanía,9.0,fixed,2026Q1,118.0,473.0,190.0,222.755,161.045,35.091,378.07,349.814,2026Q2,102.0,655.0,144.0,135.226,79.823,34.551,382.082,352.821,-87.529,-39.294,-81.222,-50.434,-0.54,-1.539
9105,Freire,Cautín,Región de La Araucanía,9.0,mobile,2026Q1,83.0,271.0,113.0,48.777,9.012,35.185,2085.242,2268.446,2026Q2,70.0,290.0,92.0,47.258,9.787,40.993,2404.285,2557.952,-1.519,-3.114,0.775,8.6,5.808,16.507
9106,Galvarino,Cautín,Región de La Araucanía,9.0,fixed,2026Q1,18.0,140.0,33.0,301.353,187.724,19.164,203.836,323.829,2026Q2,17.0,72.0,29.0,302.456,238.124,15.917,247.972,323.0,1.103,0.366,50.4,26.848,-3.247,-16.943
9106,Galvarino,Cautín,Región de La Araucanía,9.0,mobile,2026Q1,28.0,200.0,48.0,108.318,19.003,32.075,1752.585,1856.725,2026Q2,35.0,161.0,51.0,88.089,15.799,34.441,2086.881,1886.662,-20.229,-18.676,-3.204,-16.86,2.366,7.376
9107,Gorbea,Cautín,Región de La Araucanía,9.0,fixed,2026Q1,42.0,185.0,76.0,330.877,270.534,15.005,199.397,163.8,2026Q2,33.0,179.0,68.0,306.203,230.281,16.693,180.268,294.117,-24.674,-7.457,-40.253,-14.879,1.688,11.25
9107,Gorbea,Cautín,Región de La Araucanía,9.0,mobile,2026Q1,34.0,197.0,48.0,56.496,19.13,32.426,1306.33,1136.148,2026Q2,33.0,157.0,45.0,126.106,25.714,28.344,898.822,784.828,69.61,123.212,6.584,34.417,-4.082,-12.589
9108,Lautaro,Cautín,Región de La Araucanía,9.0,fixed,2026Q1,89.0,697.0,249.0,312.636,274.501,21.085,235.83,242.74,2026Q2,80.0,681.0,257.0,338.292,268.531,13.696,212.702,237.659,25.656,8.206,-5.97,-2.175,-7.389,-35.044
9108,Lautaro,Cautín,Región de La Araucanía,9.0,mobile,2026Q1,96.0,468.0,138.0,69.155,9.711,46.013,2375.107,2037.267,2026Q2,86.0,494.0,132.0,62.48,11.58,45.358,1786.616,1950.275,-6.675,-9.652,1.869,19.246,-0.655,-1.424
9109,Loncoche,Cautín,Región de La Araucanía,9.0,fixed,2026Q1,149.0,816.0,292.0,295.296,232.76,14.929,215.322,315.388,2026Q2,111.0,795.0,247.0,370.972,316.074,15.523,151.442,186.318,75.676,25.627,83.314,35.794,0.594,3.979
9109,Loncoche,Cautín,Región de La Araucanía,9.0,mobile,2026Q1,75.0,306.0,114.0,91.419,17.046,34.542,1641.475,1471.395,2026Q2,48.0,192.0,76.0,88.486,15.819,38.208,1432.026,1330.938,-2.933,-3.208,-1.227,-7.198,3.666,10.613
9110,Melipeuco,Cautín,Región de La Araucanía,9.0,fixed,2026Q1,35.0,164.0,51.0,104.78,19.791,31.561,326.927,352.36,2026Q2,21.0,55.0,32.0,79.021,19.214,34.182,294.13,226.389,-25.759,-24.584,-0.577,-2.915,2.621,8.305
9110,Melipeuco,Cautín,Región de La Araucanía,9.0,mobile,2026Q1,26.0,79.0,36.0,51.281,12.521,52.557,2087.241,1342.696,2026Q2,16.0,44.0,24.0,62.144,9.45,37.705,1772.0,1860.614,10.863,21.183,-3.071,-24.527,-14.852,-28.259
9111,Nueva Imperial,Cautín,Región de La Araucanía,9.0,fixed,2026Q1,65.0,417.0,153.0,325.745,250.649,15.384,213.962,295.928,2026Q2,60.0,476.0,119.0,363.602,259.695,15.032,229.362,499.758,37.857,11.622,9.046,3.609,-0.352,-2.288
9111,Nueva Imperial,Cautín,Región de La Araucanía,9.0,mobile,2026Q1,56.0,134.0,82.0,82.082,15.079,32.896,1610.78,1558.963,2026Q2,40.0,130.0,70.0,70.724,12.922,45.077,1832.054,2101.07,-11.358,-13.837,-2.157,-14.305,12.181,37.029
9112,Padre Las Casas,Cautín,Región de La Araucanía,9.0,fixed,2026Q1,126.0,782.0,356.0,336.407,293.954,13.999,189.453,220.427,2026Q2,121.0,991.0,361.0,374.17,320.281,14.233,190.069,253.258,37.763,11.225,26.327,8.956,0.234,1.672
9112,Padre Las Casas,Cautín,Región de La Araucanía,9.0,mobile,2026Q1,147.0,356.0,228.0,65.12,13.61,37.761,1691.594,1675.244,2026Q2,144.0,604.0,241.0,58.654,17.387,39.997,1460.285,1258.282,-6.466,-9.929,3.777,27.752,2.236,5.921
9113,Perquenco,Cautín,Región de La Araucanía,9.0,fixed,2026Q1,17.0,134.0,33.0,546.34,430.378,10.836,146.216,292.082,2026Q2,16.0,51.0,30.0,190.492,162.843,16.353,356.804,520.431,-355.848,-65.133,-267.535,-62.163,5.517,50.914
9113,Perquenco,Cautín,Región de La Araucanía,9.0,mobile,2026Q1,18.0,31.0,22.0,52.623,8.363,42.29,2035.645,2012.677,2026Q2,17.0,45.0,20.0,109.35,13.622,39.733,1571.267,1727.2,56.727,107.799,5.259,62.884,-2.557,-6.046
9114,Pitrufquén,Cautín,Región de La Araucanía,9.0,fixed,2026Q1,90.0,640.0,238.0,364.715,301.704,13.402,172.434,230.158,2026Q2,76.0,560.0,208.0,378.461,326.033,15.264,187.602,232.007,13.746,3.769,24.329,8.064,1.862,13.893
9114,Pitrufquén,Cautín,Región de La Araucanía,9.0,mobile,2026Q1,59.0,199.0,100.0,78.412,13.968,35.688,1811.364,1681.193,2026Q2,40.0,164.0,74.0,106.595,22.28,30.701,1287.356,1151.245,28.183,35.942,8.312,59.507,-4.987,-13.974
9115,Pucón,Cautín,Región de La Araucanía,9.0,fixed,2026Q1,377.0,2480.0,1130.0,246.584,229.949,15.783,206.968,319.329,2026Q2,273.0,1629.0,632.0,265.565,270.584,15.369,184.217,295.552,18.981,7.698,40.635,17.671,-0.414,-2.623
9115,Pucón,Cautín,Región de La Araucanía,9.0,mobile,2026Q1,199.0,705.0,402.0,66.521,15.327,45.651,1681.771,1624.223,2026Q2,117.0,343.0,188.0,78.817,16.101,33.338,1473.597,1655.029,12.296,18.484,0.774,5.05,-12.313,-26.972
9116,Saavedra,Cautín,Región de La Araucanía,9.0,fixed,2026Q1,22.0,101.0,34.0,244.364,186.42,17.238,321.723,752.515,2026Q2,19.0,89.0,24.0,219.24,106.425,21.685,185.618,348.888,-25.124,-10.281,-79.995,-42.911,4.447,25.798
9116,Saavedra,Cautín,Región de La Araucanía,9.0,mobile,2026Q1,31.0,90.0,53.0,107.114,21.572,37.0,1270.364,1808.722,2026Q2,31.0,141.0,54.0,100.631,16.976,34.199,1493.255,1826.766,-6.483,-6.052,-4.596,-21.305,-2.801,-7.57
9117,Teodoro Schmidt,Cautín,Región de La Araucanía,9.0,fixed,2026Q1,44.0,150.0,57.0,387.703,289.335,19.193,311.127,417.5,2026Q2,28.0,84.0,36.0,243.859,141.303,21.274,286.536,276.774,-143.844,-37.102,-148.032,-51.163,2.081,10.842
9117,Teodoro Schmidt,Cautín,Región de La Araucanía,9.0,mobile,2026Q1,50.0,225.0,65.0,56.795,7.545,39.142,1737.351,1762.25,2026Q2,57.0,158.0,71.0,59.975,11.582,42.12,2209.827,2271.12,3.18,5.599,4.037,53.506,2.978,7.608
9118,Toltén,Cautín,Región de La Araucanía,9.0,fixed,2026Q1,18.0,53.0,28.0,171.912,103.932,24.34,366.827,441.208,2026Q2,14.0,48.0,23.0,423.73,389.055,37.0,292.812,218.25,251.818,146.481,285.123,274.336,12.66,52.013
9118,Toltén,Cautín,Región de La Araucanía,9.0,mobile,2026Q1,27.0,71.0,43.0,61.641,13.587,45.282,2052.186,1871.197,2026Q2,17.0,20.0,17.0,39.579,7.749,37.25,2378.05,2494.8,-22.062,-35.791,-5.838,-42.968,-8.032,-17.738
9119,Vilcún,Cautín,Región de La Araucanía,9.0,fixed,2026Q1,82.0,448.0,164.0,292.257,193.161,19.652,156.15,162.324,2026Q2,56.0,328.0,133.0,360.165,267.72,15.579,287.415,302.131,67.908,23.236,74.559,38.599,-4.073,-20.726
9119,Vilcún,Cautín,Región de La Araucanía,9.0,mobile,2026Q1,164.0,391.0,222.0,52.341,10.994,43.422,1564.779,1841.607,2026Q2,68.0,432.0,111.0,61.903,15.577,50.998,1285.157,1590.167,9.562,18.269,4.583,41.686,7.576,17.447
9120,Villarrica,Cautín,Región de La Araucanía,9.0,fixed,2026Q1,594.0,4210.0,1623.0,274.976,227.866,14.369,225.86,355.117,2026Q2,420.0,3063.0,1138.0,346.053,294.923,11.501,196.337,233.653,71.077,25.848,67.057,29.428,-2.868,-19.96
9120,Villarrica,Cautín,Región de La Araucanía,9.0,mobile,2026Q1,235.0,986.0,555.0,58.211,12.976,43.674,1768.531,1526.55,2026Q2,153.0,581.0,280.0,63.324,15.486,40.224,1657.95,1584.514,5.113,8.784,2.51,19.343,-3.45,-7.899
9121,Cholchol,Cautín,Región de La Araucanía,9.0,fixed,2026Q1,25.0,174.0,48.0,263.139,201.153,12.149,252.328,491.115,2026Q2,14.0,70.0,38.0,272.565,200.499,9.3,223.843,668.2,9.426,3.582,-0.654,-0.325,-2.849,-23.45
9121,Cholchol,Cautín,Región de La Araucanía,9.0,mobile,2026Q1,34.0,97.0,43.0,68.107,12.895,32.196,1670.406,2007.546,2026Q2,31.0,79.0,41.0,108.385,17.398,37.709,1707.835,1513.899,40.278,59.139,4.503,34.921,5.513,17.123
9201,Angol,Malleco,Región de La Araucanía,9.0,fixed,2026Q1,91.0,1302.0,379.0,422.867,319.602,8.785,239.22,264.62,2026Q2,81.0,1106.0,319.0,391.508,339.077,9.844,270.982,225.179,-31.359,-7.416,19.475,6.094,1.059,12.055
9201,Angol,Malleco,Región de La Araucanía,9.0,mobile,2026Q1,72.0,218.0,150.0,102.328,18.842,38.729,1585.209,1538.023,2026Q2,140.0,337.0,213.0,76.059,15.672,35.202,1790.693,1422.074,-26.269,-25.671,-3.17,-16.824,-3.527,-9.107
9202,Collipulli,Malleco,Región de La Araucanía,9.0,fixed,2026Q1,65.0,354.0,128.0,292.812,185.466,17.703,381.336,378.732,2026Q2,41.0,302.0,110.0,279.705,215.504,12.669,390.109,325.589,-13.107,-4.476,30.038,16.196,-5.034,-28.436
9202,Collipulli,Malleco,Región de La Araucanía,9.0,mobile,2026Q1,41.0,145.0,69.0,74.935,16.304,35.566,1562.168,1314.821,2026Q2,38.0,148.0,61.0,85.075,20.827,30.453,1818.705,896.574,10.14,13.532,4.523,27.742,-5.113,-14.376
9203,Curacautín,Malleco,Región de La Araucanía,9.0,fixed,2026Q1,99.0,324.0,155.0,242.714,160.372,27.546,319.347,325.377,2026Q2,69.0,298.0,126.0,290.613,212.882,22.695,237.337,343.034,47.899,19.735,52.51,32.743,-4.851,-17.611
9203,Curacautín,Malleco,Región de La Araucanía,9.0,mobile,2026Q1,39.0,132.0,62.0,114.713,18.847,36.364,1061.159,1356.144,2026Q2,34.0,154.0,53.0,61.327,9.418,46.766,1071.288,1054.377,-53.386,-46.539,-9.429,-50.029,10.402,28.605
9204,Ercilla,Malleco,Región de La Araucanía,9.0,fixed,2026Q1,18.0,135.0,43.0,616.476,390.283,12.481,253.733,270.941,2026Q2,25.0,92.0,37.0,442.344,331.697,30.891,167.402,208.272,-174.132,-28.246,-58.586,-15.011,18.41,147.504
9204,Ercilla,Malleco,Región de La Araucanía,9.0,mobile,2026Q1,23.0,100.0,36.0,66.397,14.136,48.13,1834.67,1260.64,2026Q2,17.0,94.0,32.0,68.267,16.352,56.245,1445.426,1201.128,1.87,2.816,2.216,15.676,8.115,16.861
9205,Lonquimay,Malleco,Región de La Araucanía,9.0,fixed,2026Q1,36.0,195.0,68.0,211.328,129.938,25.692,311.456,347.318,2026Q2,24.0,95.0,43.0,232.061,146.708,18.979,230.211,242.316,20.733,9.811,16.77,12.906,-6.713,-26.129
9205,Lonquimay,Malleco,Región de La Araucanía,9.0,mobile,2026Q1,29.0,92.0,51.0,66.961,16.135,49.13,1529.077,1039.62,2026Q2,29.0,83.0,41.0,43.082,10.146,71.819,1532.134,1501.108,-23.879,-35.661,-5.989,-37.118,22.689,46.182
9206,Los Sauces,Malleco,Región de La Araucanía,9.0,fixed,2026Q1,14.0,90.0,31.0,418.449,290.288,30.911,316.967,256.389,2026Q2,12.0,71.0,25.0,455.91,379.727,17.944,363.606,299.62,37.461,8.952,89.439,30.81,-12.967,-41.949
9206,Los Sauces,Malleco,Región de La Araucanía,9.0,mobile,2026Q1,20.0,124.0,30.0,58.748,12.402,60.597,1592.71,1465.444,2026Q2,20.0,73.0,29.0,72.954,14.818,76.26,1359.959,862.781,14.206,24.181,2.416,19.481,15.663,25.848
9207,Lumaco,Malleco,Región de La Araucanía,9.0,fixed,2026Q1,27.0,123.0,42.0,105.841,19.808,34.0,489.138,132.894,2026Q2,21.0,99.0,29.0,132.22,20.044,41.848,393.222,201.889,26.379,24.923,0.236,1.191,7.848,23.082
9207,Lumaco,Malleco,Región de La Araucanía,9.0,mobile,2026Q1,59.0,155.0,73.0,43.369,13.914,130.839,1533.252,1830.626,2026Q2,31.0,85.0,43.0,72.881,15.019,53.753,1407.867,1675.271,29.512,68.049,1.105,7.942,-77.086,-58.917
9208,Purén,Malleco,Región de La Araucanía,9.0,fixed,2026Q1,18.0,77.0,38.0,437.946,326.708,10.377,240.091,231.908,2026Q2,22.0,68.0,34.0,401.799,308.703,8.647,215.279,185.853,-36.147,-8.254,-18.005,-5.511,-1.73,-16.671
9208,Purén,Malleco,Región de La Araucanía,9.0,mobile,2026Q1,25.0,115.0,41.0,83.496,18.496,74.591,765.678,898.139,2026Q2,21.0,50.0,30.0,92.123,19.301,47.62,1008.521,1471.46,8.627,10.332,0.805,4.352,-26.971,-36.159
9209,Renaico,Malleco,Región de La Araucanía,9.0,fixed,2026Q1,15.0,108.0,43.0,534.56,345.068,12.546,225.852,105.343,2026Q2,15.0,117.0,50.0,397.296,312.704,10.359,280.692,160.863,-137.264,-25.678,-32.364,-9.379,-2.187,-17.432
9209,Renaico,Malleco,Región de La Araucanía,9.0,mobile,2026Q1,18.0,57.0,33.0,81.014,12.528,34.825,1922.509,1600.088,2026Q2,15.0,45.0,27.0,88.868,13.231,33.867,2060.244,1909.133,7.854,9.695,0.703,5.611,-0.958,-2.751
9210,Traiguén,Malleco,Región de La Araucanía,9.0,fixed,2026Q1,30.0,183.0,69.0,436.098,305.983,8.404,236.514,326.202,2026Q2,25.0,223.0,77.0,542.533,419.254,10.821,185.619,190.161,106.435,24.406,113.271,37.019,2.417,28.76
9210,Traiguén,Malleco,Región de La Araucanía,9.0,mobile,2026Q1,29.0,61.0,39.0,92.449,19.024,49.705,1452.393,1582.533,2026Q2,18.0,46.0,34.0,159.713,23.069,29.457,995.913,1116.739,67.264,72.758,4.045,21.263,-20.248,-40.736
9211,Victoria,Malleco,Región de La Araucanía,9.0,fixed,2026Q1,60.0,381.0,151.0,337.407,291.325,16.871,205.937,286.239,2026Q2,58.0,394.0,167.0,394.257,353.855,12.515,184.437,286.756,56.85,16.849,62.53,21.464,-4.356,-25.819
9211,Victoria,Malleco,Región de La Araucanía,9.0,mobile,2026Q1,60.0,179.0,105.0,106.51,20.148,41.207,1600.379,1437.079,2026Q2,51.0,119.0,75.0,114.741,17.144,31.765,1150.632,1350.992,8.231,7.728,-3.004,-14.91,-9.442,-22.914
10101,Puerto Montt,Llanquihue,Región de Los Lagos,10.0,fixed,2026Q1,526.0,6007.0,2167.0,420.576,342.659,10.651,273.4,258.517,2026Q2,513.0,5820.0,2146.0,451.684,360.349,9.971,237.616,223.851,31.108,7.397,17.69,5.163,-0.68,-6.384
10101,Puerto Montt,Llanquihue,Región de Los Lagos,10.0,mobile,2026Q1,355.0,1619.0,812.0,79.643,18.473,37.634,1915.01,1307.985,2026Q2,355.0,1933.0,861.0,84.995,19.383,40.318,1978.703,1341.351,5.352,6.72,0.91,4.926,2.684,7.132
10102,Calbuco,Llanquihue,Región de Los Lagos,10.0,fixed,2026Q1,40.0,132.0,47.0,181.924,37.941,23.477,384.045,145.326,2026Q2,37.0,98.0,39.0,266.662,40.945,24.704,325.629,195.247,84.738,46.579,3.004,7.918,1.227,5.226
10102,Calbuco,Llanquihue,Región de Los Lagos,10.0,mobile,2026Q1,51.0,132.0,62.0,72.06,11.768,50.492,2488.434,1332.121,2026Q2,41.0,143.0,45.0,83.901,16.933,66.706,1928.223,1266.542,11.841,16.432,5.165,43.89,16.214,32.112
10103,Cochamó,Llanquihue,Región de Los Lagos,10.0,fixed,2026Q1,65.0,140.0,76.0,213.635,134.636,29.986,382.836,270.386,2026Q2,32.0,242.0,54.0,216.98,136.655,22.161,360.562,214.719,3.345,1.566,2.019,1.5,-7.825,-26.096
10103,Cochamó,Llanquihue,Región de Los Lagos,10.0,mobile,2026Q1,25.0,65.0,31.0,41.221,10.047,48.292,2907.27,1665.825,2026Q2,22.0,75.0,30.0,59.762,8.864,50.813,1005.863,879.107,18.541,44.98,-1.183,-11.775,2.521,5.22
10104,Fresia,Llanquihue,Región de Los Lagos,10.0,fixed,2026Q1,41.0,152.0,62.0,308.099,227.1,17.329,277.621,220.4,2026Q2,42.0,172.0,70.0,538.204,390.454,16.471,256.326,260.669,230.105,74.685,163.354,71.93,-0.858,-4.951
10104,Fresia,Llanquihue,Región de Los Lagos,10.0,mobile,2026Q1,35.0,91.0,41.0,65.054,11.288,37.132,2255.088,1625.462,2026Q2,17.0,50.0,29.0,75.127,14.899,40.14,1747.98,1477.54,10.073,15.484,3.611,31.99,3.008,8.101
10105,Frutillar,Llanquihue,Región de Los Lagos,10.0,fixed,2026Q1,158.0,780.0,325.0,340.359,256.035,12.513,335.146,295.24,2026Q2,111.0,533.0,216.0,388.691,290.315,10.548,294.442,340.905,48.332,14.2,34.28,13.389,-1.965,-15.704
10105,Frutillar,Llanquihue,Región de Los Lagos,10.0,mobile,2026Q1,58.0,158.0,105.0,90.576,17.925,36.076,1959.045,1313.582,2026Q2,47.0,98.0,64.0,107.647,18.138,37.622,2070.784,1539.878,17.071,18.847,0.213,1.188,1.546,4.285
10106,Los Muermos,Llanquihue,Región de Los Lagos,10.0,fixed,2026Q1,55.0,204.0,80.0,320.909,270.244,15.5,276.685,313.294,2026Q2,44.0,145.0,72.0,463.483,361.789,10.724,309.331,454.186,142.574,44.428,91.545,33.875,-4.776,-30.813
10106,Los Muermos,Llanquihue,Región de Los Lagos,10.0,mobile,2026Q1,49.0,125.0,62.0,75.728,13.337,41.384,1866.05,1509.821,2026Q2,20.0,77.0,28.0,128.342,12.056,32.766,1446.156,1191.494,52.614,69.478,-1.281,-9.605,-8.618,-20.824
10107,Llanquihue,Llanquihue,Región de Los Lagos,10.0,fixed,2026Q1,80.0,330.0,156.0,349.29,271.653,9.939,310.243,239.769,2026Q2,68.0,421.0,146.0,399.623,323.09,10.468,250.043,252.425,50.333,14.41,51.437,18.935,0.529,5.322
10107,Llanquihue,Llanquihue,Región de Los Lagos,10.0,mobile,2026Q1,37.0,71.0,57.0,99.847,21.532,48.577,1672.536,1252.366,2026Q2,31.0,73.0,48.0,136.558,25.41,33.288,1863.648,1357.26,36.711,36.767,3.878,18.01,-15.289,-31.474
10108,Maullín,Llanquihue,Región de Los Lagos,10.0,fixed,2026Q1,34.0,119.0,59.0,348.088,257.078,16.832,427.798,397.37,2026Q2,30.0,95.0,47.0,483.665,387.384,13.526,300.137,301.8,135.577,38.949,130.306,50.687,-3.306,-19.641
10108,Maullín,Llanquihue,Región de Los Lagos,10.0,mobile,2026Q1,45.0,141.0,82.0,82.636,16.356,42.184,2196.617,1567.603,2026Q2,36.0,135.0,63.0,82.495,19.749,45.667,1732.356,1201.231,-0.141,-0.171,3.393,20.745,3.483,8.257
10109,Puerto Varas,Llanquihue,Región de Los Lagos,10.0,fixed,2026Q1,350.0,2125.0,926.0,302.166,232.666,11.592,297.136,368.267,2026Q2,290.0,1994.0,771.0,348.78,283.86,10.489,269.429,312.723,46.614,15.427,51.194,22.003,-1.103,-9.515
10109,Puerto Varas,Llanquihue,Región de Los Lagos,10.0,mobile,2026Q1,143.0,487.0,239.0,72.15,14.879,47.23,1739.705,1449.072,2026Q2,114.0,348.0,188.0,80.916,15.319,38.414,1613.601,1247.997,8.766,12.15,0.44,2.957,-8.816,-18.666
10201,Castro,Chiloe,Región de Los Lagos,10.0,fixed,2026Q1,101.0,476.0,214.0,339.129,273.464,12.288,326.248,303.105,2026Q2,81.0,559.0,164.0,426.757,333.282,9.612,238.506,293.775,87.628,25.839,59.818,21.874,-2.676,-21.777
10201,Castro,Chiloe,Región de Los Lagos,10.0,mobile,2026Q1,54.0,185.0,99.0,71.676,18.041,57.686,2048.511,1425.643,2026Q2,53.0,176.0,87.0,65.188,13.055,40.659,1794.293,1555.057,-6.488,-9.052,-4.986,-27.637,-17.027,-29.517
10202,Ancud,Chiloe,Región de Los Lagos,10.0,fixed,2026Q1,116.0,662.0,223.0,211.413,119.619,19.796,295.621,490.562,2026Q2,81.0,637.0,188.0,239.387,153.971,19.813,247.531,266.281,27.974,13.232,34.352,28.718,0.017,0.086
10202,Ancud,Chiloe,Región de Los Lagos,10.0,mobile,2026Q1,76.0,323.0,133.0,78.928,18.895,47.954,2053.202,1505.193,2026Q2,86.0,342.0,152.0,83.695,20.26,51.599,1677.212,1447.472,4.767,6.04,1.365,7.224,3.645,7.601
10203,Chonchi,Chiloe,Región de Los Lagos,10.0,fixed,2026Q1,40.0,97.0,46.0,165.455,69.463,26.536,392.412,300.392,2026Q2,32.0,79.0,42.0,178.385,94.252,31.051,332.975,268.633,12.93,7.815,24.789,35.687,4.515,17.015
10203,Chonchi,Chiloe,Región de Los Lagos,10.0,mobile,2026Q1,41.0,84.0,48.0,59.933,11.265,41.964,1951.988,1380.5,2026Q2,45.0,231.0,53.0,35.012,8.467,45.082,1874.873,2401.688,-24.921,-41.581,-2.798,-24.838,3.118,7.43
10204,Curaco de Vélez,Chiloe,Región de Los Lagos,10.0,fixed,2026Q1,2.0,4.0,2.0,493.095,677.741,12.0,99.75,35.0,2026Q2,6.0,8.0,6.0,285.985,100.612,21.375,153.25,30.5,-207.11,-42.002,-577.129,-85.155,9.375,78.125
10204,Curaco de Vélez,Chiloe,Región de Los Lagos,10.0,mobile,2026Q1,8.0,31.0,11.0,105.375,11.433,41.387,1220.387,2404.742,2026Q2,8.0,20.0,12.0,133.604,26.766,32.6,1317.85,1598.4,28.229,26.789,15.333,134.112,-8.787,-21.231
10205,Dalcahue,Chiloe,Región de Los Lagos,10.0,fixed,2026Q1,24.0,98.0,35.0,97.781,56.734,27.02,543.316,457.102,2026Q2,18.0,73.0,22.0,236.212,113.953,21.959,404.329,758.397,138.431,141.572,57.219,100.855,-5.061,-18.731
10205,Dalcahue,Chiloe,Región de Los Lagos,10.0,mobile,2026Q1,12.0,19.0,14.0,86.762,16.016,48.158,1661.947,1337.526,2026Q2,12.0,20.0,13.0,73.56,14.497,77.95,1173.2,1367.75,-13.202,-15.216,-1.519,-9.484,29.792,61.863
10206,Puqueldón,Chiloe,Región de Los Lagos,10.0,fixed,2026Q1,5.0,30.0,10.0,269.112,220.462,14.667,160.033,312.233,2026Q2,6.0,11.0,7.0,239.249,173.29,11.273,311.455,399.455,-29.863,-11.097,-47.172,-21.397,-3.394,-23.14
10206,Puqueldón,Chiloe,Región de Los Lagos,10.0,mobile,2026Q1,14.0,62.0,16.0,23.647,9.249,37.484,2345.306,999.968,2026Q2,9.0,23.0,13.0,33.642,7.714,37.261,1915.217,1704.174,9.995,42.268,-1.535,-16.596,-0.223,-0.595
10207,Queilén,Chiloe,Región de Los Lagos,10.0,fixed,,,,,,,,,,2026Q2,2.0,2.0,2.0,228.59,43.056,25.5,76.5,41.5,,,,,,
10207,Queilén,Chiloe,Región de Los Lagos,10.0,mobile,2026Q1,6.0,11.0,6.0,33.278,7.405,51.636,3350.273,2205.364,2026Q2,11.0,11.0,11.0,31.897,8.547,39.818,4031.182,3363.364,-1.381,-4.15,1.142,15.422,-11.818,-22.887
10208,Quellón,Chiloe,Región de Los Lagos,10.0,fixed,2026Q1,50.0,265.0,89.0,283.162,145.041,18.423,196.204,289.925,2026Q2,62.0,452.0,113.0,371.623,265.479,13.029,147.157,364.248,88.461,31.24,120.438,83.037,-5.394,-29.279
10208,Quellón,Chiloe,Región de Los Lagos,10.0,mobile,2026Q1,25.0,72.0,33.0,80.682,16.103,55.0,1943.083,1742.764,2026Q2,44.0,84.0,52.0,90.068,18.086,54.881,1598.494,1123.039,9.386,11.633,1.983,12.314,-0.119,-0.216
10209,Quemchi,Chiloe,Región de Los Lagos,10.0,fixed,2026Q1,9.0,20.0,9.0,194.7,30.648,27.65,581.95,165.3,2026Q2,6.0,24.0,6.0,229.968,27.108,25.208,352.042,439.043,35.268,18.114,-3.54,-11.551,-2.442,-8.832
10209,Quemchi,Chiloe,Región de Los Lagos,10.0,mobile,2026Q1,11.0,51.0,14.0,99.081,21.208,65.49,1726.176,1044.902,2026Q2,12.0,94.0,15.0,59.504,17.945,45.723,1013.247,2137.564,-39.577,-39.944,-3.263,-15.386,-19.767,-30.183
10210,Quinchao,Chiloe,Región de Los Lagos,10.0,fixed,2026Q1,8.0,19.0,10.0,366.812,272.68,11.158,317.316,222.842,2026Q2,9.0,43.0,10.0,217.824,99.661,21.721,359.535,321.977,-148.988,-40.617,-173.019,-63.451,10.563,94.668
10210,Quinchao,Chiloe,Región de Los Lagos,10.0,mobile,2026Q1,11.0,32.0,17.0,103.188,17.247,56.5,1451.312,1066.5,2026Q2,6.0,10.0,8.0,116.099,19.946,36.6,1412.6,1270.2,12.911,12.512,2.699,15.649,-19.9,-35.221
10301,Osorno,Osorno,Región de Los Lagos,10.0,fixed,2026Q1,275.0,3359.0,1313.0,444.221,364.849,11.577,244.108,219.971,2026Q2,268.0,3819.0,1309.0,464.052,387.943,10.33,216.414,210.29,19.831,4.464,23.094,6.33,-1.247,-10.771
10301,Osorno,Osorno,Región de Los Lagos,10.0,mobile,2026Q1,231.0,878.0,501.0,80.67,20.793,41.114,1776.139,1124.774,2026Q2,178.0,970.0,433.0,92.929,22.278,38.944,2082.16,1126.365,12.259,15.196,1.485,7.142,-2.17,-5.278
10302,Puerto Octay,Osorno,Región de Los Lagos,10.0,fixed,2026Q1,93.0,427.0,132.0,283.882,141.438,23.192,288.939,154.002,2026Q2,52.0,234.0,67.0,384.506,254.961,22.509,305.711,212.496,100.624,35.446,113.523,80.263,-0.683,-2.945
10302,Puerto Octay,Osorno,Región de Los Lagos,10.0,mobile,2026Q1,61.0,187.0,73.0,43.929,7.692,65.187,1960.045,1356.712,2026Q2,21.0,91.0,25.0,76.007,19.784,40.692,1804.604,1450.56,32.078,73.022,12.092,157.202,-24.495,-37.577
10303,Purranque,Osorno,Región de Los Lagos,10.0,fixed,2026Q1,63.0,380.0,129.0,490.946,388.254,13.684,231.687,207.405,2026Q2,57.0,400.0,111.0,415.134,359.28,18.53,485.908,297.17,-75.812,-15.442,-28.974,-7.463,4.846,35.414
10303,Purranque,Osorno,Región de Los Lagos,10.0,mobile,2026Q1,40.0,77.0,56.0,81.997,19.063,43.169,1584.895,1219.727,2026Q2,34.0,69.0,45.0,120.625,27.233,43.377,1672.379,945.551,38.628,47.109,8.17,42.858,0.208,0.482
10304,Puyehue,Osorno,Región de Los Lagos,10.0,fixed,2026Q1,81.0,346.0,140.0,211.084,119.118,23.121,307.606,172.379,2026Q2,61.0,215.0,90.0,225.055,149.359,23.8,352.47,328.726,13.971,6.619,30.241,25.387,0.679,2.937
10304,Puyehue,Osorno,Región de Los Lagos,10.0,mobile,2026Q1,54.0,171.0,72.0,48.06,10.697,47.035,2301.714,1574.585,2026Q2,30.0,61.0,40.0,59.322,13.586,41.639,2495.155,1861.443,11.262,23.433,2.889,27.008,-5.396,-11.472
10305,Río Negro,Osorno,Región de Los Lagos,10.0,fixed,2026Q1,38.0,291.0,89.0,583.833,425.726,14.131,226.756,303.983,2026Q2,32.0,220.0,68.0,626.072,469.118,11.214,202.082,183.682,42.239,7.235,43.392,10.192,-2.917,-20.643
10305,Río Negro,Osorno,Región de Los Lagos,10.0,mobile,2026Q1,53.0,148.0,63.0,77.5,17.888,95.25,2384.041,1113.196,2026Q2,21.0,56.0,30.0,106.317,23.334,32.429,2079.846,1154.709,28.817,37.183,5.446,30.445,-62.821,-65.954
10306,San Juan de la Costa,Osorno,Región de Los Lagos,10.0,fixed,2026Q1,21.0,45.0,25.0,159.253,26.849,29.044,178.533,63.422,2026Q2,17.0,55.0,17.0,127.366,23.657,29.655,299.509,141.745,-31.887,-20.023,-3.192,-11.889,0.611,2.104
10306,San Juan de la Costa,Osorno,Región de Los Lagos,10.0,mobile,2026Q1,34.0,62.0,46.0,108.309,16.302,51.097,1759.39,1557.968,2026Q2,17.0,47.0,20.0,73.423,23.593,32.915,1480.489,1315.064,-34.886,-32.21,7.291,44.725,-18.182,-35.583
10307,San Pablo,Osorno,Región de Los Lagos,10.0,fixed,2026Q1,34.0,110.0,58.0,565.93,420.895,13.409,271.318,299.236,2026Q2,29.0,141.0,52.0,420.9,320.298,11.95,330.723,349.475,-145.03,-25.627,-100.597,-23.901,-1.459,-10.881
10307,San Pablo,Osorno,Región de Los Lagos,10.0,mobile,2026Q1,52.0,174.0,63.0,64.605,15.004,36.04,1500.676,1109.316,2026Q2,23.0,65.0,39.0,89.115,19.662,39.8,1959.127,1286.469,24.51,37.938,4.658,31.045,3.76,10.433
10401,Chaitén,Palena,Región de Los Lagos,10.0,fixed,2026Q1,51.0,171.0,102.0,149.711,67.833,20.708,379.942,421.953,2026Q2,20.0,56.0,29.0,155.21,89.515,22.536,382.714,290.732,5.499,3.673,21.682,31.964,1.828,8.828
10401,Chaitén,Palena,Región de Los Lagos,10.0,mobile,2026Q1,21.0,35.0,28.0,56.336,14.403,50.429,1715.0,1824.6,2026Q2,10.0,16.0,12.0,104.996,15.563,33.875,1732.571,1833.867,48.66,86.375,1.16,8.054,-16.554,-32.826
10402,Futaleufú,Palena,Región de Los Lagos,10.0,fixed,2026Q1,33.0,77.0,49.0,175.988,88.266,22.143,321.909,241.896,2026Q2,10.0,16.0,11.0,192.428,85.811,21.625,411.5,624.438,16.44,9.342,-2.455,-2.781,-0.518,-2.339
10402,Futaleufú,Palena,Región de Los Lagos,10.0,mobile,2026Q1,7.0,12.0,11.0,94.546,22.39,54.5,1535.75,1346.167,2026Q2,1.0,5.0,2.0,113.881,23.823,84.0,2092.0,1055.0,19.335,20.45,1.433,6.4,29.5,54.128
10403,Hualaihué,Palena,Región de Los Lagos,10.0,fixed,2026Q1,37.0,165.0,76.0,291.336,257.887,24.4,348.261,365.115,2026Q2,25.0,106.0,55.0,354.245,316.207,12.66,300.915,221.387,62.909,21.593,58.32,22.615,-11.74,-48.115
10403,Hualaihué,Palena,Región de Los Lagos,10.0,mobile,2026Q1,28.0,110.0,46.0,34.998,11.351,39.455,2555.518,1575.027,2026Q2,24.0,82.0,34.0,54.756,12.198,49.756,1347.605,1337.134,19.758,56.455,0.847,7.462,10.301,26.108
10404,Palena,Palena,Región de Los Lagos,10.0,fixed,2026Q1,10.0,19.0,13.0,140.626,106.216,28.684,774.895,346.368,2026Q2,2.0,3.0,2.0,301.972,179.21,14.667,129.0,294.0,161.346,114.734,72.994,68.722,-14.017,-48.867
10404,Palena,Palena,Región de Los Lagos,10.0,mobile,2026Q1,3.0,3.0,3.0,41.739,6.182,47.333,813.333,3239.0,2026Q2,5.0,7.0,5.0,63.368,5.382,45.143,1207.714,2212.714,21.629,51.82,-0.8,-12.941,-2.19,-4.627
11101,Coyhaique,Coyhaique,Región de Aysén del Gral.Ibañez del Campo,11.0,fixed,2026Q1,158.0,883.0,382.0,314.677,233.468,21.438,299.442,282.94,2026Q2,105.0,718.0,281.0,350.14,278.57,17.532,244.031,257.391,35.463,11.27,45.102,19.318,-3.906,-18.22
11101,Coyhaique,Coyhaique,Región de Aysén del Gral.Ibañez del Campo,11.0,mobile,2026Q1,100.0,386.0,182.0,95.635,18.706,54.728,1648.082,1394.333,2026Q2,88.0,380.0,159.0,72.745,17.21,51.197,1800.077,1144.687,-22.89,-23.935,-1.496,-7.997,-3.531,-6.452
11102,Lago Verde,Coyhaique,Región de Aysén del Gral.Ibañez del Campo,11.0,fixed,2026Q1,9.0,12.0,9.0,272.205,95.146,26.917,147.417,113.417,2026Q2,3.0,4.0,3.0,137.591,34.775,30.75,218.0,45.5,-134.614,-49.453,-60.371,-63.451,3.833,14.24
11102,Lago Verde,Coyhaique,Región de Aysén del Gral.Ibañez del Campo,11.0,mobile,2026Q1,16.0,37.0,21.0,12.559,7.326,66.162,2015.0,1993.028,2026Q2,1.0,4.0,1.0,2.682,0.304,73.0,2807.0,5185.0,-9.877,-78.645,-7.022,-95.85,6.838,10.335
11201,Aysén,Aysén,Región de Aysén del Gral.Ibañez del Campo,11.0,fixed,2026Q1,73.0,307.0,135.0,214.215,156.24,19.065,329.964,326.235,2026Q2,55.0,226.0,93.0,300.374,220.511,17.119,337.058,323.554,86.159,40.221,64.271,41.136,-1.946,-10.207
11201,Aysén,Aysén,Región de Aysén del Gral.Ibañez del Campo,11.0,mobile,2026Q1,65.0,151.0,79.0,83.448,12.324,60.49,1815.993,2220.556,2026Q2,28.0,117.0,49.0,85.947,16.715,50.222,1346.862,1603.709,2.499,2.995,4.391,35.63,-10.268,-16.975
11202,Cisnes,Aysén,Región de Aysén del Gral.Ibañez del Campo,11.0,fixed,2026Q1,46.0,169.0,85.0,165.867,89.092,25.278,511.556,497.207,2026Q2,10.0,39.0,14.0,193.571,126.382,21.615,289.103,412.179,27.704,16.703,37.29,41.856,-3.663,-14.491
11202,Cisnes,Aysén,Región de Aysén del Gral.Ibañez del Campo,11.0,mobile,2026Q1,18.0,48.0,33.0,66.708,14.97,79.812,1479.042,1685.542,2026Q2,8.0,21.0,9.0,22.21,10.244,48.714,2310.857,893.952,-44.498,-66.706,-4.726,-31.57,-31.098,-38.964
11301,Cochrane,Capitán Prat,Región de Aysén del Gral.Ibañez del Campo,11.0,fixed,2026Q1,33.0,72.0,48.0,253.265,144.695,30.194,382.264,181.639,2026Q2,12.0,32.0,22.0,277.356,263.069,22.719,420.5,287.688,24.091,9.512,118.374,81.809,-7.475,-24.757
11301,Cochrane,Capitán Prat,Región de Aysén del Gral.Ibañez del Campo,11.0,mobile,2026Q1,14.0,29.0,23.0,96.34,17.673,93.966,2463.379,1978.69,2026Q2,5.0,6.0,6.0,75.937,19.908,82.833,991.833,498.0,-20.403,-21.178,2.235,12.646,-11.133,-11.848
11302,O'Higgins,Capitán Prat,Región de Aysén del Gral.Ibañez del Campo,11.0,fixed,2026Q1,4.0,10.0,4.0,132.077,41.048,37.7,206.2,53.6,2026Q2,1.0,3.0,1.0,87.897,40.656,30.0,223.0,42.0,-44.18,-33.45,-0.392,-0.955,-7.7,-20.424
11302,O'Higgins,Capitán Prat,Región de Aysén del Gral.Ibañez del Campo,11.0,mobile,2026Q1,13.0,32.0,14.0,13.908,2.932,53.812,1897.781,2371.844,,,,,,,,,,,,,,,
11303,Tortel,Capitán Prat,Región de Aysén del Gral.Ibañez del Campo,11.0,fixed,2026Q1,10.0,20.0,12.0,142.921,29.238,34.85,297.85,178.75,2026Q2,2.0,3.0,2.0,45.673,14.331,43.667,2759.667,1059.333,-97.248,-68.043,-14.907,-50.985,8.817,25.3
11303,Tortel,Capitán Prat,Región de Aysén del Gral.Ibañez del Campo,11.0,mobile,2026Q1,9.0,11.0,11.0,20.2,4.119,101.364,2025.5,1583.0,2026Q2,4.0,8.0,4.0,21.443,12.709,55.25,1505.875,1368.875,1.243,6.153,8.59,208.546,-46.114,-45.493
11401,Chile Chico,General Carrera,Región de Aysén del Gral.Ibañez del Campo,11.0,fixed,2026Q1,49.0,231.0,84.0,181.806,81.951,28.026,315.904,405.641,2026Q2,25.0,80.0,36.0,244.113,128.426,24.363,332.688,230.963,62.307,34.271,46.475,56.711,-3.663,-13.07
11401,Chile Chico,General Carrera,Región de Aysén del Gral.Ibañez del Campo,11.0,mobile,2026Q1,10.0,13.0,12.0,42.39,13.996,85.692,1568.0,772.769,2026Q2,8.0,13.0,9.0,62.027,14.983,119.154,2086.692,1424.231,19.637,46.325,0.987,7.052,33.462,39.049
11402,Río Ibáñez,General Carrera,Región de Aysén del Gral.Ibañez del Campo,11.0,fixed,2026Q1,59.0,164.0,108.0,179.174,77.482,29.902,331.988,256.372,2026Q2,18.0,34.0,22.0,149.003,96.97,21.618,545.029,546.265,-30.171,-16.839,19.488,25.152,-8.284,-27.704
11402,Río Ibáñez,General Carrera,Región de Aysén del Gral.Ibañez del Campo,11.0,mobile,2026Q1,20.0,33.0,27.0,38.866,8.987,53.818,1670.182,1532.091,2026Q2,10.0,18.0,11.0,46.292,12.792,45.889,1420.824,1216.444,7.426,19.107,3.805,42.339,-7.929,-14.733
12101,Punta Arenas,Magallanes,Región de Magallanes y Antártica Chilena,12.0,fixed,2026Q1,153.0,1417.0,596.0,399.088,300.111,46.855,332.873,264.804,2026Q2,138.0,1910.0,582.0,407.131,310.088,45.615,350.469,247.917,8.043,2.015,9.977,3.324,-1.24,-2.646
12101,Punta Arenas,Magallanes,Región de Magallanes y Antártica Chilena,12.0,mobile,2026Q1,91.0,190.0,137.0,59.229,19.444,72.353,1658.588,1078.757,2026Q2,77.0,419.0,138.0,55.509,17.952,96.909,1793.288,1385.549,-3.72,-6.281,-1.492,-7.673,24.556,33.939
12102,Laguna Blanca,Magallanes,Región de Magallanes y Antártica Chilena,12.0,fixed,2026Q1,22.0,27.0,23.0,127.688,19.36,71.111,359.333,353.926,2026Q2,5.0,5.0,5.0,134.239,29.65,44.2,253.2,123.2,6.551,5.13,10.29,53.151,-26.911,-37.844
12102,Laguna Blanca,Magallanes,Región de Magallanes y Antártica Chilena,12.0,mobile,2026Q1,11.0,17.0,12.0,33.901,6.263,60.529,962.625,406.688,2026Q2,4.0,23.0,4.0,22.02,3.709,55.696,591.435,458.957,-11.881,-35.046,-2.554,-40.779,-4.833,-7.985
12103,Río Verde,Magallanes,Región de Magallanes y Antártica Chilena,12.0,fixed,2026Q1,3.0,3.0,3.0,54.829,34.615,52.667,218.667,206.667,2026Q2,2.0,2.0,2.0,45.411,28.759,46.0,347.5,57.0,-9.418,-17.177,-5.856,-16.918,-6.667,-12.659
12103,Río Verde,Magallanes,Región de Magallanes y Antártica Chilena,12.0,mobile,2026Q1,3.0,3.0,3.0,138.771,32.511,46.333,382.0,223.667,2026Q2,1.0,3.0,2.0,50.682,3.415,54.0,344.0,141.0,-88.089,-63.478,-29.096,-89.496,7.667,16.548
12104,San Gregorio,Magallanes,Región de Magallanes y Antártica Chilena,12.0,fixed,2026Q1,12.0,23.0,12.0,108.099,17.236,64.696,262.304,946.304,2026Q2,11.0,27.0,17.0,187.126,31.102,45.333,337.148,366.963,79.027,73.106,13.866,80.448,-19.363,-29.929
12104,San Gregorio,Magallanes,Región de Magallanes y Antártica Chilena,12.0,mobile,2026Q1,9.0,17.0,11.0,52.918,15.492,109.647,1640.941,2037.765,2026Q2,8.0,12.0,8.0,32.001,11.636,64.667,1882.417,1676.917,-20.917,-39.527,-3.856,-24.89,-44.98,-41.023
12201,Cabo de Hornos,Antártica Chilena,Región de Magallanes y Antártica Chilena,12.0,fixed,2026Q1,10.0,27.0,17.0,191.912,23.721,63.296,315.778,102.667,2026Q2,5.0,11.0,8.0,163.122,27.623,42.545,222.364,100.818,-28.79,-15.002,3.902,16.45,-20.751,-32.784
12201,Cabo de Hornos,Antártica Chilena,Región de Magallanes y Antártica Chilena,12.0,mobile,2026Q1,18.0,43.0,22.0,41.024,8.363,60.442,1070.744,489.907,2026Q2,9.0,115.0,19.0,66.073,14.407,96.957,2102.191,1465.304,25.049,61.059,6.044,72.271,36.515,60.413
12301,Porvenir,Tierra del Fuego,Región de Magallanes y Antártica Chilena,12.0,fixed,2026Q1,27.0,106.0,51.0,360.655,262.713,50.821,803.248,264.657,2026Q2,19.0,78.0,29.0,420.54,364.441,43.859,571.705,226.667,59.885,16.605,101.728,38.722,-6.962,-13.699
12301,Porvenir,Tierra del Fuego,Región de Magallanes y Antártica Chilena,12.0,mobile,2026Q1,14.0,22.0,16.0,79.795,14.097,89.909,1312.636,1918.0,2026Q2,6.0,8.0,7.0,125.382,34.167,61.0,684.5,618.875,45.587,57.13,20.07,142.371,-28.909,-32.154
12302,Primavera,Tierra del Fuego,Región de Magallanes y Antártica Chilena,12.0,fixed,2026Q1,12.0,33.0,18.0,262.473,24.254,56.242,291.333,175.758,2026Q2,10.0,22.0,14.0,191.61,20.236,51.727,248.5,300.0,-70.863,-26.998,-4.018,-16.566,-4.515,-8.028
12302,Primavera,Tierra del Fuego,Región de Magallanes y Antártica Chilena,12.0,mobile,2026Q1,3.0,8.0,5.0,198.432,34.181,57.5,1000.125,645.0,2026Q2,4.0,12.0,7.0,77.441,18.746,73.917,1237.583,1391.083,-120.991,-60.974,-15.435,-45.157,16.417,28.551
12303,Timaukel,Tierra del Fuego,Región de Magallanes y Antártica Chilena,12.0,fixed,2026Q1,6.0,8.0,7.0,154.738,18.58,83.625,582.125,1298.375,2026Q2,1.0,1.0,1.0,111.774,44.041,36.0,345.0,50.0,-42.964,-27.766,25.461,137.034,-47.625,-56.951
12303,Timaukel,Tierra del Fuego,Región de Magallanes y Antártica Chilena,12.0,mobile,2026Q1,30.0,44.0,33.0,47.395,7.359,74.136,959.302,1433.386,2026Q2,1.0,3.0,1.0,0.222,0.222,64.0,582.0,5372.0,-47.173,-99.532,-7.137,-96.983,-10.136,-13.672
12401,Natales,Ultima Esperanza,Región de Magallanes y Antártica Chilena,12.0,fixed,2026Q1,95.0,695.0,381.0,263.19,198.02,43.698,388.387,422.767,2026Q2,71.0,565.0,206.0,302.31,280.143,46.536,357.497,438.126,39.12,14.864,82.123,41.472,2.838,6.495
12401,Natales,Ultima Esperanza,Región de Magallanes y Antártica Chilena,12.0,mobile,2026Q1,49.0,135.0,69.0,72.184,15.234,91.711,1635.842,1590.496,2026Q2,54.0,167.0,84.0,122.062,26.197,63.635,1900.92,1064.747,49.878,69.098,10.963,71.964,-28.076,-30.614
12402,Torres del Paine,Ultima Esperanza,Región de Magallanes y Antártica Chilena,12.0,fixed,2026Q1,60.0,139.0,121.0,110.25,18.365,50.115,544.662,509.626,2026Q2,28.0,77.0,45.0,147.142,22.141,44.649,698.0,292.597,36.892,33.462,3.776,20.561,-5.466,-10.907
12402,Torres del Paine,Ultima Esperanza,Región de Magallanes y Antártica Chilena,12.0,mobile,2026Q1,4.0,4.0,4.0,33.289,6.195,89.25,1764.75,1623.5,2026Q2,2.0,3.0,3.0,93.732,13.163,60.333,411.333,540.333,60.443,181.57,6.968,112.478,-28.917,-32.4
13101,Santiago,Santiago,Región Metropolitana de Santiago,13.0,fixed,2026Q1,92.0,17369.0,6709.0,425.167,372.177,4.473,200.647,197.637,2026Q2,93.0,18376.0,6797.0,445.19,389.547,4.281,189.386,199.874,20.023,4.709,17.37,4.667,-0.192,-4.292
13101,Santiago,Santiago,Región Metropolitana de Santiago,13.0,mobile,2026Q1,92.0,4729.0,2287.0,130.757,29.978,21.389,1222.486,943.174,2026Q2,93.0,5140.0,2353.0,118.141,28.42,23.427,1279.302,968.78,-12.616,-9.648,-1.558,-5.197,2.038,9.528
13102,Cerrillos,Santiago,Región Metropolitana de Santiago,13.0,fixed,2026Q1,56.0,2496.0,1046.0,430.106,374.646,4.895,226.904,213.341,2026Q2,58.0,2883.0,1098.0,453.124,404.08,4.682,234.102,190.751,23.018,5.352,29.434,7.856,-0.213,-4.351
13102,Cerrillos,Santiago,Región Metropolitana de Santiago,13.0,mobile,2026Q1,55.0,471.0,282.0,138.043,29.691,21.928,1185.987,954.13,2026Q2,55.0,465.0,251.0,104.73,22.084,22.948,1583.978,1340.097,-33.313,-24.132,-7.607,-25.621,1.02,4.652
13103,Cerro Navia,Santiago,Región Metropolitana de Santiago,13.0,fixed,2026Q1,38.0,2742.0,1147.0,428.943,381.392,3.998,230.397,209.286,2026Q2,39.0,3092.0,1278.0,437.96,393.845,4.265,271.905,236.225,9.017,2.102,12.453,3.265,0.267,6.678
13103,Cerro Navia,Santiago,Región Metropolitana de Santiago,13.0,mobile,2026Q1,38.0,519.0,222.0,135.468,22.852,20.694,1320.99,1045.341,2026Q2,39.0,367.0,224.0,109.872,23.601,20.589,1432.567,1017.191,-25.596,-18.894,0.749,3.278,-0.105,-0.507
13104,Conchalí,Santiago,Región Metropolitana de Santiago,13.0,fixed,2026Q1,40.0,3062.0,1353.0,434.783,392.279,4.125,224.257,245.922,2026Q2,40.0,3222.0,1352.0,454.382,412.329,4.372,181.929,217.841,19.599,4.508,20.05,5.111,0.247,5.988
13104,Conchalí,Santiago,Región Metropolitana de Santiago,13.0,mobile,2026Q1,40.0,593.0,224.0,164.441,27.616,22.906,1020.725,1028.45,2026Q2,40.0,581.0,232.0,132.751,23.612,22.575,1264.633,988.222,-31.69,-19.271,-4.004,-14.499,-0.331,-1.445
13105,El Bosque,Santiago,Región Metropolitana de Santiago,13.0,fixed,2026Q1,51.0,3241.0,1387.0,474.594,412.393,4.838,203.162,210.188,2026Q2,50.0,3600.0,1505.0,456.034,403.553,4.473,204.561,210.533,-18.56,-3.911,-8.84,-2.144,-0.365,-7.544
13105,El Bosque,Santiago,Región Metropolitana de Santiago,13.0,mobile,2026Q1,48.0,376.0,239.0,135.084,26.276,17.585,1277.505,1110.261,2026Q2,47.0,435.0,248.0,112.192,21.334,21.487,1438.738,1333.929,-22.892,-16.946,-4.942,-18.808,3.902,22.189
13106,Estación Central,Santiago,Región Metropolitana de Santiago,13.0,fixed,2026Q1,49.0,4840.0,1941.0,437.292,378.736,4.767,217.571,207.204,2026Q2,51.0,4933.0,1889.0,450.197,401.34,4.379,224.029,239.73,12.905,2.951,22.604,5.968,-0.388,-8.139
13106,Estación Central,Santiago,Región Metropolitana de Santiago,13.0,mobile,2026Q1,50.0,761.0,409.0,105.955,29.618,19.929,1504.767,944.112,2026Q2,51.0,775.0,466.0,89.567,23.96,23.154,1671.297,1043.852,-16.388,-15.467,-5.658,-19.103,3.225,16.182
13107,Huechuraba,Santiago,Región Metropolitana de Santiago,13.0,fixed,2026Q1,87.0,5336.0,1864.0,398.527,349.157,4.541,190.515,222.79,2026Q2,84.0,6007.0,1993.0,425.218,378.492,4.574,175.833,215.125,26.691,6.697,29.335,8.402,0.033,0.727
13107,Huechuraba,Santiago,Región Metropolitana de Santiago,13.0,mobile,2026Q1,76.0,806.0,431.0,146.023,25.572,18.223,1192.809,935.462,2026Q2,79.0,921.0,462.0,122.282,25.266,21.433,1359.033,1039.505,-23.741,-16.258,-0.306,-1.197,3.21,17.615
13108,Independencia,Santiago,Región Metropolitana de Santiago,13.0,fixed,2026Q1,27.0,2845.0,1189.0,457.527,396.939,4.435,191.856,238.833,2026Q2,27.0,2896.0,1274.0,486.067,430.488,4.289,163.262,211.035,28.54,6.238,33.549,8.452,-0.146,-3.292
13108,Independencia,Santiago,Región Metropolitana de Santiago,13.0,mobile,2026Q1,27.0,454.0,241.0,116.01,24.091,20.282,1245.659,990.068,2026Q2,26.0,487.0,249.0,98.714,23.625,19.754,1452.495,1055.998,-17.296,-14.909,-0.466,-1.934,-0.528,-2.603
13109,La Cisterna,Santiago,Región Metropolitana de Santiago,13.0,fixed,2026Q1,39.0,4121.0,1609.0,469.099,406.533,5.016,205.995,187.803,2026Q2,39.0,4305.0,1828.0,493.703,438.815,4.47,198.211,187.082,24.604,5.245,32.282,7.941,-0.546,-10.885
13109,La Cisterna,Santiago,Región Metropolitana de Santiago,13.0,mobile,2026Q1,39.0,575.0,316.0,110.949,23.0,18.362,1380.419,1071.061,2026Q2,39.0,517.0,290.0,100.422,22.484,19.634,1604.673,1112.279,-10.527,-9.488,-0.516,-2.243,1.272,6.927
13110,La Florida,Santiago,Región Metropolitana de Santiago,13.0,fixed,2026Q1,155.0,14336.0,5255.0,469.977,406.822,4.624,191.478,232.839,2026Q2,155.0,15960.0,5496.0,480.686,421.435,4.532,201.594,226.301,10.709,2.279,14.613,3.592,-0.092,-1.99
13110,La Florida,Santiago,Región Metropolitana de Santiago,13.0,mobile,2026Q1,138.0,1588.0,950.0,125.322,26.157,20.999,1175.948,1002.47,2026Q2,147.0,1799.0,1011.0,119.509,25.747,23.032,1300.241,983.27,-5.813,-4.638,-0.41,-1.567,2.033,9.681
13111,La Granja,Santiago,Región Metropolitana de Santiago,13.0,fixed,2026Q1,39.0,2930.0,1222.0,459.354,412.236,4.469,211.697,216.432,2026Q2,39.0,3287.0,1288.0,470.117,416.319,4.421,219.555,242.991,10.763,2.343,4.083,0.99,-0.048,-1.074
13111,La Granja,Santiago,Región Metropolitana de Santiago,13.0,mobile,2026Q1,37.0,465.0,251.0,103.238,20.056,24.116,1330.114,1258.929,2026Q2,39.0,352.0,200.0,103.424,17.68,21.301,1415.83,1276.605,0.186,0.18,-2.376,-11.847,-2.815,-11.673
13112,La Pintana,Santiago,Región Metropolitana de Santiago,13.0,fixed,2026Q1,80.0,2115.0,867.0,459.631,391.682,4.143,201.871,314.19,2026Q2,82.0,2128.0,895.0,478.195,405.935,3.958,192.621,244.985,18.564,4.039,14.253,3.639,-0.185,-4.465
13112,La Pintana,Santiago,Región Metropolitana de Santiago,13.0,mobile,2026Q1,81.0,544.0,319.0,121.199,21.857,19.487,1296.654,1233.368,2026Q2,72.0,516.0,253.0,96.12,16.512,25.612,1349.599,1299.519,-25.079,-20.692,-5.345,-24.454,6.125,31.431
13113,La Reina,Santiago,Región Metropolitana de Santiago,13.0,fixed,2026Q1,72.0,4935.0,1697.0,413.378,344.88,5.372,246.035,235.789,2026Q2,70.0,5134.0,1761.0,425.513,363.189,5.09,273.131,297.348,12.135,2.936,18.309,5.309,-0.282,-5.249
13113,La Reina,Santiago,Región Metropolitana de Santiago,13.0,mobile,2026Q1,62.0,695.0,320.0,153.981,31.756,20.941,1072.85,863.988,2026Q2,66.0,707.0,302.0,128.408,32.508,19.936,1141.622,886.539,-25.573,-16.608,0.752,2.368,-1.005,-4.799
13114,Las Condes,Santiago,Región Metropolitana de Santiago,13.0,fixed,2026Q1,171.0,21266.0,7630.0,394.783,319.015,5.564,222.372,243.582,2026Q2,173.0,23768.0,7738.0,416.772,344.623,5.468,224.95,246.544,21.989,5.57,25.608,8.027,-0.096,-1.725
13114,Las Condes,Santiago,Región Metropolitana de Santiago,13.0,mobile,2026Q1,143.0,5687.0,1467.0,185.538,39.899,24.852,999.144,818.887,2026Q2,149.0,4244.0,1463.0,145.423,34.872,21.377,1117.386,885.919,-40.115,-21.621,-5.027,-12.599,-3.475,-13.983
13115,Lo Barnechea,Santiago,Región Metropolitana de Santiago,13.0,fixed,2026Q1,177.0,8032.0,2442.0,319.847,234.388,5.623,235.141,256.03,2026Q2,190.0,8536.0,2543.0,322.39,247.037,5.631,225.862,265.232,2.543,0.795,12.649,5.397,0.008,0.142
13115,Lo Barnechea,Santiago,Región Metropolitana de Santiago,13.0,mobile,2026Q1,100.0,427.0,273.0,110.05,25.245,29.916,1051.323,1051.454,2026Q2,131.0,536.0,311.0,93.882,20.09,23.101,1168.65,1295.16,-16.168,-14.692,-5.155,-20.42,-6.815,-22.78
13116,Lo Espejo,Santiago,Región Metropolitana de Santiago,13.0,fixed,2026Q1,31.0,1483.0,628.0,429.402,367.378,4.214,216.797,243.716,2026Q2,32.0,1865.0,617.0,435.771,379.656,3.905,196.767,259.191,6.369,1.483,12.278,3.342,-0.309,-7.333
13116,Lo Espejo,Santiago,Región Metropolitana de Santiago,13.0,mobile,2026Q1,32.0,322.0,155.0,123.222,22.805,27.59,1376.801,1080.432,2026Q2,31.0,323.0,142.0,105.535,21.102,22.118,1334.223,1178.136,-17.687,-14.354,-1.703,-7.468,-5.472,-19.833
13117,Lo Prado,Santiago,Región Metropolitana de Santiago,13.0,fixed,2026Q1,27.0,2036.0,860.0,433.267,388.463,4.029,204.671,189.76,2026Q2,27.0,2191.0,905.0,432.19,386.728,3.979,244.649,224.45,-1.077,-0.249,-1.735,-0.447,-0.05,-1.241
13117,Lo Prado,Santiago,Región Metropolitana de Santiago,13.0,mobile,2026Q1,27.0,250.0,170.0,115.448,23.794,21.0,1355.616,1060.652,2026Q2,27.0,248.0,161.0,115.947,25.602,24.02,1612.331,963.802,0.499,0.432,1.808,7.599,3.02,14.381
13118,Macul,Santiago,Región Metropolitana de Santiago,13.0,fixed,2026Q1,52.0,6114.0,2240.0,463.337,399.717,4.327,191.547,195.664,2026Q2,52.0,5938.0,2363.0,486.881,422.834,4.224,193.706,199.417,23.544,5.081,23.117,5.783,-0.103,-2.38
13118,Macul,Santiago,Región Metropolitana de Santiago,13.0,mobile,2026Q1,53.0,827.0,431.0,130.148,25.291,18.996,1435.825,1198.528,2026Q2,53.0,912.0,473.0,122.265,27.228,20.411,1366.798,1039.201,-7.883,-6.057,1.937,7.659,1.415,7.449
13119,Maipú,Santiago,Región Metropolitana de Santiago,13.0,fixed,2026Q1,212.0,14283.0,5880.0,433.634,396.055,4.974,253.612,244.426,2026Q2,217.0,16913.0,6037.0,454.823,420.731,4.867,243.523,230.952,21.189,4.886,24.676,6.23,-0.107,-2.151
13119,Maipú,Santiago,Región Metropolitana de Santiago,13.0,mobile,2026Q1,223.0,2466.0,1051.0,110.849,23.395,20.337,1434.944,1164.299,2026Q2,213.0,2510.0,1151.0,109.48,23.389,22.622,1411.429,1073.048,-1.369,-1.235,-0.006,-0.026,2.285,11.236
13120,Ñuñoa,Santiago,Región Metropolitana de Santiago,13.0,fixed,2026Q1,61.0,12590.0,4710.0,446.642,385.583,4.377,211.215,208.847,2026Q2,61.0,12725.0,4701.0,471.979,406.856,4.405,189.397,197.084,25.337,5.673,21.273,5.517,0.028,0.64
13120,Ñuñoa,Santiago,Región Metropolitana de Santiago,13.0,mobile,2026Q1,61.0,1411.0,741.0,136.926,29.879,20.288,1105.617,933.427,2026Q2,61.0,1507.0,786.0,125.832,28.025,20.006,1210.386,1035.287,-11.094,-8.102,-1.854,-6.205,-0.282,-1.39
13121,Pedro Aguirre Cerda,Santiago,Región Metropolitana de Santiago,13.0,fixed,2026Q1,32.0,1843.0,846.0,416.779,365.247,4.466,263.283,247.468,2026Q2,32.0,2326.0,843.0,428.994,382.411,4.246,224.611,218.574,12.215,2.931,17.164,4.699,-0.22,-4.926
13121,Pedro Aguirre Cerda,Santiago,Región Metropolitana de Santiago,13.0,mobile,2026Q1,32.0,339.0,186.0,132.712,26.666,18.549,1443.392,1002.201,2026Q2,32.0,345.0,158.0,99.037,20.023,19.574,1632.113,1251.362,-33.675,-25.374,-6.643,-24.912,1.025,5.526
13122,Peñalolén,Santiago,Región Metropolitana de Santiago,13.0,fixed,2026Q1,115.0,8516.0,2819.0,416.151,345.46,5.13,206.521,228.174,2026Q2,121.0,7443.0,2613.0,439.921,365.347,4.726,213.414,229.085,23.77,5.712,19.887,5.757,-0.404,-7.875
13122,Peñalolén,Santiago,Región Metropolitana de Santiago,13.0,mobile,2026Q1,108.0,934.0,417.0,126.0,31.008,20.118,1433.297,996.961,2026Q2,105.0,970.0,506.0,120.412,25.646,20.908,1440.73,987.299,-5.588,-4.435,-5.362,-17.292,0.79,3.927
13123,Providencia,Santiago,Región Metropolitana de Santiago,13.0,fixed,2026Q1,55.0,9862.0,3885.0,415.695,351.421,5.112,224.179,242.145,2026Q2,56.0,10801.0,4087.0,433.405,368.032,4.803,219.828,235.51,17.71,4.26,16.611,4.727,-0.309,-6.045
13123,Providencia,Santiago,Región Metropolitana de Santiago,13.0,mobile,2026Q1,55.0,1751.0,1005.0,155.663,33.521,21.079,1005.224,874.498,2026Q2,54.0,2167.0,1210.0,140.468,33.798,23.218,1140.944,876.491,-15.195,-9.761,0.277,0.826,2.139,10.148
13124,Pudahuel,Santiago,Región Metropolitana de Santiago,13.0,fixed,2026Q1,167.0,6664.0,2650.0,413.824,366.32,6.04,233.285,206.817,2026Q2,175.0,6906.0,2647.0,435.663,387.109,5.166,243.347,208.91,21.839,5.277,20.789,5.675,-0.874,-14.47
13124,Pudahuel,Santiago,Región Metropolitana de Santiago,13.0,mobile,2026Q1,202.0,1468.0,822.0,116.995,24.221,32.771,1284.493,1029.626,2026Q2,197.0,1572.0,811.0,97.683,22.198,29.869,1327.951,1069.832,-19.312,-16.507,-2.023,-8.352,-2.902,-8.855
13125,Quilicura,Santiago,Región Metropolitana de Santiago,13.0,fixed,2026Q1,131.0,6294.0,2313.0,429.354,363.921,4.73,193.257,213.728,2026Q2,124.0,6964.0,2416.0,448.311,388.552,4.977,194.616,213.372,18.957,4.415,24.631,6.768,0.247,5.222
13125,Quilicura,Santiago,Región Metropolitana de Santiago,13.0,mobile,2026Q1,129.0,923.0,502.0,119.384,26.08,20.228,1218.294,943.622,2026Q2,127.0,1001.0,546.0,89.337,19.632,26.17,1426.442,1259.712,-30.047,-25.168,-6.448,-24.724,5.942,29.375
13126,Quinta Normal,Santiago,Región Metropolitana de Santiago,13.0,fixed,2026Q1,46.0,3087.0,1321.0,455.315,400.066,4.248,200.695,184.634,2026Q2,46.0,3158.0,1380.0,468.05,417.82,4.027,203.153,214.425,12.735,2.797,17.754,4.438,-0.221,-5.202
13126,Quinta Normal,Santiago,Región Metropolitana de Santiago,13.0,mobile,2026Q1,46.0,538.0,249.0,128.356,25.161,19.803,1379.66,938.405,2026Q2,46.0,615.0,312.0,106.234,24.705,25.75,1417.977,1105.883,-22.122,-17.235,-0.456,-1.812,5.947,30.031
13127,Recoleta,Santiago,Región Metropolitana de Santiago,13.0,fixed,2026Q1,56.0,3874.0,1608.0,443.739,400.563,4.368,221.543,233.365,2026Q2,58.0,4033.0,1647.0,443.337,395.587,4.449,188.675,222.029,-0.402,-0.091,-4.976,-1.242,0.081,1.854
13127,Recoleta,Santiago,Región Metropolitana de Santiago,13.0,mobile,2026Q1,53.0,574.0,316.0,127.148,24.274,21.352,1248.228,1001.674,2026Q2,54.0,803.0,347.0,109.755,21.455,28.57,1446.904,1196.723,-17.393,-13.679,-2.819,-11.613,7.218,33.805
13128,Renca,Santiago,Región Metropolitana de Santiago,13.0,fixed,2026Q1,74.0,3233.0,1401.0,412.121,364.436,4.394,264.566,270.182,2026Q2,71.0,4314.0,1725.0,432.859,391.072,4.501,216.351,243.705,20.738,5.032,26.636,7.309,0.107,2.435
13128,Renca,Santiago,Región Metropolitana de Santiago,13.0,mobile,2026Q1,75.0,677.0,331.0,117.751,23.188,21.263,1399.944,1163.111,2026Q2,72.0,625.0,316.0,121.14,23.405,23.965,1498.29,1125.792,3.389,2.878,0.217,0.936,2.702,12.708
13129,San Joaquín,Santiago,Región Metropolitana de Santiago,13.0,fixed,2026Q1,37.0,2178.0,1057.0,458.102,416.173,4.604,187.32,194.59,2026Q2,37.0,2369.0,1037.0,495.883,440.735,4.656,186.916,206.82,37.781,8.247,24.562,5.902,0.052,1.129
13129,San Joaquín,Santiago,Región Metropolitana de Santiago,13.0,mobile,2026Q1,36.0,401.0,187.0,118.476,27.756,19.137,1556.372,1251.387,2026Q2,35.0,422.0,222.0,126.168,26.398,18.434,1470.396,1086.507,7.692,6.492,-1.358,-4.893,-0.703,-3.674
13130,San Miguel,Santiago,Región Metropolitana de Santiago,13.0,fixed,2026Q1,38.0,6227.0,2591.0,454.737,393.83,4.601,208.978,213.562,2026Q2,38.0,7300.0,2865.0,485.49,435.513,4.398,190.236,209.683,30.753,6.763,41.683,10.584,-0.203,-4.412
13130,San Miguel,Santiago,Región Metropolitana de Santiago,13.0,mobile,2026Q1,38.0,818.0,442.0,123.148,24.655,18.18,1323.985,1009.364,2026Q2,38.0,858.0,483.0,107.562,24.096,22.918,1565.093,1071.351,-15.586,-12.656,-0.559,-2.267,4.738,26.062
13131,San Ramón,Santiago,Región Metropolitana de Santiago,13.0,fixed,2026Q1,25.0,1388.0,601.0,473.304,418.55,4.398,210.13,246.036,2026Q2,25.0,1527.0,624.0,483.631,426.185,4.371,190.95,226.245,10.327,2.182,7.635,1.824,-0.027,-0.614
13131,San Ramón,Santiago,Región Metropolitana de Santiago,13.0,mobile,2026Q1,25.0,321.0,158.0,157.439,30.713,18.47,1171.96,1020.754,2026Q2,25.0,360.0,177.0,99.611,22.291,23.042,1299.964,1131.658,-57.828,-36.73,-8.422,-27.422,4.572,24.754
13132,Vitacura,Santiago,Región Metropolitana de Santiago,13.0,fixed,2026Q1,85.0,6430.0,2273.0,354.27,280.945,5.444,237.502,249.939,2026Q2,85.0,7534.0,2686.0,379.975,309.883,5.544,235.744,256.497,25.705,7.256,28.938,10.3,0.1,1.837
13132,Vitacura,Santiago,Región Metropolitana de Santiago,13.0,mobile,2026Q1,70.0,637.0,380.0,172.443,30.329,19.162,909.819,899.969,2026Q2,71.0,685.0,409.0,140.241,26.402,20.089,983.88,992.536,-32.202,-18.674,-3.927,-12.948,0.927,4.838
13201,Puente Alto,Cordillera,Región Metropolitana de Santiago,13.0,fixed,2026Q1,237.0,14671.0,5730.0,439.129,381.77,4.956,212.743,244.724,2026Q2,236.0,15837.0,6003.0,463.965,409.448,5.033,190.561,238.624,24.836,5.656,27.678,7.25,0.077,1.554
13201,Puente Alto,Cordillera,Región Metropolitana de Santiago,13.0,mobile,2026Q1,220.0,1877.0,1102.0,108.243,21.946,21.864,1320.18,1218.689,2026Q2,216.0,2119.0,1060.0,91.12,21.487,22.556,1459.668,1158.89,-17.123,-15.819,-0.459,-2.091,0.692,3.165
13202,Pirque,Cordillera,Región Metropolitana de Santiago,13.0,fixed,2026Q1,153.0,798.0,275.0,267.358,216.945,6.754,227.623,324.467,2026Q2,168.0,744.0,306.0,258.132,207.203,6.927,204.43,395.234,-9.226,-3.451,-9.742,-4.491,0.173,2.561
13202,Pirque,Cordillera,Región Metropolitana de Santiago,13.0,mobile,2026Q1,68.0,183.0,88.0,64.31,12.847,28.027,1505.421,1315.448,2026Q2,48.0,91.0,60.0,61.423,18.176,22.824,1036.573,1134.066,-2.887,-4.489,5.329,41.481,-5.203,-18.564
13203,San José de Maipo,Cordillera,Región Metropolitana de Santiago,13.0,fixed,2026Q1,77.0,426.0,177.0,297.873,243.302,15.582,263.548,356.906,2026Q2,79.0,326.0,166.0,309.392,271.581,6.518,262.334,341.601,11.519,3.867,28.279,11.623,-9.064,-58.17
13203,San José de Maipo,Cordillera,Región Metropolitana de Santiago,13.0,mobile,2026Q1,66.0,174.0,96.0,92.668,17.715,26.27,1947.202,1507.443,2026Q2,54.0,124.0,74.0,72.25,12.463,29.056,1337.289,1827.878,-20.418,-22.033,-5.252,-29.647,2.786,10.605
13301,Colina,Chacabuco,Región Metropolitana de Santiago,13.0,fixed,2026Q1,458.0,9039.0,2867.0,353.779,291.277,5.763,228.432,256.265,2026Q2,451.0,9777.0,3078.0,366.862,297.907,6.146,225.295,241.84,13.083,3.698,6.63,2.276,0.383,6.646
13301,Colina,Chacabuco,Región Metropolitana de Santiago,13.0,mobile,2026Q1,251.0,971.0,499.0,101.637,21.347,21.385,1482.469,1146.134,2026Q2,269.0,1313.0,576.0,84.374,19.498,24.79,1561.31,1208.058,-17.263,-16.985,-1.849,-8.662,3.405,15.922
13302,Lampa,Chacabuco,Región Metropolitana de Santiago,13.0,fixed,2026Q1,278.0,4903.0,1638.0,383.891,313.675,7.589,236.873,264.338,2026Q2,274.0,5846.0,1719.0,396.427,340.519,6.135,222.638,252.034,12.536,3.266,26.844,8.558,-1.454,-19.159
13302,Lampa,Chacabuco,Región Metropolitana de Santiago,13.0,mobile,2026Q1,193.0,766.0,399.0,71.841,14.424,22.052,1873.448,1307.841,2026Q2,196.0,787.0,396.0,90.498,18.02,21.914,1522.041,1285.955,18.657,25.97,3.596,24.931,-0.138,-0.626
13303,Tiltil,Chacabuco,Región Metropolitana de Santiago,13.0,fixed,2026Q1,69.0,477.0,187.0,346.416,245.048,8.0,163.011,238.025,2026Q2,64.0,770.0,201.0,419.621,231.537,8.945,162.739,183.352,73.205,21.132,-13.511,-5.514,0.945,11.813
13303,Tiltil,Chacabuco,Región Metropolitana de Santiago,13.0,mobile,2026Q1,80.0,237.0,121.0,81.468,18.086,27.916,1344.203,1172.882,2026Q2,68.0,253.0,104.0,77.98,14.706,39.518,1137.333,1575.865,-3.488,-4.281,-3.38,-18.688,11.602,41.56
13401,San Bernardo,Maipo,Región Metropolitana de Santiago,13.0,fixed,2026Q1,207.0,8428.0,3340.0,443.057,376.217,4.84,209.27,227.091,2026Q2,211.0,10939.0,3539.0,451.427,388.146,5.091,183.484,231.059,8.37,1.889,11.929,3.171,0.251,5.186
13401,San Bernardo,Maipo,Región Metropolitana de Santiago,13.0,mobile,2026Q1,223.0,1718.0,850.0,102.379,20.046,22.623,1398.683,1192.945,2026Q2,215.0,1817.0,825.0,92.899,20.835,27.034,1409.729,1176.134,-9.48,-9.26,0.789,3.936,4.411,19.498
13402,Buin,Maipo,Región Metropolitana de Santiago,13.0,fixed,2026Q1,222.0,4727.0,1617.0,407.669,347.031,5.355,162.225,258.812,2026Q2,227.0,5241.0,1692.0,421.099,363.329,5.334,165.579,266.206,13.43,3.294,16.298,4.696,-0.021,-0.392
13402,Buin,Maipo,Región Metropolitana de Santiago,13.0,mobile,2026Q1,136.0,716.0,347.0,99.595,20.983,25.071,1251.603,1139.704,2026Q2,135.0,655.0,322.0,95.178,21.351,23.009,1051.735,1056.119,-4.417,-4.435,0.368,1.754,-2.062,-8.225
13403,Calera de Tango,Maipo,Región Metropolitana de Santiago,13.0,fixed,2026Q1,101.0,786.0,312.0,295.185,269.147,6.594,236.709,314.009,2026Q2,104.0,805.0,300.0,368.976,333.395,6.14,172.585,290.342,73.791,24.998,64.248,23.871,-0.454,-6.885
13403,Calera de Tango,Maipo,Región Metropolitana de Santiago,13.0,mobile,2026Q1,64.0,185.0,108.0,110.069,17.462,24.616,1583.779,1382.853,2026Q2,62.0,209.0,102.0,124.979,22.741,22.914,1226.033,1101.995,14.91,13.546,5.279,30.231,-1.702,-6.914
13404,Paine,Maipo,Región Metropolitana de Santiago,13.0,fixed,2026Q1,320.0,1924.0,757.0,329.475,273.117,7.241,217.381,278.456,2026Q2,284.0,2170.0,739.0,353.642,302.112,6.915,194.255,304.547,24.167,7.335,28.995,10.616,-0.326,-4.502
13404,Paine,Maipo,Región Metropolitana de Santiago,13.0,mobile,2026Q1,151.0,428.0,244.0,63.345,13.411,25.729,1421.224,1286.369,2026Q2,132.0,373.0,195.0,73.145,14.288,26.815,1344.815,1392.768,9.8,15.471,0.877,6.539,1.086,4.221
13501,Melipilla,Melipilla,Región Metropolitana de Santiago,13.0,fixed,2026Q1,354.0,3866.0,1125.0,341.215,312.777,7.673,214.424,247.142,2026Q2,338.0,3714.0,1079.0,331.227,294.336,7.188,229.547,392.245,-9.988,-2.927,-18.441,-5.896,-0.485,-6.321
13501,Melipilla,Melipilla,Región Metropolitana de Santiago,13.0,mobile,2026Q1,226.0,1045.0,492.0,73.243,17.561,27.538,1782.563,1349.937,2026Q2,175.0,834.0,374.0,73.912,17.519,25.67,1516.773,1236.741,0.669,0.913,-0.042,-0.239,-1.868,-6.783
13502,Alhué,Melipilla,Región Metropolitana de Santiago,13.0,fixed,2026Q1,24.0,60.0,31.0,440.403,326.049,10.967,326.867,165.117,2026Q2,22.0,49.0,29.0,390.862,286.594,9.429,198.245,138.041,-49.541,-11.249,-39.455,-12.101,-1.538,-14.024
13502,Alhué,Melipilla,Región Metropolitana de Santiago,13.0,mobile,2026Q1,21.0,37.0,23.0,62.086,22.431,59.514,912.194,1016.027,2026Q2,7.0,18.0,12.0,137.686,23.917,22.611,466.278,872.111,75.6,121.767,1.486,6.625,-36.903,-62.007
13503,Curacaví,Melipilla,Región Metropolitana de Santiago,13.0,fixed,2026Q1,131.0,978.0,288.0,235.321,194.992,9.118,321.781,352.815,2026Q2,125.0,920.0,271.0,276.661,202.584,7.561,266.175,355.02,41.34,17.567,7.592,3.893,-1.557,-17.076
13503,Curacaví,Melipilla,Región Metropolitana de Santiago,13.0,mobile,2026Q1,115.0,388.0,200.0,84.117,17.006,39.655,1490.111,1317.326,2026Q2,117.0,361.0,187.0,79.741,15.735,44.404,1556.215,1314.206,-4.376,-5.202,-1.271,-7.474,4.749,11.976
13504,María Pinto,Melipilla,Región Metropolitana de Santiago,13.0,fixed,2026Q1,63.0,249.0,98.0,261.628,185.736,7.538,238.695,388.012,2026Q2,45.0,191.0,67.0,286.314,217.739,6.288,291.995,508.326,24.686,9.436,32.003,17.23,-1.25,-16.583
13504,María Pinto,Melipilla,Región Metropolitana de Santiago,13.0,mobile,2026Q1,24.0,36.0,26.0,106.948,16.055,21.333,1252.714,1476.583,2026Q2,30.0,120.0,38.0,36.886,14.055,21.2,1462.697,1140.108,-70.062,-65.51,-2.0,-12.457,-0.133,-0.623
13505,San Pedro,Melipilla,Región Metropolitana de Santiago,13.0,fixed,2026Q1,55.0,481.0,71.0,138.085,122.982,7.083,603.11,583.252,2026Q2,67.0,488.0,86.0,205.076,178.998,7.453,285.598,540.779,66.991,48.514,56.016,45.548,0.37,5.224
13505,San Pedro,Melipilla,Región Metropolitana de Santiago,13.0,mobile,2026Q1,35.0,78.0,38.0,72.383,10.896,34.0,1243.269,1543.397,2026Q2,37.0,112.0,43.0,58.364,8.929,50.241,1347.755,1915.911,-14.019,-19.368,-1.967,-18.052,16.241,47.768
13601,Talagante,Talagante,Región Metropolitana de Santiago,13.0,fixed,2026Q1,169.0,2258.0,866.0,360.635,335.264,7.47,215.209,247.548,2026Q2,150.0,2270.0,762.0,376.464,342.218,6.811,224.317,249.29,15.829,4.389,6.954,2.074,-0.659,-8.822
13601,Talagante,Talagante,Región Metropolitana de Santiago,13.0,mobile,2026Q1,121.0,479.0,234.0,93.943,22.463,23.236,1488.652,1041.95,2026Q2,112.0,445.0,238.0,89.136,21.997,31.088,1276.998,1195.348,-4.807,-5.117,-0.466,-2.075,7.852,33.792
13602,El Monte,Talagante,Región Metropolitana de Santiago,13.0,fixed,2026Q1,71.0,691.0,283.0,364.198,314.447,7.525,257.285,262.403,2026Q2,60.0,703.0,258.0,406.271,355.694,6.536,203.791,225.529,42.073,11.552,41.247,13.117,-0.989,-13.143
13602,El Monte,Talagante,Región Metropolitana de Santiago,13.0,mobile,2026Q1,55.0,215.0,99.0,90.375,20.131,26.428,2046.572,1515.619,2026Q2,40.0,128.0,69.0,98.876,19.329,24.047,1136.281,967.328,8.501,9.406,-0.802,-3.984,-2.381,-9.009
13603,Isla de Maipo,Talagante,Región Metropolitana de Santiago,13.0,fixed,2026Q1,125.0,1514.0,471.0,383.118,359.19,6.408,199.735,249.042,2026Q2,108.0,1281.0,421.0,348.454,310.557,6.727,192.265,305.54,-34.664,-9.048,-48.633,-13.54,0.319,4.978
13603,Isla de Maipo,Talagante,Región Metropolitana de Santiago,13.0,mobile,2026Q1,65.0,192.0,109.0,87.619,20.868,23.13,1657.063,1607.609,2026Q2,47.0,179.0,86.0,97.444,17.211,26.654,1283.152,1560.14,9.825,11.213,-3.657,-17.524,3.524,15.236
13604,Padre Hurtado,Talagante,Región Metropolitana de Santiago,13.0,fixed,2026Q1,93.0,2839.0,1135.0,423.27,377.173,5.979,230.263,212.968,2026Q2,98.0,2902.0,1052.0,443.435,395.51,5.691,229.347,242.977,20.165,4.764,18.337,4.862,-0.288,-4.817
13604,Padre Hurtado,Talagante,Región Metropolitana de Santiago,13.0,mobile,2026Q1,66.0,296.0,173.0,88.16,19.946,21.574,1554.858,992.493,2026Q2,76.0,444.0,211.0,80.512,16.67,27.468,1498.913,1267.59,-7.648,-8.675,-3.276,-16.424,5.894,27.32
13605,Peñaflor,Talagante,Región Metropolitana de Santiago,13.0,fixed,2026Q1,108.0,2927.0,1160.0,418.514,377.467,5.963,200.031,218.959,2026Q2,102.0,2535.0,1033.0,440.149,388.918,5.931,234.975,206.896,21.635,5.169,11.451,3.034,-0.032,-0.537
13605,Peñaflor,Talagante,Región Metropolitana de Santiago,13.0,mobile,2026Q1,86.0,602.0,253.0,103.954,19.874,23.261,1368.258,1099.65,2026Q2,78.0,905.0,252.0,120.433,32.165,21.691,1261.75,765.991,16.479,15.852,12.291,61.845,-1.57,-6.749
14101,Valdivia,Valdivia,Región de Los Ríos,14.0,fixed,2026Q1,303.0,3726.0,1593.0,378.798,324.729,10.709,206.521,272.856,2026Q2,290.0,3725.0,1437.0,406.888,339.421,8.527,196.918,272.142,28.09,7.416,14.692,4.524,-2.182,-20.375
14101,Valdivia,Valdivia,Región de Los Ríos,14.0,mobile,2026Q1,201.0,1052.0,592.0,98.524,21.553,38.861,1670.473,1294.964,2026Q2,183.0,1024.0,492.0,97.422,23.153,38.911,1591.82,1339.145,-1.102,-1.119,1.6,7.424,0.05,0.129
14102,Corral,Valdivia,Región de Los Ríos,14.0,fixed,2026Q1,14.0,92.0,25.0,259.387,201.4,15.935,231.478,399.533,2026Q2,14.0,85.0,20.0,229.476,140.851,15.671,175.518,159.141,-29.911,-11.531,-60.549,-30.064,-0.264,-1.657
14102,Corral,Valdivia,Región de Los Ríos,14.0,mobile,2026Q1,23.0,58.0,34.0,33.386,10.384,89.379,1845.368,1359.172,2026Q2,17.0,24.0,19.0,44.394,13.246,39.208,1032.542,2553.478,11.008,32.972,2.862,27.562,-50.171,-56.133
14103,Lanco,Valdivia,Región de Los Ríos,14.0,fixed,2026Q1,38.0,400.0,95.0,265.912,187.415,10.37,544.455,280.96,2026Q2,35.0,157.0,76.0,468.019,366.312,8.465,197.975,165.873,202.107,76.005,178.897,95.455,-1.905,-18.37
14103,Lanco,Valdivia,Región de Los Ríos,14.0,mobile,2026Q1,40.0,130.0,65.0,61.642,12.984,66.477,1156.062,1299.227,2026Q2,27.0,94.0,47.0,57.368,9.989,112.149,1664.097,1758.085,-4.274,-6.934,-2.995,-23.067,45.672,68.703
14104,Los Lagos,Valdivia,Región de Los Ríos,14.0,fixed,2026Q1,92.0,267.0,131.0,208.181,100.954,26.199,324.729,247.782,2026Q2,63.0,202.0,101.0,232.901,162.8,30.614,365.748,341.851,24.72,11.874,61.846,61.262,4.415,16.852
14104,Los Lagos,Valdivia,Región de Los Ríos,14.0,mobile,2026Q1,113.0,174.0,128.0,51.73,10.036,46.603,1278.585,2428.157,2026Q2,47.0,130.0,60.0,71.753,15.19,46.146,1614.302,1625.543,20.023,38.707,5.154,51.355,-0.457,-0.981
14105,Máfil,Valdivia,Región de Los Ríos,14.0,fixed,2026Q1,28.0,75.0,44.0,290.838,211.722,21.693,187.907,513.453,2026Q2,23.0,77.0,33.0,306.013,185.879,20.481,209.935,190.156,15.175,5.218,-25.843,-12.206,-1.212,-5.587
14105,Máfil,Valdivia,Región de Los Ríos,14.0,mobile,2026Q1,32.0,161.0,48.0,32.868,9.31,39.621,2071.101,1670.298,2026Q2,59.0,224.0,106.0,55.37,9.009,42.179,1702.601,1873.321,22.502,68.462,-0.301,-3.233,2.558,6.456
14106,Mariquina,Valdivia,Región de Los Ríos,14.0,fixed,2026Q1,75.0,344.0,146.0,318.657,246.478,12.922,185.442,416.488,2026Q2,72.0,288.0,128.0,342.341,257.581,17.42,248.292,292.736,23.684,7.432,11.103,4.505,4.498,34.809
14106,Mariquina,Valdivia,Región de Los Ríos,14.0,mobile,2026Q1,101.0,205.0,145.0,43.032,9.672,46.644,1942.84,2476.778,2026Q2,72.0,212.0,93.0,34.465,7.458,45.208,3007.047,1831.208,-8.567,-19.908,-2.214,-22.891,-1.436,-3.079
14107,Paillaco,Valdivia,Región de Los Ríos,14.0,fixed,2026Q1,76.0,331.0,142.0,315.012,244.74,16.937,281.337,304.468,2026Q2,64.0,390.0,115.0,283.039,171.895,20.405,303.308,220.405,-31.973,-10.15,-72.845,-29.764,3.468,20.476
14107,Paillaco,Valdivia,Región de Los Ríos,14.0,mobile,2026Q1,48.0,117.0,71.0,83.532,16.61,38.761,1741.164,1803.821,2026Q2,36.0,127.0,52.0,74.82,15.067,39.661,1721.444,1979.294,-8.712,-10.43,-1.543,-9.29,0.9,2.322
14108,Panguipulli,Valdivia,Región de Los Ríos,14.0,fixed,2026Q1,378.0,1875.0,697.0,162.806,79.42,28.335,314.716,291.335,2026Q2,173.0,607.0,266.0,210.346,116.474,24.105,332.503,349.403,47.54,29.2,37.054,46.656,-4.23,-14.929
14108,Panguipulli,Valdivia,Región de Los Ríos,14.0,mobile,2026Q1,219.0,732.0,412.0,35.84,8.824,48.727,2280.33,1858.592,2026Q2,134.0,467.0,180.0,65.437,17.937,39.507,1449.024,1342.541,29.597,82.581,9.113,103.275,-9.22,-18.922
14201,La Unión,Ranco,Región de Los Ríos,14.0,fixed,2026Q1,121.0,666.0,272.0,393.513,292.293,17.976,176.735,190.074,2026Q2,90.0,714.0,232.0,428.832,312.681,16.08,171.333,192.363,35.319,8.975,20.388,6.975,-1.896,-10.547
14201,La Unión,Ranco,Región de Los Ríos,14.0,mobile,2026Q1,88.0,246.0,125.0,76.546,15.694,40.049,1718.62,1664.441,2026Q2,72.0,207.0,114.0,87.281,14.011,59.855,1676.31,1519.549,10.735,14.024,-1.683,-10.724,19.806,49.454
14202,Futrono,Ranco,Región de Los Ríos,14.0,fixed,2026Q1,161.0,909.0,303.0,197.74,128.036,25.966,310.0,436.146,2026Q2,91.0,389.0,158.0,231.305,186.913,16.969,210.517,224.599,33.565,16.974,58.877,45.985,-8.997,-34.649
14202,Futrono,Ranco,Región de Los Ríos,14.0,mobile,2026Q1,55.0,176.0,93.0,64.228,16.465,65.17,1742.671,1637.369,2026Q2,32.0,81.0,47.0,57.042,13.236,47.889,1286.203,1858.58,-7.186,-11.188,-3.229,-19.611,-17.281,-26.517
14203,Lago Ranco,Ranco,Región de Los Ríos,14.0,fixed,2026Q1,123.0,674.0,203.0,138.244,62.849,29.674,260.828,268.136,2026Q2,64.0,214.0,94.0,298.496,237.735,20.033,186.607,259.322,160.252,115.92,174.886,278.264,-9.641,-32.49
14203,Lago Ranco,Ranco,Región de Los Ríos,14.0,mobile,2026Q1,67.0,141.0,94.0,69.346,12.345,51.071,1810.201,1670.586,2026Q2,63.0,112.0,78.0,59.361,11.041,63.714,1394.505,2393.83,-9.985,-14.399,-1.304,-10.563,12.643,24.756
14204,Río Bueno,Ranco,Región de Los Ríos,14.0,fixed,2026Q1,74.0,341.0,160.0,370.301,277.223,16.358,392.235,276.132,2026Q2,92.0,556.0,191.0,356.806,248.012,16.331,222.131,220.486,-13.495,-3.644,-29.211,-10.537,-0.027,-0.165
14204,Río Bueno,Ranco,Región de Los Ríos,14.0,mobile,2026Q1,71.0,208.0,103.0,79.35,13.626,43.188,1548.005,1483.885,2026Q2,101.0,271.0,140.0,66.242,9.206,42.679,1916.371,2099.742,-13.108,-16.519,-4.42,-32.438,-0.509,-1.179
15101,Arica,Arica,Región de Arica y Parinacota,15.0,fixed,2026Q1,183.0,4919.0,1595.0,442.548,387.304,23.851,283.89,204.237,2026Q2,173.0,4871.0,1555.0,442.97,374.035,22.048,278.822,236.134,0.422,0.095,-13.269,-3.426,-1.803,-7.559
15101,Arica,Arica,Región de Arica y Parinacota,15.0,mobile,2026Q1,161.0,1115.0,468.0,82.889,22.4,71.187,1686.695,1085.811,2026Q2,164.0,1494.0,505.0,81.307,21.285,50.901,1635.281,1253.231,-1.582,-1.909,-1.115,-4.978,-20.286,-28.497
15102,Camarones,Arica,Región de Arica y Parinacota,15.0,fixed,2026Q1,2.0,4.0,2.0,109.801,20.618,40.5,228.0,180.5,2026Q2,6.0,14.0,9.0,209.026,25.847,46.357,259.286,212.286,99.225,90.368,5.229,25.361,5.857,14.462
15102,Camarones,Arica,Región de Arica y Parinacota,15.0,mobile,2026Q1,3.0,3.0,3.0,248.696,32.204,40.0,1107.667,1320.333,2026Q2,5.0,17.0,6.0,9.115,2.234,110.529,1361.706,4167.875,-239.581,-96.335,-29.97,-93.063,70.529,176.322
15201,Putre,Parinacota,Región de Arica y Parinacota,15.0,fixed,2026Q1,8.0,17.0,11.0,188.532,31.518,45.353,184.412,82.706,2026Q2,8.0,17.0,11.0,137.667,18.347,47.824,478.118,666.059,-50.865,-26.98,-13.171,-41.789,2.471,5.448
15201,Putre,Parinacota,Región de Arica y Parinacota,15.0,mobile,2026Q1,19.0,52.0,28.0,32.118,4.982,95.5,1450.154,2981.942,2026Q2,14.0,51.0,22.0,56.769,5.051,147.765,1417.118,2001.294,24.651,76.751,0.069,1.385,52.265,54.728
15202,General Lagos,Parinacota,Región de Arica y Parinacota,15.0,fixed,2026Q1,5.0,8.0,5.0,171.907,30.204,44.375,82.5,71.5,2026Q2,2.0,8.0,2.0,59.015,25.449,55.0,329.5,437.0,-112.892,-65.67,-4.755,-15.743,10.625,23.944
15202,General Lagos,Parinacota,Región de Arica y Parinacota,15.0,mobile,2026Q1,8.0,53.0,9.0,5.348,2.111,97.434,1494.434,2800.075,2026Q2,9.0,36.0,9.0,74.909,3.684,72.722,1792.0,3152.778,69.561,1300.692,1.573,74.514,-24.712,-25.363
16101,Chillán,Ñuble,Región de Ñuble,16.0,fixed,2026Q1,286.0,4411.0,1725.0,447.683,395.561,9.079,213.435,224.422,2026Q2,267.0,5076.0,1856.0,469.508,433.764,8.089,226.97,238.448,21.825,4.875,38.203,9.658,-0.99,-10.904
16101,Chillán,Ñuble,Región de Ñuble,16.0,mobile,2026Q1,192.0,989.0,561.0,99.947,21.866,28.38,1767.186,1220.382,2026Q2,205.0,1077.0,591.0,86.985,20.073,29.548,2000.634,1246.816,-12.962,-12.969,-1.793,-8.2,1.168,4.116
16102,Bulnes,Ñuble,Región de Ñuble,16.0,fixed,2026Q1,71.0,360.0,133.0,295.939,218.668,20.45,300.058,368.553,2026Q2,62.0,374.0,128.0,379.22,327.175,12.634,303.869,323.182,83.281,28.141,108.507,49.622,-7.816,-38.22
16102,Bulnes,Ñuble,Región de Ñuble,16.0,mobile,2026Q1,68.0,193.0,93.0,81.745,13.164,40.953,2162.482,1633.596,2026Q2,47.0,121.0,79.0,119.313,16.931,35.835,1564.267,1219.909,37.568,45.958,3.767,28.616,-5.118,-12.497
16103,Chillán Viejo,Ñuble,Región de Ñuble,16.0,fixed,2026Q1,58.0,603.0,275.0,442.297,373.688,11.541,207.733,172.063,2026Q2,56.0,750.0,268.0,511.03,453.022,9.569,214.685,163.583,68.733,15.54,79.334,21.23,-1.972,-17.087
16103,Chillán Viejo,Ñuble,Región de Ñuble,16.0,mobile,2026Q1,61.0,146.0,104.0,115.977,20.099,26.425,1525.836,1281.538,2026Q2,56.0,146.0,96.0,113.533,19.248,27.438,1893.333,1464.315,-2.444,-2.107,-0.851,-4.234,1.013,3.833
16104,El Carmen,Ñuble,Región de Ñuble,16.0,fixed,2026Q1,31.0,159.0,66.0,282.961,202.258,18.132,281.34,252.101,2026Q2,34.0,164.0,71.0,348.207,296.993,13.39,266.073,286.878,65.246,23.058,94.735,46.839,-4.742,-26.153
16104,El Carmen,Ñuble,Región de Ñuble,16.0,mobile,2026Q1,62.0,104.0,73.0,52.502,11.689,41.279,2021.697,1956.885,2026Q2,20.0,43.0,23.0,88.401,11.604,34.744,1689.07,1667.419,35.899,68.376,-0.085,-0.727,-6.535,-15.831
16105,Pemuco,Ñuble,Región de Ñuble,16.0,fixed,2026Q1,32.0,97.0,53.0,258.089,167.972,22.062,407.66,274.292,2026Q2,27.0,177.0,43.0,227.009,163.507,19.65,271.169,241.689,-31.08,-12.042,-4.465,-2.658,-2.412,-10.933
16105,Pemuco,Ñuble,Región de Ñuble,16.0,mobile,2026Q1,36.0,109.0,50.0,96.624,15.331,38.055,1872.583,1645.426,2026Q2,39.0,97.0,54.0,98.76,14.753,47.619,1650.604,2131.289,2.136,2.211,-0.578,-3.77,9.564,25.132
16106,Pinto,Ñuble,Región de Ñuble,16.0,fixed,2026Q1,97.0,366.0,151.0,267.237,170.02,16.467,305.205,243.153,2026Q2,91.0,395.0,155.0,237.681,151.514,16.838,319.592,518.646,-29.556,-11.06,-18.506,-10.885,0.371,2.253
16106,Pinto,Ñuble,Región de Ñuble,16.0,mobile,2026Q1,49.0,99.0,62.0,88.289,17.238,34.657,1812.516,1634.01,2026Q2,40.0,128.0,50.0,92.438,10.504,28.477,1863.64,1619.023,4.149,4.699,-6.734,-39.065,-6.18,-17.832
16107,Quillón,Ñuble,Región de Ñuble,16.0,fixed,2026Q1,84.0,451.0,143.0,342.365,277.143,13.322,288.953,240.814,2026Q2,89.0,458.0,142.0,394.131,324.756,11.081,265.991,207.347,51.766,15.12,47.613,17.18,-2.241,-16.822
16107,Quillón,Ñuble,Región de Ñuble,16.0,mobile,2026Q1,76.0,168.0,98.0,77.558,15.719,36.875,2113.138,1716.768,2026Q2,53.0,134.0,69.0,83.233,21.154,37.0,2238.558,1542.802,5.675,7.317,5.435,34.576,0.125,0.339
16108,San Ignacio,Ñuble,Región de Ñuble,16.0,fixed,2026Q1,39.0,137.0,58.0,251.296,169.609,26.92,425.883,479.029,2026Q2,45.0,188.0,70.0,326.603,259.945,16.633,217.755,186.755,75.307,29.967,90.336,53.261,-10.287,-38.213
16108,San Ignacio,Ñuble,Región de Ñuble,16.0,mobile,2026Q1,54.0,108.0,74.0,62.927,13.038,38.676,2225.876,1444.657,2026Q2,42.0,117.0,56.0,64.628,13.436,28.547,2176.282,1406.342,1.701,2.703,0.398,3.053,-10.129,-26.189
16109,Yungay,Ñuble,Región de Ñuble,16.0,fixed,2026Q1,69.0,282.0,121.0,323.405,244.951,14.738,259.085,288.085,2026Q2,46.0,163.0,78.0,312.383,263.728,11.914,275.104,340.313,-11.022,-3.408,18.777,7.666,-2.824,-19.161
16109,Yungay,Ñuble,Región de Ñuble,16.0,mobile,2026Q1,40.0,154.0,72.0,73.881,16.224,32.584,2396.636,1838.922,2026Q2,50.0,99.0,64.0,102.204,16.17,34.182,2119.844,1715.082,28.323,38.336,-0.054,-0.333,1.598,4.904
16201,Quirihue,Itata,Región de Ñuble,16.0,fixed,2026Q1,20.0,135.0,40.0,284.954,244.97,6.919,282.104,307.23,2026Q2,21.0,115.0,40.0,378.726,342.325,7.539,195.983,188.73,93.772,32.908,97.355,39.742,0.62,8.961
16201,Quirihue,Itata,Región de Ñuble,16.0,mobile,2026Q1,30.0,139.0,42.0,77.183,11.906,31.986,1571.362,1653.345,2026Q2,67.0,170.0,79.0,84.484,16.633,32.906,1536.284,1599.03,7.301,9.459,4.727,39.703,0.92,2.876
16202,Cobquecura,Itata,Región de Ñuble,16.0,fixed,2026Q1,28.0,96.0,36.0,271.297,168.859,14.635,405.625,322.771,2026Q2,24.0,92.0,34.0,349.293,236.091,15.272,374.761,209.609,77.996,28.749,67.232,39.815,0.637,4.353
16202,Cobquecura,Itata,Región de Ñuble,16.0,mobile,2026Q1,28.0,56.0,41.0,126.233,21.046,30.946,1536.889,1615.339,2026Q2,53.0,97.0,65.0,61.335,10.747,34.34,1642.959,1853.402,-64.898,-51.411,-10.299,-48.936,3.394,10.967
16203,Coelemu,Itata,Región de Ñuble,16.0,fixed,2026Q1,27.0,220.0,60.0,295.61,329.666,8.55,153.918,247.173,2026Q2,25.0,152.0,60.0,341.027,278.293,8.237,291.974,202.375,45.417,15.364,-51.373,-15.583,-0.313,-3.661
16203,Coelemu,Itata,Región de Ñuble,16.0,mobile,2026Q1,27.0,105.0,46.0,79.971,15.211,34.352,1672.01,1450.21,2026Q2,38.0,80.0,51.0,80.677,15.465,31.8,1527.747,1466.325,0.706,0.883,0.254,1.67,-2.552,-7.429
16204,Ninhue,Itata,Región de Ñuble,16.0,fixed,2026Q1,14.0,36.0,16.0,136.473,94.767,23.333,299.0,437.417,2026Q2,13.0,55.0,26.0,348.949,232.631,9.709,245.436,517.545,212.476,155.691,137.864,145.477,-13.624,-58.389
16204,Ninhue,Itata,Región de Ñuble,16.0,mobile,2026Q1,9.0,13.0,9.0,50.589,6.66,28.462,1783.385,1265.308,2026Q2,42.0,79.0,52.0,55.253,12.724,31.089,1587.773,1378.949,4.664,9.219,6.064,91.051,2.627,9.23
16205,Portezuelo,Itata,Región de Ñuble,16.0,fixed,2026Q1,19.0,47.0,24.0,159.809,94.184,43.085,554.617,960.638,2026Q2,10.0,13.0,10.0,220.237,203.137,20.692,261.308,656.462,60.428,37.813,108.953,115.681,-22.393,-51.974
16205,Portezuelo,Itata,Región de Ñuble,16.0,mobile,2026Q1,21.0,62.0,27.0,141.858,22.523,36.484,775.323,1080.677,2026Q2,39.0,74.0,46.0,68.448,12.473,39.392,2602.473,3158.27,-73.41,-51.749,-10.05,-44.621,2.908,7.971
16206,Ranquil,Itata,Región de Ñuble,16.0,fixed,2026Q1,28.0,68.0,36.0,283.928,179.028,22.926,234.353,244.632,2026Q2,20.0,58.0,26.0,318.872,228.344,10.5,417.466,504.121,34.944,12.307,49.316,27.547,-12.426,-54.2
16206,Ranquil,Itata,Región de Ñuble,16.0,mobile,2026Q1,25.0,155.0,45.0,54.263,19.984,27.974,1780.013,1241.542,2026Q2,41.0,102.0,54.0,83.997,15.364,25.892,2100.168,1912.01,29.734,54.796,-4.62,-23.118,-2.082,-7.443
16207,Treguaco,Itata,Región de Ñuble,16.0,fixed,2026Q1,9.0,34.0,13.0,337.346,244.534,7.618,424.5,273.059,2026Q2,6.0,43.0,9.0,263.147,209.573,3.093,602.0,371.93,-74.199,-21.995,-34.961,-14.297,-4.525,-59.399
16207,Treguaco,Itata,Región de Ñuble,16.0,mobile,2026Q1,8.0,23.0,8.0,22.414,11.634,27.087,2789.667,2176.609,2026Q2,88.0,119.0,96.0,51.971,11.583,33.958,1336.22,1629.169,29.557,131.868,-0.051,-0.438,6.871,25.366
16301,San Carlos,Punilla,Región de Ñuble,16.0,fixed,2026Q1,146.0,1093.0,374.0,311.89,252.984,10.835,237.761,273.408,2026Q2,153.0,1369.0,414.0,373.509,314.096,9.316,226.518,326.112,61.619,19.757,61.112,24.156,-1.519,-14.019
16301,San Carlos,Punilla,Región de Ñuble,16.0,mobile,2026Q1,90.0,264.0,146.0,91.664,16.17,31.216,1891.092,1360.498,2026Q2,98.0,281.0,179.0,73.08,14.677,31.196,2089.392,1703.093,-18.584,-20.274,-1.493,-9.233,-0.02,-0.064
16302,Coihueco,Punilla,Región de Ñuble,16.0,fixed,2026Q1,77.0,293.0,134.0,244.576,184.639,24.089,255.0,236.716,2026Q2,78.0,386.0,147.0,249.08,198.34,19.119,289.715,369.813,4.504,1.842,13.701,7.42,-4.97,-20.632
16302,Coihueco,Punilla,Región de Ñuble,16.0,mobile,2026Q1,53.0,105.0,73.0,46.758,11.803,35.705,2117.206,1318.619,2026Q2,43.0,93.0,58.0,46.102,13.068,37.484,2125.956,1744.935,-0.656,-1.403,1.265,10.718,1.779,4.982
16303,Ñiquén,Punilla,Región de Ñuble,16.0,fixed,2026Q1,39.0,164.0,57.0,161.196,78.834,16.299,192.432,359.134,2026Q2,46.0,188.0,62.0,159.611,99.371,17.553,285.963,514.777,-1.585,-0.983,20.537,26.051,1.254,7.694
16303,Ñiquén,Punilla,Región de Ñuble,16.0,mobile,2026Q1,47.0,165.0,61.0,75.606,15.496,35.915,1954.372,1297.721,2026Q2,29.0,102.0,33.0,105.54,16.54,32.373,1420.802,1643.637,29.934,39.592,1.044,6.737,-3.542,-9.862
16304,San Fabián,Punilla,Región de Ñuble,16.0,fixed,2026Q1,25.0,77.0,35.0,151.622,58.195,61.805,449.208,388.273,2026Q2,20.0,63.0,28.0,290.484,223.764,17.714,396.937,434.667,138.862,91.584,165.569,284.507,-44.091,-71.339
16304,San Fabián,Punilla,Región de Ñuble,16.0,mobile,2026Q1,30.0,72.0,34.0,25.716,7.039,40.583,1984.75,1664.583,2026Q2,22.0,52.0,29.0,67.974,16.325,27.327,1899.904,1323.712,42.258,164.326,9.286,131.922,-13.256,-32.664
16305,San Nicolás,Punilla,Región de Ñuble,16.0,fixed,2026Q1,68.0,283.0,99.0,138.767,103.916,20.88,485.375,578.753,2026Q2,81.0,351.0,119.0,220.133,157.511,17.165,369.775,496.709,81.366,58.635,53.595,51.575,-3.715,-17.792
16305,San Nicolás,Punilla,Región de Ñuble,16.0,mobile,2026Q1,46.0,161.0,72.0,82.909,13.863,26.019,2234.805,1818.547,2026Q2,50.0,661.0,71.0,147.355,4.887,32.269,1770.198,2112.501,64.446,77.731,-8.976,-64.748,6.25,24.021
