row,cell,value
3,B3,SERVICIO ACCESO A INTERNET: TOTAL DE CONEXIONES FIJAS
4,B4,TOTAL DE CONEXIONES FIJAS POR REGIÓN Y COMUNA
7,B7,<< VOLVER
8,C8,Año
8,D8,2007
8,E8,2008
8,F8,2009
8,G8,2010
8,S8,2011
8,AE8,2012
8,AQ8,2013
8,BC8,2014
8,BO8,2015
8,CA8,2016
8,CM8,2017
8,CY8,2018
8,DM8,Año
8,DN8,2019
8,DZ8,2020
8,EL8,2021
8,EX8,2022
8,FJ8,2023
8,FV8,2024
8,GH8,2025
8,GT8,2026
9,B9,Región
9,C9,Comuna
9,D9,Dic
9,E9,Dic
9,F9,Dic
9,G9,Ene
9,H9,Feb
9,I9,Mar
9,J9,Abr
9,K9,May
9,L9,Jun
9,M9,Jul
9,N9,Ago
9,O9,Sep
9,P9,Oct
9,Q9,Nov
9,R9,Dic
9,S9,Ene
9,T9,Feb
9,U9,Mar
9,V9,Abr
9,W9,May
9,X9,Jun
9,Y9,Jul
9,Z9,Ago
9,AA9,Sep
9,AB9,Oct
9,AC9,Nov
9,AD9,Dic
9,AE9,Ene
9,AF9,Feb
9,AG9,Mar
9,AH9,Abr
9,AI9,May
9,AJ9,Jun
9,AK9,Jul
9,AL9,Ago
9,AM9,Sep
9,AN9,Oct
9,AO9,Nov
9,AP9,Dic
9,AQ9,Ene
9,AR9,Feb
9,AS9,Mar
9,AT9,Abr
9,AU9,May
9,AV9,Jun
9,AW9,Jul
9,AX9,Ago
9,AY9,Sep
9,AZ9,Oct
9,BA9,Nov
9,BB9,Dic
9,BC9,Ene
9,BD9,Feb
9,BE9,Mar
9,BF9,Abr
9,BG9,May
9,BH9,Jun
9,BI9,Jul
9,BJ9,Ago
9,BK9,Sep
9,BL9,Oct
9,BM9,Nov
9,BN9,Dic
9,BO9,Ene
9,BP9,Feb
9,BQ9,Mar
9,BR9,Abr
9,BS9,May
9,BT9,Jun
9,BU9,Jul
9,BV9,Ago
9,BW9,Sep
9,BX9,Oct
9,BY9,Nov
9,BZ9,Dic
9,CA9,Ene
9,CB9,Feb
9,CC9,Mar
9,CD9,Abr
9,CE9,May
9,CF9,Jun
9,CG9,Jul
9,CH9,Ago
9,CI9,Sep
9,CJ9,Oct
9,CK9,Nov
9,CL9,Dic
9,CM9,Ene
9,CN9,Feb
9,CO9,Mar
9,CP9,Abr
9,CQ9,May
9,CR9,Jun
9,CS9,Jul
9,CT9,Ago
9,CU9,Sep
9,CV9,Oct
9,CW9,Nov
9,CX9,Dic
9,CY9,Ene
9,CZ9,Feb
9,DA9,Mar
9,DB9,Abr
9,DC9,May
9,DD9,Jun
9,DE9,Jul
9,DF9,Ago
9,DG9,Sep
9,DH9,Oct
9,DI9,Nov
9,DJ9,Dic
9,DL9,Región
9,DM9,Comuna
9,DN9,Ene
9,DO9,Feb
9,DP9,Mar
9,DQ9,Abr
9,DR9,May
9,DS9,Jun
9,DT9,Jul
9,DU9,Ago
9,DV9,Sep
9,DW9,Oct
9,DX9,Nov
9,DY9,Dic
9,DZ9,Ene
9,EA9,Feb
9,EB9,Mar
9,EC9,Abr
9,ED9,May
9,EE9,Jun
9,EF9,Jul
9,EG9,Ago
9,EH9,Sep
9,EI9,Oct
9,EJ9,Nov
9,EK9,Dic
9,EL9,Ene
9,EM9,Feb
9,EN9,Mar
9,EO9,Abr
9,EP9,May
9,EQ9,Jun
9,ER9,Jul
9,ES9,Ago
9,ET9,Sep
9,EU9,Oct
9,EV9,Nov
9,EW9,Dic
9,EX9,Ene
9,EY9,Feb
9,EZ9,Mar
9,FA9,Abr
9,FB9,May
9,FC9,Jun
9,FD9,Jul
9,FE9,Ago
9,FF9,Sep
9,FG9,Oct
9,FH9,Nov
9,FI9,Dic
9,FJ9,Ene
9,FK9,Feb
9,FL9,Mar
9,FM9,Abr
9,FN9,May
9,FO9,Jun
9,FP9,Jul
9,FQ9,Ago
9,FR9,Sep
9,FS9,Oct
9,FT9,Nov
9,FU9,Dic
9,FV9,Ene
9,FW9,Feb
9,FX9,Mar
9,FY9,Abr
9,FZ9,May
9,GA9,Jun
9,GB9,Jul
9,GC9,Ago
9,GD9,Sep
9,GE9,Oct
9,GF9,Nov
9,GG9,Dic
9,GH9,Ene
9,GI9,Feb
9,GJ9,Mar
9,GK9,Abr
9,GL9,May
9,GM9,Jun
9,GN9,Jul
9,GO9,Ago
9,GP9,Sep
9,GQ9,Oct
9,GR9,Nov
9,GS9,Dic
9,GT9,Ene
9,GU9,Feb
9,GV9,Mar
10,B10,1
10,C10,Alto Hospicio
10,D10,2863
10,E10,3242
10,F10,4571
10,G10,4593
10,H10,4602
10,I10,4623
10,J10,4657
10,K10,4756
10,L10,4776
10,M10,4774
10,N10,4787
10,O10,4812
10,P10,4795
10,Q10,4829
10,R10,4869
10,S10,4882
10,T10,4854
10,U10,4932
10,V10,5012
10,W10,5126
10,X10,5094
10,Y10,5163
10,Z10,5192
10,AA10,5173
10,AB10,5174
10,AC10,5190
10,AD10,5171
10,AE10,4779
10,AF10,4743
10,AG10,4705
10,AH10,4772
10,AI10,4825
10,AJ10,4826
10,AK10,4877
10,AL10,4996
10,AM10,5050
10,AN10,5127
10,AO10,5182
10,AP10,5176
10,AQ10,5181
10,AR10,5163
10,AS10,5553
10,AT10,5473
10,AU10,5508
10,AV10,5568
10,AW10,5663
10,AX10,5692
10,AY10,5675
10,AZ10,5754
10,BA10,5638
10,BB10,5542
10,BC10,5576
10,BD10,5504
10,BE10,5753
10,BF10,5667
10,BG10,5573
10,BH10,5662
10,BI10,5668
10,BJ10,5719
10,BK10,5824
10,BL10,5889
10,BM10,6049
10,BN10,6067
10,BO10,6093
10,BP10,6114
10,BQ10,6214
10,BR10,6335
10,BS10,6336
10,BT10,6378
10,BU10,6573
10,BV10,6686
10,BW10,6887
10,BX10,7024
10,BY10,7036
10,BZ10,7058
10,CA10,7068
10,CB10,7053
10,CC10,7137
10,CD10,7201
10,CE10,7269
10,CF10,7178
10,CG10,7237
10,CH10,7267
10,CI10,7195
10,CJ10,7271
10,CK10,7264
10,CL10,7292
10,CM10,7298
10,CN10,7341
10,CO10,7322
10,CP10,7470
10,CQ10,7632
10,CR10,7664
10,CS10,7633
10,CT10,7649
10,CU10,7694
10,CV10,7719
10,CW10,8195
10,CX10,8201
10,CY10,8275
10,CZ10,8397
10,DA10,8701
10,DB10,8869
10,DC10,9189
10,DD10,9490
10,DE10,9641
10,DF10,9813
10,DG10,8493
10,DH10,9071
10,DI10,9913
10,DJ10,10400
10,DL10,1
10,DM10,Alto Hospicio
10,DN10,10922
10,DO10,10998
10,DP10,11336
10,DQ10,11462
10,DR10,11628
10,DS10,12214
10,DT10,12504
10,DU10,12708
10,DV10,12980
10,DW10,13017
10,DX10,13092
10,DY10,13339
10,DZ10,13536
10,EA10,13813
10,EB10,13979
10,EC10,14374
10,ED10,14654
10,EE10,14837
10,EF10,15066
10,EG10,15335
10,EH10,15543
10,EI10,15987
10,EJ10,16181
10,EK10,16280
10,EL10,16473
10,EM10,16582
10,EN10,16936
10,EO10,17062
10,EP10,16796
10,EQ10,16908
10,ER10,17200
10,ES10,17244
10,ET10,17463
10,EU10,17321
10,EV10,17527
10,EW10,18366
10,EX10,18585
10,EY10,18655
10,EZ10,19669
10,FA10,19166
10,FB10,19152
10,FC10,19445
10,FD10,19911
10,FE10,20050
10,FF10,20155
10,FG10,20336
10,FH10,20927
10,FI10,21337
10,FJ10,21171
10,FK10,21049
10,FL10,22046
10,FM10,21853
10,FN10,21581
10,FO10,21649
10,FP10,21780
10,FQ10,22090
10,FR10,22086
10,FS10,22102
10,FT10,22127
10,FU10,22229
10,FV10,22356
10,FW10,22494
10,FX10,22548
10,FY10,22615
10,FZ10,22712
10,GA10,22752
10,GB10,22863
10,GC10,23219
10,GD10,23260
10,GE10,23756
10,GF10,23897
10,GG10,24139
10,GH10,24133
10,GI10,24176
10,GJ10,24360
10,GK10,24472
10,GL10,24640
10,GM10,24728
10,GN10,24744
10,GO10,24874
10,GP10,24903
10,GQ10,25481
10,GR10,25639
10,GS10,25725
10,GT10,25969
10,GU10,25548
10,GV10,25233
11,C11,Camiña
11,D11,1
11,E11,1
11,F11,1
11,G11,1
11,H11,1
11,I11,1
11,J11,1
11,K11,1
11,L11,1
11,M11,1
11,N11,1
11,O11,1
11,P11,1
11,Q11,1
11,R11,1
11,S11,1
11,T11,1
11,U11,1
11,V11,1
11,W11,1
11,X11,1
11,Y11,1
11,Z11,1
11,AA11,1
11,AB11,1
11,AC11,1
11,AD11,1
11,AE11,1
11,AF11,1
11,AG11,1
11,AH11,1
11,AI11,1
11,AJ11,1
11,AK11,1
11,AL11,1
11,AM11,1
11,AN11,1
11,AO11,1
11,AP11,1
11,AQ11,1
11,AR11,1
11,AS11,1
11,AT11,1
11,AU11,1
11,AV11,1
11,AW11,1
11,AX11,1
11,AY11,1
11,AZ11,1
11,BA11,1
11,BB11,1
11,BC11,1
11,BD11,1
11,BE11,1
11,BF11,1
11,BG11,1
11,BH11,1
11,BI11,1
11,BJ11,1
11,BK11,1
11,BL11,1
11,BM11,1
11,BN11,1
11,BO11,1
11,BP11,1
11,BQ11,1
11,BR11,1
11,BS11,1
11,BT11,1
11,BU11,1
11,BV11,1
11,BW11,1
11,BX11,1
11,BY11,1
11,BZ11,1
11,CA11,1
11,CB11,1
11,CC11,1
11,CD11,1
11,CE11,1
11,CF11,1
11,CG11,1
11,CH11,1
11,CI11,1
11,CJ11,1
11,CK11,1
11,CL11,1
11,CM11,1
11,CN11,1
11,CO11,1
11,CP11,1
11,CQ11,1
11,CR11,1
11,CS11,1
11,CT11,1
11,CU11,1
11,CV11,1
11,CW11,1
11,CX11,1
11,CY11,1
11,CZ11,1
11,DA11,1
11,DB11,1
11,DC11,1
11,DD11,1
11,DE11,1
11,DF11,1
11,DG11,1
11,DH11,1
11,DI11,1
11,DJ11,1
11,DM11,Camiña
11,DN11,1
11,DO11,1
11,DP11,1
11,DQ11,1
11,DR11,1
11,DS11,1
11,DT11,1
11,DU11,1
11,DV11,1
11,DW11,1
11,DX11,1
11,DY11,1
11,DZ11,1
11,EA11,1
11,EB11,1
11,EC11,1
11,ED11,1
11,EE11,2
11,EF11,3
11,EG11,3
11,EH11,3
11,EI11,3
11,EJ11,3
11,EK11,5
11,EL11,6
11,EM11,6
11,EN11,6
11,EO11,5
11,EP11,5
11,EQ11,5
11,ER11,5
11,ES11,5
11,ET11,5
11,EU11,16
11,EV11,16
11,EW11,16
11,EX11,16
11,EY11,6
11,EZ11,21
11,FA11,26
11,FB11,26
11,FC11,26
11,FD11,26
11,FE11,26
11,FF11,27
11,FG11,27
11,FH11,27
11,FI11,26
11,FJ11,27
11,FK11,27
11,FL11,28
11,FM11,28
11,FN11,36
11,FO11,35
11,FP11,37
11,FQ11,39
11,FR11,38
11,FS11,40
11,FT11,39
11,FU11,40
11,FV11,38
11,FW11,26
11,FX11,25
11,FY11,24
11,FZ11,23
11,GA11,28
11,GB11,30
11,GC11,33
11,GD11,32
11,GE11,39
11,GF11,43
11,GG11,39
11,GH11,39
11,GI11,42
11,GJ11,42
11,GK11,43
11,GL11,44
11,GM11,45
11,GN11,44
11,GO11,46
11,GP11,49
11,GQ11,49
11,GR11,47
11,GS11,50
11,GT11,51
11,GU11,47
11,GV11,57
12,C12,Colchane
12,F12,2
12,G12,2
12,H12,2
12,I12,2
12,J12,1
12,BD12,1
12,BE12,1
12,BF12,1
12,BG12,1
12,BH12,1
12,BI12,1
12,BJ12,1
12,BK12,1
12,BL12,1
12,BM12,2
12,BN12,2
12,BO12,2
12,BP12,2
12,BQ12,1
12,BR12,2
12,BS12,2
12,BT12,2
12,BU12,2
12,BV12,2
12,BW12,2
12,BX12,2
12,BY12,2
12,BZ12,2
12,CA12,2
12,CB12,2
12,CC12,2
12,CD12,2
12,CE12,2
12,CF12,2
12,CG12,2
12,CH12,2
12,CI12,2
12,CJ12,2
12,CK12,2
12,CL12,2
12,CM12,2
12,CN12,2
12,CO12,3
12,CP12,3
12,CQ12,3
12,CR12,3
12,CS12,3
12,CT12,3
12,CU12,3
12,CV12,4
12,CW12,4
12,CX12,3
12,CY12,4
12,CZ12,4
12,DA12,4
12,DB12,4
12,DC12,4
12,DD12,3
12,DE12,3
12,DF12,3
12,DG12,3
12,DH12,3
12,DI12,3
12,DJ12,3
12,DM12,Colchane
12,DN12,3
12,DO12,3
12,DP12,3
12,DQ12,3
12,DR12,3
12,DS12,3
12,DT12,3
12,DU12,3
12,DV12,3
12,DW12,3
12,DX12,3
12,DY12,3
12,DZ12,3
12,EA12,3
12,EB12,3
12,EC12,3
12,ED12,3
12,EE12,3
12,EF12,2
12,EG12,2
12,EH12,2
12,EI12,2
12,EJ12,2
12,EK12,2
12,EL12,2
12,EM12,3
12,EN12,3
12,EO12,4
12,EP12,4
12,EQ12,4
12,ER12,4
12,ES12,5
12,ET12,7
12,EU12,5
12,EV12,5
12,EW12,8
12,EX12,5
12,EY12,6
12,EZ12,24
12,FA12,24
12,FB12,29
12,FC12,34
12,FD12,30
12,FE12,48
12,FF12,47
12,FG12,44
12,FH12,41
12,FI12,43
12,FJ12,43
12,FK12,40
12,FL12,43
12,FM12,43
12,FN12,46
12,FO12,45
12,FP12,43
12,FQ12,41
12,FR12,39
12,FS12,44
12,FT12,45
12,FU12,45
12,FV12,41
12,FW12,44
12,FX12,43
12,FY12,53
12,FZ12,59
12,GA12,57
12,GB12,57
12,GC12,55
12,GD12,62
12,GE12,72
12,GF12,74
12,GG12,77
12,GH12,83
12,GI12,86
12,GJ12,94
12,GK12,104
12,GL12,122
12,GM12,157
12,GN12,191
12,GO12,213
12,GP12,223
12,GQ12,221
12,GR12,204
12,GS12,178
12,GT12,172
12,GU12,160
12,GV12,149
13,C13,Huara
13,D13,2
13,E13,1
13,F13,3
13,G13,3
13,H13,3
13,I13,3
13,J13,2
13,K13,2
13,L13,2
13,M13,2
13,N13,3
13,O13,3
13,P13,3
13,Q13,3
13,R13,3
13,S13,3
13,T13,3
13,U13,3
13,V13,3
13,W13,3
13,X13,3
13,Y13,3
13,Z13,3
13,AA13,3
13,AB13,2
13,AC13,2
13,AD13,2
13,AE13,2
13,AF13,2
13,AG13,2
13,AH13,2
13,AI13,2
13,AJ13,2
13,AK13,2
13,AL13,2
13,AM13,2
13,AN13,2
13,AO13,2
13,AP13,2
13,AQ13,2
13,AR13,2
13,AS13,5
13,AT13,5
13,AU13,5
13,AV13,5
13,AW13,5
13,AX13,5
13,AY13,6
13,AZ13,6
13,BA13,6
13,BB13,6
13,BC13,6
13,BD13,6
13,BE13,6
13,BF13,6
13,BG13,6
13,BH13,6
13,BI13,6
13,BJ13,6
13,BK13,6
13,BL13,6
13,BM13,6
13,BN13,6
13,BO13,6
13,BP13,6
13,BQ13,6
13,BR13,6
13,BS13,6
13,BT13,6
13,BU13,6
13,BV13,6
13,BW13,6
13,BX13,7
13,BY13,7
13,BZ13,7
13,CA13,7
13,CB13,7
13,CC13,7
13,CD13,7
13,CE13,7
13,CF13,7
13,CG13,7
13,CH13,7
13,CI13,7
13,CJ13,7
13,CK13,7
13,CL13,7
13,CM13,7
13,CN13,7
13,CO13,7
13,CP13,7
13,CQ13,7
13,CR13,7
13,CS13,7
13,CT13,7
13,CU13,7
13,CV13,7
13,CW13,7
13,CX13,7
13,CY13,7
13,CZ13,7
13,DA13,7
13,DB13,7
13,DC13,7
13,DD13,6
13,DE13,6
13,DF13,6
13,DG13,6
13,DH13,6
13,DI13,6
13,DJ13,6
13,DM13,Huara
13,DN13,6
13,DO13,6
13,DP13,6
13,DQ13,7
13,DR13,7
13,DS13,7
13,DT13,7
13,DU13,7
13,DV13,7
13,DW13,7
13,DX13,7
13,DY13,7
13,DZ13,7
13,EA13,8
13,EB13,8
13,EC13,8
13,ED13,8
13,EE13,10
13,EF13,11
13,EG13,11
13,EH13,12
13,EI13,12
13,EJ13,12
13,EK13,13
13,EL13,15
13,EM13,15
13,EN13,17
13,EO13,7
13,EP13,18
13,EQ13,17
13,ER13,17
13,ES13,19
13,ET13,21
13,EU13,23
13,EV13,23
13,EW13,36
13,EX13,23
13,EY13,32
13,EZ13,41
13,FA13,47
13,FB13,54
13,FC13,58
13,FD13,56
13,FE13,66
13,FF13,67
13,FG13,63
13,FH13,66
13,FI13,66
13,FJ13,67
13,FK13,64
13,FL13,62
13,FM13,63
13,FN13,76
13,FO13,76
13,FP13,79
13,FQ13,82
13,FR13,84
13,FS13,80
13,FT13,81
13,FU13,80
13,FV13,81
13,FW13,75
13,FX13,81
13,FY13,97
13,FZ13,92
13,GA13,97
13,GB13,97
13,GC13,99
13,GD13,94
13,GE13,102
13,GF13,107
13,GG13,104
13,GH13,99
13,GI13,89
13,GJ13,104
13,GK13,112
13,GL13,114
13,GM13,119
13,GN13,121
13,GO13,133
13,GP13,150
13,GQ13,151
13,GR13,140
13,GS13,337
13,GT13,329
13,GU13,335
13,GV13,352
14,C14,Iquique
14,D14,25168
14,E14,26780
14,F14,28860
14,G14,28967
14,H14,28930
14,I14,29074
14,J14,29411
14,K14,29503
14,L14,29786
14,M14,29848
14,N14,29997
14,O14,29988
14,P14,30086
14,Q14,30168
14,R14,30223
14,S14,30134
14,T14,30329
14,U14,30568
14,V14,30726
14,W14,31163
14,X14,31370
14,Y14,31567
14,Z14,31631
14,AA14,31648
14,AB14,31647
14,AC14,31870
14,AD14,31828
14,AE14,32277
14,AF14,32420
14,AG14,32160
14,AH14,32675
14,AI14,33019
14,AJ14,32941
14,AK14,33278
14,AL14,33418
14,AM14,33443
14,AN14,33817
14,AO14,34006
14,AP14,34148
14,AQ14,34216
14,AR14,34361
14,AS14,35133
14,AT14,35185
14,AU14,35413
14,AV14,35763
14,AW14,36223
14,AX14,36268
14,AY14,36462
14,AZ14,37214
14,BA14,36613
14,BB14,36182
14,BC14,36331
14,BD14,35881
14,BE14,37038
14,BF14,36771
14,BG14,37062
14,BH14,38055
14,BI14,38447
14,BJ14,38692
14,BK14,39432
14,BL14,39772
14,BM14,40339
14,BN14,40444
14,BO14,40866
14,BP14,41001
14,BQ14,41835
14,BR14,42328
14,BS14,42471
14,BT14,42553
14,BU14,43099
14,BV14,43063
14,BW14,43823
14,BX14,44299
14,BY14,44387
14,BZ14,44315
14,CA14,44580
14,CB14,44635
14,CC14,44993
14,CD14,45094
14,CE14,45213
14,CF14,45110
14,CG14,45278
14,CH14,44843
14,CI14,45769
14,CJ14,46033
14,CK14,46057
14,CL14,46355
14,CM14,46526
14,CN14,46817
14,CO14,46763
14,CP14,47047
14,CQ14,47449
14,CR14,47363
14,CS14,47346
14,CT14,47541
14,CU14,47871
14,CV14,48218
14,CW14,48125
14,CX14,48238
14,CY14,48411
14,CZ14,48500
14,DA14,48531
14,DB14,48846
14,DC14,48962
14,DD14,49125
14,DE14,49319
14,DF14,49564
14,DG14,50514
14,DH14,50249
14,DI14,50446
14,DJ14,50114
14,DM14,Iquique
14,DN14,50529
14,DO14,50522
14,DP14,50478
14,DQ14,50545
14,DR14,50336
14,DS14,50539
14,DT14,50710
14,DU14,50929
14,DV14,50579
14,DW14,50540
14,DX14,50532
14,DY14,50579
14,DZ14,50440
14,EA14,50733
14,EB14,50940
14,EC14,51137
14,ED14,51267
14,EE14,51220
14,EF14,51246
14,EG14,51445
14,EH14,52278
14,EI14,52916
14,EJ14,53306
14,EK14,53476
14,EL14,53849
14,EM14,54246
14,EN14,54806
14,EO14,55362
14,EP14,56866
14,EQ14,57342
14,ER14,57721
14,ES14,57915
14,ET14,58978
14,EU14,59283
14,EV14,59493
14,EW14,59034
14,EX14,58268
14,EY14,57778
14,EZ14,58459
14,FA14,58108
14,FB14,58391
14,FC14,58356
14,FD14,58455
14,FE14,58556
14,FF14,58543
14,FG14,58685
14,FH14,58641
14,FI14,57770
14,FJ14,57411
14,FK14,57408
14,FL14,57720
14,FM14,57652
14,FN14,57345
14,FO14,57465
14,FP14,57160
14,FQ14,57637
14,FR14,57586
14,FS14,57575
14,FT14,57473
14,FU14,57323
14,FV14,57306
14,FW14,57225
14,FX14,57254
14,FY14,57455
14,FZ14,57579
14,GA14,57691
14,GB14,57789
14,GC14,58082
14,GD14,57847
14,GE14,58042
14,GF14,58086
14,GG14,58286
14,GH14,58163
14,GI14,58312
14,GJ14,58478
14,GK14,58452
14,GL14,58510
14,GM14,58661
14,GN14,59111
14,GO14,59933
14,GP14,59623
14,GQ14,59922
14,GR14,59868
14,GS14,59948
14,GT14,59674
14,GU14,59407
14,GV14,58491
15,C15,Pica
15,D15,21
15,E15,113
15,F15,131
15,G15,127
15,H15,124
15,I15,116
15,J15,115
15,K15,114
15,L15,114
15,M15,114
15,N15,114
15,O15,119
15,P15,132
15,Q15,130
15,R15,130
15,S15,131
15,T15,129
15,U15,138
15,V15,141
15,W15,147
15,X15,148
15,Y15,153
15,Z15,149
15,AA15,148
15,AB15,154
15,AC15,163
15,AD15,166
15,AE15,187
15,AF15,187
15,AG15,187
15,AH15,187
15,AI15,187
15,AJ15,187
15,AK15,189
15,AL15,188
15,AM15,188
15,AN15,188
15,AO15,188
15,AP15,190
15,AQ15,190
15,AR15,190
15,AS15,220
15,AT15,216
15,AU15,217
15,AV15,212
15,AW15,219
15,AX15,221
15,AY15,229
15,AZ15,286
15,BA15,336
15,BB15,221
15,BC15,223
15,BD15,218
15,BE15,221
15,BF15,209
15,BG15,209
15,BH15,207
15,BI15,211
15,BJ15,215
15,BK15,216
15,BL15,217
15,BM15,224
15,BN15,223
15,BO15,220
15,BP15,218
15,BQ15,219
15,BR15,213
15,BS15,218
15,BT15,217
15,BU15,221
15,BV15,223
15,BW15,219
15,BX15,219
15,BY15,219
15,BZ15,220
15,CA15,205
15,CB15,202
15,CC15,201
15,CD15,198
15,CE15,195
15,CF15,193
15,CG15,191
15,CH15,191
15,CI15,190
15,CJ15,188
15,CK15,188
15,CL15,188
15,CM15,184
15,CN15,184
15,CO15,178
15,CP15,177
15,CQ15,178
15,CR15,172
15,CS15,171
15,CT15,171
15,CU15,171
15,CV15,164
15,CW15,161
15,CX15,162
15,CY15,160
15,CZ15,157
15,DA15,157
15,DB15,156
15,DC15,157
15,DD15,155
15,DE15,151
15,DF15,149
15,DG15,146
15,DH15,158
15,DI15,148
15,DJ15,145
15,DM15,Pica
15,DN15,142
15,DO15,140
15,DP15,139
15,DQ15,135
15,DR15,135
15,DS15,135
15,DT15,136
15,DU15,138
15,DV15,137
15,DW15,138
15,DX15,138
15,DY15,137
15,DZ15,132
15,EA15,132
15,EB15,131
15,EC15,129
15,ED15,129
15,EE15,126
15,EF15,129
15,EG15,129
15,EH15,129
15,EI15,130
15,EJ15,116
15,EK15,119
15,EL15,108
15,EM15,109
15,EN15,107
15,EO15,109
15,EP15,110
15,EQ15,110
15,ER15,106
15,ES15,110
15,ET15,110
15,EU15,109
15,EV15,107
15,EW15,97
15,EX15,114
15,EY15,107
15,EZ15,117
15,FA15,118
15,FB15,117
15,FC15,117
15,FD15,121
15,FE15,127
15,FF15,133
15,FG15,139
15,FH15,145
15,FI15,138
15,FJ15,141
15,FK15,142
15,FL15,177
15,FM15,168
15,FN15,170
15,FO15,174
15,FP15,166
15,FQ15,169
15,FR15,174
15,FS15,180
15,FT15,196
15,FU15,197
15,FV15,195
15,FW15,199
15,FX15,207
15,FY15,211
15,FZ15,213
15,GA15,216
15,GB15,221
15,GC15,224
15,GD15,237
15,GE15,236
15,GF15,233
15,GG15,230
15,GH15,238
15,GI15,246
15,GJ15,256
15,GK15,273
15,GL15,277
15,GM15,276
15,GN15,282
15,GO15,285
15,GP15,309
15,GQ15,740
15,GR15,723
15,GS15,723
15,GT15,745
15,GU15,782
15,GV15,791
16,C16,Pozo Almonte
16,D16,285
16,E16,344
16,F16,508
16,G16,492
16,H16,502
16,I16,500
16,J16,490
16,K16,500
16,L16,513
16,M16,516
16,N16,533
16,O16,534
16,P16,535
16,Q16,545
16,R16,547
16,S16,540
16,T16,527
16,U16,527
16,V16,514
16,W16,526
16,X16,538
16,Y16,544
16,Z16,553
16,AA16,563
16,AB16,582
16,AC16,578
16,AD16,580
16,AE16,622
16,AF16,624
16,AG16,627
16,AH16,630
16,AI16,634
16,AJ16,640
16,AK16,645
16,AL16,649
16,AM16,649
16,AN16,653
16,AO16,654
16,AP16,654
16,AQ16,654
16,AR16,652
16,AS16,691
16,AT16,676
16,AU16,677
16,AV16,680
16,AW16,683
16,AX16,687
16,AY16,688
16,AZ16,691
16,BA16,679
16,BB16,693
16,BC16,694
16,BD16,669
16,BE16,680
16,BF16,670
16,BG16,647
16,BH16,656
16,BI16,672
16,BJ16,675
16,BK16,690
16,BL16,699
16,BM16,690
16,BN16,692
16,BO16,686
16,BP16,669
16,BQ16,667
16,BR16,681
16,BS16,673
16,BT16,668
16,BU16,683
16,BV16,684
16,BW16,688
16,BX16,705
16,BY16,706
16,BZ16,706
16,CA16,692
16,CB16,677
16,CC16,679
16,CD16,686
16,CE16,687
16,CF16,681
16,CG16,695
16,CH16,695
16,CI16,689
16,CJ16,690
16,CK16,685
16,CL16,665
16,CM16,663
16,CN16,668
16,CO16,675
16,CP16,669
16,CQ16,687
16,CR16,677
16,CS16,674
16,CT16,674
16,CU16,674
16,CV16,681
16,CW16,675
16,CX16,681
16,CY16,678
16,CZ16,678
16,DA16,682
16,DB16,679
16,DC16,682
16,DD16,691
16,DE16,687
16,DF16,694
16,DG16,675
16,DH16,714
16,DI16,686
16,DJ16,754
16,DM16,Pozo Almonte
16,DN16,772
16,DO16,889
16,DP16,911
16,DQ16,924
16,DR16,926
16,DS16,933
16,DT16,941
16,DU16,945
16,DV16,941
16,DW16,946
16,DX16,941
16,DY16,943
16,DZ16,923
16,EA16,917
16,EB16,919
16,EC16,913
16,ED16,906
16,EE16,904
16,EF16,985
16,EG16,1036
16,EH16,1046
16,EI16,1077
16,EJ16,1129
16,EK16,1131
16,EL16,1129
16,EM16,1142
16,EN16,1164
16,EO16,1197
16,EP16,1209
16,EQ16,1216
16,ER16,1217
16,ES16,1219
16,ET16,1234
16,EU16,1231
16,EV16,1230
16,EW16,1245
16,EX16,1234
16,EY16,1201
16,EZ16,1266
16,FA16,1262
16,FB16,1258
16,FC16,1256
16,FD16,1266
16,FE16,1367
16,FF16,1679
16,FG16,1716
16,FH16,1749
16,FI16,1777
16,FJ16,1818
16,FK16,1841
16,FL16,1956
16,FM16,1932
16,FN16,1913
16,FO16,1943
16,FP16,1952
16,FQ16,1933
16,FR16,1942
16,FS16,1944
16,FT16,1949
16,FU16,1959
16,FV16,1963
16,FW16,1959
16,FX16,1995
16,FY16,1994
16,FZ16,2009
16,GA16,2016
16,GB16,2029
16,GC16,2079
16,GD16,2097
16,GE16,2075
16,GF16,2079
16,GG16,2066
16,GH16,2071
16,GI16,2088
16,GJ16,2089
16,GK16,2126
16,GL16,2159
16,GM16,2222
16,GN16,2266
16,GO16,2248
16,GP16,2308
16,GQ16,2322
16,GR16,2336
16,GS16,2787
16,GT16,2773
16,GU16,2845
16,GV16,2890
17,C17,Sin clasificación
17,E17,12
17,DM17,Sin clasificación
18,B18,Total 1
18,D18,28340
18,E18,30493
18,F18,34076
18,G18,34185
18,H18,34164
18,I18,34319
18,J18,34677
18,K18,34876
18,L18,35192
18,M18,35255
18,N18,35435
18,O18,35457
18,P18,35552
18,Q18,35676
18,R18,35773
18,S18,35691
18,T18,35843
18,U18,36169
18,V18,36397
18,W18,36966
18,X18,37154
18,Y18,37431
18,Z18,37529
18,AA18,37536
18,AB18,37560
18,AC18,37804
18,AD18,37748
18,AE18,37868
18,AF18,37977
18,AG18,37682
18,AH18,38267
18,AI18,38668
18,AJ18,38597
18,AK18,38992
18,AL18,39254
18,AM18,39333
18,AN18,39788
18,AO18,40033
18,AP18,40171
18,AQ18,40244
18,AR18,40369
18,AS18,41603
18,AT18,41556
18,AU18,41821
18,AV18,42229
18,AW18,42794
18,AX18,42874
18,AY18,43061
18,AZ18,43952
18,BA18,43273
18,BB18,42645
18,BC18,42831
18,BD18,42280
18,BE18,43700
18,BF18,43325
18,BG18,43499
18,BH18,44588
18,BI18,45006
18,BJ18,45309
18,BK18,46170
18,BL18,46585
18,BM18,47311
18,BN18,47435
18,BO18,47874
18,BP18,48011
18,BQ18,48943
18,BR18,49566
18,BS18,49707
18,BT18,49825
18,BU18,50585
18,BV18,50665
18,BW18,51626
18,BX18,52257
18,BY18,52358
18,BZ18,52309
18,CA18,52555
18,CB18,52577
18,CC18,53020
18,CD18,53189
18,CE18,53374
18,CF18,53172
18,CG18,53411
18,CH18,53006
18,CI18,53853
18,CJ18,54192
18,CK18,54204
18,CL18,54510
18,CM18,54681
18,CN18,55020
18,CO18,54949
18,CP18,55374
18,CQ18,55957
18,CR18,55887
18,CS18,55835
18,CT18,56046
18,CU18,56421
18,CV18,56794
18,CW18,57168
18,CX18,57293
18,CY18,57536
18,CZ18,57744
18,DA18,58083
18,DB18,58562
18,DC18,59002
18,DD18,59471
18,DE18,59808
18,DF18,60230
18,DG18,59838
18,DH18,60202
18,DI18,61203
18,DJ18,61423
18,DL18,Total 1
18,DN18,62375
18,DO18,62559
18,DP18,62874
18,DQ18,63077
18,DR18,63036
18,DS18,63832
18,DT18,64302
18,DU18,64731
18,DV18,64648
18,DW18,64652
18,DX18,64714
18,DY18,65009
18,DZ18,65042
18,EA18,65607
18,EB18,65981
18,EC18,66565
18,ED18,66968
18,EE18,67102
18,EF18,67442
18,EG18,67961
18,EH18,69013
18,EI18,70127
18,EJ18,70749
18,EK18,71026
18,EL18,71582
18,EM18,72103
18,EN18,73039
18,EO18,73746
18,EP18,75008
18,EQ18,75602
18,ER18,76270
18,ES18,76517
18,ET18,77818
18,EU18,77988
18,EV18,78401
18,EW18,78802
18,EX18,78245
18,EY18,77785
18,EZ18,79597
18,FA18,78751
18,FB18,79027
18,FC18,79292
18,FD18,79865
18,FE18,80240
18,FF18,80651
18,FG18,81010
18,FH18,81596
18,FI18,81157
18,FJ18,80678
18,FK18,80571
18,FL18,82032
18,FM18,81739
18,FN18,81167
18,FO18,81387
18,FP18,81217
18,FQ18,81991
18,FR18,81949
18,FS18,81965
18,FT18,81910
18,FU18,81873
18,FV18,81980
18,FW18,82022
18,FX18,82153
18,FY18,82449
18,FZ18,82687
18,GA18,82857
18,GB18,83086
18,GC18,83791
18,GD18,83629
18,GE18,84322
18,GF18,84519
18,GG18,84941
18,GH18,84826
18,GI18,85039
18,GJ18,85423
18,GK18,85582
18,GL18,85866
18,GM18,86208
18,GN18,86759
18,GO18,87732
18,GP18,87565
18,GQ18,88886
18,GR18,88957
18,GS18,89748
18,GT18,89713
18,GU18,89124
18,GV18,87963
19,B19,2
19,C19,Antofagasta
19,D19,42710
19,E19,47264
19,F19,51311
19,G19,51592
19,H19,51676
19,I19,52074
19,J19,52311
19,K19,52548
19,L19,52927
19,M19,53031
19,N19,53581
19,O19,54194
19,P19,54989
19,Q19,55383
19,R19,56211
19,S19,55939
19,T19,56469
19,U19,57825
19,V19,58762
19,W19,59371
19,X19,59762
19,Y19,59870
19,Z19,60231
19,AA19,60541
19,AB19,60660
19,AC19,61041
19,AD19,61222
19,AE19,62039
19,AF19,62626
19,AG19,61924
19,AH19,63808
19,AI19,64696
19,AJ19,64208
19,AK19,64605
19,AL19,65451
19,AM19,65474
19,AN19,66245
19,AO19,66524
19,AP19,66500
19,AQ19,66453
19,AR19,66455
19,AS19,66435
19,AT19,66515
19,AU19,66951
19,AV19,67307
19,AW19,67854
19,AX19,68036
19,AY19,68173
19,AZ19,68893
19,BA19,68991
19,BB19,68567
19,BC19,68617
19,BD19,68291
19,BE19,69786
19,BF19,70110
19,BG19,70001
19,BH19,70333
19,BI19,73004
19,BJ19,73750
19,BK19,74045
19,BL19,74682
19,BM19,75121
19,BN19,74312
19,BO19,75784
19,BP19,76090
19,BQ19,76959
19,BR19,77443
19,BS19,78007
19,BT19,78212
19,BU19,78984
19,BV19,79761
19,BW19,80056
19,BX19,80620
19,BY19,81011
19,BZ19,80992
19,CA19,80868
19,CB19,81093
19,CC19,81492
19,CD19,82148
19,CE19,82909
19,CF19,83509
19,CG19,84291
19,CH19,84683
19,CI19,84935
19,CJ19,85185
19,CK19,85207
19,CL19,85156
19,CM19,85244
19,CN19,85701
19,CO19,85815
19,CP19,86491
19,CQ19,86789
19,CR19,86745
19,CS19,86661
19,CT19,87284
19,CU19,87629
19,CV19,87801
19,CW19,86997
19,CX19,86890
19,CY19,86974
19,CZ19,87019
19,DA19,87392
19,DB19,87725
19,DC19,88007
19,DD19,88456
19,DE19,88491
19,DF19,88967
19,DG19,88860
19,DH19,90025
19,DI19,89833
19,DJ19,90287
19,DL19,2
19,DM19,Antofagasta
19,DN19,92561
19,DO19,92441
19,DP19,92917
19,DQ19,92912
19,DR19,93150
19,DS19,93682
19,DT19,93937
19,DU19,94394
19,DV19,94259
19,DW19,94285
19,DX19,94103
19,DY19,94039
19,DZ19,93969
19,EA19,94567
19,EB19,95467
19,EC19,96213
19,ED19,96765
19,EE19,98068
19,EF19,98602
19,EG19,99616
19,EH19,101382
19,EI19,102672
19,EJ19,104145
19,EK19,104776
19,EL19,104613
19,EM19,106898
19,EN19,107350
19,EO19,108742
19,EP19,108858
19,EQ19,109603
19,ER19,110739
19,ES19,111154
19,ET19,113922
19,EU19,114533
19,EV19,114433
19,EW19,113526
19,EX19,113080
19,EY19,112234
19,EZ19,114473
19,FA19,113993
19,FB19,114362
19,FC19,114566
19,FD19,114521
19,FE19,114970
19,FF19,115211
19,FG19,115634
19,FH19,115963
19,FI19,115212
19,FJ19,114329
19,FK19,113994
19,FL19,114264
19,FM19,114482
19,FN19,113992
19,FO19,114046
19,FP19,113641
19,FQ19,114939
19,FR19,114890
19,FS19,115105
19,FT19,115186
19,FU19,115170
19,FV19,114896
19,FW19,114833
19,FX19,115214
19,FY19,115690
19,FZ19,116265
19,GA19,116484
19,GB19,116474
19,GC19,116670
19,GD19,116524
19,GE19,116662
19,GF19,116604
19,GG19,117162
19,GH19,116414
19,GI19,116971
19,GJ19,117622
19,GK19,117888
19,GL19,118503
19,GM19,118881
19,GN19,117113
19,GO19,118707
19,GP19,117317
19,GQ19,119407
19,GR19,119671
19,GS19,119352
19,GT19,121505
19,GU19,121624
19,GV19,120596
20,C20,Calama
20,D20,17656
20,E20,20152
20,F20,21679
20,G20,21831
20,H20,21810
20,I20,22043
20,J20,22400
20,K20,22694
20,L20,22854
20,M20,23086
20,N20,23232
20,O20,23298
20,P20,23507
20,Q20,23661
20,R20,23580
20,S20,23495
20,T20,23517
20,U20,23782
20,V20,24104
20,W20,24391
20,X20,24441
20,Y20,24579
20,Z20,24750
20,AA20,24910
20,AB20,25096
20,AC20,25359
20,AD20,25461
20,AE20,25423
20,AF20,25426
20,AG20,25091
20,AH20,25727
20,AI20,25951
20,AJ20,25897
20,AK20,26173
20,AL20,26593
20,AM20,26518
20,AN20,26779
20,AO20,26950
20,AP20,26924
20,AQ20,26976
20,AR20,26931
20,AS20,28207
20,AT20,28434
20,AU20,28680
20,AV20,28753
20,AW20,29111
20,AX20,29410
20,AY20,29608
20,AZ20,30167
20,BA20,30455
20,BB20,30381
20,BC20,30555
20,BD20,30130
20,BE20,31235
20,BF20,31609
20,BG20,31653
20,BH20,32690
20,BI20,32868
20,BJ20,33069
20,BK20,33236
20,BL20,33534
20,BM20,33807
20,BN20,33774
20,BO20,33724
20,BP20,33623
20,BQ20,34098
20,BR20,34466
20,BS20,34712
20,BT20,34802
20,BU20,35041
20,BV20,34814
20,BW20,34824
20,BX20,35059
20,BY20,35111
20,BZ20,34953
20,CA20,33804
20,CB20,33913
20,CC20,34060
20,CD20,35414
20,CE20,35783
20,CF20,35948
20,CG20,36122
20,CH20,36070
20,CI20,36181
20,CJ20,36243
20,CK20,36208
20,CL20,36078
20,CM20,35974
20,CN20,36082
20,CO20,36475
20,CP20,36801
20,CQ20,36904
20,CR20,36847
20,CS20,36936
20,CT20,37236
20,CU20,37417
20,CV20,36800
20,CW20,36717
20,CX20,36581
20,CY20,36440
20,CZ20,36375
20,DA20,36600
20,DB20,36900
20,DC20,37155
20,DD20,37484
20,DE20,37491
20,DF20,37666
20,DG20,37003
20,DH20,38024
20,DI20,37773
20,DJ20,38775
20,DM20,Calama
20,DN20,38878
20,DO20,39055
20,DP20,39354
20,DQ20,39456
20,DR20,39533
20,DS20,39768
20,DT20,39772
20,DU20,39816
20,DV20,39695
20,DW20,39551
20,DX20,39501
20,DY20,39321
20,DZ20,39086
20,EA20,39083
20,EB20,39379
20,EC20,39801
20,ED20,40273
20,EE20,40495
20,EF20,40702
20,EG20,40967
20,EH20,41235
20,EI20,41548
20,EJ20,40794
20,EK20,40801
20,EL20,40839
20,EM20,41306
20,EN20,42085
20,EO20,42920
20,EP20,44191
20,EQ20,44630
20,ER20,45142
20,ES20,45059
20,ET20,45990
20,EU20,46855
20,EV20,47008
20,EW20,46707
20,EX20,46904
20,EY20,46686
20,EZ20,47772
20,FA20,46823
20,FB20,46877
20,FC20,46879
20,FD20,47078
20,FE20,47218
20,FF20,47307
20,FG20,47548
20,FH20,47714
20,FI20,47181
20,FJ20,46741
20,FK20,46649
20,FL20,46745
20,FM20,46813
20,FN20,46663
20,FO20,46757
20,FP20,46473
20,FQ20,46915
20,FR20,46733
20,FS20,46597
20,FT20,46689
20,FU20,46532
20,FV20,46683
20,FW20,46538
20,FX20,46561
20,FY20,46623
20,FZ20,46750
20,GA20,46731
20,GB20,46712
20,GC20,47109
20,GD20,46950
20,GE20,47106
20,GF20,47036
20,GG20,47074
20,GH20,47075
20,GI20,47291
20,GJ20,47839
20,GK20,48001
20,GL20,48095
20,GM20,48105
20,GN20,47825
20,GO20,48131
20,GP20,48005
20,GQ20,48579
20,GR20,48468
20,GS20,48494
20,GT20,48761
20,GU20,48836
20,GV20,48122
21,C21,María Elena
21,D21,258
21,E21,313
21,F21,317
21,G21,307
21,H21,291
21,I21,277
21,J21,274
21,K21,283
21,L21,293
21,M21,298
21,N21,298
21,O21,295
21,P21,297
21,Q21,299
21,R21,295
21,S21,290
21,T21,289
21,U21,284
21,V21,277
21,W21,277
21,X21,270
21,Y21,267
21,Z21,266
21,AA21,261
21,AB21,259
21,AC21,254
21,AD21,253
21,AE21,255
21,AF21,254
21,AG21,219
21,AH21,219
21,AI21,219
21,AJ21,220
21,AK21,221
21,AL21,222
21,AM21,222
21,AN21,222
21,AO21,222
21,AP21,222
21,AQ21,222
21,AR21,222
21,AS21,245
21,AT21,240
21,AU21,240
21,AV21,242
21,AW21,244
21,AX21,245
21,AY21,244
21,AZ21,250
21,BA21,264
21,BB21,270
21,BC21,274
21,BD21,267
21,BE21,286
21,BF21,287
21,BG21,243
21,BH21,194
21,BI21,295
21,BJ21,299
21,BK21,302
21,BL21,304
21,BM21,305
21,BN21,305
21,BO21,306
21,BP21,299
21,BQ21,301
21,BR21,302
21,BS21,301
21,BT21,300
21,BU21,306
21,BV21,311
21,BW21,326
21,BX21,332
21,BY21,332
21,BZ21,332
21,CA21,346
21,CB21,339
21,CC21,342
21,CD21,349
21,CE21,350
21,CF21,351
21,CG21,344
21,CH21,342
21,CI21,341
21,CJ21,339
21,CK21,338
21,CL21,337
21,CM21,338
21,CN21,338
21,CO21,339
21,CP21,336
21,CQ21,336
21,CR21,335
21,CS21,335
21,CT21,335
21,CU21,335
21,CV21,286
21,CW21,283
21,CX21,283
21,CY21,276
21,CZ21,276
21,DA21,279
21,DB21,273
21,DC21,270
21,DD21,272
21,DE21,271
21,DF21,272
21,DG21,359
21,DH21,365
21,DI21,365
21,DJ21,363
21,DM21,María Elena
21,DN21,357
21,DO21,360
21,DP21,359
21,DQ21,358
21,DR21,355
21,DS21,356
21,DT21,354
21,DU21,352
21,DV21,351
21,DW21,351
21,DX21,348
21,DY21,342
21,DZ21,342
21,EA21,340
21,EB21,341
21,EC21,337
21,ED21,335
21,EE21,336
21,EF21,333
21,EG21,334
21,EH21,336
21,EI21,335
21,EJ21,303
21,EK21,304
21,EL21,296
21,EM21,303
21,EN21,299
21,EO21,301
21,EP21,296
21,EQ21,292
21,ER21,291
21,ES21,290
21,ET21,288
21,EU21,289
21,EV21,285
21,EW21,273
21,EX21,279
21,EY21,268
21,EZ21,282
21,FA21,281
21,FB21,276
21,FC21,273
21,FD21,280
21,FE21,284
21,FF21,287
21,FG21,284
21,FH21,288
21,FI21,282
21,FJ21,271
21,FK21,279
21,FL21,299
21,FM21,284
21,FN21,283
21,FO21,276
21,FP21,290
21,FQ21,283
21,FR21,284
21,FS21,286
21,FT21,285
21,FU21,276
21,FV21,270
21,FW21,268
21,FX21,279
21,FY21,284
21,FZ21,291
21,GA21,290
21,GB21,288
21,GC21,301
21,GD21,311
21,GE21,279
21,GF21,281
21,GG21,288
21,GH21,282
21,GI21,297
21,GJ21,322
21,GK21,353
21,GL21,394
21,GM21,414
21,GN21,416
21,GO21,428
21,GP21,441
21,GQ21,441
21,GR21,430
21,GS21,468
21,GT21,488
21,GU21,957
21,GV21,1428
22,C22,Mejillones
22,D22,541
22,E22,744
22,F22,899
22,G22,891
22,H22,882
22,I22,877
22,J22,868
22,K22,864
22,L22,866
22,M22,868
22,N22,877
22,O22,878
22,P22,869
22,Q22,870
22,R22,860
22,S22,865
22,T22,891
22,U22,899
22,V22,908
22,W22,909
22,X22,927
22,Y22,933
22,Z22,943
22,AA22,954
22,AB22,960
22,AC22,975
22,AD22,954
22,AE22,945
22,AF22,945
22,AG22,951
22,AH22,953
22,AI22,961
22,AJ22,969
22,AK22,978
22,AL22,987
22,AM22,990
22,AN22,998
22,AO22,1000
22,AP22,999
22,AQ22,996
22,AR22,994
22,AS22,1114
22,AT22,1080
22,AU22,1088
22,AV22,1132
22,AW22,1142
22,AX22,1144
22,AY22,1107
22,AZ22,1126
22,BA22,1125
22,BB22,1123
22,BC22,1120
22,BD22,1094
22,BE22,1147
22,BF22,1137
22,BG22,1139
22,BH22,1153
22,BI22,1146
22,BJ22,1154
22,BK22,1154
22,BL22,1166
22,BM22,1162
22,BN22,1157
22,BO22,1143
22,BP22,1137
22,BQ22,1153
22,BR22,1141
22,BS22,1135
22,BT22,1119
22,BU22,1148
22,BV22,1135
22,BW22,1140
22,BX22,1161
22,BY22,1163
22,BZ22,1163
22,CA22,1005
22,CB22,993
22,CC22,1002
22,CD22,1192
22,CE22,1208
22,CF22,1243
22,CG22,1240
22,CH22,1245
22,CI22,1235
22,CJ22,1225
22,CK22,1228
22,CL22,1230
22,CM22,1218
22,CN22,1223
22,CO22,1230
22,CP22,1243
22,CQ22,1252
22,CR22,1232
22,CS22,1237
22,CT22,1238
22,CU22,1241
22,CV22,1113
22,CW22,1119
22,CX22,1131
22,CY22,1135
22,CZ22,1117
22,DA22,1097
22,DB22,1089
22,DC22,1067
22,DD22,1090
22,DE22,1079
22,DF22,1088
22,DG22,1173
22,DH22,1201
22,DI22,1181
22,DJ22,1164
22,DM22,Mejillones
22,DN22,1154
22,DO22,1146
22,DP22,1121
22,DQ22,1096
22,DR22,1083
22,DS22,1085
22,DT22,1082
22,DU22,1092
22,DV22,1085
22,DW22,1078
22,DX22,1073
22,DY22,1064
22,DZ22,1044
22,EA22,1034
22,EB22,1021
22,EC22,1002
22,ED22,992
22,EE22,988
22,EF22,989
22,EG22,982
22,EH22,1086
22,EI22,1167
22,EJ22,1510
22,EK22,1509
22,EL22,1501
22,EM22,1497
22,EN22,1699
22,EO22,1945
22,EP22,1998
22,EQ22,2077
22,ER22,2130
22,ES22,2120
22,ET22,2220
22,EU22,2277
22,EV22,2323
22,EW22,2330
22,EX22,2356
22,EY22,2325
22,EZ22,2394
22,FA22,2416
22,FB22,2401
22,FC22,2409
22,FD22,2400
22,FE22,2425
22,FF22,2445
22,FG22,2461
22,FH22,2484
22,FI22,2533
22,FJ22,2555
22,FK22,2570
22,FL22,2471
22,FM22,2520
22,FN22,2517
22,FO22,2516
22,FP22,2597
22,FQ22,2597
22,FR22,2611
22,FS22,2597
22,FT22,2598
22,FU22,2607
22,FV22,2622
22,FW22,2632
22,FX22,2622
22,FY22,2629
22,FZ22,2630
22,GA22,2632
22,GB22,2617
22,GC22,2671
22,GD22,2710
22,GE22,2738
22,GF22,2767
22,GG22,2790
22,GH22,2934
22,GI22,2961
22,GJ22,2944
22,GK22,2950
22,GL22,2982
22,GM22,3019
22,GN22,3043
22,GO22,3050
22,GP22,3114
22,GQ22,3143
22,GR22,3166
22,GS22,3139
22,GT22,3205
22,GU22,3216
22,GV22,3185
23,C23,Ollagüe
23,D23,1
23,E23,1
23,F23,3
23,G23,3
23,H23,2
23,I23,2
23,J23,2
23,K23,2
23,L23,2
23,M23,1
23,N23,1
23,O23,1
23,BK23,1
23,BL23,1
23,BM23,1
23,BN23,1
23,BO23,1
23,BP23,1
23,CH23,1
23,CI23,1
23,CJ23,1
23,CK23,1
23,CL23,1
23,CM23,1
23,CN23,1
23,CO23,1
23,CP23,1
23,CQ23,1
23,CR23,1
23,CS23,1
23,CT23,1
23,CU23,1
23,CV23,1
23,CW23,1
23,CX23,1
23,CY23,1
23,CZ23,1
23,DA23,1
23,DB23,1
23,DC23,1
23,DD23,0
23,DE23,0
23,DF23,0
23,DM23,Ollagüe
23,EI23,2
23,EJ23,2
23,EK23,2
23,EL23,2
23,EM23,2
23,EN23,2
23,EP23,2
23,EQ23,2
23,ER23,2
23,ES23,1
23,ET23,2
23,EU23,2
23,EV23,2
23,EX23,2
23,EZ23,1
23,FA23,1
23,FB23,1
23,FC23,1
23,FD23,1
23,FE23,1
23,FF23,1
23,FG23,1
23,FH23,2
23,FI23,3
23,FJ23,4
23,FK23,4
23,FL23,7
23,FM23,7
23,FN23,8
23,FO23,9
23,FP23,9
23,FQ23,11
23,FR23,12
23,FS23,12
23,FT23,14
23,FU23,15
23,FV23,15
23,FW23,16
23,FX23,15
23,FY23,15
23,FZ23,17
23,GA23,17
23,GB23,21
23,GC23,28
23,GD23,31
23,GE23,31
23,GF23,37
23,GG23,35
23,GH23,36
23,GI23,39
23,GJ23,41
23,GK23,44
23,GL23,46
23,GM23,47
23,GN23,47
23,GO23,55
23,GP23,59
23,GQ23,57
23,GR23,55
23,GS23,58
23,GT23,63
23,GU23,61
23,GV23,59
24,C24,San Pedro de Atacama
24,D24,26
24,E24,16
24,F24,9
24,G24,9
24,H24,9
24,I24,9
24,J24,11
24,K24,11
24,L24,10
24,M24,9
24,N24,10
24,O24,10
24,P24,9
24,Q24,9
24,R24,8
24,S24,8
24,T24,8
24,U24,8
24,V24,8
24,W24,8
24,X24,8
24,Y24,8
24,Z24,8
24,AA24,9
24,AB24,9
24,AC24,9
24,AD24,9
24,AE24,12
24,AF24,12
24,AG24,12
24,AH24,12
24,AI24,12
24,AJ24,12
24,AK24,12
24,AL24,12
24,AM24,12
24,AN24,12
24,AO24,13
24,AP24,13
24,AQ24,13
24,AR24,13
24,AS24,156
24,AT24,157
24,AU24,157
24,AV24,161
24,AW24,159
24,AX24,161
24,AY24,163
24,AZ24,162
24,BA24,158
24,BB24,162
24,BC24,163
24,BD24,170
24,BE24,165
24,BF24,168
24,BG24,171
24,BH24,171
24,BI24,172
24,BJ24,171
24,BK24,171
24,BL24,173
24,BM24,178
24,BN24,178
24,BO24,179
24,BP24,177
24,BQ24,177
24,BR24,178
24,BS24,180
24,BT24,182
24,BU24,184
24,BV24,185
24,BW24,184
24,BX24,181
24,BY24,181
24,BZ24,183
24,CA24,183
24,CB24,186
24,CC24,188
24,CD24,189
24,CE24,189
24,CF24,192
24,CG24,191
24,CH24,190
24,CI24,188
24,CJ24,189
24,CK24,189
24,CL24,188
24,CM24,192
24,CN24,193
24,CO24,195
24,CP24,192
24,CQ24,209
24,CR24,200
24,CS24,201
24,CT24,204
24,CU24,204
24,CV24,215
24,CW24,202
24,CX24,203
24,CY24,203
24,CZ24,208
24,DA24,207
24,DB24,208
24,DC24,211
24,DD24,210
24,DE24,210
24,DF24,212
24,DG24,210
24,DH24,264
24,DI24,221
24,DJ24,211
24,DM24,San Pedro de Atacama
24,DN24,212
24,DO24,211
24,DP24,213
24,DQ24,212
24,DR24,211
24,DS24,211
24,DT24,214
24,DU24,214
24,DV24,214
24,DW24,214
24,DX24,214
24,DY24,214
24,DZ24,214
24,EA24,213
24,EB24,212
24,EC24,210
24,ED24,210
24,EE24,223
24,EF24,259
24,EG24,272
24,EH24,281
24,EI24,285
24,EJ24,305
24,EK24,310
24,EL24,321
24,EM24,329
24,EN24,343
24,EO24,337
24,EP24,345
24,EQ24,340
24,ER24,337
24,ES24,339
24,ET24,333
24,EU24,322
24,EV24,322
24,EW24,354
24,EX24,335
24,EY24,355
24,EZ24,405
24,FA24,407
24,FB24,473
24,FC24,485
24,FD24,414
24,FE24,438
24,FF24,443
24,FG24,454
24,FH24,476
24,FI24,496
24,FJ24,512
24,FK24,525
24,FL24,538
24,FM24,546
24,FN24,561
24,FO24,552
24,FP24,562
24,FQ24,568
24,FR24,573
24,FS24,595
24,FT24,613
24,FU24,618
24,FV24,643
24,FW24,673
24,FX24,705
24,FY24,754
24,FZ24,765
24,GA24,809
24,GB24,826
24,GC24,865
24,GD24,908
24,GE24,810
24,GF24,824
24,GG24,831
24,GH24,864
24,GI24,878
24,GJ24,929
24,GK24,1007
24,GL24,1093
24,GM24,1149
24,GN24,1216
24,GO24,1264
24,GP24,1332
24,GQ24,1329
24,GR24,1329
24,GS24,1440
24,GT24,1526
24,GU24,1613
24,GV24,1663
25,C25,Sierra Gorda
25,D25,6
25,E25,7
25,F25,9
25,G25,9
25,H25,9
25,I25,9
25,J25,8
25,K25,6
25,L25,6
25,M25,5
25,N25,6
25,O25,7
25,P25,7
25,Q25,8
25,R25,7
25,S25,7
25,T25,8
25,U25,8
25,V25,8
25,W25,6
25,X25,5
25,Y25,6
25,Z25,5
25,AA25,5
25,AB25,6
25,AC25,6
25,AD25,6
25,AE25,8
25,AF25,8
25,AG25,8
25,AH25,8
25,AI25,8
25,AJ25,7
25,AK25,7
25,AL25,7
25,AM25,7
25,AN25,7
25,AO25,7
25,AP25,7
25,AQ25,7
25,AR25,7
25,AS25,12
25,AT25,11
25,AU25,11
25,AV25,12
25,AW25,12
25,AX25,12
25,AY25,12
25,AZ25,12
25,BA25,12
25,BB25,13
25,BC25,29
25,BD25,28
25,BE25,28
25,BF25,29
25,BG25,29
25,BH25,28
25,BI25,28
25,BJ25,29
25,BK25,29
25,BL25,30
25,BM25,30
25,BN25,31
25,BO25,31
25,BP25,32
25,BQ25,32
25,BR25,29
25,BS25,29
25,BT25,29
25,BU25,29
25,BV25,31
25,BW25,23
25,BX25,24
25,BY25,24
25,BZ25,24
25,CA25,24
25,CB25,26
25,CC25,27
25,CD25,28
25,CE25,28
25,CF25,28
25,CG25,27
25,CH25,26
25,CI25,26
25,CJ25,26
25,CK25,25
25,CL25,23
25,CM25,23
25,CN25,23
25,CO25,23
25,CP25,24
25,CQ25,24
25,CR25,24
25,CS25,24
25,CT25,26
25,CU25,26
25,CV25,24
25,CW25,24
25,CX25,24
25,CY25,24
25,CZ25,24
25,DA25,24
25,DB25,24
25,DC25,24
25,DD25,24
25,DE25,23
25,DF25,24
25,DG25,27
25,DH25,27
25,DI25,27
25,DJ25,27
25,DM25,Sierra Gorda
25,DN25,27
25,DO25,27
25,DP25,27
25,DQ25,26
25,DR25,26
25,DS25,26
25,DT25,26
25,DU25,27
25,DV25,27
25,DW25,27
25,DX25,28
25,DY25,28
25,DZ25,28
25,EA25,28
25,EB25,28
25,EC25,29
25,ED25,29
25,EE25,33
25,EF25,57
25,EG25,64
25,EH25,70
25,EI25,79
25,EJ25,75
25,EK25,76
25,EL25,76
25,EM25,77
25,EN25,78
25,EO25,85
25,EP25,84
25,EQ25,85
25,ER25,85
25,ES25,80
25,ET25,79
25,EU25,99
25,EV25,104
25,EW25,73
25,EX25,112
25,EY25,104
25,EZ25,113
25,FA25,111
25,FB25,111
25,FC25,110
25,FD25,108
25,FE25,126
25,FF25,136
25,FG25,136
25,FH25,146
25,FI25,168
25,FJ25,174
25,FK25,189
25,FL25,195
25,FM25,200
25,FN25,283
25,FO25,359
25,FP25,367
25,FQ25,382
25,FR25,398
25,FS25,411
25,FT25,428
25,FU25,438
25,FV25,455
25,FW25,455
25,FX25,478
25,FY25,524
25,FZ25,532
25,GA25,548
25,GB25,557
25,GC25,576
25,GD25,594
25,GE25,609
25,GF25,628
25,GG25,636
25,GH25,670
25,GI25,676
25,GJ25,705
25,GK25,725
25,GL25,735
25,GM25,762
25,GN25,780
25,GO25,803
25,GP25,835
25,GQ25,841
25,GR25,825
25,GS25,759
25,GT25,774
25,GU25,905
25,GV25,926
26,C26,Taltal
26,D26,486
26,E26,583
26,F26,979
26,G26,991
26,H26,963
26,I26,948
26,J26,938
26,K26,949
26,L26,949
26,M26,959
26,N26,963
26,O26,960
26,P26,951
26,Q26,991
26,R26,1011
26,S26,1035
26,T26,1043
26,U26,931
26,V26,931
26,W26,943
26,X26,977
26,Y26,1006
26,Z26,979
26,AA26,995
26,AB26,1008
26,AC26,1007
26,AD26,1017
26,AE26,908
26,AF26,907
26,AG26,911
26,AH26,911
26,AI26,917
26,AJ26,924
26,AK26,934
26,AL26,942
26,AM26,944
26,AN26,951
26,AO26,955
26,AP26,953
26,AQ26,951
26,AR26,952
26,AS26,1045
26,AT26,1014
26,AU26,1021
26,AV26,1028
26,AW26,1038
26,AX26,1045
26,AY26,1044
26,AZ26,1062
26,BA26,1059
26,BB26,1057
26,BC26,1063
26,BD26,1043
26,BE26,1079
26,BF26,1087
26,BG26,1078
26,BH26,1097
26,BI26,1103
26,BJ26,1107
26,BK26,1121
26,BL26,1132
26,BM26,1122
26,BN26,1113
26,BO26,1120
26,BP26,1121
26,BQ26,1120
26,BR26,1102
26,BS26,1108
26,BT26,1095
26,BU26,1124
26,BV26,1156
26,BW26,1173
26,BX26,1207
26,BY26,1209
26,BZ26,1208
26,CA26,1118
26,CB26,1120
26,CC26,1136
26,CD26,1268
26,CE26,1266
26,CF26,1270
26,CG26,1271
26,CH26,1262
26,CI26,1253
26,CJ26,1251
26,CK26,1246
26,CL26,1252
26,CM26,1248
26,CN26,1260
26,CO26,1254
26,CP26,1268
26,CQ26,1288
26,CR26,1283
26,CS26,1295
26,CT26,1297
26,CU26,1306
26,CV26,1206
26,CW26,1199
26,CX26,1204
26,CY26,1216
26,CZ26,1208
26,DA26,1231
26,DB26,1237
26,DC26,1235
26,DD26,1242
26,DE26,1250
26,DF26,1262
26,DG26,1353
26,DH26,1378
26,DI26,1371
26,DJ26,1347
26,DM26,Taltal
26,DN26,1340
26,DO26,1317
26,DP26,1328
26,DQ26,1325
26,DR26,1336
26,DS26,1336
26,DT26,1340
26,DU26,1328
26,DV26,1321
26,DW26,1315
26,DX26,1309
26,DY26,1307
26,DZ26,1282
26,EA26,1276
26,EB26,1268
26,EC26,1270
26,ED26,1265
26,EE26,1287
26,EF26,1382
26,EG26,1396
26,EH26,1413
26,EI26,1420
26,EJ26,1391
26,EK26,1392
26,EL26,1384
26,EM26,1404
26,EN26,1410
26,EO26,1398
26,EP26,1402
26,EQ26,1388
26,ER26,1371
26,ES26,1360
26,ET26,1326
26,EU26,1302
26,EV26,1298
26,EW26,1315
26,EX26,1291
26,EY26,1246
26,EZ26,1295
26,FA26,1301
26,FB26,1292
26,FC26,1303
26,FD26,1222
26,FE26,1227
26,FF26,1240
26,FG26,1232
26,FH26,1267
26,FI26,1180
26,FJ26,1175
26,FK26,1178
26,FL26,1890
26,FM26,1884
26,FN26,1943
26,FO26,2053
26,FP26,2310
26,FQ26,2257
26,FR26,2252
26,FS26,2262
26,FT26,2257
26,FU26,2250
26,FV26,2272
26,FW26,2274
26,FX26,2301
26,FY26,2299
26,FZ26,2229
26,GA26,2262
26,GB26,2271
26,GC26,2297
26,GD26,2300
26,GE26,2303
26,GF26,2302
26,GG26,2298
26,GH26,2303
26,GI26,2297
26,GJ26,2317
26,GK26,2355
26,GL26,2371
26,GM26,2416
26,GN26,2448
26,GO26,2467
26,GP26,2515
26,GQ26,2536
26,GR26,2539
26,GS26,2546
26,GT26,2547
26,GU26,2656
26,GV26,3217
27,C27,Tocopilla
27,D27,1633
27,E27,1758
27,F27,2058
27,G27,2076
27,H27,2087
27,I27,2070
27,J27,2049
27,K27,2070
27,L27,2084
27,M27,2087
27,N27,2102
27,O27,2094
27,P27,2094
27,Q27,2106
27,R27,2118
27,S27,2112
27,T27,2095
27,U27,2107
27,V27,2103
27,W27,2101
27,X27,2122
27,Y27,2138
27,Z27,2166
27,AA27,2177
27,AB27,2193
27,AC27,2213
27,AD27,2215
27,AE27,2068
27,AF27,2070
27,AG27,2083
27,AH27,2089
27,AI27,2104
27,AJ27,2123
27,AK27,2142
27,AL27,2159
27,AM27,2165
27,AN27,2181
27,AO27,2187
27,AP27,2186
27,AQ27,2183
27,AR27,2177
27,AS27,2438
27,AT27,2359
27,AU27,2374
27,AV27,2378
27,AW27,2403
27,AX27,2413
27,AY27,2425
27,AZ27,2451
27,BA27,2452
27,BB27,2434
27,BC27,2411
27,BD27,2375
27,BE27,2411
27,BF27,2419
27,BG27,2159
27,BH27,2195
27,BI27,2459
27,BJ27,2484
27,BK27,2491
27,BL27,2520
27,BM27,2480
27,BN27,2509
27,BO27,2504
27,BP27,2489
27,BQ27,2514
27,BR27,2484
27,BS27,2520
27,BT27,2484
27,BU27,2546
27,BV27,2551
27,BW27,2548
27,BX27,2631
27,BY27,2636
27,BZ27,2629
27,CA27,2667
27,CB27,2641
27,CC27,2646
27,CD27,2670
27,CE27,2693
27,CF27,2719
27,CG27,2722
27,CH27,2748
27,CI27,2760
27,CJ27,2759
27,CK27,2760
27,CL27,2752
27,CM27,2736
27,CN27,2753
27,CO27,2772
27,CP27,2762
27,CQ27,2785
27,CR27,2761
27,CS27,2759
27,CT27,2764
27,CU27,2779
27,CV27,2853
27,CW27,2833
27,CX27,2831
27,CY27,2827
27,CZ27,2825
27,DA27,2862
27,DB27,2862
27,DC27,2876
27,DD27,3032
27,DE27,3434
27,DF27,3850
27,DG27,4613
27,DH27,4445
27,DI27,4544
27,DJ27,4383
27,DM27,Tocopilla
27,DN27,4458
27,DO27,4488
27,DP27,4507
27,DQ27,4546
27,DR27,4517
27,DS27,4608
27,DT27,4624
27,DU27,4631
27,DV27,4584
27,DW27,4569
27,DX27,4557
27,DY27,4547
27,DZ27,4513
27,EA27,4524
27,EB27,4530
27,EC27,4594
27,ED27,4671
27,EE27,4723
27,EF27,4865
27,EG27,4932
27,EH27,4981
27,EI27,5038
27,EJ27,5161
27,EK27,5194
27,EL27,5346
27,EM27,5336
27,EN27,5436
27,EO27,5527
27,EP27,5559
27,EQ27,5612
27,ER27,5658
27,ES27,5655
27,ET27,5964
27,EU27,5877
27,EV27,5788
27,EW27,6410
27,EX27,6365
27,EY27,6309
27,EZ27,6428
27,FA27,6460
27,FB27,6440
27,FC27,6449
27,FD27,6485
27,FE27,6494
27,FF27,6543
27,FG27,6629
27,FH27,6701
27,FI27,6701
27,FJ27,6721
27,FK27,6745
27,FL27,6467
27,FM27,6606
27,FN27,6602
27,FO27,6602
27,FP27,6556
27,FQ27,6666
27,FR27,6710
27,FS27,6716
27,FT27,6627
27,FU27,6583
27,FV27,6506
27,FW27,6432
27,FX27,6370
27,FY27,6306
27,FZ27,6273
27,GA27,6225
27,GB27,6229
27,GC27,6262
27,GD27,6271
27,GE27,6245
27,GF27,6281
27,GG27,6313
27,GH27,6329
27,GI27,6342
27,GJ27,6392
27,GK27,6406
27,GL27,6420
27,GM27,6498
27,GN27,7966
27,GO27,8318
27,GP27,8582
27,GQ27,8511
27,GR27,8441
27,GS27,8396
27,GT27,6829
27,GU27,6810
27,GV27,6817
28,B28,Total 2
28,D28,63317
28,E28,70838
28,F28,77264
28,G28,77709
28,H28,77729
28,I28,78309
28,J28,78861
28,K28,79427
28,L28,79991
28,M28,80344
28,N28,81070
28,O28,81737
28,P28,82723
28,Q28,83327
28,R28,84090
28,S28,83751
28,T28,84320
28,U28,85844
28,V28,87101
28,W28,88006
28,X28,88512
28,Y28,88807
28,Z28,89348
28,AA28,89852
28,AB28,90191
28,AC28,90864
28,AD28,91137
28,AE28,91658
28,AF28,92248
28,AG28,91199
28,AH28,93727
28,AI28,94868
28,AJ28,94360
28,AK28,95072
28,AL28,96373
28,AM28,96332
28,AN28,97395
28,AO28,97858
28,AP28,97804
28,AQ28,97801
28,AR28,97751
28,AS28,99652
28,AT28,99810
28,AU28,100522
28,AV28,101013
28,AW28,101963
28,AX28,102466
28,AY28,102776
28,AZ28,104123
28,BA28,104516
28,BB28,104007
28,BC28,104232
28,BD28,103398
28,BE28,106137
28,BF28,106846
28,BG28,106473
28,BH28,107861
28,BI28,111075
28,BJ28,112063
28,BK28,112550
28,BL28,113542
28,BM28,114206
28,BN28,113380
28,BO28,114792
28,BP28,114969
28,BQ28,116354
28,BR28,117145
28,BS28,117992
28,BT28,118223
28,BU28,119362
28,BV28,119944
28,BW28,120274
28,BX28,121215
28,BY28,121667
28,BZ28,121484
28,CA28,120015
28,CB28,120311
28,CC28,120893
28,CD28,123258
28,CE28,124426
28,CF28,125260
28,CG28,126208
28,CH28,126567
28,CI28,126920
28,CJ28,127218
28,CK28,127202
28,CL28,127017
28,CM28,126974
28,CN28,127574
28,CO28,128104
28,CP28,129118
28,CQ28,129588
28,CR28,129428
28,CS28,129449
28,CT28,130385
28,CU28,130938
28,CV28,130299
28,CW28,129375
28,CX28,129148
28,CY28,129096
28,CZ28,129053
28,DA28,129693
28,DB28,130319
28,DC28,130846
28,DD28,131810
28,DE28,132249
28,DF28,133341
28,DG28,133598
28,DH28,135729
28,DI28,135315
28,DJ28,136557
28,DL28,Total 2
28,DN28,138987
28,DO28,139045
28,DP28,139826
28,DQ28,139931
28,DR28,140211
28,DS28,141072
28,DT28,141349
28,DU28,141854
28,DV28,141536
28,DW28,141390
28,DX28,141133
28,DY28,140862
28,DZ28,140478
28,EA28,141065
28,EB28,142246
28,EC28,143456
28,ED28,144540
28,EE28,146153
28,EF28,147189
28,EG28,148563
28,EH28,150784
28,EI28,152546
28,EJ28,153686
28,EK28,154364
28,EL28,154378
28,EM28,157152
28,EN28,158702
28,EO28,161255
28,EP28,162735
28,EQ28,164029
28,ER28,165755
28,ES28,166058
28,ET28,170124
28,EU28,171556
28,EV28,171563
28,EW28,170988
28,EX28,170724
28,EY28,169527
28,EZ28,173163
28,FA28,171793
28,FB28,172233
28,FC28,172475
28,FD28,172509
28,FE28,173183
28,FF28,173613
28,FG28,174379
28,FH28,175041
28,FI28,173756
28,FJ28,172482
28,FK28,172133
28,FL28,172876
28,FM28,173342
28,FN28,172852
28,FO28,173170
28,FP28,172805
28,FQ28,174618
28,FR28,174463
28,FS28,174581
28,FT28,174697
28,FU28,174489
28,FV28,174362
28,FW28,174121
28,FX28,174545
28,FY28,175124
28,FZ28,175752
28,GA28,175998
28,GB28,175995
28,GC28,176779
28,GD28,176599
28,GE28,176783
28,GF28,176760
28,GG28,177427
28,GH28,176907
28,GI28,177752
28,GJ28,179111
28,GK28,179729
28,GL28,180639
28,GM28,181291
28,GN28,180854
28,GO28,183223
28,GP28,182200
28,GQ28,184844
28,GR28,184924
28,GS28,184652
28,GT28,185698
28,GU28,186678
28,GV28,186013
29,B29,3
29,C29,Alto Del Carmen
29,D29,2
29,P29,1
29,Q29,1
29,R29,1
29,S29,1
29,T29,1
29,U29,1
29,V29,1
29,W29,1
29,X29,1
29,Y29,1
29,Z29,1
29,AA29,1
29,AB29,1
29,AC29,1
29,AD29,1
29,AE29,1
29,AF29,1
29,AG29,1
29,AH29,1
29,AI29,1
29,AJ29,1
29,AK29,1
29,AL29,1
29,AM29,1
29,AN29,1
29,AO29,1
29,AP29,1
29,AQ29,1
29,AR29,1
29,AS29,1
29,AT29,1
29,AU29,1
29,AV29,2
29,AW29,2
29,AX29,2
29,AY29,2
29,AZ29,2
29,BA29,2
29,BB29,2
29,BC29,2
29,BD29,2
29,BE29,1
29,BF29,2
29,BG29,2
29,BH29,2
29,BI29,2
29,BJ29,3
29,BK29,2
29,BL29,2
29,BM29,2
29,BN29,2
29,BO29,2
29,BP29,2
29,BQ29,2
29,BR29,3
29,BS29,3
29,BT29,3
29,BU29,2
29,BV29,2
29,BW29,2
29,BX29,2
29,BY29,2
29,BZ29,2
29,CA29,2
29,CB29,2
29,CC29,2
29,CD29,2
29,CE29,2
29,CF29,2
29,CG29,2
29,CH29,2
29,CI29,2
29,CJ29,2
29,CK29,2
29,CL29,2
29,CM29,2
29,CN29,2
29,CO29,2
29,CP29,2
29,CQ29,2
29,CR29,2
29,CS29,2
29,CT29,2
29,CU29,2
29,CV29,2
29,CW29,2
29,CX29,3
29,CY29,3
29,CZ29,3
29,DA29,3
29,DB29,3
29,DC29,3
29,DD29,3
29,DE29,3
29,DF29,3
29,DG29,3
29,DH29,3
29,DI29,3
29,DJ29,3
29,DL29,3
29,DM29,Alto Del Carmen
29,DN29,3
29,DO29,3
29,DP29,3
29,DQ29,3
29,DR29,3
29,DS29,3
29,DT29,3
29,DU29,2
29,DV29,2
29,DW29,2
29,DX29,2
29,DY29,2
29,DZ29,2
29,EA29,2
29,EB29,2
29,EC29,2
29,ED29,2
29,EE29,2
29,EF29,5
29,EG29,6
29,EH29,7
29,EI29,9
29,EJ29,9
29,EK29,9
29,EL29,9
29,EM29,10
29,EN29,10
29,EO29,11
29,EP29,11
29,EQ29,11
29,ER29,12
29,ES29,12
29,ET29,14
29,EU29,14
29,EV29,14
29,EW29,20
29,EX29,17
29,EY29,26
29,EZ29,40
29,FA29,43
29,FB29,42
29,FC29,39
29,FD29,38
29,FE29,38
29,FF29,44
29,FG29,45
29,FH29,50
29,FI29,51
29,FJ29,55
29,FK29,54
29,FL29,58
29,FM29,60
29,FN29,62
29,FO29,76
29,FP29,77
29,FQ29,80
29,FR29,82
29,FS29,90
29,FT29,89
29,FU29,94
29,FV29,96
29,FW29,98
29,FX29,102
29,FY29,93
29,FZ29,95
29,GA29,90
29,GB29,97
29,GC29,103
29,GD29,113
29,GE29,145
29,GF29,149
29,GG29,146
29,GH29,152
29,GI29,158
29,GJ29,152
29,GK29,161
29,GL29,166
29,GM29,171
29,GN29,168
29,GO29,173
29,GP29,186
29,GQ29,186
29,GR29,186
29,GS29,207
29,GT29,213
29,GU29,222
29,GV29,228
30,C30,Caldera
30,D30,456
30,E30,493
30,F30,581
30,G30,597
30,H30,610
30,I30,603
30,J30,605
30,K30,618
30,L30,631
30,M30,637
30,N30,644
30,O30,646
30,P30,652
30,Q30,650
30,R30,652
30,S30,708
30,T30,722
30,U30,719
30,V30,726
30,W30,790
30,X30,818
30,Y30,817
30,Z30,826
30,AA30,832
30,AB30,864
30,AC30,879
30,AD30,887
30,AE30,964
30,AF30,964
30,AG30,969
30,AH30,971
30,AI30,977
30,AJ30,984
30,AK30,991
30,AL30,998
30,AM30,1003
30,AN30,1011
30,AO30,1013
30,AP30,1013
30,AQ30,1011
30,AR30,1009
30,AS30,1021
30,AT30,993
30,AU30,1000
30,AV30,1011
30,AW30,1021
30,AX30,1024
30,AY30,1020
30,AZ30,1018
30,BA30,1015
30,BB30,1023
30,BC30,1011
30,BD30,1004
30,BE30,1001
30,BF30,1012
30,BG30,1009
30,BH30,1015
30,BI30,1041
30,BJ30,1025
30,BK30,1009
30,BL30,1019
30,BM30,998
30,BN30,984
30,BO30,974
30,BP30,966
30,BQ30,960
30,BR30,955
30,BS30,951
30,BT30,939
30,BU30,963
30,BV30,923
30,BW30,920
30,BX30,913
30,BY30,914
30,BZ30,914
30,CA30,909
30,CB30,900
30,CC30,894
30,CD30,881
30,CE30,870
30,CF30,865
30,CG30,862
30,CH30,849
30,CI30,847
30,CJ30,840
30,CK30,839
30,CL30,832
30,CM30,821
30,CN30,823
30,CO30,811
30,CP30,802
30,CQ30,794
30,CR30,787
30,CS30,784
30,CT30,786
30,CU30,794
30,CV30,782
30,CW30,764
30,CX30,783
30,CY30,787
30,CZ30,783
30,DA30,784
30,DB30,781
30,DC30,772
30,DD30,771
30,DE30,765
30,DF30,760
30,DG30,745
30,DH30,764
30,DI30,748
30,DJ30,739
30,DM30,Caldera
30,DN30,735
30,DO30,728
30,DP30,726
30,DQ30,716
30,DR30,709
30,DS30,708
30,DT30,708
30,DU30,705
30,DV30,704
30,DW30,702
30,DX30,701
30,DY30,698
30,DZ30,691
30,EA30,700
30,EB30,697
30,EC30,703
30,ED30,699
30,EE30,716
30,EF30,748
30,EG30,749
30,EH30,754
30,EI30,768
30,EJ30,756
30,EK30,766
30,EL30,776
30,EM30,819
30,EN30,854
30,EO30,859
30,EP30,864
30,EQ30,840
30,ER30,822
30,ES30,806
30,ET30,805
30,EU30,793
30,EV30,674
30,EW30,2982
30,EX30,3075
30,EY30,3021
30,EZ30,3055
30,FA30,3192
30,FB30,3184
30,FC30,3181
30,FD30,3150
30,FE30,3230
30,FF30,3223
30,FG30,3235
30,FH30,3251
30,FI30,3200
30,FJ30,3167
30,FK30,3207
30,FL30,3287
30,FM30,3254
30,FN30,3213
30,FO30,3192
30,FP30,3136
30,FQ30,3215
30,FR30,3357
30,FS30,3492
30,FT30,3552
30,FU30,3555
30,FV30,3659
30,FW30,3672
30,FX30,3685
30,FY30,3712
30,FZ30,3758
30,GA30,3757
30,GB30,3756
30,GC30,3792
30,GD30,3806
30,GE30,3812
30,GF30,3853
30,GG30,3896
30,GH30,3979
30,GI30,4018
30,GJ30,3996
30,GK30,3996
30,GL30,3984
30,GM30,3994
30,GN30,3991
30,GO30,3954
30,GP30,4228
30,GQ30,4549
30,GR30,4588
30,GS30,4661
30,GT30,5010
30,GU30,5206
30,GV30,5222
31,C31,Chañaral
31,D31,117
31,E31,361
31,F31,552
31,G31,549
31,H31,566
31,I31,546
31,J31,541
31,K31,549
31,L31,566
31,M31,584
31,N31,623
31,O31,651
31,P31,647
31,Q31,658
31,R31,660
31,S31,659
31,T31,660
31,U31,638
31,V31,646
31,W31,654
31,X31,660
31,Y31,673
31,Z31,714
31,AA31,735
31,AB31,764
31,AC31,780
31,AD31,799
31,AE31,841
31,AF31,842
31,AG31,843
31,AH31,846
31,AI31,851
31,AJ31,858
31,AK31,866
31,AL31,871
31,AM31,874
31,AN31,880
31,AO31,882
31,AP31,881
31,AQ31,880
31,AR31,877
31,AS31,901
31,AT31,877
31,AU31,881
31,AV31,869
31,AW31,877
31,AX31,881
31,AY31,900
31,AZ31,924
31,BA31,921
31,BB31,954
31,BC31,977
31,BD31,942
31,BE31,983
31,BF31,1000
31,BG31,1036
31,BH31,1056
31,BI31,1071
31,BJ31,1074
31,BK31,1059
31,BL31,1071
31,BM31,1047
31,BN31,1030
31,BO31,1013
31,BP31,990
31,BQ31,976
31,BR31,552
31,BS31,535
31,BT31,529
31,BU31,541
31,BV31,699
31,BW31,744
31,BX31,756
31,BY31,757
31,BZ31,757
31,CA31,741
31,CB31,734
31,CC31,720
31,CD31,730
31,CE31,717
31,CF31,706
31,CG31,701
31,CH31,699
31,CI31,698
31,CJ31,687
31,CK31,686
31,CL31,685
31,CM31,680
31,CN31,683
31,CO31,782
31,CP31,815
31,CQ31,825
31,CR31,823
31,CS31,818
31,CT31,820
31,CU31,826
31,CV31,779
31,CW31,770
31,CX31,762
31,CY31,749
31,CZ31,733
31,DA31,716
31,DB31,700
31,DC31,688
31,DD31,684
31,DE31,664
31,DF31,660
31,DG31,407
31,DH31,425
31,DI31,525
31,DJ31,650
31,DM31,Chañaral
31,DN31,636
31,DO31,635
31,DP31,621
31,DQ31,617
31,DR31,611
31,DS31,607
31,DT31,600
31,DU31,601
31,DV31,597
31,DW31,597
31,DX31,596
31,DY31,588
31,DZ31,580
31,EA31,575
31,EB31,574
31,EC31,567
31,ED31,561
31,EE31,592
31,EF31,644
31,EG31,656
31,EH31,675
31,EI31,682
31,EJ31,647
31,EK31,652
31,EL31,649
31,EM31,683
31,EN31,721
31,EO31,723
31,EP31,716
31,EQ31,713
31,ER31,709
31,ES31,698
31,ET31,697
31,EU31,695
31,EV31,693
31,EW31,707
31,EX31,693
31,EY31,667
31,EZ31,720
31,FA31,725
31,FB31,714
31,FC31,723
31,FD31,718
31,FE31,721
31,FF31,722
31,FG31,712
31,FH31,738
31,FI31,698
31,FJ31,700
31,FK31,707
31,FL31,819
31,FM31,761
31,FN31,733
31,FO31,709
31,FP31,749
31,FQ31,711
31,FR31,719
31,FS31,718
31,FT31,723
31,FU31,743
31,FV31,754
31,FW31,763
31,FX31,760
31,FY31,763
31,FZ31,757
31,GA31,762
31,GB31,758
31,GC31,775
31,GD31,770
31,GE31,754
31,GF31,749
31,GG31,745
31,GH31,612
31,GI31,629
31,GJ31,647
31,GK31,795
31,GL31,1623
31,GM31,2000
31,GN31,2083
31,GO31,2112
31,GP31,2205
31,GQ31,2230
31,GR31,2153
31,GS31,2227
31,GT31,2362
31,GU31,2418
31,GV31,2427
32,C32,Copiapó
32,D32,12333
32,E32,13835
32,F32,15857
32,G32,15898
32,H32,15927
32,I32,16098
32,J32,16178
32,K32,16400
32,L32,16595
32,M32,16799
32,N32,16889
32,O32,16996
32,P32,17018
32,Q32,16988
32,R32,16868
32,S32,16631
32,T32,16606
32,U32,16984
32,V32,17536
32,W32,18346
32,X32,19061
32,Y32,19581
32,Z32,20133
32,AA32,20467
32,AB32,20635
32,AC32,20857
32,AD32,20931
32,AE32,20494
32,AF32,20424
32,AG32,20015
32,AH32,20707
32,AI32,21073
32,AJ32,21228
32,AK32,21407
32,AL32,21379
32,AM32,21404
32,AN32,21823
32,AO32,21993
32,AP32,21969
32,AQ32,22018
32,AR32,21942
32,AS32,23401
32,AT32,23361
32,AU32,23325
32,AV32,23771
32,AW32,24064
32,AX32,24048
32,AY32,23948
32,AZ32,24527
32,BA32,24587
32,BB32,24469
32,BC32,24403
32,BD32,24051
32,BE32,24788
32,BF32,24993
32,BG32,25028
32,BH32,25478
32,BI32,25577
32,BJ32,25751
32,BK32,25902
32,BL32,26250
32,BM32,26410
32,BN32,26488
32,BO32,26729
32,BP32,26652
32,BQ32,27038
32,BR32,25976
32,BS32,26066
32,BT32,26214
32,BU32,26757
32,BV32,26588
32,BW32,26884
32,BX32,27556
32,BY32,27854
32,BZ32,27944
32,CA32,28201
32,CB32,28290
32,CC32,28866
32,CD32,29226
32,CE32,29755
32,CF32,30078
32,CG32,30329
32,CH32,30624
32,CI32,30920
32,CJ32,31149
32,CK32,31224
32,CL32,31236
32,CM32,31133
32,CN32,31293
32,CO32,31434
32,CP32,31627
32,CQ32,32011
32,CR32,32169
32,CS32,32564
32,CT32,33024
32,CU32,33318
32,CV32,33026
32,CW32,33221
32,CX32,33132
32,CY32,33154
32,CZ32,33089
32,DA32,33423
32,DB32,33663
32,DC32,33866
32,DD32,34020
32,DE32,33991
32,DF32,34337
32,DG32,35186
32,DH32,35112
32,DI32,34270
32,DJ32,34757
32,DM32,Copiapó
32,DN32,35548
32,DO32,35387
32,DP32,35710
32,DQ32,35895
32,DR32,36061
32,DS32,36462
32,DT32,36904
32,DU32,36995
32,DV32,36841
32,DW32,36916
32,DX32,36839
32,DY32,36962
32,DZ32,36783
32,EA32,36950
32,EB32,37377
32,EC32,38014
32,ED32,37882
32,EE32,37919
32,EF32,38080
32,EG32,38310
32,EH32,38714
32,EI32,39128
32,EJ32,40937
32,EK32,40881
32,EL32,41130
32,EM32,41228
32,EN32,41811
32,EO32,42257
32,EP32,43069
32,EQ32,43202
32,ER32,43388
32,ES32,43321
32,ET32,43749
32,EU32,43847
32,EV32,43639
32,EW32,43759
32,EX32,43670
32,EY32,43303
32,EZ32,43773
32,FA32,43869
32,FB32,44032
32,FC32,44053
32,FD32,43991
32,FE32,44220
32,FF32,44254
32,FG32,44326
32,FH32,44362
32,FI32,43456
32,FJ32,43042
32,FK32,43024
32,FL32,43449
32,FM32,43324
32,FN32,42922
32,FO32,42883
32,FP32,42785
32,FQ32,43438
32,FR32,43484
32,FS32,43560
32,FT32,43530
32,FU32,43344
32,FV32,43329
32,FW32,43165
32,FX32,43451
32,FY32,43703
32,FZ32,43864
32,GA32,43983
32,GB32,43976
32,GC32,44378
32,GD32,44320
32,GE32,44360
32,GF32,44237
32,GG32,44484
32,GH32,44227
32,GI32,44422
32,GJ32,44545
32,GK32,45170
32,GL32,45473
32,GM32,45755
32,GN32,45671
32,GO32,46041
32,GP32,46013
32,GQ32,46222
32,GR32,46290
32,GS32,46233
32,GT32,46488
32,GU32,46413
32,GV32,46317
33,C33,Diego de Almagro
33,D33,887
33,E33,1018
33,F33,1170
33,G33,1179
33,H33,1172
33,I33,1175
33,J33,1170
33,K33,1168
33,L33,1213
33,M33,1224
33,N33,1243
33,O33,1250
33,P33,1255
33,Q33,1256
33,R33,1270
33,S33,1247
33,T33,1247
33,U33,1244
33,V33,1242
33,W33,1273
33,X33,1286
33,Y33,1288
33,Z33,1302
33,AA33,1302
33,AB33,1333
33,AC33,1339
33,AD33,1341
33,AE33,1253
33,AF33,1253
33,AG33,1254
33,AH33,1257
33,AI33,1265
33,AJ33,1277
33,AK33,1289
33,AL33,1300
33,AM33,1304
33,AN33,1313
33,AO33,1316
33,AP33,1314
33,AQ33,1311
33,AR33,1308
33,AS33,1498
33,AT33,1456
33,AU33,1463
33,AV33,1458
33,AW33,1472
33,AX33,1480
33,AY33,1493
33,AZ33,1524
33,BA33,1517
33,BB33,1506
33,BC33,1503
33,BD33,1474
33,BE33,1509
33,BF33,1510
33,BG33,1511
33,BH33,1534
33,BI33,1560
33,BJ33,1599
33,BK33,1655
33,BL33,1673
33,BM33,1683
33,BN33,1678
33,BO33,1660
33,BP33,1628
33,BQ33,1664
33,BR33,1497
33,BS33,1470
33,BT33,1447
33,BU33,1482
33,BV33,1418
33,BW33,1462
33,BX33,1526
33,BY33,1528
33,BZ33,1524
33,CA33,1628
33,CB33,1626
33,CC33,1647
33,CD33,1655
33,CE33,1690
33,CF33,1737
33,CG33,1738
33,CH33,1721
33,CI33,1735
33,CJ33,1739
33,CK33,1743
33,CL33,1718
33,CM33,1709
33,CN33,1721
33,CO33,1723
33,CP33,1721
33,CQ33,1757
33,CR33,1754
33,CS33,1789
33,CT33,1792
33,CU33,1807
33,CV33,1876
33,CW33,1827
33,CX33,1832
33,CY33,1857
33,CZ33,1842
33,DA33,1840
33,DB33,1847
33,DC33,1854
33,DD33,1853
33,DE33,1857
33,DF33,1862
33,DG33,1337
33,DH33,1572
33,DI33,1564
33,DJ33,1785
33,DM33,Diego de Almagro
33,DN33,1771
33,DO33,1761
33,DP33,1772
33,DQ33,1761
33,DR33,1729
33,DS33,1709
33,DT33,1711
33,DU33,1691
33,DV33,1437
33,DW33,1660
33,DX33,1652
33,DY33,1640
33,DZ33,1603
33,EA33,1573
33,EB33,1554
33,EC33,1546
33,ED33,1530
33,EE33,1524
33,EF33,1526
33,EG33,1512
33,EH33,1522
33,EI33,1559
33,EJ33,1449
33,EK33,1437
33,EL33,1384
33,EM33,1409
33,EN33,1419
33,EO33,1432
33,EP33,1432
33,EQ33,1410
33,ER33,1414
33,ES33,1426
33,ET33,1490
33,EU33,1529
33,EV33,1530
33,EW33,1493
33,EX33,1533
33,EY33,1519
33,EZ33,1553
33,FA33,1537
33,FB33,1520
33,FC33,1505
33,FD33,1469
33,FE33,1492
33,FF33,1456
33,FG33,1445
33,FH33,1470
33,FI33,1353
33,FJ33,1334
33,FK33,1336
33,FL33,1634
33,FM33,1491
33,FN33,1392
33,FO33,1379
33,FP33,1366
33,FQ33,1274
33,FR33,1271
33,FS33,1280
33,FT33,1391
33,FU33,1714
33,FV33,1880
33,FW33,1893
33,FX33,1963
33,FY33,2035
33,FZ33,2070
33,GA33,2080
33,GB33,2097
33,GC33,2152
33,GD33,2152
33,GE33,2169
33,GF33,2177
33,GG33,2176
33,GH33,2158
33,GI33,2143
33,GJ33,2201
33,GK33,2226
33,GL33,2257
33,GM33,2259
33,GN33,2252
33,GO33,2213
33,GP33,2242
33,GQ33,2269
33,GR33,2252
33,GS33,2273
33,GT33,2257
33,GU33,2354
33,GV33,2432
34,C34,Freirina
34,D34,104
34,E34,117
34,F34,164
34,G34,164
34,H34,160
34,I34,168
34,J34,165
34,K34,164
34,L34,164
34,M34,171
34,N34,173
34,O34,172
34,P34,172
34,Q34,171
34,R34,170
34,S34,172
34,T34,167
34,U34,169
34,V34,170
34,W34,172
34,X34,172
34,Y34,172
34,Z34,178
34,AA34,181
34,AB34,181
34,AC34,182
34,AD34,187
34,AE34,187
34,AF34,187
34,AG34,187
34,AH34,187
34,AI34,187
34,AJ34,188
34,AK34,189
34,AL34,190
34,AM34,190
34,AN34,191
34,AO34,191
34,AP34,190
34,AQ34,190
34,AR34,190
34,AS34,194
34,AT34,190
34,AU34,191
34,AV34,193
34,AW34,194
34,AX34,195
34,AY34,194
34,AZ34,196
34,BA34,196
34,BB34,197
34,BC34,199
34,BD34,195
34,BE34,195
34,BF34,197
34,BG34,204
34,BH34,205
34,BI34,204
34,BJ34,206
34,BK34,208
34,BL34,210
34,BM34,207
34,BN34,206
34,BO34,206
34,BP34,206
34,BQ34,208
34,BR34,207
34,BS34,208
34,BT34,206
34,BU34,211
34,BV34,209
34,BW34,205
34,BX34,204
34,BY34,204
34,BZ34,204
34,CA34,203
34,CB34,197
34,CC34,199
34,CD34,193
34,CE34,188
34,CF34,188
34,CG34,188
34,CH34,187
34,CI34,183
34,CJ34,181
34,CK34,182
34,CL34,177
34,CM34,179
34,CN34,180
34,CO34,174
34,CP34,175
34,CQ34,186
34,CR34,174
34,CS34,171
34,CT34,171
34,CU34,171
34,CV34,175
34,CW34,170
34,CX34,167
34,CY34,166
34,CZ34,162
34,DA34,167
34,DB34,164
34,DC34,157
34,DD34,158
34,DE34,160
34,DF34,159
34,DG34,2
34,DH34,41
34,DI34,12
34,DJ34,125
34,DM34,Freirina
34,DN34,2
34,DO34,72
34,DP34,72
34,DQ34,138
34,DR34,140
34,DS34,142
34,DT34,142
34,DU34,146
34,DV34,144
34,DW34,144
34,DX34,143
34,DY34,143
34,DZ34,140
34,EA34,140
34,EB34,139
34,EC34,141
34,ED34,138
34,EE34,141
34,EF34,145
34,EG34,149
34,EH34,155
34,EI34,159
34,EJ34,131
34,EK34,135
34,EL34,133
34,EM34,140
34,EN34,153
34,EO34,150
34,EP34,148
34,EQ34,146
34,ER34,144
34,ES34,147
34,ET34,144
34,EU34,143
34,EV34,145
34,EW34,151
34,EX34,149
34,EY34,146
34,EZ34,165
34,FA34,170
34,FB34,175
34,FC34,174
34,FD34,171
34,FE34,174
34,FF34,180
34,FG34,185
34,FH34,182
34,FI34,187
34,FJ34,181
34,FK34,180
34,FL34,202
34,FM34,193
34,FN34,176
34,FO34,182
34,FP34,177
34,FQ34,171
34,FR34,167
34,FS34,170
34,FT34,171
34,FU34,175
34,FV34,178
34,FW34,183
34,FX34,182
34,FY34,179
34,FZ34,182
34,GA34,183
34,GB34,193
34,GC34,206
34,GD34,199
34,GE34,220
34,GF34,226
34,GG34,224
34,GH34,232
34,GI34,223
34,GJ34,228
34,GK34,245
34,GL34,244
34,GM34,250
34,GN34,249
34,GO34,250
34,GP34,268
34,GQ34,270
34,GR34,276
34,GS34,320
34,GT34,340
34,GU34,354
34,GV34,364
35,C35,Huasco
35,D35,241
35,E35,303
35,F35,445
35,G35,452
35,H35,459
35,I35,459
35,J35,455
35,K35,444
35,L35,448
35,M35,460
35,N35,456
35,O35,464
35,P35,465
35,Q35,460
35,R35,467
35,S35,466
35,T35,462
35,U35,463
35,V35,465
35,W35,473
35,X35,483
35,Y35,491
35,Z35,487
35,AA35,495
35,AB35,505
35,AC35,512
35,AD35,514
35,AE35,457
35,AF35,457
35,AG35,460
35,AH35,460
35,AI35,463
35,AJ35,466
35,AK35,469
35,AL35,472
35,AM35,472
35,AN35,474
35,AO35,474
35,AP35,475
35,AQ35,475
35,AR35,475
35,AS35,530
35,AT35,517
35,AU35,520
35,AV35,523
35,AW35,526
35,AX35,529
35,AY35,529
35,AZ35,536
35,BA35,532
35,BB35,528
35,BC35,529
35,BD35,522
35,BE35,529
35,BF35,526
35,BG35,519
35,BH35,515
35,BI35,513
35,BJ35,515
35,BK35,519
35,BL35,525
35,BM35,536
35,BN35,533
35,BO35,526
35,BP35,524
35,BQ35,523
35,BR35,518
35,BS35,517
35,BT35,511
35,BU35,524
35,BV35,508
35,BW35,508
35,BX35,507
35,BY35,507
35,BZ35,508
35,CA35,486
35,CB35,485
35,CC35,473
35,CD35,472
35,CE35,461
35,CF35,453
35,CG35,451
35,CH35,440
35,CI35,437
35,CJ35,432
35,CK35,435
35,CL35,425
35,CM35,423
35,CN35,426
35,CO35,417
35,CP35,413
35,CQ35,426
35,CR35,416
35,CS35,411
35,CT35,412
35,CU35,413
35,CV35,411
35,CW35,401
35,CX35,398
35,CY35,395
35,CZ35,393
35,DA35,389
35,DB35,387
35,DC35,381
35,DD35,379
35,DE35,372
35,DF35,370
35,DG35,356
35,DH35,399
35,DI35,370
35,DJ35,357
35,DM35,Huasco
35,DN35,350
35,DO35,334
35,DP35,333
35,DQ35,352
35,DR35,362
35,DS35,366
35,DT35,370
35,DU35,369
35,DV35,372
35,DW35,370
35,DX35,368
35,DY35,360
35,DZ35,359
35,EA35,357
35,EB35,356
35,EC35,349
35,ED35,343
35,EE35,347
35,EF35,346
35,EG35,340
35,EH35,340
35,EI35,341
35,EJ35,304
35,EK35,305
35,EL35,296
35,EM35,310
35,EN35,323
35,EO35,319
35,EP35,322
35,EQ35,296
35,ER35,311
35,ES35,309
35,ET35,310
35,EU35,311
35,EV35,308
35,EW35,314
35,EX35,308
35,EY35,300
35,EZ35,328
35,FA35,321
35,FB35,318
35,FC35,315
35,FD35,314
35,FE35,326
35,FF35,327
35,FG35,328
35,FH35,336
35,FI35,321
35,FJ35,317
35,FK35,325
35,FL35,392
35,FM35,368
35,FN35,355
35,FO35,362
35,FP35,381
35,FQ35,364
35,FR35,357
35,FS35,359
35,FT35,339
35,FU35,501
35,FV35,767
35,FW35,864
35,FX35,939
35,FY35,1029
35,FZ35,1060
35,GA35,1102
35,GB35,1135
35,GC35,1175
35,GD35,1199
35,GE35,1209
35,GF35,1225
35,GG35,1227
35,GH35,1238
35,GI35,1250
35,GJ35,1276
35,GK35,1298
35,GL35,1314
35,GM35,1400
35,GN35,1466
35,GO35,1493
35,GP35,1520
35,GQ35,1538
35,GR35,1552
35,GS35,1580
35,GT35,1586
35,GU35,1619
35,GV35,1617
36,C36,Tierra Amarilla
36,D36,267
36,E36,263
36,F36,321
36,G36,325
36,H36,321
36,I36,320
36,J36,314
36,K36,321
36,L36,333
36,M36,338
36,N36,341
36,O36,343
36,P36,353
36,Q36,351
36,R36,344
36,S36,339
36,T36,338
36,U36,337
36,V36,347
36,W36,350
36,X36,360
36,Y36,368
36,Z36,388
36,AA36,397
36,AB36,406
36,AC36,412
36,AD36,420
36,AE36,441
36,AF36,441
36,AG36,442
36,AH36,443
36,AI36,444
36,AJ36,449
36,AK36,454
36,AL36,458
36,AM36,459
36,AN36,462
36,AO36,463
36,AP36,462
36,AQ36,462
36,AR36,461
36,AS36,443
36,AT36,433
36,AU36,436
36,AV36,443
36,AW36,449
36,AX36,449
36,AY36,445
36,AZ36,457
36,BA36,459
36,BB36,461
36,BC36,460
36,BD36,455
36,BE36,468
36,BF36,472
36,BG36,471
36,BH36,479
36,BI36,481
36,BJ36,497
36,BK36,494
36,BL36,499
36,BM36,499
36,BN36,493
36,BO36,490
36,BP36,482
36,BQ36,487
36,BR36,449
36,BS36,450
36,BT36,445
36,BU36,453
36,BV36,454
36,BW36,455
36,BX36,467
36,BY36,468
36,BZ36,467
36,CA36,512
36,CB36,499
36,CC36,496
36,CD36,494
36,CE36,486
36,CF36,481
36,CG36,477
36,CH36,477
36,CI36,486
36,CJ36,495
36,CK36,500
36,CL36,519
36,CM36,526
36,CN36,527
36,CO36,534
36,CP36,545
36,CQ36,558
36,CR36,549
36,CS36,563
36,CT36,563
36,CU36,565
36,CV36,559
36,CW36,555
36,CX36,555
36,CY36,556
36,CZ36,549
36,DA36,549
36,DB36,545
36,DC36,540
36,DD36,535
36,DE36,537
36,DF36,539
36,DG36,523
36,DH36,559
36,DI36,543
36,DJ36,535
36,DM36,Tierra Amarilla
36,DN36,532
36,DO36,523
36,DP36,527
36,DQ36,528
36,DR36,528
36,DS36,527
36,DT36,524
36,DU36,535
36,DV36,528
36,DW36,532
36,DX36,525
36,DY36,521
36,DZ36,520
36,EA36,513
36,EB36,511
36,EC36,543
36,ED36,1037
36,EE36,1608
36,EF36,2077
36,EG36,2217
36,EH36,2221
36,EI36,2353
36,EJ36,539
36,EK36,544
36,EL36,547
36,EM36,570
36,EN36,594
36,EO36,594
36,EP36,586
36,EQ36,577
36,ER36,578
36,ES36,570
36,ET36,572
36,EU36,563
36,EV36,563
36,EW36,608
36,EX36,557
36,EY36,544
36,EZ36,585
36,FA36,588
36,FB36,585
36,FC36,589
36,FD36,581
36,FE36,578
36,FF36,578
36,FG36,565
36,FH36,583
36,FI36,543
36,FJ36,546
36,FK36,549
36,FL36,663
36,FM36,614
36,FN36,587
36,FO36,1022
36,FP36,1180
36,FQ36,1153
36,FR36,1161
36,FS36,1159
36,FT36,1166
36,FU36,1178
36,FV36,1183
36,FW36,1190
36,FX36,1176
36,FY36,1181
36,FZ36,1128
36,GA36,1118
36,GB36,1138
36,GC36,1166
36,GD36,1177
36,GE36,1196
36,GF36,1211
36,GG36,1215
36,GH36,1230
36,GI36,1241
36,GJ36,1261
36,GK36,1285
36,GL36,1298
36,GM36,1316
36,GN36,1343
36,GO36,1344
36,GP36,1464
36,GQ36,1927
36,GR36,2018
36,GS36,2041
36,GT36,2114
36,GU36,2235
36,GV36,2276
37,C37,Vallenar
37,D37,2227
37,E37,2623
37,F37,3196
37,G37,3212
37,H37,3224
37,I37,3216
37,J37,3211
37,K37,3235
37,L37,3298
37,M37,3334
37,N37,3341
37,O37,3348
37,P37,3368
37,Q37,3362
37,R37,3352
37,S37,3324
37,T37,3356
37,U37,3383
37,V37,3392
37,W37,3444
37,X37,3472
37,Y37,3489
37,Z37,3519
37,AA37,3588
37,AB37,3633
37,AC37,3666
37,AD37,3699
37,AE37,3588
37,AF37,3592
37,AG37,3613
37,AH37,3626
37,AI37,3651
37,AJ37,3686
37,AK37,3719
37,AL37,3752
37,AM37,3768
37,AN37,3797
37,AO37,3808
37,AP37,3803
37,AQ37,3796
37,AR37,3784
37,AS37,4054
37,AT37,3928
37,AU37,3951
37,AV37,3985
37,AW37,4026
37,AX37,4044
37,AY37,4038
37,AZ37,4080
37,BA37,4087
37,BB37,4092
37,BC37,4117
37,BD37,4019
37,BE37,4121
37,BF37,4149
37,BG37,4184
37,BH37,4273
37,BI37,4326
37,BJ37,4392
37,BK37,4424
37,BL37,4476
37,BM37,4460
37,BN37,4513
37,BO37,4511
37,BP37,4485
37,BQ37,4579
37,BR37,4534
37,BS37,4488
37,BT37,4427
37,BU37,4532
37,BV37,4474
37,BW37,4528
37,BX37,4656
37,BY37,4665
37,BZ37,4646
37,CA37,4811
37,CB37,4811
37,CC37,4834
37,CD37,4834
37,CE37,4854
37,CF37,4865
37,CG37,4861
37,CH37,4914
37,CI37,4960
37,CJ37,4966
37,CK37,4976
37,CL37,4947
37,CM37,4980
37,CN37,5017
37,CO37,5045
37,CP37,5110
37,CQ37,5347
37,CR37,5379
37,CS37,5424
37,CT37,5443
37,CU37,5472
37,CV37,5409
37,CW37,5354
37,CX37,5335
37,CY37,5317
37,CZ37,5379
37,DA37,5675
37,DB37,5953
37,DC37,6295
37,DD37,6522
37,DE37,6670
37,DF37,6821
37,DG37,2836
37,DH37,3817
37,DI37,4784
37,DJ37,7454
37,DM37,Vallenar
37,DN37,7410
37,DO37,7383
37,DP37,7436
37,DQ37,7458
37,DR37,7462
37,DS37,7547
37,DT37,7586
37,DU37,7673
37,DV37,7669
37,DW37,7767
37,DX37,7756
37,DY37,7824
37,DZ37,7847
37,EA37,7931
37,EB37,8120
37,EC37,8418
37,ED37,8685
37,EE37,8834
37,EF37,9076
37,EG37,9712
37,EH37,10023
37,EI37,10206
37,EJ37,9507
37,EK37,9589
37,EL37,9838
37,EM37,9754
37,EN37,9918
37,EO37,10120
37,EP37,10254
37,EQ37,10841
37,ER37,10978
37,ES37,11431
37,ET37,11197
37,EU37,11186
37,EV37,11183
37,EW37,11533
37,EX37,11452
37,EY37,11361
37,EZ37,11468
37,FA37,11650
37,FB37,11695
37,FC37,11746
37,FD37,11718
37,FE37,11868
37,FF37,11899
37,FG37,11956
37,FH37,12022
37,FI37,11930
37,FJ37,11958
37,FK37,11984
37,FL37,12295
37,FM37,12208
37,FN37,12016
37,FO37,12064
37,FP37,11912
37,FQ37,12372
37,FR37,12343
37,FS37,12362
37,FT37,12357
37,FU37,12323
37,FV37,12363
37,FW37,12361
37,FX37,12587
37,FY37,12920
37,FZ37,12944
37,GA37,12984
37,GB37,12957
37,GC37,13058
37,GD37,13046
37,GE37,13056
37,GF37,13025
37,GG37,13184
37,GH37,13093
37,GI37,13128
37,GJ37,13232
37,GK37,13230
37,GL37,13264
37,GM37,13341
37,GN37,13457
37,GO37,13536
37,GP37,13574
37,GQ37,13607
37,GR37,13679
37,GS37,13781
37,GT37,13891
37,GU37,13888
37,GV37,13992
38,C38,Sin clasificación
38,E38,2
38,DM38,Sin clasificación
39,B39,Total 3
39,D39,16634
39,E39,19015
39,F39,22286
39,G39,22376
39,H39,22439
39,I39,22585
39,J39,22639
39,K39,22899
39,L39,23248
39,M39,23547
39,N39,23710
39,O39,23870
39,P39,23931
39,Q39,23897
39,R39,23784
39,S39,23547
39,T39,23559
39,U39,23938
39,V39,24525
39,W39,25503
39,X39,26313
39,Y39,26880
39,Z39,27548
39,AA39,27998
39,AB39,28322
39,AC39,28628
39,AD39,28779
39,AE39,28226
39,AF39,28161
39,AG39,27784
39,AH39,28498
39,AI39,28912
39,AJ39,29137
39,AK39,29385
39,AL39,29421
39,AM39,29475
39,AN39,29952
39,AO39,30141
39,AP39,30108
39,AQ39,30144
39,AR39,30047
39,AS39,32043
39,AT39,31756
39,AU39,31768
39,AV39,32255
39,AW39,32631
39,AX39,32652
39,AY39,32569
39,AZ39,33264
39,BA39,33316
39,BB39,33232
39,BC39,33201
39,BD39,32664
39,BE39,33595
39,BF39,33861
39,BG39,33964
39,BH39,34557
39,BI39,34775
39,BJ39,35062
39,BK39,35272
39,BL39,35725
39,BM39,35842
39,BN39,35927
39,BO39,36111
39,BP39,35935
39,BQ39,36437
39,BR39,34691
39,BS39,34688
39,BT39,34721
39,BU39,35465
39,BV39,35275
39,BW39,35708
39,BX39,36587
39,BY39,36899
39,BZ39,36966
39,CA39,37493
39,CB39,37544
39,CC39,38131
39,CD39,38487
39,CE39,39023
39,CF39,39375
39,CG39,39609
39,CH39,39913
39,CI39,40268
39,CJ39,40491
39,CK39,40587
39,CL39,40541
39,CM39,40453
39,CN39,40672
39,CO39,40922
39,CP39,41210
39,CQ39,41906
39,CR39,42053
39,CS39,42526
39,CT39,43013
39,CU39,43368
39,CV39,43019
39,CW39,43064
39,CX39,42967
39,CY39,42984
39,CZ39,42933
39,DA39,43546
39,DB39,44043
39,DC39,44556
39,DD39,44925
39,DE39,45019
39,DF39,45511
39,DG39,41395
39,DH39,42692
39,DI39,42819
39,DJ39,46405
39,DL39,Total 3
39,DN39,46987
39,DO39,46826
39,DP39,47200
39,DQ39,47468
39,DR39,47605
39,DS39,48071
39,DT39,48548
39,DU39,48717
39,DV39,48294
39,DW39,48690
39,DX39,48582
39,DY39,48738
39,DZ39,48525
39,EA39,48741
39,EB39,49330
39,EC39,50283
39,ED39,50877
39,EE39,51683
39,EF39,52647
39,EG39,53651
39,EH39,54411
39,EI39,55205
39,EJ39,54279
39,EK39,54318
39,EL39,54762
39,EM39,54923
39,EN39,55803
39,EO39,56465
39,EP39,57402
39,EQ39,58036
39,ER39,58356
39,ES39,58720
39,ET39,58978
39,EU39,59081
39,EV39,58749
39,EW39,61567
39,EX39,61454
39,EY39,60887
39,EZ39,61687
39,FA39,62095
39,FB39,62265
39,FC39,62325
39,FD39,62150
39,FE39,62647
39,FF39,62683
39,FG39,62797
39,FH39,62994
39,FI39,61739
39,FJ39,61300
39,FK39,61366
39,FL39,62799
39,FM39,62273
39,FN39,61456
39,FO39,61869
39,FP39,61763
39,FQ39,62778
39,FR39,62941
39,FS39,63190
39,FT39,63318
39,FU39,63627
39,FV39,64209
39,FW39,64189
39,FX39,64845
39,FY39,65615
39,FZ39,65858
39,GA39,66059
39,GB39,66107
39,GC39,66805
39,GD39,66782
39,GE39,66921
39,GF39,66852
39,GG39,67297
39,GH39,66921
39,GI39,67212
39,GJ39,67538
39,GK39,68406
39,GL39,69623
39,GM39,70486
39,GN39,70680
39,GO39,71116
39,GP39,71700
39,GQ39,72798
39,GR39,72994
39,GS39,73323
39,GT39,74261
39,GU39,74709
39,GV39,74875
40,B40,4
40,C40,Andacollo
40,D40,85
40,E40,179
40,F40,173
40,G40,171
40,H40,169
40,I40,167
40,J40,165
40,K40,165
40,L40,168
40,M40,168
40,N40,169
40,O40,171
40,P40,169
40,Q40,168
40,R40,173
40,S40,175
40,T40,174
40,U40,174
40,V40,172
40,W40,177
40,X40,174
40,Y40,175
40,Z40,178
40,AA40,178
40,AB40,177
40,AC40,180
40,AD40,178
40,AE40,170
40,AF40,170
40,AG40,170
40,AH40,170
40,AI40,170
40,AJ40,170
40,AK40,170
40,AL40,170
40,AM40,170
40,AN40,170
40,AO40,170
40,AP40,170
40,AQ40,170
40,AR40,170
40,AS40,212
40,AT40,205
40,AU40,209
40,AV40,212
40,AW40,214
40,AX40,214
40,AY40,211
40,AZ40,214
40,BA40,216
40,BB40,216
40,BC40,217
40,BD40,211
40,BE40,214
40,BF40,215
40,BG40,215
40,BH40,216
40,BI40,216
40,BJ40,223
40,BK40,223
40,BL40,224
40,BM40,224
40,BN40,222
40,BO40,216
40,BP40,209
40,BQ40,209
40,BR40,209
40,BS40,213
40,BT40,210
40,BU40,214
40,BV40,210
40,BW40,209
40,BX40,210
40,BY40,210
40,BZ40,210
40,CA40,209
40,CB40,206
40,CC40,206
40,CD40,201
40,CE40,203
40,CF40,205
40,CG40,205
40,CH40,203
40,CI40,202
40,CJ40,200
40,CK40,202
40,CL40,199
40,CM40,197
40,CN40,198
40,CO40,194
40,CP40,192
40,CQ40,192
40,CR40,189
40,CS40,187
40,CT40,188
40,CU40,189
40,CV40,174
40,CW40,166
40,CX40,168
40,CY40,164
40,CZ40,164
40,DA40,163
40,DB40,172
40,DC40,173
40,DD40,183
40,DE40,187
40,DF40,189
40,DG40,184
40,DH40,193
40,DI40,187
40,DJ40,187
40,DL40,4
40,DM40,Andacollo
40,DN40,191
40,DO40,186
40,DP40,189
40,DQ40,190
40,DR40,192
40,DS40,191
40,DT40,188
40,DU40,186
40,DV40,186
40,DW40,184
40,DX40,183
40,DY40,182
40,DZ40,177
40,EA40,171
40,EB40,170
40,EC40,170
40,ED40,169
40,EE40,168
40,EF40,168
40,EG40,167
40,EH40,167
40,EI40,169
40,EJ40,165
40,EK40,164
40,EL40,160
40,EM40,169
40,EN40,172
40,EO40,171
40,EP40,172
40,EQ40,171
40,ER40,169
40,ES40,172
40,ET40,168
40,EU40,168
40,EV40,172
40,EW40,181
40,EX40,181
40,EY40,180
40,EZ40,187
40,FA40,190
40,FB40,187
40,FC40,188
40,FD40,189
40,FE40,200
40,FF40,210
40,FG40,210
40,FH40,218
40,FI40,206
40,FJ40,197
40,FK40,194
40,FL40,175
40,FM40,163
40,FN40,1139
40,FO40,1188
40,FP40,1215
40,FQ40,1211
40,FR40,1234
40,FS40,1254
40,FT40,1270
40,FU40,1248
40,FV40,1251
40,FW40,1268
40,FX40,1291
40,FY40,1318
40,FZ40,1345
40,GA40,1366
40,GB40,1379
40,GC40,1404
40,GD40,1410
40,GE40,1415
40,GF40,1435
40,GG40,1468
40,GH40,1478
40,GI40,1494
40,GJ40,1512
40,GK40,1529
40,GL40,1538
40,GM40,1567
40,GN40,1600
40,GO40,1601
40,GP40,1642
40,GQ40,1647
40,GR40,1647
40,GS40,1674
40,GT40,1680
40,GU40,1714
40,GV40,1727
41,C41,Canela
41,D41,15
41,E41,12
41,F41,12
41,G41,12
41,H41,12
41,I41,12
41,J41,11
41,K41,10
41,L41,10
41,M41,11
41,N41,11
41,O41,10
41,P41,10
41,Q41,9
41,R41,8
41,S41,8
41,T41,9
41,U41,9
41,V41,9
41,W41,8
41,X41,6
41,Y41,6
41,Z41,5
41,AA41,5
41,AB41,5
41,AC41,6
41,AD41,6
41,AE41,6
41,AF41,6
41,AG41,6
41,AH41,6
41,AI41,6
41,AJ41,5
41,AK41,5
41,AL41,5
41,AM41,5
41,AN41,5
41,AO41,5
41,AP41,5
41,AQ41,5
41,AR41,5
41,AS41,7
41,AT41,8
41,AU41,7
41,AV41,7
41,AW41,7
41,AX41,7
41,AY41,7
41,AZ41,7
41,BA41,7
41,BB41,7
41,BC41,7
41,BD41,7
41,BE41,5
41,BF41,7
41,BG41,6
41,BH41,6
41,BI41,6
41,BJ41,6
41,BK41,5
41,BL41,4
41,BM41,4
41,BN41,4
41,BO41,4
41,BP41,4
41,BQ41,5
41,BR41,5
41,BS41,5
41,BT41,5
41,BU41,6
41,BV41,5
41,BW41,4
41,BX41,3
41,BY41,3
41,BZ41,3
41,CA41,3
41,CB41,3
41,CC41,4
41,CD41,4
41,CE41,4
41,CF41,4
41,CG41,4
41,CH41,4
41,CI41,5
41,CJ41,5
41,CK41,5
41,CL41,5
41,CM41,5
41,CN41,5
41,CO41,5
41,CP41,5
41,CQ41,5
41,CR41,5
41,CS41,6
41,CT41,6
41,CU41,6
41,CV41,6
41,CW41,6
41,CX41,7
41,CY41,7
41,CZ41,7
41,DA41,7
41,DB41,6
41,DC41,6
41,DD41,6
41,DE41,6
41,DF41,6
41,DG41,7
41,DH41,8
41,DI41,8
41,DJ41,6
41,DM41,Canela
41,DN41,6
41,DO41,7
41,DP41,6
41,DQ41,8
41,DR41,8
41,DS41,8
41,DT41,8
41,DU41,10
41,DV41,9
41,DW41,9
41,DX41,9
41,DY41,9
41,DZ41,9
41,EA41,10
41,EB41,11
41,EC41,11
41,ED41,11
41,EE41,11
41,EF41,14
41,EG41,15
41,EH41,18
41,EI41,18
41,EJ41,49
41,EK41,50
41,EL41,53
41,EM41,59
41,EN41,71
41,EO41,78
41,EP41,78
41,EQ41,74
41,ER41,71
41,ES41,72
41,ET41,76
41,EU41,81
41,EV41,84
41,EW41,93
41,EX41,88
41,EY41,84
41,EZ41,92
41,FA41,91
41,FB41,90
41,FC41,89
41,FD41,72
41,FE41,152
41,FF41,158
41,FG41,175
41,FH41,413
41,FI41,447
41,FJ41,489
41,FK41,507
41,FL41,543
41,FM41,557
41,FN41,572
41,FO41,583
41,FP41,604
41,FQ41,627
41,FR41,629
41,FS41,642
41,FT41,650
41,FU41,685
41,FV41,699
41,FW41,701
41,FX41,727
41,FY41,747
41,FZ41,783
41,GA41,805
41,GB41,823
41,GC41,849
41,GD41,860
41,GE41,862
41,GF41,891
41,GG41,903
41,GH41,925
41,GI41,938
41,GJ41,953
41,GK41,968
41,GL41,977
41,GM41,1004
41,GN41,1038
41,GO41,1062
41,GP41,1095
41,GQ41,1110
41,GR41,1108
41,GS41,1128
41,GT41,1167
41,GU41,1174
41,GV41,1199
42,C42,Combarbalá
42,D42,123
42,E42,152
42,F42,194
42,G42,196
42,H42,198
42,I42,189
42,J42,182
42,K42,183
42,L42,191
42,M42,196
42,N42,199
42,O42,198
42,P42,197
42,Q42,201
42,R42,199
42,S42,198
42,T42,198
42,U42,204
42,V42,202
42,W42,206
42,X42,208
42,Y42,209
42,Z42,209
42,AA42,211
42,AB42,213
42,AC42,220
42,AD42,226
42,AE42,234
42,AF42,234
42,AG42,234
42,AH42,234
42,AI42,234
42,AJ42,235
42,AK42,235
42,AL42,235
42,AM42,235
42,AN42,235
42,AO42,235
42,AP42,235
42,AQ42,235
42,AR42,235
42,AS42,162
42,AT42,158
42,AU42,160
42,AV42,168
42,AW42,168
42,AX42,168
42,AY42,162
42,AZ42,167
42,BA42,165
42,BB42,162
42,BC42,165
42,BD42,159
42,BE42,172
42,BF42,173
42,BG42,178
42,BH42,186
42,BI42,191
42,BJ42,198
42,BK42,202
42,BL42,203
42,BM42,209
42,BN42,209
42,BO42,210
42,BP42,210
42,BQ42,213
42,BR42,212
42,BS42,292
42,BT42,290
42,BU42,295
42,BV42,286
42,BW42,291
42,BX42,294
42,BY42,294
42,BZ42,294
42,CA42,308
42,CB42,312
42,CC42,321
42,CD42,322
42,CE42,329
42,CF42,342
42,CG42,350
42,CH42,352
42,CI42,359
42,CJ42,361
42,CK42,362
42,CL42,360
42,CM42,362
42,CN42,364
42,CO42,349
42,CP42,343
42,CQ42,348
42,CR42,345
42,CS42,345
42,CT42,345
42,CU42,347
42,CV42,356
42,CW42,358
42,CX42,354
42,CY42,355
42,CZ42,353
42,DA42,353
42,DB42,347
42,DC42,341
42,DD42,340
42,DE42,346
42,DF42,346
42,DG42,341
42,DH42,359
42,DI42,348
42,DJ42,342
42,DM42,Combarbalá
42,DN42,344
42,DO42,342
42,DP42,343
42,DQ42,342
42,DR42,337
42,DS42,339
42,DT42,335
42,DU42,336
42,DV42,337
42,DW42,338
42,DX42,337
42,DY42,337
42,DZ42,332
42,EA42,323
42,EB42,313
42,EC42,311
42,ED42,312
42,EE42,313
42,EF42,334
42,EG42,335
42,EH42,343
42,EI42,344
42,EJ42,326
42,EK42,329
42,EL42,324
42,EM42,347
42,EN42,359
42,EO42,367
42,EP42,373
42,EQ42,371
42,ER42,371
42,ES42,373
42,ET42,369
42,EU42,365
42,EV42,362
42,EW42,365
42,EX42,361
42,EY42,354
42,EZ42,367
42,FA42,361
42,FB42,353
42,FC42,348
42,FD42,352
42,FE42,359
42,FF42,353
42,FG42,352
42,FH42,904
42,FI42,909
42,FJ42,913
42,FK42,933
42,FL42,1016
42,FM42,993
42,FN42,1017
42,FO42,1050
42,FP42,1074
42,FQ42,1073
42,FR42,1076
42,FS42,1094
42,FT42,1069
42,FU42,1068
42,FV42,1076
42,FW42,1083
42,FX42,1094
42,FY42,1103
42,FZ42,1159
42,GA42,1200
42,GB42,1229
42,GC42,1263
42,GD42,1279
42,GE42,1309
42,GF42,1323
42,GG42,1335
42,GH42,1329
42,GI42,1342
42,GJ42,1345
42,GK42,1340
42,GL42,1359
42,GM42,1370
42,GN42,1373
42,GO42,1374
42,GP42,1391
42,GQ42,1402
42,GR42,1395
42,GS42,1418
42,GT42,1438
42,GU42,1455
42,GV42,1469
43,C43,Coquimbo
43,D43,9612
43,E43,10644
43,F43,17141
43,G43,17624
43,H43,17845
43,I43,18338
43,J43,18879
43,K43,19509
43,L43,18900
43,M43,19368
43,N43,19815
43,O43,20106
43,P43,19081
43,Q43,19417
43,R43,19356
43,S43,19656
43,T43,19720
43,U43,20040
43,V43,20432
43,W43,20633
43,X43,20784
43,Y43,21166
43,Z43,21441
43,AA43,21615
43,AB43,21777
43,AC43,21830
43,AD43,21684
43,AE43,21365
43,AF43,21065
43,AG43,21043
43,AH43,21600
43,AI43,22096
43,AJ43,21784
43,AK43,22027
43,AL43,22670
43,AM43,22649
43,AN43,22628
43,AO43,22778
43,AP43,22895
43,AQ43,23141
43,AR43,23311
43,AS43,24023
43,AT43,24199
43,AU43,24740
43,AV43,24583
43,AW43,24688
43,AX43,24243
43,AY43,24182
43,AZ43,24313
43,BA43,24393
43,BB43,24696
43,BC43,24786
43,BD43,24639
43,BE43,25308
43,BF43,25581
43,BG43,25634
43,BH43,25953
43,BI43,26270
43,BJ43,26648
43,BK43,26947
43,BL43,27328
43,BM43,27600
43,BN43,27647
43,BO43,28113
43,BP43,28006
43,BQ43,28640
43,BR43,29218
43,BS43,29675
43,BT43,29832
43,BU43,30231
43,BV43,30707
43,BW43,30993
43,BX43,31159
43,BY43,31405
43,BZ43,31554
43,CA43,31748
43,CB43,32032
43,CC43,32395
43,CD43,32870
43,CE43,33198
43,CF43,33381
43,CG43,33610
43,CH43,34091
43,CI43,34452
43,CJ43,34623
43,CK43,35085
43,CL43,35308
43,CM43,35572
43,CN43,35864
43,CO43,36192
43,CP43,36497
43,CQ43,36748
43,CR43,36985
43,CS43,37635
43,CT43,38081
43,CU43,38446
43,CV43,38456
43,CW43,38425
43,CX43,38863
43,CY43,39272
43,CZ43,39313
43,DA43,39528
43,DB43,39489
43,DC43,39459
43,DD43,39760
43,DE43,40370
43,DF43,40987
43,DG43,40213
43,DH43,41422
43,DI43,42305
43,DJ43,43056
43,DM43,Coquimbo
43,DN43,44000
43,DO43,44310
43,DP43,44866
43,DQ43,45093
43,DR43,45316
43,DS43,45719
43,DT43,45720
43,DU43,45814
43,DV43,45567
43,DW43,45528
43,DX43,45574
43,DY43,45613
43,DZ43,46004
43,EA43,46133
43,EB43,46785
43,EC43,47788
43,ED43,48546
43,EE43,48886
43,EF43,49142
43,EG43,49514
43,EH43,49921
43,EI43,50747
43,EJ43,57937
43,EK43,58461
43,EL43,59096
43,EM43,59836
43,EN43,60918
43,EO43,61906
43,EP43,63891
43,EQ43,64245
43,ER43,64860
43,ES43,64536
43,ET43,65088
43,EU43,65588
43,EV43,65356
43,EW43,66205
43,EX43,66309
43,EY43,66396
43,EZ43,67460
43,FA43,67745
43,FB43,67793
43,FC43,67643
43,FD43,67782
43,FE43,68501
43,FF43,68537
43,FG43,68823
43,FH43,69328
43,FI43,68153
43,FJ43,68388
43,FK43,69426
43,FL43,68883
43,FM43,69927
43,FN43,70181
43,FO43,70276
43,FP43,69770
43,FQ43,70707
43,FR43,70646
43,FS43,70494
43,FT43,70486
43,FU43,70879
43,FV43,71459
43,FW43,71663
43,FX43,71727
43,FY43,71943
43,FZ43,72003
43,GA43,72110
43,GB43,72247
43,GC43,72759
43,GD43,72449
43,GE43,72676
43,GF43,72471
43,GG43,73383
43,GH43,73147
43,GI43,73852
43,GJ43,73586
43,GK43,73617
43,GL43,73469
43,GM43,73202
43,GN43,73014
43,GO43,73379
43,GP43,73358
43,GQ43,73726
43,GR43,73663
43,GS43,74170
43,GT43,75362
43,GU43,75670
43,GV43,75274
44,C44,Illapel
44,D44,869
44,E44,963
44,F44,1066
44,G44,1061
44,H44,1058
44,I44,1074
44,J44,1087
44,K44,1087
44,L44,1101
44,M44,1115
44,N44,1113
44,O44,1109
44,P44,1104
44,Q44,1091
44,R44,1083
44,S44,1067
44,T44,1065
44,U44,1056
44,V44,1055
44,W44,1065
44,X44,1076
44,Y44,1104
44,Z44,1129
44,AA44,1143
44,AB44,1164
44,AC44,1183
44,AD44,1196
44,AE44,1143
44,AF44,1144
44,AG44,1150
44,AH44,1154
44,AI44,1162
44,AJ44,1173
44,AK44,1184
44,AL44,1195
44,AM44,1199
44,AN44,1208
44,AO44,1211
44,AP44,1211
44,AQ44,1210
44,AR44,1207
44,AS44,1251
44,AT44,1212
44,AU44,1223
44,AV44,1238
44,AW44,1250
44,AX44,1253
44,AY44,1248
44,AZ44,1262
44,BA44,1262
44,BB44,1255
44,BC44,1251
44,BD44,1235
44,BE44,1249
44,BF44,1240
44,BG44,1231
44,BH44,1220
44,BI44,1236
44,BJ44,1247
44,BK44,1258
44,BL44,1271
44,BM44,1280
44,BN44,1282
44,BO44,1279
44,BP44,1276
44,BQ44,1266
44,BR44,1277
44,BS44,1285
44,BT44,1269
44,BU44,1298
44,BV44,1272
44,BW44,1276
44,BX44,1257
44,BY44,1256
44,BZ44,1251
44,CA44,1254
44,CB44,1249
44,CC44,1249
44,CD44,1243
44,CE44,1239
44,CF44,1237
44,CG44,1231
44,CH44,1230
44,CI44,1231
44,CJ44,1257
44,CK44,1254
44,CL44,1269
44,CM44,1274
44,CN44,1284
44,CO44,1284
44,CP44,1304
44,CQ44,1310
44,CR44,1326
44,CS44,1341
44,CT44,1346
44,CU44,1349
44,CV44,1382
44,CW44,1380
44,CX44,1381
44,CY44,1379
44,CZ44,1364
44,DA44,1371
44,DB44,1377
44,DC44,1367
44,DD44,1367
44,DE44,1369
44,DF44,1362
44,DG44,1331
44,DH44,1377
44,DI44,1364
44,DJ44,1335
44,DM44,Illapel
44,DN44,1328
44,DO44,1327
44,DP44,1318
44,DQ44,1311
44,DR44,1295
44,DS44,1307
44,DT44,1406
44,DU44,1408
44,DV44,1475
44,DW44,1502
44,DX44,1500
44,DY44,1531
44,DZ44,1527
44,EA44,1560
44,EB44,1561
44,EC44,1569
44,ED44,1567
44,EE44,1605
44,EF44,1624
44,EG44,1616
44,EH44,1630
44,EI44,1675
44,EJ44,1809
44,EK44,1805
44,EL44,1794
44,EM44,1816
44,EN44,1865
44,EO44,1908
44,EP44,1912
44,EQ44,1907
44,ER44,1905
44,ES44,1900
44,ET44,2504
44,EU44,2396
44,EV44,2367
44,EW44,3124
44,EX44,3197
44,EY44,3045
44,EZ44,3206
44,FA44,3343
44,FB44,3447
44,FC44,3498
44,FD44,3427
44,FE44,3563
44,FF44,3751
44,FG44,4084
44,FH44,4257
44,FI44,4171
44,FJ44,4114
44,FK44,4092
44,FL44,4200
44,FM44,4177
44,FN44,4148
44,FO44,4178
44,FP44,4172
44,FQ44,4321
44,FR44,4351
44,FS44,4390
44,FT44,4384
44,FU44,4377
44,FV44,4410
44,FW44,4465
44,FX44,4524
44,FY44,4590
44,FZ44,4672
44,GA44,4743
44,GB44,4773
44,GC44,4843
44,GD44,4831
44,GE44,4838
44,GF44,4887
44,GG44,4921
44,GH44,4918
44,GI44,4945
44,GJ44,4972
44,GK44,5015
44,GL44,5037
44,GM44,5124
44,GN44,5142
44,GO44,5166
44,GP44,5179
44,GQ44,5212
44,GR44,5256
44,GS44,5273
44,GT44,5298
44,GU44,5285
44,GV44,5342
45,C45,La Higuera
45,D45,2
45,T45,1
45,U45,1
45,V45,1
45,W45,1
45,X45,1
45,Y45,1
45,Z45,1
45,AA45,1
45,AB45,1
45,AC45,1
45,AD45,1
45,AE45,1
45,AF45,1
45,AG45,1
45,AH45,1
45,AI45,1
45,AJ45,1
45,AK45,1
45,AL45,1
45,AM45,1
45,AN45,1
45,AO45,1
45,AP45,1
45,AQ45,1
45,AR45,1
45,AS45,1
45,AT45,1
45,AU45,1
45,AV45,2
45,AW45,2
45,AX45,2
45,AY45,2
45,AZ45,2
45,BA45,2
45,BB45,2
45,BC45,2
45,BD45,2
45,BE45,2
45,BF45,2
45,BG45,2
45,BH45,2
45,BI45,2
45,BJ45,2
45,BK45,2
45,BL45,2
45,BM45,2
45,BN45,2
45,BO45,1
45,BP45,1
45,BQ45,1
45,BR45,1
45,BS45,1
45,BT45,1
45,BU45,1
45,BV45,1
45,BW45,1
45,BX45,1
45,BY45,1
45,BZ45,1
45,CA45,1
45,CB45,1
45,CC45,1
45,CD45,1
45,CE45,1
45,CF45,1
45,CG45,1
45,CH45,1
45,CI45,1
45,CJ45,1
45,CK45,1
45,CL45,1
45,CM45,1
45,CN45,1
45,CO45,1
45,CP45,1
45,CQ45,1
45,CR45,1
45,CS45,1
45,CT45,1
45,CU45,1
45,CV45,1
45,CW45,1
45,CX45,1
45,CY45,1
45,CZ45,1
45,DA45,1
45,DB45,1
45,DC45,1
45,DD45,1
45,DE45,1
45,DF45,1
45,DG45,1
45,DH45,1
45,DI45,1
45,DJ45,1
45,DM45,La Higuera
45,DN45,1
45,DO45,1
45,DP45,1
45,DQ45,1
45,DR45,1
45,DS45,1
45,DT45,1
45,DU45,2
45,DV45,6
45,DW45,8
45,DX45,9
45,DY45,9
45,DZ45,10
45,EA45,8
45,EB45,6
45,EC45,6
45,ED45,7
45,EE45,8
45,EF45,9
45,EG45,9
45,EH45,8
45,EI45,8
45,EJ45,10
45,EK45,14
45,EL45,16
45,EM45,25
45,EN45,62
45,EO45,114
45,EP45,128
45,EQ45,132
45,ER45,133
45,ES45,121
45,ET45,124
45,EU45,120
45,EV45,115
45,EW45,128
45,EX45,110
45,EY45,111
45,EZ45,111
45,FA45,108
45,FB45,104
45,FC45,98
45,FD45,98
45,FE45,102
45,FF45,95
45,FG45,95
45,FH45,96
45,FI45,95
45,FJ45,91
45,FK45,91
45,FL45,91
45,FM45,90
45,FN45,88
45,FO45,108
45,FP45,124
45,FQ45,266
45,FR45,276
45,FS45,272
45,FT45,261
45,FU45,254
45,FV45,252
45,FW45,249
45,FX45,255
45,FY45,259
45,FZ45,268
45,GA45,267
45,GB45,280
45,GC45,291
45,GD45,287
45,GE45,295
45,GF45,301
45,GG45,306
45,GH45,309
45,GI45,319
45,GJ45,329
45,GK45,333
45,GL45,343
45,GM45,364
45,GN45,376
45,GO45,378
45,GP45,386
45,GQ45,392
45,GR45,387
45,GS45,403
45,GT45,428
45,GU45,439
45,GV45,450
46,C46,La Serena
46,D46,19787
46,E46,21413
46,F46,27035
46,G46,27229
46,H46,27455
46,I46,27616
46,J46,28134
46,K46,28580
46,L46,28323
46,M46,28840
46,N46,29146
46,O46,29258
46,P46,29018
46,Q46,29191
46,R46,29183
46,S46,29385
46,T46,29451
46,U46,29950
46,V46,30345
46,W46,30708
46,X46,30885
46,Y46,31235
46,Z46,31753
46,AA46,31999
46,AB46,32089
46,AC46,32331
46,AD46,32193
46,AE46,33256
46,AF46,33147
46,AG46,33142
46,AH46,33683
46,AI46,34093
46,AJ46,33957
46,AK46,34302
46,AL46,35114
46,AM46,35185
46,AN46,35453
46,AO46,35697
46,AP46,35771
46,AQ46,35837
46,AR46,35904
46,AS46,36976
46,AT46,36617
46,AU46,36718
46,AV46,36504
46,AW46,36922
46,AX46,36784
46,AY46,37220
46,AZ46,37855
46,BA46,38078
46,BB46,38295
46,BC46,38457
46,BD46,37881
46,BE46,39565
46,BF46,40173
46,BG46,40393
46,BH46,41218
46,BI46,41637
46,BJ46,42115
46,BK46,42451
46,BL46,42842
46,BM46,43034
46,BN46,43298
46,BO46,43645
46,BP46,43734
46,BQ46,44865
46,BR46,45698
46,BS46,46173
46,BT46,46118
46,BU46,46917
46,BV46,47406
46,BW46,47556
46,BX46,47846
46,BY46,48079
46,BZ46,48083
46,CA46,48141
46,CB46,48269
46,CC46,48998
46,CD46,49269
46,CE46,49508
46,CF46,49724
46,CG46,49926
46,CH46,49993
46,CI46,50060
46,CJ46,50195
46,CK46,50198
46,CL46,50355
46,CM46,50450
46,CN46,51132
46,CO46,51527
46,CP46,52062
46,CQ46,52519
46,CR46,53033
46,CS46,53782
46,CT46,54423
46,CU46,54679
46,CV46,55124
46,CW46,55212
46,CX46,55621
46,CY46,55947
46,CZ46,56029
46,DA46,56423
46,DB46,56896
46,DC46,56952
46,DD46,57608
46,DE46,57775
46,DF46,58240
46,DG46,54303
46,DH46,53856
46,DI46,55547
46,DJ46,58308
46,DM46,La Serena
46,DN46,59562
46,DO46,60008
46,DP46,60331
46,DQ46,60515
46,DR46,60305
46,DS46,60946
46,DT46,61167
46,DU46,61275
46,DV46,61057
46,DW46,60799
46,DX46,60654
46,DY46,60752
46,DZ46,61037
46,EA46,61364
46,EB46,61913
46,EC46,62372
46,ED46,62817
46,EE46,62928
46,EF46,63348
46,EG46,63474
46,EH46,64589
46,EI46,65605
46,EJ46,60462
46,EK46,61058
46,EL46,61881
46,EM46,62510
46,EN46,63801
46,EO46,64501
46,EP46,66391
46,EQ46,66913
46,ER46,67622
46,ES46,67513
46,ET46,68852
46,EU46,69280
46,EV46,69285
46,EW46,70039
46,EX46,70208
46,EY46,69786
46,EZ46,70978
46,FA46,71880
46,FB46,71939
46,FC46,72051
46,FD46,71893
46,FE46,72356
46,FF46,72315
46,FG46,72350
46,FH46,72555
46,FI46,71737
46,FJ46,71679
46,FK46,72732
46,FL46,73269
46,FM46,73306
46,FN46,72973
46,FO46,73194
46,FP46,72569
46,FQ46,73740
46,FR46,73644
46,FS46,73543
46,FT46,73652
46,FU46,73837
46,FV46,74562
46,FW46,74753
46,FX46,75118
46,FY46,75317
46,FZ46,75533
46,GA46,75536
46,GB46,75462
46,GC46,75866
46,GD46,75754
46,GE46,75921
46,GF46,75843
46,GG46,76655
46,GH46,76798
46,GI46,77440
46,GJ46,77329
46,GK46,77262
46,GL46,77114
46,GM46,77330
46,GN46,77155
46,GO46,77308
46,GP46,77543
46,GQ46,77930
46,GR46,77879
46,GS46,78353
46,GT46,79409
46,GU46,80395
46,GV46,80881
47,C47,Los Vilos
47,D47,406
47,E47,508
47,F47,574
47,G47,586
47,H47,591
47,I47,580
47,J47,581
47,K47,581
47,L47,580
47,M47,584
47,N47,575
47,O47,581
47,P47,589
47,Q47,589
47,R47,585
47,S47,584
47,T47,582
47,U47,573
47,V47,569
47,W47,572
47,X47,564
47,Y47,571
47,Z47,574
47,AA47,574
47,AB47,580
47,AC47,589
47,AD47,598
47,AE47,596
47,AF47,597
47,AG47,601
47,AH47,602
47,AI47,607
47,AJ47,611
47,AK47,616
47,AL47,621
47,AM47,622
47,AN47,626
47,AO47,627
47,AP47,627
47,AQ47,627
47,AR47,627
47,AS47,632
47,AT47,616
47,AU47,619
47,AV47,625
47,AW47,631
47,AX47,632
47,AY47,633
47,AZ47,645
47,BA47,646
47,BB47,640
47,BC47,640
47,BD47,630
47,BE47,632
47,BF47,637
47,BG47,630
47,BH47,635
47,BI47,637
47,BJ47,633
47,BK47,630
47,BL47,635
47,BM47,653
47,BN47,670
47,BO47,690
47,BP47,693
47,BQ47,694
47,BR47,694
47,BS47,688
47,BT47,678
47,BU47,695
47,BV47,690
47,BW47,698
47,BX47,744
47,BY47,744
47,BZ47,744
47,CA47,789
47,CB47,780
47,CC47,776
47,CD47,799
47,CE47,815
47,CF47,828
47,CG47,857
47,CH47,856
47,CI47,870
47,CJ47,875
47,CK47,871
47,CL47,873
47,CM47,884
47,CN47,887
47,CO47,892
47,CP47,886
47,CQ47,899
47,CR47,895
47,CS47,901
47,CT47,902
47,CU47,904
47,CV47,872
47,CW47,874
47,CX47,871
47,CY47,877
47,CZ47,876
47,DA47,877
47,DB47,885
47,DC47,884
47,DD47,890
47,DE47,888
47,DF47,891
47,DG47,816
47,DH47,874
47,DI47,870
47,DJ47,897
47,DM47,Los Vilos
47,DN47,891
47,DO47,889
47,DP47,885
47,DQ47,881
47,DR47,879
47,DS47,890
47,DT47,888
47,DU47,892
47,DV47,884
47,DW47,866
47,DX47,845
47,DY47,830
47,DZ47,818
47,EA47,811
47,EB47,800
47,EC47,790
47,ED47,778
47,EE47,779
47,EF47,820
47,EG47,811
47,EH47,799
47,EI47,806
47,EJ47,766
47,EK47,773
47,EL47,765
47,EM47,796
47,EN47,809
47,EO47,806
47,EP47,1453
47,EQ47,2632
47,ER47,2509
47,ES47,2513
47,ET47,2394
47,EU47,2327
47,EV47,2241
47,EW47,2795
47,EX47,2812
47,EY47,2778
47,EZ47,2787
47,FA47,2890
47,FB47,2892
47,FC47,3671
47,FD47,4156
47,FE47,4475
47,FF47,4516
47,FG47,4528
47,FH47,4586
47,FI47,4607
47,FJ47,4607
47,FK47,4611
47,FL47,4745
47,FM47,4752
47,FN47,4721
47,FO47,4709
47,FP47,4724
47,FQ47,4833
47,FR47,4857
47,FS47,4866
47,FT47,4875
47,FU47,4880
47,FV47,4955
47,FW47,4982
47,FX47,5039
47,FY47,5089
47,FZ47,5125
47,GA47,5186
47,GB47,5209
47,GC47,5290
47,GD47,5293
47,GE47,5324
47,GF47,5353
47,GG47,5456
47,GH47,5491
47,GI47,5576
47,GJ47,5547
47,GK47,5554
47,GL47,5571
47,GM47,5622
47,GN47,5644
47,GO47,5660
47,GP47,5656
47,GQ47,5694
47,GR47,5707
47,GS47,5719
47,GT47,5821
47,GU47,5943
47,GV47,5996
48,C48,Monte Patria
48,D48,118
48,E48,124
48,F48,141
48,G48,145
48,H48,141
48,I48,137
48,J48,133
48,K48,136
48,L48,133
48,M48,132
48,N48,132
48,O48,130
48,P48,132
48,Q48,132
48,R48,129
48,S48,128
48,T48,127
48,U48,128
48,V48,130
48,W48,134
48,X48,136
48,Y48,136
48,Z48,136
48,AA48,135
48,AB48,136
48,AC48,136
48,AD48,137
48,AE48,130
48,AF48,129
48,AG48,129
48,AH48,129
48,AI48,129
48,AJ48,128
48,AK48,128
48,AL48,128
48,AM48,128
48,AN48,128
48,AO48,128
48,AP48,128
48,AQ48,128
48,AR48,128
48,AS48,127
48,AT48,125
48,AU48,126
48,AV48,131
48,AW48,131
48,AX48,131
48,AY48,127
48,AZ48,128
48,BA48,130
48,BB48,132
48,BC48,133
48,BD48,132
48,BE48,132
48,BF48,133
48,BG48,130
48,BH48,129
48,BI48,130
48,BJ48,131
48,BK48,130
48,BL48,131
48,BM48,132
48,BN48,134
48,BO48,133
48,BP48,132
48,BQ48,132
48,BR48,130
48,BS48,132
48,BT48,131
48,BU48,134
48,BV48,131
48,BW48,135
48,BX48,136
48,BY48,136
48,BZ48,136
48,CA48,136
48,CB48,132
48,CC48,133
48,CD48,133
48,CE48,131
48,CF48,131
48,CG48,131
48,CH48,131
48,CI48,129
48,CJ48,128
48,CK48,128
48,CL48,137
48,CM48,141
48,CN48,141
48,CO48,142
48,CP48,146
48,CQ48,155
48,CR48,154
48,CS48,155
48,CT48,155
48,CU48,155
48,CV48,160
48,CW48,159
48,CX48,159
48,CY48,159
48,CZ48,157
48,DA48,158
48,DB48,158
48,DC48,157
48,DD48,156
48,DE48,154
48,DF48,153
48,DG48,155
48,DH48,158
48,DI48,155
48,DJ48,160
48,DM48,Monte Patria
48,DN48,159
48,DO48,156
48,DP48,154
48,DQ48,154
48,DR48,156
48,DS48,155
48,DT48,154
48,DU48,153
48,DV48,149
48,DW48,157
48,DX48,159
48,DY48,165
48,DZ48,165
48,EA48,165
48,EB48,163
48,EC48,158
48,ED48,161
48,EE48,164
48,EF48,176
48,EG48,176
48,EH48,194
48,EI48,218
48,EJ48,207
48,EK48,223
48,EL48,237
48,EM48,283
48,EN48,321
48,EO48,364
48,EP48,374
48,EQ48,371
48,ER48,383
48,ES48,385
48,ET48,389
48,EU48,388
48,EV48,397
48,EW48,412
48,EX48,410
48,EY48,405
48,EZ48,404
48,FA48,385
48,FB48,376
48,FC48,355
48,FD48,335
48,FE48,353
48,FF48,322
48,FG48,314
48,FH48,760
48,FI48,860
48,FJ48,1223
48,FK48,1281
48,FL48,1378
48,FM48,1358
48,FN48,1403
48,FO48,1411
48,FP48,1432
48,FQ48,1435
48,FR48,1439
48,FS48,1457
48,FT48,1444
48,FU48,1474
48,FV48,1477
48,FW48,1500
48,FX48,1521
48,FY48,1533
48,FZ48,1580
48,GA48,1617
48,GB48,1681
48,GC48,1707
48,GD48,1750
48,GE48,1841
48,GF48,1857
48,GG48,1901
48,GH48,1954
48,GI48,1990
48,GJ48,2012
48,GK48,2026
48,GL48,2072
48,GM48,2106
48,GN48,2139
48,GO48,2134
48,GP48,2172
48,GQ48,2173
48,GR48,2200
48,GS48,2244
48,GT48,2286
48,GU48,2316
48,GV48,2333
49,C49,Ovalle
49,D49,3184
49,E49,3615
49,F49,4076
49,G49,4092
49,H49,4114
49,I49,4157
49,J49,4187
49,K49,4220
49,L49,4233
49,M49,4232
49,N49,4209
49,O49,4187
49,P49,4191
49,Q49,4192
49,R49,4193
49,S49,4109
49,T49,4089
49,U49,4096
49,V49,4116
49,W49,4133
49,X49,4135
49,Y49,4155
49,Z49,4262
49,AA49,4339
49,AB49,4387
49,AC49,4453
49,AD49,4486
49,AE49,4451
49,AF49,4455
49,AG49,4484
49,AH49,4501
49,AI49,4528
49,AJ49,4568
49,AK49,4603
49,AL49,4641
49,AM49,4658
49,AN49,4690
49,AO49,4706
49,AP49,4697
49,AQ49,4689
49,AR49,4671
49,AS49,5156
49,AT49,4997
49,AU49,5026
49,AV49,5039
49,AW49,5096
49,AX49,5118
49,AY49,5135
49,AZ49,5185
49,BA49,5208
49,BB49,5214
49,BC49,5246
49,BD49,5123
49,BE49,5282
49,BF49,5380
49,BG49,5417
49,BH49,5506
49,BI49,5559
49,BJ49,5643
49,BK49,5702
49,BL49,5769
49,BM49,5796
49,BN49,5808
49,BO49,5822
49,BP49,5754
49,BQ49,5843
49,BR49,5893
49,BS49,5960
49,BT49,5879
49,BU49,6021
49,BV49,6108
49,BW49,6150
49,BX49,6196
49,BY49,6202
49,BZ49,6186
49,CA49,6284
49,CB49,6327
49,CC49,6404
49,CD49,6356
49,CE49,6536
49,CF49,6556
49,CG49,6612
49,CH49,6614
49,CI49,6611
49,CJ49,6580
49,CK49,6577
49,CL49,6588
49,CM49,6585
49,CN49,6612
49,CO49,6680
49,CP49,6756
49,CQ49,6857
49,CR49,6881
49,CS49,6893
49,CT49,6910
49,CU49,6914
49,CV49,6657
49,CW49,6572
49,CX49,6640
49,CY49,6723
49,CZ49,6867
49,DA49,7055
49,DB49,7317
49,DC49,7711
49,DD49,8059
49,DE49,8352
49,DF49,8671
49,DG49,9640
49,DH49,9648
49,DI49,9799
49,DJ49,10079
49,DM49,Ovalle
49,DN49,10522
49,DO49,10594
49,DP49,10704
49,DQ49,10811
49,DR49,10925
49,DS49,11100
49,DT49,11206
49,DU49,11280
49,DV49,11255
49,DW49,11276
49,DX49,11270
49,DY49,11317
49,DZ49,11327
49,EA49,11474
49,EB49,11670
49,EC49,12120
49,ED49,12399
49,EE49,12684
49,EF49,13059
49,EG49,13256
49,EH49,13570
49,EI49,13911
49,EJ49,15729
49,EK49,16017
49,EL49,16516
49,EM49,16370
49,EN49,16843
49,EO49,17156
49,EP49,17676
49,EQ49,17920
49,ER49,17862
49,ES49,18166
49,ET49,18289
49,EU49,18385
49,EV49,18339
49,EW49,18336
49,EX49,18362
49,EY49,18229
49,EZ49,18393
49,FA49,18622
49,FB49,18631
49,FC49,18624
49,FD49,18651
49,FE49,18952
49,FF49,18962
49,FG49,19051
49,FH49,19199
49,FI49,19632
49,FJ49,20122
49,FK49,20235
49,FL49,20538
49,FM49,20270
49,FN49,19931
49,FO49,19977
49,FP49,19675
49,FQ49,20466
49,FR49,20440
49,FS49,20483
49,FT49,20435
49,FU49,20409
49,FV49,20451
49,FW49,20517
49,FX49,20672
49,FY49,20809
49,FZ49,20939
49,GA49,21055
49,GB49,21115
49,GC49,21233
49,GD49,21229
49,GE49,21293
49,GF49,21315
49,GG49,21441
49,GH49,21332
49,GI49,21452
49,GJ49,21518
49,GK49,21558
49,GL49,21612
49,GM49,21700
49,GN49,21675
49,GO49,21699
49,GP49,21670
49,GQ49,21748
49,GR49,21781
49,GS49,21869
49,GT49,21838
49,GU49,21707
49,GV49,21612
50,C50,Paihuano
50,D50,17
50,E50,11
50,F50,5
50,G50,5
50,H50,6
50,I50,4
50,J50,4
50,K50,4
50,L50,4
50,M50,3
50,N50,3
50,O50,3
50,P50,3
50,Q50,3
50,R50,2
50,S50,2
50,T50,2
50,U50,2
50,V50,2
50,W50,2
50,X50,2
50,Y50,2
50,AC50,2
50,AD50,2
50,AE50,2
50,AF50,2
50,AG50,2
50,AH50,2
50,AI50,2
50,AJ50,2
50,AK50,2
50,AL50,2
50,AM50,2
50,AN50,2
50,AO50,2
50,AP50,3
50,AQ50,3
50,AR50,3
50,AS50,1
50,AT50,1
50,AU50,1
50,AV50,1
50,AW50,1
50,AX50,1
50,AY50,1
50,AZ50,1
50,BA50,1
50,BB50,1
50,BC50,1
50,BD50,1
50,BE50,1
50,BF50,1
50,BG50,1
50,BH50,1
50,BI50,1
50,BJ50,1
50,BK50,1
50,BL50,1
50,BM50,3
50,BN50,3
50,BO50,4
50,BP50,5
50,BQ50,5
50,BR50,5
50,BS50,5
50,BT50,5
50,BU50,5
50,BV50,5
50,BW50,6
50,BX50,6
50,BY50,6
50,BZ50,6
50,CA50,7
50,CB50,6
50,CC50,6
50,CD50,6
50,CE50,6
50,CF50,6
50,CG50,6
50,CH50,7
50,CI50,7
50,CJ50,7
50,CK50,7
50,CL50,7
50,CM50,7
50,CN50,7
50,CO50,7
50,CP50,7
50,CQ50,7
50,CR50,7
50,CS50,7
50,CT50,8
50,CU50,8
50,CV50,8
50,CW50,8
50,CX50,8
50,CY50,8
50,CZ50,8
50,DA50,8
50,DB50,8
50,DC50,8
50,DD50,8
50,DE50,7
50,DF50,7
50,DG50,7
50,DH50,7
50,DI50,7
50,DJ50,7
50,DM50,Paihuano
50,DN50,7
50,DO50,7
50,DP50,7
50,DQ50,7
50,DR50,7
50,DS50,7
50,DT50,7
50,DU50,7
50,DV50,7
50,DW50,7
50,DX50,7
50,DY50,7
50,DZ50,7
50,EA50,7
50,EB50,7
50,EC50,7
50,ED50,7
50,EE50,7
50,EF50,9
50,EG50,10
50,EH50,10
50,EI50,12
50,EJ50,10
50,EK50,15
50,EL50,18
50,EM50,19
50,EN50,21
50,EO50,19
50,EP50,20
50,EQ50,21
50,ER50,18
50,ES50,20
50,ET50,26
50,EU50,34
50,EV50,40
50,EW50,38
50,EX50,48
50,EY50,48
50,EZ50,56
50,FA50,62
50,FB50,61
50,FC50,63
50,FD50,69
50,FE50,72
50,FF50,68
50,FG50,64
50,FH50,67
50,FI50,58
50,FJ50,57
50,FK50,58
50,FL50,63
50,FM50,64
50,FN50,67
50,FO50,70
50,FP50,75
50,FQ50,76
50,FR50,76
50,FS50,80
50,FT50,83
50,FU50,89
50,FV50,93
50,FW50,99
50,FX50,98
50,FY50,100
50,FZ50,101
50,GA50,105
50,GB50,105
50,GC50,111
50,GD50,108
50,GE50,110
50,GF50,113
50,GG50,118
50,GH50,118
50,GI50,128
50,GJ50,127
50,GK50,135
50,GL50,144
50,GM50,153
50,GN50,151
50,GO50,134
50,GP50,145
50,GQ50,145
50,GR50,146
50,GS50,160
50,GT50,172
50,GU50,174
50,GV50,177
51,C51,Punitaqui
51,D51,118
51,E51,131
51,F51,157
51,G51,166
51,H51,172
51,I51,175
51,J51,174
51,K51,184
51,L51,184
51,M51,183
51,N51,180
51,O51,186
51,P51,183
51,Q51,180
51,R51,183
51,S51,182
51,T51,181
51,U51,184
51,V51,183
51,W51,188
51,X51,190
51,Y51,191
51,Z51,194
51,AA51,194
51,AB51,193
51,AC51,197
51,AD51,195
51,AE51,183
51,AF51,183
51,AG51,183
51,AH51,183
51,AI51,183
51,AJ51,183
51,AK51,183
51,AL51,183
51,AM51,183
51,AN51,183
51,AO51,183
51,AP51,183
51,AQ51,183
51,AR51,183
51,AS51,213
51,AT51,209
51,AU51,211
51,AV51,210
51,AW51,210
51,AX51,212
51,AY51,214
51,AZ51,216
51,BA51,212
51,BB51,211
51,BC51,214
51,BD51,209
51,BE51,214
51,BF51,220
51,BG51,210
51,BH51,215
51,BI51,216
51,BJ51,221
51,BK51,214
51,BL51,215
51,BM51,227
51,BN51,222
51,BO51,222
51,BP51,222
51,BQ51,226
51,BR51,228
51,BS51,229
51,BT51,227
51,BU51,231
51,BV51,223
51,BW51,223
51,BX51,221
51,BY51,221
51,BZ51,221
51,CA51,215
51,CB51,214
51,CC51,213
51,CD51,207
51,CE51,209
51,CF51,206
51,CG51,203
51,CH51,205
51,CI51,203
51,CJ51,200
51,CK51,200
51,CL51,201
51,CM51,209
51,CN51,210
51,CO51,233
51,CP51,235
51,CQ51,235
51,CR51,237
51,CS51,243
51,CT51,243
51,CU51,243
51,CV51,244
51,CW51,244
51,CX51,246
51,CY51,245
51,CZ51,244
51,DA51,251
51,DB51,249
51,DC51,243
51,DD51,243
51,DE51,246
51,DF51,249
51,DG51,244
51,DH51,252
51,DI51,248
51,DJ51,247
51,DM51,Punitaqui
51,DN51,242
51,DO51,238
51,DP51,237
51,DQ51,234
51,DR51,232
51,DS51,233
51,DT51,233
51,DU51,230
51,DV51,230
51,DW51,231
51,DX51,231
51,DY51,229
51,DZ51,226
51,EA51,226
51,EB51,227
51,EC51,222
51,ED51,219
51,EE51,229
51,EF51,229
51,EG51,233
51,EH51,236
51,EI51,240
51,EJ51,230
51,EK51,236
51,EL51,231
51,EM51,238
51,EN51,254
51,EO51,258
51,EP51,260
51,EQ51,259
51,ER51,256
51,ES51,251
51,ET51,255
51,EU51,256
51,EV51,256
51,EW51,273
51,EX51,256
51,EY51,260
51,EZ51,274
51,FA51,283
51,FB51,275
51,FC51,278
51,FD51,273
51,FE51,280
51,FF51,267
51,FG51,262
51,FH51,258
51,FI51,243
51,FJ51,232
51,FK51,404
51,FL51,436
51,FM51,470
51,FN51,488
51,FO51,555
51,FP51,628
51,FQ51,647
51,FR51,684
51,FS51,704
51,FT51,705
51,FU51,718
51,FV51,726
51,FW51,735
51,FX51,750
51,FY51,758
51,FZ51,795
51,GA51,827
51,GB51,870
51,GC51,883
51,GD51,918
51,GE51,969
51,GF51,995
51,GG51,1024
51,GH51,1051
51,GI51,1083
51,GJ51,1112
51,GK51,1126
51,GL51,1144
51,GM51,1155
51,GN51,1167
51,GO51,1170
51,GP51,1185
51,GQ51,1191
51,GR51,1200
51,GS51,1203
51,GT51,1225
51,GU51,1240
51,GV51,1267
52,C52,Río Hurtado
52,D52,1
52,E52,2
52,F52,2
52,G52,2
52,H52,2
52,I52,2
52,J52,3
52,K52,3
52,L52,3
52,M52,3
52,N52,3
52,O52,3
52,P52,3
52,Q52,3
52,R52,3
52,S52,3
52,T52,3
52,U52,3
52,V52,3
52,W52,3
52,X52,3
52,Y52,3
52,Z52,1
52,AA52,1
52,AB52,1
52,AC52,3
52,AD52,3
52,AE52,1
52,AF52,1
52,AG52,1
52,AH52,1
52,AI52,1
52,AJ52,1
52,AK52,1
52,AL52,1
52,AM52,1
52,AN52,1
52,AO52,1
52,AP52,1
52,AQ52,1
52,AR52,1
52,AS52,1
52,AT52,1
52,AU52,1
52,AV52,1
52,AW52,1
52,AX52,1
52,AY52,1
52,AZ52,1
52,BA52,1
52,BB52,1
52,BC52,1
52,BD52,1
52,BE52,1
52,BF52,1
52,BG52,1
52,BH52,1
52,BI52,1
52,BJ52,0
52,BK52,0
52,CA52,1
52,CB52,1
52,CC52,1
52,CD52,1
52,CE52,1
52,CF52,1
52,CG52,2
52,CH52,2
52,CI52,2
52,CJ52,2
52,CK52,2
52,CL52,2
52,CM52,2
52,CN52,2
52,CO52,2
52,CP52,2
52,CQ52,2
52,CR52,2
52,CS52,2
52,CT52,2
52,CU52,2
52,CV52,2
52,CW52,2
52,CX52,2
52,CY52,2
52,CZ52,2
52,DA52,2
52,DB52,2
52,DC52,2
52,DD52,2
52,DE52,2
52,DF52,2
52,DG52,4
52,DH52,4
52,DI52,4
52,DJ52,4
52,DM52,Río Hurtado
52,DN52,4
52,DO52,4
52,DP52,4
52,DQ52,4
52,DR52,4
52,DS52,4
52,DT52,4
52,DU52,4
52,DV52,4
52,DW52,4
52,DX52,4
52,DY52,4
52,DZ52,4
52,EA52,5
52,EB52,5
52,EC52,5
52,ED52,5
52,EE52,6
52,EF52,10
52,EG52,12
52,EH52,12
52,EI52,12
52,EJ52,10
52,EK52,10
52,EL52,13
52,EM52,13
52,EN52,15
52,EO52,15
52,EP52,17
52,EQ52,18
52,ER52,16
52,ES52,17
52,ET52,19
52,EU52,18
52,EV52,21
52,EW52,25
52,EX52,24
52,EY52,26
52,EZ52,28
52,FA52,28
52,FB52,28
52,FC52,28
52,FD52,30
52,FE52,31
52,FF52,32
52,FG52,31
52,FH52,30
52,FI52,28
52,FJ52,27
52,FK52,27
52,FL52,26
52,FM52,29
52,FN52,37
52,FO52,36
52,FP52,39
52,FQ52,38
52,FR52,40
52,FS52,40
52,FT52,42
52,FU52,40
52,FV52,39
52,FW52,39
52,FX52,39
52,FY52,42
52,FZ52,42
52,GA52,46
52,GB52,42
52,GC52,49
52,GD52,54
52,GE52,69
52,GF52,77
52,GG52,79
52,GH52,83
52,GI52,80
52,GJ52,90
52,GK52,97
52,GL52,99
52,GM52,100
52,GN52,99
52,GO52,136
52,GP52,145
52,GQ52,145
52,GR52,143
52,GS52,150
52,GT52,157
52,GU52,165
52,GV52,172
53,C53,Salamanca
53,D53,399
53,E53,450
53,F53,494
53,G53,492
53,H53,496
53,I53,497
53,J53,495
53,K53,492
53,L53,505
53,M53,508
53,N53,517
53,O53,524
53,P53,519
53,Q53,524
53,R53,519
53,S53,506
53,T53,506
53,U53,507
53,V53,512
53,W53,518
53,X53,519
53,Y53,529
53,Z53,530
53,AA53,532
53,AB53,540
53,AC53,552
53,AD53,563
53,AE53,560
53,AF53,560
53,AG53,564
53,AH53,564
53,AI53,569
53,AJ53,573
53,AK53,577
53,AL53,581
53,AM53,582
53,AN53,586
53,AO53,585
53,AP53,586
53,AQ53,587
53,AR53,586
53,AS53,707
53,AT53,695
53,AU53,696
53,AV53,701
53,AW53,705
53,AX53,706
53,AY53,706
53,AZ53,708
53,BA53,717
53,BB53,721
53,BC53,718
53,BD53,711
53,BE53,696
53,BF53,695
53,BG53,688
53,BH53,686
53,BI53,681
53,BJ53,671
53,BK53,663
53,BL53,669
53,BM53,654
53,BN53,654
53,BO53,646
53,BP53,641
53,BQ53,629
53,BR53,622
53,BS53,624
53,BT53,617
53,BU53,625
53,BV53,611
53,BW53,601
53,BX53,423
53,BY53,422
53,BZ53,422
53,CA53,418
53,CB53,411
53,CC53,406
53,CD53,399
53,CE53,394
53,CF53,403
53,CG53,453
53,CH53,523
53,CI53,545
53,CJ53,568
53,CK53,569
53,CL53,568
53,CM53,558
53,CN53,560
53,CO53,569
53,CP53,589
53,CQ53,604
53,CR53,618
53,CS53,620
53,CT53,619
53,CU53,621
53,CV53,715
53,CW53,705
53,CX53,707
53,CY53,714
53,CZ53,722
53,DA53,732
53,DB53,750
53,DC53,745
53,DD53,746
53,DE53,743
53,DF53,745
53,DG53,735
53,DH53,839
53,DI53,772
53,DJ53,746
53,DM53,Salamanca
53,DN53,742
53,DO53,741
53,DP53,737
53,DQ53,737
53,DR53,749
53,DS53,757
53,DT53,760
53,DU53,756
53,DV53,750
53,DW53,765
53,DX53,761
53,DY53,743
53,DZ53,729
53,EA53,718
53,EB53,705
53,EC53,699
53,ED53,690
53,EE53,682
53,EF53,702
53,EG53,705
53,EH53,701
53,EI53,710
53,EJ53,724
53,EK53,711
53,EL53,687
53,EM53,702
53,EN53,739
53,EO53,792
53,EP53,927
53,EQ53,916
53,ER53,891
53,ES53,869
53,ET53,850
53,EU53,832
53,EV53,794
53,EW53,819
53,EX53,801
53,EY53,767
53,EZ53,755
53,FA53,747
53,FB53,717
53,FC53,701
53,FD53,668
53,FE53,664
53,FF53,987
53,FG53,1285
53,FH53,1347
53,FI53,1354
53,FJ53,1362
53,FK53,1363
53,FL53,1462
53,FM53,1467
53,FN53,1483
53,FO53,1536
53,FP53,1573
53,FQ53,1614
53,FR53,1728
53,FS53,1737
53,FT53,1735
53,FU53,1743
53,FV53,1739
53,FW53,1741
53,FX53,1768
53,FY53,1769
53,FZ53,1802
53,GA53,1836
53,GB53,1873
53,GC53,1910
53,GD53,1930
53,GE53,1910
53,GF53,1933
53,GG53,1949
53,GH53,1966
53,GI53,1962
53,GJ53,2014
53,GK53,2027
53,GL53,2034
53,GM53,2050
53,GN53,2121
53,GO53,2066
53,GP53,2097
53,GQ53,2092
53,GR53,2114
53,GS53,2170
53,GT53,2187
53,GU53,2221
53,GV53,2287
54,C54,Vicuña
54,D54,418
54,E54,473
54,F54,573
54,G54,569
54,H54,564
54,I54,557
54,J54,564
54,K54,565
54,L54,562
54,M54,564
54,N54,569
54,O54,576
54,P54,580
54,Q54,578
54,R54,583
54,S54,577
54,T54,583
54,U54,581
54,V54,578
54,W54,586
54,X54,588
54,Y54,590
54,Z54,601
54,AA54,614
54,AB54,632
54,AC54,643
54,AD54,645
54,AE54,642
54,AF54,642
54,AG54,641
54,AH54,642
54,AI54,646
54,AJ54,650
54,AK54,654
54,AL54,658
54,AM54,659
54,AN54,663
54,AO54,665
54,AP54,664
54,AQ54,664
54,AR54,663
54,AS54,740
54,AT54,719
54,AU54,724
54,AV54,721
54,AW54,726
54,AX54,732
54,AY54,738
54,AZ54,759
54,BA54,734
54,BB54,718
54,BC54,700
54,BD54,700
54,BE54,703
54,BF54,706
54,BG54,699
54,BH54,711
54,BI54,737
54,BJ54,746
54,BK54,758
54,BL54,766
54,BM54,793
54,BN54,806
54,BO54,812
54,BP54,806
54,BQ54,816
54,BR54,838
54,BS54,847
54,BT54,839
54,BU54,859
54,BV54,869
54,BW54,886
54,BX54,598
54,BY54,599
54,BZ54,598
54,CA54,895
54,CB54,915
54,CC54,920
54,CD54,921
54,CE54,932
54,CF54,935
54,CG54,940
54,CH54,944
54,CI54,950
54,CJ54,945
54,CK54,952
54,CL54,955
54,CM54,944
54,CN54,944
54,CO54,940
54,CP54,953
54,CQ54,988
54,CR54,1003
54,CS54,1005
54,CT54,1007
54,CU54,1014
54,CV54,1022
54,CW54,1017
54,CX54,1000
54,CY54,995
54,CZ54,992
54,DA54,988
54,DB54,1001
54,DC54,981
54,DD54,993
54,DE54,992
54,DF54,993
54,DG54,981
54,DH54,1019
54,DI54,1007
54,DJ54,996
54,DM54,Vicuña
54,DN54,984
54,DO54,981
54,DP54,966
54,DQ54,961
54,DR54,946
54,DS54,939
54,DT54,926
54,DU54,910
54,DV54,904
54,DW54,894
54,DX54,883
54,DY54,865
54,DZ54,849
54,EA54,834
54,EB54,813
54,EC54,778
54,ED54,765
54,EE54,750
54,EF54,743
54,EG54,735
54,EH54,716
54,EI54,713
54,EJ54,657
54,EK54,649
54,EL54,638
54,EM54,649
54,EN54,663
54,EO54,672
54,EP54,1070
54,EQ54,1295
54,ER54,1581
54,ES54,1713
54,ET54,1047
54,EU54,1017
54,EV54,1015
54,EW54,1811
54,EX54,1805
54,EY54,1777
54,EZ54,1782
54,FA54,1921
54,FB54,1999
54,FC54,2029
54,FD54,1958
54,FE54,2106
54,FF54,2045
54,FG54,2039
54,FH54,2072
54,FI54,2016
54,FJ54,1962
54,FK54,1934
54,FL54,2299
54,FM54,2312
54,FN54,2365
54,FO54,2380
54,FP54,2342
54,FQ54,2439
54,FR54,2422
54,FS54,2679
54,FT54,2668
54,FU54,2645
54,FV54,2633
54,FW54,2666
54,FX54,2734
54,FY54,2758
54,FZ54,2804
54,GA54,2841
54,GB54,2885
54,GC54,2947
54,GD54,2928
54,GE54,2912
54,GF54,2952
54,GG54,2942
54,GH54,2978
54,GI54,3008
54,GJ54,3014
54,GK54,3012
54,GL54,3015
54,GM54,3041
54,GN54,3069
54,GO54,3043
54,GP54,3114
54,GQ54,3113
54,GR54,3116
54,GS54,3171
54,GT54,3215
54,GU54,3245
54,GV54,3243
55,C55,Sin clasificación
55,E55,1
55,DM55,Sin clasificación
56,B56,Total 4
56,D56,35154
56,E56,38678
56,F56,51643
56,G56,52350
56,H56,52823
56,I56,53505
56,J56,54599
56,K56,55719
56,L56,54897
56,M56,55907
56,N56,56641
56,O56,57042
56,P56,55779
56,Q56,56278
56,R56,56199
56,S56,56580
56,T56,56691
56,U56,57508
56,V56,58309
56,W56,58934
56,X56,59271
56,Y56,60073
56,Z56,61014
56,AA56,61541
56,AB56,61895
56,AC56,62326
56,AD56,62113
56,AE56,62740
56,AF56,62336
56,AG56,62351
56,AH56,63472
56,AI56,64427
56,AJ56,64041
56,AK56,64688
56,AL56,66205
56,AM56,66279
56,AN56,66579
56,AO56,66994
56,AP56,67177
56,AQ56,67481
56,AR56,67695
56,AS56,70209
56,AT56,69763
56,AU56,70462
56,AV56,70143
56,AW56,70752
56,AX56,70204
56,AY56,70587
56,AZ56,71463
56,BA56,71772
56,BB56,72271
56,BC56,72538
56,BD56,71641
56,BE56,74176
56,BF56,75164
56,BG56,75435
56,BH56,76685
56,BI56,77520
56,BJ56,78485
56,BK56,79186
56,BL56,80060
56,BM56,80611
56,BN56,80961
56,BO56,81797
56,BP56,81693
56,BQ56,83544
56,BR56,85030
56,BS56,86129
56,BT56,86101
56,BU56,87532
56,BV56,88524
56,BW56,89029
56,BX56,89094
56,BY56,89578
56,BZ56,89709
56,CA56,90409
56,CB56,90858
56,CC56,92033
56,CD56,92732
56,CE56,93506
56,CF56,93960
56,CG56,94531
56,CH56,95156
56,CI56,95627
56,CJ56,95947
56,CK56,96413
56,CL56,96828
56,CM56,97191
56,CN56,98211
56,CO56,99017
56,CP56,99978
56,CQ56,100870
56,CR56,101681
56,CS56,103123
56,CT56,104236
56,CU56,104878
56,CV56,105179
56,CW56,105129
56,CX56,106028
56,CY56,106848
56,CZ56,107099
56,DA56,107917
56,DB56,108658
56,DC56,109030
56,DD56,110362
56,DE56,111438
56,DF56,112842
56,DG56,108962
56,DH56,110017
56,DI56,112622
56,DJ56,116371
56,DL56,Total 4
56,DN56,118983
56,DO56,119791
56,DP56,120748
56,DQ56,121249
56,DR56,121352
56,DS56,122596
56,DT56,123003
56,DU56,123263
56,DV56,122820
56,DW56,122568
56,DX56,122426
56,DY56,122593
56,DZ56,123221
56,EA56,123809
56,EB56,125149
56,EC56,127006
56,ED56,128453
56,EE56,129220
56,EF56,130387
56,EG56,131068
56,EH56,132914
56,EI56,135188
56,EJ56,139091
56,EK56,140515
56,EL56,142429
56,EM56,143832
56,EN56,146913
56,EO56,149127
56,EP56,154742
56,EQ56,157245
56,ER56,158647
56,ES56,158621
56,ET56,160450
56,EU56,161255
56,EV56,160844
56,EW56,164644
56,EX56,164972
56,EY56,164246
56,EZ56,166880
56,FA56,168656
56,FB56,168892
56,FC56,169664
56,FD56,169953
56,FE56,172166
56,FF56,172618
56,FG56,173663
56,FH56,176090
56,FI56,174516
56,FJ56,175463
56,FK56,177888
56,FL56,179124
56,FM56,179935
56,FN56,180613
56,FO56,181251
56,FP56,180016
56,FQ56,183493
56,FR56,183542
56,FS56,183735
56,FT56,183759
56,FU56,184346
56,FV56,185822
56,FW56,186461
56,FX56,187357
56,FY56,188135
56,FZ56,188951
56,GA56,189540
56,GB56,189973
56,GC56,191405
56,GD56,191080
56,GE56,191744
56,GF56,191746
56,GG56,193881
56,GH56,193877
56,GI56,195609
56,GJ56,195460
56,GK56,195599
56,GL56,195528
56,GM56,195888
56,GN56,195763
56,GO56,196310
56,GP56,196778
56,GQ56,197720
56,GR56,197742
56,GS56,199105
56,GT56,201683
56,GU56,203143
56,GV56,203429
57,B57,5
57,C57,Algarrobo
57,D57,564
57,E57,586
57,F57,676
57,G57,686
57,H57,687
57,I57,692
57,J57,684
57,K57,683
57,L57,681
57,M57,682
57,N57,694
57,O57,696
57,P57,704
57,Q57,714
57,R57,716
57,S57,718
57,T57,733
57,U57,736
57,V57,733
57,W57,738
57,X57,750
57,Y57,756
57,Z57,765
57,AA57,775
57,AB57,790
57,AC57,809
57,AD57,828
57,AE57,837
57,AF57,837
57,AG57,841
57,AH57,843
57,AI57,848
57,AJ57,855
57,AK57,862
57,AL57,869
57,AM57,872
57,AN57,878
57,AO57,880
57,AP57,880
57,AQ57,879
57,AR57,877
57,AS57,964
57,AT57,937
57,AU57,942
57,AV57,930
57,AW57,938
57,AX57,942
57,AY57,960
57,AZ57,966
57,BA57,980
57,BB57,976
57,BC57,991
57,BD57,970
57,BE57,1003
57,BF57,1000
57,BG57,1000
57,BH57,1017
57,BI57,1035
57,BJ57,1055
57,BK57,1063
57,BL57,1073
57,BM57,1099
57,BN57,1115
57,BO57,1161
57,BP57,1182
57,BQ57,1214
57,BR57,1233
57,BS57,1244
57,BT57,1227
57,BU57,1258
57,BV57,1297
57,BW57,1305
57,BX57,1320
57,BY57,1320
57,BZ57,1319
57,CA57,1373
57,CB57,1380
57,CC57,1381
57,CD57,1374
57,CE57,1380
57,CF57,1378
57,CG57,1379
57,CH57,1367
57,CI57,1365
57,CJ57,1160
57,CK57,1161
57,CL57,1177
57,CM57,1201
57,CN57,1204
57,CO57,1218
57,CP57,1213
57,CQ57,1404
57,CR57,1200
57,CS57,1433
57,CT57,1434
57,CU57,1440
57,CV57,1478
57,CW57,1448
57,CX57,1464
57,CY57,1481
57,CZ57,1483
57,DA57,1493
57,DB57,1488
57,DC57,1469
57,DD57,1469
57,DE57,1473
57,DF57,1460
57,DG57,1373
57,DH57,1441
57,DI57,1432
57,DJ57,1402
57,DL57,5
57,DM57,Algarrobo
57,DN57,1411
57,DO57,1418
57,DP57,1430
57,DQ57,1420
57,DR57,1421
57,DS57,1424
57,DT57,1436
57,DU57,1431
57,DV57,1447
57,DW57,1430
57,DX57,1451
57,DY57,1459
57,DZ57,1468
57,EA57,1474
57,EB57,1452
57,EC57,1433
57,ED57,1424
57,EE57,1405
57,EF57,1404
57,EG57,1419
57,EH57,1427
57,EI57,1471
57,EJ57,1569
57,EK57,1576
57,EL57,1587
57,EM57,1905
57,EN57,2672
57,EO57,2868
57,EP57,3297
57,EQ57,3360
57,ER57,3500
57,ES57,3521
57,ET57,3579
57,EU57,3658
57,EV57,3911
57,EW57,4097
57,EX57,4456
57,EY57,4421
57,EZ57,4654
57,FA57,4758
57,FB57,4840
57,FC57,4978
57,FD57,5195
57,FE57,5289
57,FF57,5422
57,FG57,5655
57,FH57,5744
57,FI57,6027
57,FJ57,6093
57,FK57,6149
57,FL57,6363
57,FM57,6415
57,FN57,6431
57,FO57,6480
57,FP57,6624
57,FQ57,6628
57,FR57,6688
57,FS57,6721
57,FT57,6671
57,FU57,6888
57,FV57,7150
57,FW57,7295
57,FX57,7262
57,FY57,7200
57,FZ57,7208
57,GA57,7253
57,GB57,7307
57,GC57,7289
57,GD57,7447
57,GE57,7462
57,GF57,7536
57,GG57,7726
57,GH57,8047
57,GI57,8246
57,GJ57,8277
57,GK57,8261
57,GL57,8233
57,GM57,8297
57,GN57,8336
57,GO57,8302
57,GP57,8458
57,GQ57,8490
57,GR57,8571
57,GS57,8634
57,GT57,8978
57,GU57,9064
57,GV57,8881
58,C58,Cabildo
58,D58,459
58,E58,528
58,F58,666
58,G58,666
58,H58,664
58,I58,674
58,J58,679
58,K58,686
58,L58,697
58,M58,696
58,N58,688
58,O58,692
58,P58,700
58,Q58,691
58,R58,684
58,S58,692
58,T58,682
58,U58,683
58,V58,693
58,W58,712
58,X58,719
58,Y58,720
58,Z58,725
58,AA58,729
58,AB58,733
58,AC58,735
58,AD58,732
58,AE58,716
58,AF58,716
58,AG58,720
58,AH58,722
58,AI58,726
58,AJ58,734
58,AK58,740
58,AL58,745
58,AM58,747
58,AN58,752
58,AO58,753
58,AP58,753
58,AQ58,753
58,AR58,751
58,AS58,812
58,AT58,790
58,AU58,795
58,AV58,789
58,AW58,796
58,AX58,801
58,AY58,810
58,AZ58,823
58,BA58,823
58,BB58,821
58,BC58,820
58,BD58,812
58,BE58,824
58,BF58,850
58,BG58,839
58,BH58,848
58,BI58,858
58,BJ58,872
58,BK58,868
58,BL58,877
58,BM58,881
58,BN58,896
58,BO58,887
58,BP58,888
58,BQ58,901
58,BR58,908
58,BS58,929
58,BT58,918
58,BU58,939
58,BV58,949
58,BW58,964
58,BX58,978
58,BY58,978
58,BZ58,977
58,CA58,992
58,CB58,984
58,CC58,985
58,CD58,994
58,CE58,1004
58,CF58,1011
58,CG58,1015
58,CH58,1024
58,CI58,1018
58,CJ58,1014
58,CK58,1019
58,CL58,996
58,CM58,1007
58,CN58,1015
58,CO58,1019
58,CP58,1047
58,CQ58,1058
58,CR58,1047
58,CS58,1048
58,CT58,1049
58,CU58,1052
58,CV58,1082
58,CW58,1083
58,CX58,1089
58,CY58,1086
58,CZ58,1089
58,DA58,1105
58,DB58,1108
58,DC58,1105
58,DD58,1102
58,DE58,1131
58,DF58,1236
58,DG58,1210
58,DH58,1230
58,DI58,1216
58,DJ58,1213
58,DM58,Cabildo
58,DN58,1209
58,DO58,1189
58,DP58,1183
58,DQ58,1137
58,DR58,1128
58,DS58,1127
58,DT58,1120
58,DU58,1100
58,DV58,1099
58,DW58,1087
58,DX58,1075
58,DY58,1055
58,DZ58,1034
58,EA58,1004
58,EB58,996
58,EC58,950
58,ED58,915
58,EE58,887
58,EF58,869
58,EG58,852
58,EH58,840
58,EI58,830
58,EJ58,793
58,EK58,780
58,EL58,757
58,EM58,759
58,EN58,766
58,EO58,771
58,EP58,754
58,EQ58,735
58,ER58,724
58,ES58,714
58,ET58,705
58,EU58,709
58,EV58,708
58,EW58,707
58,EX58,1131
58,EY58,1317
58,EZ58,1381
58,FA58,1437
58,FB58,1469
58,FC58,1510
58,FD58,1542
58,FE58,1916
58,FF58,1975
58,FG58,1957
58,FH58,1939
58,FI58,2023
58,FJ58,2066
58,FK58,2057
58,FL58,2208
58,FM58,2213
58,FN58,2185
58,FO58,2188
58,FP58,2170
58,FQ58,2219
58,FR58,2225
58,FS58,2246
58,FT58,2257
58,FU58,2228
58,FV58,2255
58,FW58,2254
58,FX58,2314
58,FY58,2338
58,FZ58,2353
58,GA58,2385
58,GB58,2416
58,GC58,2399
58,GD58,2394
58,GE58,2415
58,GF58,2413
58,GG58,2426
58,GH58,2383
58,GI58,2417
58,GJ58,2406
58,GK58,2440
58,GL58,2485
58,GM58,2517
58,GN58,2537
58,GO58,2538
58,GP58,2536
58,GQ58,2539
58,GR58,2530
58,GS58,2536
58,GT58,2545
58,GU58,2560
58,GV58,2587
59,C59,Calera
59,D59,2511
59,E59,2992
59,F59,3855
59,G59,3820
59,H59,3866
59,I59,3844
59,J59,3931
59,K59,3949
59,L59,3983
59,M59,4013
59,N59,4075
59,O59,4080
59,P59,4155
59,Q59,4147
59,R59,4130
59,S59,4153
59,T59,4097
59,U59,4181
59,V59,4198
59,W59,4284
59,X59,4322
59,Y59,4473
59,Z59,4451
59,AA59,4411
59,AB59,4414
59,AC59,4455
59,AD59,4425
59,AE59,4006
59,AF59,4083
59,AG59,4277
59,AH59,4697
59,AI59,4762
59,AJ59,5242
59,AK59,5512
59,AL59,5739
59,AM59,5800
59,AN59,5914
59,AO59,5972
59,AP59,5921
59,AQ59,5952
59,AR59,6029
59,AS59,6242
59,AT59,6297
59,AU59,6312
59,AV59,6375
59,AW59,6403
59,AX59,6407
59,AY59,6418
59,AZ59,6607
59,BA59,6629
59,BB59,6518
59,BC59,6437
59,BD59,6540
59,BE59,6640
59,BF59,6735
59,BG59,6807
59,BH59,6821
59,BI59,6967
59,BJ59,6963
59,BK59,7020
59,BL59,7120
59,BM59,7114
59,BN59,7013
59,BO59,7101
59,BP59,7112
59,BQ59,7203
59,BR59,7284
59,BS59,7395
59,BT59,7402
59,BU59,7499
59,BV59,7546
59,BW59,7537
59,BX59,7601
59,BY59,7579
59,BZ59,7564
59,CA59,7534
59,CB59,7557
59,CC59,7670
59,CD59,7729
59,CE59,7785
59,CF59,8005
59,CG59,8060
59,CH59,8144
59,CI59,8172
59,CJ59,8207
59,CK59,8074
59,CL59,8126
59,CM59,8078
59,CN59,8105
59,CO59,8204
59,CP59,8230
59,CQ59,8211
59,CR59,8313
59,CS59,8341
59,CT59,8377
59,CU59,8389
59,CV59,8127
59,CW59,8225
59,CX59,8130
59,CY59,8106
59,CZ59,8192
59,DA59,8142
59,DB59,8119
59,DC59,8207
59,DD59,8320
59,DE59,8348
59,DF59,8291
59,DG59,8542
59,DH59,8684
59,DI59,8670
59,DJ59,8523
59,DM59,Calera
59,DN59,9310
59,DO59,9416
59,DP59,9468
59,DQ59,9766
59,DR59,9741
59,DS59,9802
59,DT59,9866
59,DU59,9975
59,DV59,10047
59,DW59,10050
59,DX59,10255
59,DY59,10224
59,DZ59,10318
59,EA59,10453
59,EB59,10553
59,EC59,10845
59,ED59,10971
59,EE59,10986
59,EF59,11037
59,EG59,11131
59,EH59,11242
59,EI59,11359
59,EJ59,11668
59,EK59,11694
59,EL59,11774
59,EM59,11829
59,EN59,12046
59,EO59,12067
59,EP59,11628
59,EQ59,11727
59,ER59,11907
59,ES59,12855
59,ET59,13071
59,EU59,13130
59,EV59,13098
59,EW59,12666
59,EX59,12534
59,EY59,12518
59,EZ59,12616
59,FA59,12599
59,FB59,12564
59,FC59,12523
59,FD59,12630
59,FE59,12840
59,FF59,12846
59,FG59,12927
59,FH59,13215
59,FI59,13035
59,FJ59,12524
59,FK59,12318
59,FL59,12749
59,FM59,12725
59,FN59,12831
59,FO59,12814
59,FP59,12925
59,FQ59,13026
59,FR59,13078
59,FS59,13172
59,FT59,13113
59,FU59,13075
59,FV59,13056
59,FW59,13057
59,FX59,13120
59,FY59,13168
59,FZ59,13211
59,GA59,13247
59,GB59,13276
59,GC59,13286
59,GD59,13256
59,GE59,13308
59,GF59,13254
59,GG59,13346
59,GH59,13208
59,GI59,13288
59,GJ59,13290
59,GK59,13338
59,GL59,13462
59,GM59,13415
59,GN59,13389
59,GO59,13419
59,GP59,13312
59,GQ59,13501
59,GR59,13421
59,GS59,13401
59,GT59,13600
59,GU59,13816
59,GV59,14004
60,C60,Calle Larga
60,D60,265
60,E60,334
60,F60,416
60,G60,414
60,H60,423
60,I60,427
60,J60,438
60,K60,441
60,L60,447
60,M60,449
60,N60,455
60,O60,459
60,P60,478
60,Q60,480
60,R60,480
60,S60,484
60,T60,493
60,U60,493
60,V60,499
60,W60,507
60,X60,518
60,Y60,522
60,Z60,541
60,AA60,547
60,AB60,548
60,AC60,564
60,AD60,584
60,AE60,571
60,AF60,572
60,AG60,577
60,AH60,578
60,AI60,579
60,AJ60,586
60,AK60,588
60,AL60,591
60,AM60,591
60,AN60,593
60,AO60,593
60,AP60,592
60,AQ60,590
60,AR60,592
60,AS60,760
60,AT60,739
60,AU60,739
60,AV60,743
60,AW60,749
60,AX60,757
60,AY60,756
60,AZ60,758
60,BA60,753
60,BB60,752
60,BC60,750
60,BD60,732
60,BE60,756
60,BF60,763
60,BG60,763
60,BH60,780
60,BI60,786
60,BJ60,787
60,BK60,790
60,BL60,797
60,BM60,805
60,BN60,808
60,BO60,817
60,BP60,819
60,BQ60,832
60,BR60,836
60,BS60,851
60,BT60,841
60,BU60,862
60,BV60,861
60,BW60,877
60,BX60,893
60,BY60,894
60,BZ60,892
60,CA60,919
60,CB60,916
60,CC60,924
60,CD60,933
60,CE60,908
60,CF60,868
60,CG60,865
60,CH60,846
60,CI60,840
60,CJ60,838
60,CK60,838
60,CL60,827
60,CM60,823
60,CN60,826
60,CO60,833
60,CP60,827
60,CQ60,824
60,CR60,826
60,CS60,835
60,CT60,836
60,CU60,837
60,CV60,752
60,CW60,761
60,CX60,760
60,CY60,758
60,CZ60,755
60,DA60,764
60,DB60,753
60,DC60,760
60,DD60,765
60,DE60,766
60,DF60,768
60,DG60,688
60,DH60,753
60,DI60,745
60,DJ60,661
60,DM60,Calle Larga
60,DN60,674
60,DO60,676
60,DP60,668
60,DQ60,667
60,DR60,655
60,DS60,651
60,DT60,649
60,DU60,644
60,DV60,636
60,DW60,745
60,DX60,735
60,DY60,697
60,DZ60,698
60,EA60,682
60,EB60,663
60,EC60,646
60,ED60,635
60,EE60,633
60,EF60,625
60,EG60,616
60,EH60,616
60,EI60,611
60,EJ60,1146
60,EK60,1164
60,EL60,1164
60,EM60,1181
60,EN60,1207
60,EO60,1229
60,EP60,1224
60,EQ60,1229
60,ER60,1213
60,ES60,1214
60,ET60,1206
60,EU60,1214
60,EV60,1212
60,EW60,1796
60,EX60,1966
60,EY60,2024
60,EZ60,2097
60,FA60,2175
60,FB60,2225
60,FC60,2256
60,FD60,2296
60,FE60,2316
60,FF60,2325
60,FG60,2456
60,FH60,2715
60,FI60,2791
60,FJ60,2750
60,FK60,2736
60,FL60,2815
60,FM60,2868
60,FN60,2864
60,FO60,2881
60,FP60,2926
60,FQ60,2922
60,FR60,2926
60,FS60,2960
60,FT60,2968
60,FU60,2957
60,FV60,2980
60,FW60,2970
60,FX60,3004
60,FY60,3024
60,FZ60,3042
60,GA60,3073
60,GB60,3100
60,GC60,3148
60,GD60,3189
60,GE60,3246
60,GF60,3283
60,GG60,3327
60,GH60,3347
60,GI60,3368
60,GJ60,3428
60,GK60,3466
60,GL60,3497
60,GM60,3638
60,GN60,4373
60,GO60,4341
60,GP60,4308
60,GQ60,4372
60,GR60,4352
60,GS60,4365
60,GT60,4390
60,GU60,4410
60,GV60,4427
61,C61,Cartagena
61,D61,420
61,E61,505
61,F61,668
61,G61,676
61,H61,689
61,I61,692
61,J61,706
61,K61,711
61,L61,724
61,M61,733
61,N61,744
61,O61,749
61,P61,772
61,Q61,763
61,R61,774
61,S61,770
61,T61,764
61,U61,759
61,V61,767
61,W61,776
61,X61,783
61,Y61,792
61,Z61,808
61,AA61,822
61,AB61,827
61,AC61,842
61,AD61,872
61,AE61,883
61,AF61,884
61,AG61,889
61,AH61,892
61,AI61,896
61,AJ61,905
61,AK61,914
61,AL61,921
61,AM61,924
61,AN61,930
61,AO61,933
61,AP61,932
61,AQ61,932
61,AR61,929
61,AS61,1096
61,AT61,1064
61,AU61,1071
61,AV61,1059
61,AW61,1068
61,AX61,1075
61,AY61,1090
61,AZ61,1108
61,BA61,1116
61,BB61,1119
61,BC61,1146
61,BD61,1095
61,BE61,1198
61,BF61,1214
61,BG61,1197
61,BH61,1225
61,BI61,1225
61,BJ61,1256
61,BK61,1271
61,BL61,1285
61,BM61,1289
61,BN61,1314
61,BO61,1339
61,BP61,1351
61,BQ61,1380
61,BR61,1381
61,BS61,1410
61,BT61,1391
61,BU61,1426
61,BV61,1414
61,BW61,1435
61,BX61,1459
61,BY61,1461
61,BZ61,1458
61,CA61,1520
61,CB61,1529
61,CC61,1544
61,CD61,1554
61,CE61,1552
61,CF61,1562
61,CG61,1569
61,CH61,1592
61,CI61,1599
61,CJ61,1580
61,CK61,1584
61,CL61,1560
61,CM61,1559
61,CN61,1571
61,CO61,1577
61,CP61,1587
61,CQ61,1598
61,CR61,1591
61,CS61,1597
61,CT61,1599
61,CU61,1606
61,CV61,1599
61,CW61,1598
61,CX61,1597
61,CY61,1591
61,CZ61,1587
61,DA61,1582
61,DB61,1567
61,DC61,1581
61,DD61,1567
61,DE61,1560
61,DF61,1532
61,DG61,814
61,DH61,1463
61,DI61,857
61,DJ61,1511
61,DM61,Cartagena
61,DN61,1496
61,DO61,1484
61,DP61,1507
61,DQ61,1529
61,DR61,1532
61,DS61,1540
61,DT61,1540
61,DU61,1548
61,DV61,1555
61,DW61,1565
61,DX61,1551
61,DY61,1548
61,DZ61,1527
61,EA61,1500
61,EB61,1495
61,EC61,1467
61,ED61,1461
61,EE61,1448
61,EF61,1433
61,EG61,1419
61,EH61,1436
61,EI61,1468
61,EJ61,1526
61,EK61,3838
61,EL61,4238
61,EM61,4219
61,EN61,4038
61,EO61,4109
61,EP61,4198
61,EQ61,4282
61,ER61,4414
61,ES61,4496
61,ET61,4547
61,EU61,4623
61,EV61,4709
61,EW61,4780
61,EX61,4942
61,EY61,5047
61,EZ61,5159
61,FA61,5184
61,FB61,5202
61,FC61,5272
61,FD61,5349
61,FE61,5457
61,FF61,5653
61,FG61,5734
61,FH61,5815
61,FI61,5868
61,FJ61,6091
61,FK61,6208
61,FL61,6349
61,FM61,6300
61,FN61,6217
61,FO61,6232
61,FP61,6175
61,FQ61,6160
61,FR61,6158
61,FS61,6154
61,FT61,6137
61,FU61,6128
61,FV61,6217
61,FW61,6046
61,FX61,6140
61,FY61,6295
61,FZ61,6404
61,GA61,6423
61,GB61,6485
61,GC61,6511
61,GD61,6532
61,GE61,6525
61,GF61,6552
61,GG61,6614
61,GH61,6784
61,GI61,6901
61,GJ61,6957
61,GK61,6938
61,GL61,6886
61,GM61,6860
61,GN61,6904
61,GO61,6793
61,GP61,6800
61,GQ61,6749
61,GR61,6824
61,GS61,6850
61,GT61,7075
61,GU61,7250
61,GV61,7272
62,C62,Casablanca
62,D62,1033
62,E62,903
62,F62,4329
62,G62,4521
62,H62,4677
62,I62,4786
62,J62,4938
62,K62,5046
62,L62,4579
62,M62,7339
62,N62,4847
62,O62,4967
62,P62,1181
62,Q62,1184
62,R62,1185
62,S62,1196
62,T62,1202
62,U62,1210
62,V62,1218
62,W62,1228
62,X62,1217
62,Y62,1215
62,Z62,1233
62,AA62,1254
62,AB62,1275
62,AC62,1286
62,AD62,1292
62,AE62,1252
62,AF62,1251
62,AG62,1260
62,AH62,1263
62,AI62,1272
62,AJ62,1284
62,AK62,1296
62,AL62,1308
62,AM62,1312
62,AN62,1322
62,AO62,1326
62,AP62,1324
62,AQ62,1322
62,AR62,1319
62,AS62,1592
62,AT62,1540
62,AU62,1552
62,AV62,1572
62,AW62,1589
62,AX62,1598
62,AY62,1589
62,AZ62,1634
62,BA62,1636
62,BB62,1636
62,BC62,1642
62,BD62,1605
62,BE62,1651
62,BF62,1676
62,BG62,1682
62,BH62,1714
62,BI62,1756
62,BJ62,1780
62,BK62,1809
62,BL62,1829
62,BM62,1845
62,BN62,1844
62,BO62,1836
62,BP62,1820
62,BQ62,1882
62,BR62,1866
62,BS62,1876
62,BT62,1848
62,BU62,1892
62,BV62,1875
62,BW62,1879
62,BX62,1894
62,BY62,1898
62,BZ62,1894
62,CA62,1898
62,CB62,1899
62,CC62,1915
62,CD62,1925
62,CE62,1920
62,CF62,1955
62,CG62,1985
62,CH62,1998
62,CI62,2002
62,CJ62,2023
62,CK62,2014
62,CL62,2005
62,CM62,1991
62,CN62,2001
62,CO62,2025
62,CP62,2035
62,CQ62,2069
62,CR62,2052
62,CS62,2050
62,CT62,2055
62,CU62,2060
62,CV62,2064
62,CW62,2071
62,CX62,2089
62,CY62,2099
62,CZ62,2089
62,DA62,2093
62,DB62,2097
62,DC62,2083
62,DD62,2088
62,DE62,2089
62,DF62,2098
62,DG62,2053
62,DH62,2107
62,DI62,2093
62,DJ62,2069
62,DM62,Casablanca
62,DN62,2051
62,DO62,2040
62,DP62,2035
62,DQ62,2024
62,DR62,2014
62,DS62,2022
62,DT62,2033
62,DU62,2032
62,DV62,2032
62,DW62,2029
62,DX62,2012
62,DY62,2010
62,DZ62,1979
62,EA62,1946
62,EB62,1944
62,EC62,1925
62,ED62,1881
62,EE62,1872
62,EF62,2392
62,EG62,2756
62,EH62,2887
62,EI62,3261
62,EJ62,3199
62,EK62,3249
62,EL62,3284
62,EM62,3404
62,EN62,3435
62,EO62,3570
62,EP62,3659
62,EQ62,3773
62,ER62,3775
62,ES62,3776
62,ET62,3500
62,EU62,3477
62,EV62,3491
62,EW62,3934
62,EX62,3912
62,EY62,3883
62,EZ62,3915
62,FA62,4107
62,FB62,4139
62,FC62,4155
62,FD62,4159
62,FE62,4372
62,FF62,4557
62,FG62,4698
62,FH62,4765
62,FI62,4736
62,FJ62,4721
62,FK62,4710
62,FL62,4820
62,FM62,4834
62,FN62,4808
62,FO62,4813
62,FP62,4828
62,FQ62,4885
62,FR62,4907
62,FS62,5017
62,FT62,5022
62,FU62,5035
62,FV62,5086
62,FW62,5078
62,FX62,5130
62,FY62,5184
62,FZ62,5202
62,GA62,5277
62,GB62,5268
62,GC62,5374
62,GD62,5400
62,GE62,5391
62,GF62,5404
62,GG62,5435
62,GH62,5423
62,GI62,5470
62,GJ62,5497
62,GK62,5557
62,GL62,5583
62,GM62,5650
62,GN62,5728
62,GO62,5726
62,GP62,5783
62,GQ62,5800
62,GR62,5795
62,GS62,5865
62,GT62,5965
62,GU62,6043
62,GV62,6193
63,C63,Catemu
63,D63,188
63,E63,192
63,F63,198
63,G63,206
63,H63,205
63,I63,211
63,J63,214
63,K63,219
63,L63,222
63,M63,235
63,N63,248
63,O63,266
63,P63,275
63,Q63,282
63,R63,286
63,S63,288
63,T63,295
63,U63,298
63,V63,302
63,W63,313
63,X63,321
63,Y63,330
63,Z63,332
63,AA63,330
63,AB63,336
63,AC63,331
63,AD63,338
63,AE63,326
63,AF63,326
63,AG63,327
63,AH63,326
63,AI63,327
63,AJ63,328
63,AK63,330
63,AL63,332
63,AM63,332
63,AN63,334
63,AO63,334
63,AP63,334
63,AQ63,334
63,AR63,334
63,AS63,370
63,AT63,360
63,AU63,361
63,AV63,360
63,AW63,362
63,AX63,362
63,AY63,368
63,AZ63,378
63,BA63,374
63,BB63,369
63,BC63,362
63,BD63,363
63,BE63,369
63,BF63,370
63,BG63,371
63,BH63,378
63,BI63,378
63,BJ63,387
63,BK63,389
63,BL63,391
63,BM63,401
63,BN63,399
63,BO63,396
63,BP63,405
63,BQ63,411
63,BR63,414
63,BS63,421
63,BT63,416
63,BU63,425
63,BV63,434
63,BW63,442
63,BX63,447
63,BY63,447
63,BZ63,447
63,CA63,445
63,CB63,440
63,CC63,435
63,CD63,438
63,CE63,442
63,CF63,441
63,CG63,439
63,CH63,441
63,CI63,435
63,CJ63,438
63,CK63,438
63,CL63,437
63,CM63,439
63,CN63,439
63,CO63,440
63,CP63,436
63,CQ63,442
63,CR63,435
63,CS63,439
63,CT63,439
63,CU63,441
63,CV63,443
63,CW63,437
63,CX63,444
63,CY63,448
63,CZ63,446
63,DA63,449
63,DB63,444
63,DC63,451
63,DD63,450
63,DE63,452
63,DF63,455
63,DG63,442
63,DH63,456
63,DI63,452
63,DJ63,441
63,DM63,Catemu
63,DN63,442
63,DO63,441
63,DP63,443
63,DQ63,446
63,DR63,443
63,DS63,449
63,DT63,450
63,DU63,443
63,DV63,458
63,DW63,464
63,DX63,461
63,DY63,456
63,DZ63,457
63,EA63,448
63,EB63,442
63,EC63,437
63,ED63,434
63,EE63,432
63,EF63,434
63,EG63,433
63,EH63,432
63,EI63,435
63,EJ63,391
63,EK63,389
63,EL63,376
63,EM63,382
63,EN63,385
63,EO63,384
63,EP63,382
63,EQ63,379
63,ER63,376
63,ES63,372
63,ET63,365
63,EU63,974
63,EV63,1162
63,EW63,1175
63,EX63,1189
63,EY63,1194
63,EZ63,1224
63,FA63,1251
63,FB63,1261
63,FC63,1284
63,FD63,1314
63,FE63,1345
63,FF63,1345
63,FG63,1368
63,FH63,1375
63,FI63,1370
63,FJ63,1380
63,FK63,1388
63,FL63,1533
63,FM63,1534
63,FN63,1542
63,FO63,1539
63,FP63,1569
63,FQ63,1571
63,FR63,1579
63,FS63,1592
63,FT63,1596
63,FU63,1582
63,FV63,1571
63,FW63,1556
63,FX63,1566
63,FY63,1580
63,FZ63,1608
63,GA63,1618
63,GB63,1626
63,GC63,1652
63,GD63,1667
63,GE63,1686
63,GF63,1697
63,GG63,1689
63,GH63,1690
63,GI63,1703
63,GJ63,1743
63,GK63,1764
63,GL63,1780
63,GM63,1796
63,GN63,1783
63,GO63,1777
63,GP63,1787
63,GQ63,1790
63,GR63,1782
63,GS63,1785
63,GT63,1828
63,GU63,1834
63,GV63,1870
64,C64,Concón
64,D64,4850
64,E64,5113
64,F64,5736
64,G64,5807
64,H64,5826
64,I64,5857
64,J64,6118
64,K64,6101
64,L64,6142
64,M64,7005
64,N64,6213
64,O64,6274
64,P64,6319
64,Q64,6331
64,R64,6338
64,S64,6398
64,T64,6430
64,U64,6475
64,V64,6536
64,W64,6635
64,X64,6684
64,Y64,6716
64,Z64,6778
64,AA64,6810
64,AB64,6890
64,AC64,6965
64,AD64,7044
64,AE64,6859
64,AF64,6903
64,AG64,6817
64,AH64,6976
64,AI64,7054
64,AJ64,7987
64,AK64,7299
64,AL64,7627
64,AM64,7676
64,AN64,7680
64,AO64,7759
64,AP64,7772
64,AQ64,7814
64,AR64,7850
64,AS64,7850
64,AT64,7875
64,AU64,7923
64,AV64,7962
64,AW64,8003
64,AX64,8026
64,AY64,8082
64,AZ64,8148
64,BA64,8221
64,BB64,8234
64,BC64,8290
64,BD64,8268
64,BE64,8423
64,BF64,8499
64,BG64,8536
64,BH64,8662
64,BI64,8780
64,BJ64,8854
64,BK64,8944
64,BL64,8960
64,BM64,9059
64,BN64,9189
64,BO64,9343
64,BP64,9427
64,BQ64,9548
64,BR64,9661
64,BS64,9745
64,BT64,9758
64,BU64,9890
64,BV64,9981
64,BW64,10030
64,BX64,10185
64,BY64,10239
64,BZ64,10314
64,CA64,10453
64,CB64,10529
64,CC64,9957
64,CD64,10012
64,CE64,10628
64,CF64,10658
64,CG64,10792
64,CH64,10904
64,CI64,10926
64,CJ64,11027
64,CK64,11101
64,CL64,11151
64,CM64,11329
64,CN64,11478
64,CO64,11510
64,CP64,11568
64,CQ64,11588
64,CR64,11626
64,CS64,11674
64,CT64,11728
64,CU64,11792
64,CV64,11858
64,CW64,11936
64,CX64,12081
64,CY64,12252
64,CZ64,12348
64,DA64,12356
64,DB64,12344
64,DC64,12385
64,DD64,12493
64,DE64,12534
64,DF64,12625
64,DG64,12298
64,DH64,12613
64,DI64,12762
64,DJ64,12896
64,DM64,Concón
64,DN64,13221
64,DO64,13340
64,DP64,13401
64,DQ64,13386
64,DR64,13331
64,DS64,13360
64,DT64,13397
64,DU64,13438
64,DV64,13442
64,DW64,13452
64,DX64,13449
64,DY64,13559
64,DZ64,13675
64,EA64,13744
64,EB64,13790
64,EC64,13693
64,ED64,13679
64,EE64,13714
64,EF64,13637
64,EG64,13581
64,EH64,15038
64,EI64,14694
64,EJ64,14777
64,EK64,15177
64,EL64,15406
64,EM64,15925
64,EN64,16120
64,EO64,16228
64,EP64,16356
64,EQ64,16550
64,ER64,16755
64,ES64,16860
64,ET64,17500
64,EU64,17415
64,EV64,17556
64,EW64,17685
64,EX64,17948
64,EY64,17950
64,EZ64,18408
64,FA64,18424
64,FB64,18542
64,FC64,18810
64,FD64,19114
64,FE64,19373
64,FF64,19520
64,FG64,19628
64,FH64,19705
64,FI64,19777
64,FJ64,19727
64,FK64,19790
64,FL64,20116
64,FM64,20043
64,FN64,19944
64,FO64,19814
64,FP64,20042
64,FQ64,20171
64,FR64,20176
64,FS64,20226
64,FT64,20266
64,FU64,20296
64,FV64,20471
64,FW64,20466
64,FX64,20492
64,FY64,20523
64,FZ64,20529
64,GA64,20576
64,GB64,20541
64,GC64,20583
64,GD64,20581
64,GE64,20720
64,GF64,20754
64,GG64,20954
64,GH64,20910
64,GI64,21092
64,GJ64,21071
64,GK64,21108
64,GL64,21130
64,GM64,20920
64,GN64,20503
64,GO64,20317
64,GP64,29084
64,GQ64,20646
64,GR64,20625
64,GS64,20699
64,GT64,20968
64,GU64,20995
64,GV64,20753
65,C65,El Quisco
65,D65,478
65,E65,543
65,F65,633
65,G65,643
65,H65,645
65,I65,649
65,J65,644
65,K65,663
65,L65,655
65,M65,656
65,N65,660
65,O65,661
65,P65,660
65,Q65,665
65,R65,675
65,S65,698
65,T65,696
65,U65,695
65,V65,695
65,W65,708
65,X65,713
65,Y65,723
65,Z65,731
65,AA65,744
65,AB65,753
65,AC65,755
65,AD65,772
65,AE65,794
65,AF65,794
65,AG65,798
65,AH65,799
65,AI65,803
65,AJ65,810
65,AK65,817
65,AL65,824
65,AM65,825
65,AN65,830
65,AO65,831
65,AP65,831
65,AQ65,832
65,AR65,831
65,AS65,901
65,AT65,876
65,AU65,881
65,AV65,867
65,AW65,874
65,AX65,879
65,AY65,897
65,AZ65,909
65,BA65,915
65,BB65,915
65,BC65,932
65,BD65,901
65,BE65,961
65,BF65,956
65,BG65,961
65,BH65,980
65,BI65,984
65,BJ65,967
65,BK65,967
65,BL65,978
65,BM65,971
65,BN65,1012
65,BO65,1025
65,BP65,1019
65,BQ65,1028
65,BR65,1023
65,BS65,1053
65,BT65,1040
65,BU65,1062
65,BV65,1090
65,BW65,1112
65,BX65,1118
65,BY65,1118
65,BZ65,1116
65,CA65,1159
65,CB65,1146
65,CC65,1145
65,CD65,1136
65,CE65,1141
65,CF65,1139
65,CG65,1141
65,CH65,1134
65,CI65,1131
65,CJ65,1158
65,CK65,1163
65,CL65,1169
65,CM65,1180
65,CN65,1187
65,CO65,1196
65,CP65,1203
65,CQ65,1202
65,CR65,1193
65,CS65,1195
65,CT65,1198
65,CU65,1200
65,CV65,1249
65,CW65,1229
65,CX65,1217
65,CY65,1214
65,CZ65,1195
65,DA65,1194
65,DB65,1180
65,DC65,1163
65,DD65,1152
65,DE65,1142
65,DF65,1136
65,DG65,451
65,DH65,1093
65,DI65,524
65,DJ65,1088
65,DM65,El Quisco
65,DN65,1093
65,DO65,1089
65,DP65,1088
65,DQ65,1072
65,DR65,1085
65,DS65,1085
65,DT65,1084
65,DU65,1070
65,DV65,1072
65,DW65,1060
65,DX65,1056
65,DY65,1057
65,DZ65,1047
65,EA65,1036
65,EB65,1031
65,EC65,1006
65,ED65,995
65,EE65,983
65,EF65,974
65,EG65,956
65,EH65,977
65,EI65,1017
65,EJ65,1086
65,EK65,1113
65,EL65,1394
65,EM65,2811
65,EN65,2680
65,EO65,2940
65,EP65,3167
65,EQ65,3302
65,ER65,3537
65,ES65,3659
65,ET65,3769
65,EU65,3844
65,EV65,3916
65,EW65,4039
65,EX65,4268
65,EY65,4424
65,EZ65,4528
65,FA65,4582
65,FB65,4711
65,FC65,4733
65,FD65,4841
65,FE65,4964
65,FF65,5289
65,FG65,5377
65,FH65,5478
65,FI65,5578
65,FJ65,5771
65,FK65,5851
65,FL65,6112
65,FM65,6084
65,FN65,6068
65,FO65,6074
65,FP65,6155
65,FQ65,6197
65,FR65,6236
65,FS65,6283
65,FT65,6318
65,FU65,6338
65,FV65,6334
65,FW65,6382
65,FX65,6455
65,FY65,6572
65,FZ65,6614
65,GA65,6657
65,GB65,6716
65,GC65,6775
65,GD65,6827
65,GE65,6875
65,GF65,6966
65,GG65,7048
65,GH65,7345
65,GI65,7520
65,GJ65,7558
65,GK65,7571
65,GL65,7613
65,GM65,7671
65,GN65,7728
65,GO65,7732
65,GP65,7777
65,GQ65,7786
65,GR65,7827
65,GS65,7875
65,GT65,8208
65,GU65,8543
65,GV65,8618
66,C66,El Tabo
66,D66,481
66,E66,543
66,F66,667
66,G66,669
66,H66,668
66,I66,661
66,J66,670
66,K66,674
66,L66,671
66,M66,676
66,N66,685
66,O66,684
66,P66,681
66,Q66,686
66,R66,676
66,S66,678
66,T66,683
66,U66,692
66,V66,693
66,W66,698
66,X66,694
66,Y66,701
66,Z66,712
66,AA66,721
66,AB66,730
66,AC66,746
66,AD66,746
66,AE66,734
66,AF66,734
66,AG66,738
66,AH66,740
66,AI66,744
66,AJ66,752
66,AK66,759
66,AL66,765
66,AM66,767
66,AN66,773
66,AO66,775
66,AP66,775
66,AQ66,775
66,AR66,773
66,AS66,889
66,AT66,863
66,AU66,869
66,AV66,856
66,AW66,864
66,AX66,868
66,AY66,885
66,AZ66,898
66,BA66,892
66,BB66,904
66,BC66,933
66,BD66,894
66,BE66,949
66,BF66,973
66,BG66,968
66,BH66,980
66,BI66,998
66,BJ66,1006
66,BK66,1025
66,BL66,1035
66,BM66,1037
66,BN66,1049
66,BO66,1071
66,BP66,1082
66,BQ66,1095
66,BR66,1111
66,BS66,1119
66,BT66,1105
66,BU66,1132
66,BV66,1130
66,BW66,1156
66,BX66,1165
66,BY66,1166
66,BZ66,1164
66,CA66,1218
66,CB66,1238
66,CC66,1240
66,CD66,1234
66,CE66,1252
66,CF66,1255
66,CG66,1259
66,CH66,1258
66,CI66,1258
66,CJ66,1268
66,CK66,1270
66,CL66,1276
66,CM66,1288
66,CN66,1296
66,CO66,1283
66,CP66,1293
66,CQ66,1289
66,CR66,690
66,CS66,699
66,CT66,699
66,CU66,703
66,CV66,1339
66,CW66,1330
66,CX66,1212
66,CY66,1224
66,CZ66,1182
66,DA66,1240
66,DB66,1234
66,DC66,1229
66,DD66,1225
66,DE66,1228
66,DF66,1217
66,DG66,1242
66,DH66,1287
66,DI66,1296
66,DJ66,1300
66,DM66,El Tabo
66,DN66,1304
66,DO66,1309
66,DP66,1313
66,DQ66,1316
66,DR66,1300
66,DS66,1308
66,DT66,1300
66,DU66,1285
66,DV66,1286
66,DW66,1279
66,DX66,1275
66,DY66,1265
66,DZ66,1240
66,EA66,1227
66,EB66,1215
66,EC66,1193
66,ED66,1193
66,EE66,1179
66,EF66,1207
66,EG66,1220
66,EH66,1236
66,EI66,1276
66,EJ66,1078
66,EK66,1092
66,EL66,2045
66,EM66,2290
66,EN66,2205
66,EO66,2334
66,EP66,2413
66,EQ66,2451
66,ER66,2577
66,ES66,2641
66,ET66,2723
66,EU66,2782
66,EV66,2810
66,EW66,2931
66,EX66,3184
66,EY66,3331
66,EZ66,3453
66,FA66,3509
66,FB66,3521
66,FC66,3543
66,FD66,3605
66,FE66,3698
66,FF66,3907
66,FG66,4091
66,FH66,4208
66,FI66,4314
66,FJ66,4543
66,FK66,4651
66,FL66,4827
66,FM66,4818
66,FN66,4778
66,FO66,4827
66,FP66,4905
66,FQ66,4905
66,FR66,4920
66,FS66,5027
66,FT66,5008
66,FU66,5222
66,FV66,5442
66,FW66,5524
66,FX66,5585
66,FY66,5621
66,FZ66,5662
66,GA66,5709
66,GB66,5763
66,GC66,5786
66,GD66,5863
66,GE66,5939
66,GF66,5971
66,GG66,6032
66,GH66,6365
66,GI66,6568
66,GJ66,6538
66,GK66,6443
66,GL66,6394
66,GM66,6503
66,GN66,6577
66,GO66,6484
66,GP66,6585
66,GQ66,6589
66,GR66,6771
66,GS66,6760
66,GT66,7008
66,GU66,7508
66,GV66,7770
67,C67,Hijuelas
67,D67,314
67,E67,348
67,F67,415
67,G67,410
67,H67,412
67,I67,410
67,J67,415
67,K67,421
67,L67,432
67,M67,431
67,N67,447
67,O67,437
67,P67,446
67,Q67,444
67,R67,442
67,S67,459
67,T67,444
67,U67,459
67,V67,453
67,W67,458
67,X67,482
67,Y67,499
67,Z67,488
67,AA67,479
67,AB67,471
67,AC67,490
67,AD67,490
67,AE67,529
67,AF67,567
67,AG67,582
67,AH67,582
67,AI67,590
67,AJ67,613
67,AK67,608
67,AL67,627
67,AM67,621
67,AN67,618
67,AO67,621
67,AP67,606
67,AQ67,601
67,AR67,604
67,AS67,671
67,AT67,669
67,AU67,685
67,AV67,616
67,AW67,657
67,AX67,657
67,AY67,671
67,AZ67,667
67,BA67,682
67,BB67,666
67,BC67,622
67,BD67,653
67,BE67,652
67,BF67,662
67,BG67,669
67,BH67,673
67,BI67,693
67,BJ67,687
67,BK67,702
67,BL67,717
67,BM67,713
67,BN67,667
67,BO67,713
67,BP67,723
67,BQ67,743
67,BR67,747
67,BS67,759
67,BT67,764
67,BU67,773
67,BV67,763
67,BW67,749
67,BX67,739
67,BY67,739
67,BZ67,731
67,CA67,721
67,CB67,723
67,CC67,731
67,CD67,729
67,CE67,735
67,CF67,764
67,CG67,764
67,CH67,762
67,CI67,767
67,CJ67,766
67,CK67,751
67,CL67,748
67,CM67,742
67,CN67,742
67,CO67,731
67,CP67,733
67,CQ67,736
67,CR67,881
67,CS67,881
67,CT67,880
67,CU67,881
67,CV67,880
67,CW67,875
67,CX67,870
67,CY67,862
67,CZ67,857
67,DA67,861
67,DB67,861
67,DC67,852
67,DD67,853
67,DE67,849
67,DF67,844
67,DG67,800
67,DH67,819
67,DI67,821
67,DJ67,635
67,DM67,Hijuelas
67,DN67,621
67,DO67,616
67,DP67,612
67,DQ67,605
67,DR67,602
67,DS67,600
67,DT67,702
67,DU67,704
67,DV67,697
67,DW67,692
67,DX67,693
67,DY67,669
67,DZ67,673
67,EA67,671
67,EB67,659
67,EC67,652
67,ED67,648
67,EE67,650
67,EF67,648
67,EG67,656
67,EH67,654
67,EI67,655
67,EJ67,560
67,EK67,561
67,EL67,537
67,EM67,664
67,EN67,664
67,EO67,664
67,EP67,657
67,EQ67,651
67,ER67,643
67,ES67,641
67,ET67,635
67,EU67,608
67,EV67,1190
67,EW67,1872
67,EX67,1850
67,EY67,1900
67,EZ67,1956
67,FA67,2066
67,FB67,2082
67,FC67,2113
67,FD67,2152
67,FE67,2213
67,FF67,2240
67,FG67,2319
67,FH67,2382
67,FI67,2387
67,FJ67,2388
67,FK67,2376
67,FL67,2509
67,FM67,2521
67,FN67,2521
67,FO67,2554
67,FP67,2591
67,FQ67,2612
67,FR67,2633
67,FS67,2670
67,FT67,2676
67,FU67,2692
67,FV67,2709
67,FW67,2689
67,FX67,2726
67,FY67,2780
67,FZ67,2819
67,GA67,2865
67,GB67,2903
67,GC67,2990
67,GD67,2982
67,GE67,2974
67,GF67,3001
67,GG67,3037
67,GH67,3049
67,GI67,3093
67,GJ67,3136
67,GK67,3148
67,GL67,3192
67,GM67,3209
67,GN67,3234
67,GO67,3256
67,GP67,3202
67,GQ67,3301
67,GR67,3329
67,GS67,3352
67,GT67,3389
67,GU67,3582
67,GV67,3768
68,C68,Isla de Pascua
68,D68,219
68,E68,53
68,F68,137
68,G68,137
68,H68,137
68,I68,134
68,J68,136
68,K68,134
68,L68,133
68,M68,137
68,N68,141
68,O68,145
68,P68,140
68,Q68,143
68,R68,151
68,S68,152
68,T68,152
68,U68,152
68,V68,152
68,W68,154
68,X68,156
68,Y68,155
68,Z68,162
68,AA68,157
68,AB68,158
68,AC68,155
68,AD68,155
68,AE68,155
68,AF68,155
68,AG68,157
68,AH68,156
68,AI68,157
68,AJ68,157
68,AK68,153
68,AL68,153
68,AM68,153
68,AN68,152
68,AO68,153
68,AP68,157
68,AQ68,157
68,AR68,155
68,AS68,289
68,AT68,295
68,AU68,295
68,AV68,292
68,AW68,291
68,AX68,290
68,AY68,289
68,AZ68,288
68,BA68,288
68,BB68,287
68,BC68,289
68,BD68,286
68,BE68,301
68,BF68,282
68,BG68,282
68,BH68,282
68,BI68,280
68,BJ68,281
68,BK68,281
68,BL68,280
68,BM68,294
68,BN68,277
68,BO68,279
68,BP68,283
68,BQ68,283
68,BR68,282
68,BS68,281
68,BT68,282
68,BU68,294
68,BV68,274
68,BW68,300
68,BX68,298
68,BY68,298
68,BZ68,281
68,CA68,281
68,CB68,281
68,CC68,282
68,CD68,270
68,CE68,266
68,CF68,277
68,CG68,273
68,CH68,272
68,CI68,270
68,CJ68,267
68,CK68,265
68,CL68,264
68,CM68,262
68,CN68,262
68,CO68,260
68,CP68,259
68,CQ68,260
68,CR68,259
68,CS68,258
68,CT68,261
68,CU68,260
68,CV68,260
68,CW68,259
68,CX68,258
68,CY68,258
68,CZ68,278
68,DA68,255
68,DB68,252
68,DC68,251
68,DD68,246
68,DE68,246
68,DF68,246
68,DG68,244
68,DH68,243
68,DI68,238
68,DJ68,235
68,DM68,Isla de Pascua
68,DN68,234
68,DO68,231
68,DP68,231
68,DQ68,231
68,DR68,230
68,DS68,230
68,DT68,230
68,DU68,229
68,DV68,229
68,DW68,228
68,DX68,228
68,DY68,227
68,DZ68,227
68,EA68,227
68,EB68,227
68,EC68,227
68,ED68,227
68,EE68,227
68,EF68,227
68,EG68,227
68,EH68,225
68,EI68,225
68,EJ68,225
68,EK68,225
68,EL68,225
68,EM68,222
68,EN68,218
68,EO68,218
68,EP68,218
68,EQ68,218
68,ER68,218
68,ES68,218
68,ET68,217
68,EU68,217
68,EV68,216
68,EW68,216
68,EX68,214
68,EY68,212
68,EZ68,211
68,FA68,210
68,FB68,210
68,FC68,210
68,FD68,210
68,FE68,209
68,FF68,209
68,FG68,212
68,FH68,473
68,FI68,552
68,FJ68,553
68,FK68,552
68,FL68,555
68,FM68,555
68,FN68,600
68,FO68,692
68,FP68,731
68,FQ68,778
68,FR68,804
68,FS68,896
68,FT68,974
68,FU68,1008
68,FV68,1079
68,FW68,1119
68,FX68,1199
68,FY68,1224
68,FZ68,1241
68,GA68,1267
68,GB68,1295
68,GC68,1433
68,GD68,1495
68,GE68,1365
68,GF68,1417
68,GG68,1420
68,GH68,1469
68,GI68,1548
68,GJ68,1609
68,GK68,1722
68,GL68,1817
68,GM68,1912
68,GN68,1957
68,GO68,2005
68,GP68,2092
68,GQ68,2092
68,GR68,2102
68,GS68,2312
68,GT68,2411
68,GU68,2491
68,GV68,2542
69,C69,Juan Fernández
69,D69,20
69,E69,20
69,F69,20
69,G69,20
69,H69,20
69,I69,18
69,J69,13
69,K69,11
69,L69,9
69,M69,9
69,N69,8
69,O69,7
69,P69,1
69,Q69,1
69,R69,1
69,S69,1
69,T69,1
69,U69,1
69,V69,1
69,W69,1
69,X69,1
69,Y69,1
69,Z69,1
69,AA69,1
69,AB69,1
69,AC69,1
69,AD69,1
69,CZ69,1
69,DA69,1
69,DB69,1
69,DC69,1
69,DD69,1
69,DE69,1
69,DF69,1
69,DG69,1
69,DH69,1
69,DI69,1
69,DM69,Juan Fernández
69,DP69,1
69,DQ69,1
69,DR69,1
69,DS69,1
69,DT69,1
69,DU69,1
69,DV69,1
69,DW69,1
69,DX69,1
69,DY69,1
69,DZ69,1
69,EA69,1
69,EB69,1
69,EC69,1
69,ED69,1
69,EE69,1
69,EF69,1
69,EG69,1
69,EH69,1
69,EI69,1
69,EX69,9
69,EY69,67
69,EZ69,87
69,FA69,88
69,FB69,90
69,FC69,90
69,FD69,92
69,FE69,93
69,FF69,97
69,FG69,99
69,FH69,102
69,FI69,105
69,FJ69,110
69,FK69,113
69,FL69,117
69,FM69,121
69,FN69,120
69,FO69,124
69,FP69,126
69,FQ69,128
69,FR69,129
69,FS69,134
69,FT69,135
69,FU69,137
69,FV69,145
69,FW69,142
69,FX69,146
69,FY69,146
69,FZ69,147
69,GA69,149
69,GB69,153
69,GC69,157
69,GD69,159
69,GE69,166
69,GF69,175
69,GG69,171
69,GH69,175
69,GI69,173
69,GJ69,172
69,GK69,183
69,GL69,181
69,GM69,182
69,GN69,184
69,GO69,186
69,GP69,195
69,GQ69,194
69,GR69,191
69,GS69,210
69,GT69,221
69,GU69,228
69,GV69,236
70,C70,La Cruz
70,D70,577
70,E70,749
70,F70,1359
70,G70,1362
70,H70,1385
70,I70,1391
70,J70,1413
70,K70,1446
70,L70,1445
70,M70,1448
70,N70,1470
70,O70,1492
70,P70,1502
70,Q70,1506
70,R70,1503
70,S70,1522
70,T70,1526
70,U70,1548
70,V70,1562
70,W70,1587
70,X70,1593
70,Y70,1630
70,Z70,1654
70,AA70,1673
70,AB70,1698
70,AC70,1695
70,AD70,1727
70,AE70,1700
70,AF70,1709
70,AG70,1696
70,AH70,1774
70,AI70,1812
70,AJ70,1787
70,AK70,1810
70,AL70,1906
70,AM70,1895
70,AN70,1906
70,AO70,1922
70,AP70,1897
70,AQ70,1917
70,AR70,1933
70,AS70,2056
70,AT70,2052
70,AU70,2073
70,AV70,2068
70,AW70,2112
70,AX70,2124
70,AY70,2141
70,AZ70,2150
70,BA70,2150
70,BB70,2164
70,BC70,2150
70,BD70,2150
70,BE70,2194
70,BF70,2223
70,BG70,2240
70,BH70,2263
70,BI70,2322
70,BJ70,2340
70,BK70,2339
70,BL70,2363
70,BM70,2367
70,BN70,2397
70,BO70,2432
70,BP70,2509
70,BQ70,2562
70,BR70,2563
70,BS70,2587
70,BT70,2616
70,BU70,2646
70,BV70,2683
70,BW70,2715
70,BX70,2742
70,BY70,2761
70,BZ70,2795
70,CA70,2821
70,CB70,2855
70,CC70,2917
70,CD70,2971
70,CE70,2994
70,CF70,3013
70,CG70,3062
70,CH70,3102
70,CI70,3135
70,CJ70,3176
70,CK70,3388
70,CL70,3396
70,CM70,3428
70,CN70,3448
70,CO70,3470
70,CP70,3480
70,CQ70,3486
70,CR70,3557
70,CS70,3571
70,CT70,3575
70,CU70,3589
70,CV70,3613
70,CW70,3680
70,CX70,3667
70,CY70,3672
70,CZ70,3725
70,DA70,3710
70,DB70,3725
70,DC70,3737
70,DD70,3761
70,DE70,3773
70,DF70,3787
70,DG70,3735
70,DH70,3777
70,DI70,3768
70,DJ70,3749
70,DM70,La Cruz
70,DN70,3761
70,DO70,3776
70,DP70,3821
70,DQ70,3850
70,DR70,3965
70,DS70,3984
70,DT70,4045
70,DU70,4108
70,DV70,4099
70,DW70,4122
70,DX70,4136
70,DY70,4151
70,DZ70,4180
70,EA70,4194
70,EB70,4238
70,EC70,4312
70,ED70,4395
70,EE70,4403
70,EF70,4422
70,EG70,4456
70,EH70,4475
70,EI70,4488
70,EJ70,5043
70,EK70,5056
70,EL70,5064
70,EM70,5073
70,EN70,5167
70,EO70,5215
70,EP70,5249
70,EQ70,5319
70,ER70,5349
70,ES70,5739
70,ET70,6118
70,EU70,6325
70,EV70,6458
70,EW70,6348
70,EX70,6378
70,EY70,6392
70,EZ70,6598
70,FA70,6487
70,FB70,6482
70,FC70,6557
70,FD70,6623
70,FE70,6676
70,FF70,6674
70,FG70,6722
70,FH70,6762
70,FI70,6746
70,FJ70,6713
70,FK70,6701
70,FL70,6742
70,FM70,6812
70,FN70,6787
70,FO70,6791
70,FP70,6782
70,FQ70,6822
70,FR70,6865
70,FS70,6879
70,FT70,6862
70,FU70,6838
70,FV70,6862
70,FW70,6843
70,FX70,6854
70,FY70,6903
70,FZ70,6903
70,GA70,6935
70,GB70,6935
70,GC70,6976
70,GD70,6968
70,GE70,6956
70,GF70,7005
70,GG70,7053
70,GH70,7115
70,GI70,7150
70,GJ70,7165
70,GK70,7195
70,GL70,7188
70,GM70,7185
70,GN70,7312
70,GO70,7365
70,GP70,7301
70,GQ70,7387
70,GR70,7370
70,GS70,7359
70,GT70,7407
70,GU70,7411
70,GV70,7449
71,C71,La Ligua
71,D71,985
71,E71,1007
71,F71,1162
71,G71,1175
71,H71,1191
71,I71,1187
71,J71,1185
71,K71,1201
71,L71,1208
71,M71,1211
71,N71,1222
71,O71,1239
71,P71,1256
71,Q71,1251
71,R71,1242
71,S71,1247
71,T71,1261
71,U71,1261
71,V71,1249
71,W71,1271
71,X71,1282
71,Y71,1294
71,Z71,1311
71,AA71,1323
71,AB71,1329
71,AC71,1352
71,AD71,1371
71,AE71,1414
71,AF71,1414
71,AG71,1424
71,AH71,1429
71,AI71,1440
71,AJ71,1453
71,AK71,1466
71,AL71,1478
71,AM71,1482
71,AN71,1494
71,AO71,1498
71,AP71,1496
71,AQ71,1493
71,AR71,1488
71,AS71,1720
71,AT71,1666
71,AU71,1680
71,AV71,1686
71,AW71,1702
71,AX71,1710
71,AY71,1713
71,AZ71,1736
71,BA71,1733
71,BB71,1750
71,BC71,1747
71,BD71,1712
71,BE71,1738
71,BF71,1734
71,BG71,1723
71,BH71,1752
71,BI71,1758
71,BJ71,1769
71,BK71,1816
71,BL71,1835
71,BM71,1861
71,BN71,1864
71,BO71,1855
71,BP71,1855
71,BQ71,1875
71,BR71,1887
71,BS71,1950
71,BT71,1923
71,BU71,1967
71,BV71,2000
71,BW71,2036
71,BX71,2084
71,BY71,2084
71,BZ71,2080
71,CA71,1293
71,CB71,1317
71,CC71,1344
71,CD71,1362
71,CE71,1364
71,CF71,1390
71,CG71,2237
71,CH71,2263
71,CI71,2250
71,CJ71,2251
71,CK71,2246
71,CL71,2230
71,CM71,2218
71,CN71,2231
71,CO71,2234
71,CP71,2243
71,CQ71,2262
71,CR71,2241
71,CS71,2259
71,CT71,2264
71,CU71,2270
71,CV71,2294
71,CW71,2286
71,CX71,2291
71,CY71,2276
71,CZ71,2293
71,DA71,2294
71,DB71,2305
71,DC71,2320
71,DD71,2321
71,DE71,2312
71,DF71,2299
71,DG71,2239
71,DH71,2280
71,DI71,2249
71,DJ71,2207
71,DM71,La Ligua
71,DN71,2191
71,DO71,2164
71,DP71,2148
71,DQ71,2114
71,DR71,2094
71,DS71,2095
71,DT71,2066
71,DU71,2042
71,DV71,2008
71,DW71,1991
71,DX71,1965
71,DY71,1943
71,DZ71,1916
71,EA71,1878
71,EB71,1855
71,EC71,1832
71,ED71,1802
71,EE71,1749
71,EF71,1718
71,EG71,1688
71,EH71,1677
71,EI71,1670
71,EJ71,1622
71,EK71,1615
71,EL71,1593
71,EM71,1626
71,EN71,1648
71,EO71,1644
71,EP71,1964
71,EQ71,1961
71,ER71,2002
71,ES71,2868
71,ET71,3164
71,EU71,3247
71,EV71,3282
71,EW71,3489
71,EX71,3549
71,EY71,3508
71,EZ71,3695
71,FA71,3833
71,FB71,4037
71,FC71,4235
71,FD71,4382
71,FE71,4677
71,FF71,4966
71,FG71,5060
71,FH71,5107
71,FI71,5089
71,FJ71,5159
71,FK71,5315
71,FL71,5668
71,FM71,5816
71,FN71,5818
71,FO71,5852
71,FP71,5945
71,FQ71,6066
71,FR71,6112
71,FS71,6178
71,FT71,6263
71,FU71,6303
71,FV71,6459
71,FW71,6540
71,FX71,6615
71,FY71,6686
71,FZ71,6797
71,GA71,6874
71,GB71,6930
71,GC71,7015
71,GD71,7069
71,GE71,7108
71,GF71,7119
71,GG71,7206
71,GH71,7289
71,GI71,7475
71,GJ71,7532
71,GK71,7561
71,GL71,7561
71,GM71,7693
71,GN71,7795
71,GO71,7475
71,GP71,7517
71,GQ71,7629
71,GR71,7615
71,GS71,7704
71,GT71,7860
71,GU71,7971
71,GV71,8011
72,C72,Limache
72,D72,2066
72,E72,2257
72,F72,3357
72,G72,3357
72,H72,3400
72,I72,3469
72,J72,3516
72,K72,3557
72,L72,3575
72,M72,3585
72,N72,3617
72,O72,3657
72,P72,3693
72,Q72,3700
72,R72,3700
72,S72,3711
72,T72,3744
72,U72,3812
72,V72,3856
72,W72,3958
72,X72,4034
72,Y72,4114
72,Z72,4187
72,AA72,4172
72,AB72,4208
72,AC72,4223
72,AD72,4222
72,AE72,4137
72,AF72,4143
72,AG72,4143
72,AH72,4285
72,AI72,4368
72,AJ72,4353
72,AK72,4424
72,AL72,4543
72,AM72,4559
72,AN72,4592
72,AO72,4607
72,AP72,4595
72,AQ72,4621
72,AR72,4640
72,AS72,4772
72,AT72,4741
72,AU72,4780
72,AV72,4805
72,AW72,4844
72,AX72,4878
72,AY72,4875
72,AZ72,4949
72,BA72,4932
72,BB72,4981
72,BC72,4994
72,BD72,4947
72,BE72,5134
72,BF72,5205
72,BG72,5229
72,BH72,5359
72,BI72,5388
72,BJ72,5454
72,BK72,5482
72,BL72,5566
72,BM72,5557
72,BN72,5565
72,BO72,5578
72,BP72,5611
72,BQ72,5736
72,BR72,5815
72,BS72,5892
72,BT72,5912
72,BU72,6025
72,BV72,6131
72,BW72,6171
72,BX72,6200
72,BY72,6233
72,BZ72,6251
72,CA72,6292
72,CB72,6334
72,CC72,6372
72,CD72,6381
72,CE72,6443
72,CF72,5909
72,CG72,6530
72,CH72,6542
72,CI72,6546
72,CJ72,6568
72,CK72,6545
72,CL72,6539
72,CM72,6537
72,CN72,6540
72,CO72,6554
72,CP72,6603
72,CQ72,6608
72,CR72,6650
72,CS72,6687
72,CT72,6710
72,CU72,6736
72,CV72,6797
72,CW72,6860
72,CX72,6870
72,CY72,6924
72,CZ72,6962
72,DA72,7021
72,DB72,7073
72,DC72,7121
72,DD72,7210
72,DE72,7165
72,DF72,7154
72,DG72,7081
72,DH72,7147
72,DI72,7121
72,DJ72,7082
72,DM72,Limache
72,DN72,7120
72,DO72,7132
72,DP72,7169
72,DQ72,7149
72,DR72,7136
72,DS72,7178
72,DT72,7195
72,DU72,7296
72,DV72,7362
72,DW72,7375
72,DX72,7343
72,DY72,7444
72,DZ72,7468
72,EA72,7506
72,EB72,7576
72,EC72,7842
72,ED72,8577
72,EE72,8832
72,EF72,8926
72,EG72,9133
72,EH72,9329
72,EI72,9452
72,EJ72,9788
72,EK72,9791
72,EL72,9970
72,EM72,10084
72,EN72,10165
72,EO72,10216
72,EP72,10259
72,EQ72,10556
72,ER72,11231
72,ES72,11554
72,ET72,11591
72,EU72,11680
72,EV72,11735
72,EW72,11834
72,EX72,11803
72,EY72,11830
72,EZ72,11981
72,FA72,12123
72,FB72,12193
72,FC72,12386
72,FD72,12526
72,FE72,12629
72,FF72,12641
72,FG72,12895
72,FH72,12979
72,FI72,13101
72,FJ72,12694
72,FK72,12723
72,FL72,12907
72,FM72,12948
72,FN72,12987
72,FO72,13144
72,FP72,13200
72,FQ72,13280
72,FR72,13317
72,FS72,13425
72,FT72,13415
72,FU72,13364
72,FV72,13374
72,FW72,13412
72,FX72,13520
72,FY72,13607
72,FZ72,13663
72,GA72,13669
72,GB72,13668
72,GC72,13892
72,GD72,13895
72,GE72,13914
72,GF72,13938
72,GG72,14034
72,GH72,13980
72,GI72,14200
72,GJ72,14263
72,GK72,14313
72,GL72,14372
72,GM72,14415
72,GN72,14571
72,GO72,14672
72,GP72,14638
72,GQ72,14662
72,GR72,14640
72,GS72,14701
72,GT72,14948
72,GU72,15030
72,GV72,15099
73,C73,Llaillay
73,D73,508
73,E73,553
73,F73,664
73,G73,666
73,H73,654
73,I73,652
73,J73,653
73,K73,667
73,L73,646
73,M73,653
73,N73,676
73,O73,671
73,P73,679
73,Q73,682
73,R73,676
73,S73,686
73,T73,679
73,U73,674
73,V73,664
73,W73,678
73,X73,703
73,Y73,733
73,Z73,726
73,AA73,732
73,AB73,735
73,AC73,749
73,AD73,764
73,AE73,849
73,AF73,845
73,AG73,850
73,AH73,846
73,AI73,848
73,AJ73,851
73,AK73,860
73,AL73,872
73,AM73,868
73,AN73,864
73,AO73,872
73,AP73,864
73,AQ73,878
73,AR73,883
73,AS73,1050
73,AT73,1032
73,AU73,1053
73,AV73,1030
73,AW73,1057
73,AX73,1074
73,AY73,1084
73,AZ73,1094
73,BA73,1122
73,BB73,1106
73,BC73,1095
73,BD73,1102
73,BE73,1148
73,BF73,1132
73,BG73,1127
73,BH73,1143
73,BI73,1172
73,BJ73,1187
73,BK73,1193
73,BL73,1201
73,BM73,1231
73,BN73,1235
73,BO73,1261
73,BP73,1280
73,BQ73,1335
73,BR73,1366
73,BS73,1376
73,BT73,1355
73,BU73,1385
73,BV73,1402
73,BW73,1405
73,BX73,1377
73,BY73,1376
73,BZ73,1377
73,CA73,1424
73,CB73,1418
73,CC73,1439
73,CD73,1440
73,CE73,1440
73,CF73,1532
73,CG73,1525
73,CH73,1532
73,CI73,1522
73,CJ73,1520
73,CK73,1501
73,CL73,1513
73,CM73,1491
73,CN73,1516
73,CO73,1499
73,CP73,1483
73,CQ73,1482
73,CR73,1484
73,CS73,1506
73,CT73,1501
73,CU73,1508
73,CV73,1512
73,CW73,1519
73,CX73,1510
73,CY73,1494
73,CZ73,1491
73,DA73,1469
73,DB73,1453
73,DC73,1472
73,DD73,1470
73,DE73,1475
73,DF73,1492
73,DG73,1464
73,DH73,1498
73,DI73,1490
73,DJ73,1430
73,DM73,Llaillay
73,DN73,1430
73,DO73,1425
73,DP73,1448
73,DQ73,1445
73,DR73,1446
73,DS73,1447
73,DT73,1536
73,DU73,1531
73,DV73,1560
73,DW73,1557
73,DX73,1537
73,DY73,1508
73,DZ73,1524
73,EA73,1485
73,EB73,1485
73,EC73,1494
73,ED73,1505
73,EE73,1515
73,EF73,1501
73,EG73,1501
73,EH73,1503
73,EI73,2084
73,EJ73,2571
73,EK73,2558
73,EL73,2538
73,EM73,2557
73,EN73,2677
73,EO73,2749
73,EP73,2887
73,EQ73,2965
73,ER73,2843
73,ES73,2901
73,ET73,2843
73,EU73,3810
73,EV73,4404
73,EW73,4408
73,EX73,4350
73,EY73,4366
73,EZ73,4474
73,FA73,4459
73,FB73,4474
73,FC73,4513
73,FD73,4492
73,FE73,4522
73,FF73,4492
73,FG73,4504
73,FH73,3875
73,FI73,3909
73,FJ73,3906
73,FK73,3891
73,FL73,3427
73,FM73,3465
73,FN73,3473
73,FO73,3483
73,FP73,3511
73,FQ73,3581
73,FR73,3630
73,FS73,3654
73,FT73,3666
73,FU73,3692
73,FV73,3707
73,FW73,3672
73,FX73,3717
73,FY73,3781
73,FZ73,3829
73,GA73,3907
73,GB73,3953
73,GC73,3978
73,GD73,4003
73,GE73,4005
73,GF73,4067
73,GG73,4089
73,GH73,4096
73,GI73,4105
73,GJ73,4147
73,GK73,4200
73,GL73,4224
73,GM73,5198
73,GN73,5125
73,GO73,5155
73,GP73,5183
73,GQ73,5209
73,GR73,5223
73,GS73,5247
73,GT73,5276
73,GU73,5469
73,GV73,5647
74,C74,Los Andes
74,D74,4923
74,E74,5660
74,F74,7162
74,G74,7046
74,H74,7067
74,I74,7136
74,J74,7183
74,K74,7276
74,L74,7344
74,M74,7417
74,N74,7478
74,O74,7487
74,P74,7500
74,Q74,7503
74,R74,7460
74,S74,7443
74,T74,7423
74,U74,7499
74,V74,7588
74,W74,7763
74,X74,7895
74,Y74,7969
74,Z74,8034
74,AA74,8101
74,AB74,8182
74,AC74,8238
74,AD74,8281
74,AE74,8020
74,AF74,8110
74,AG74,8134
74,AH74,8388
74,AI74,8497
74,AJ74,8673
74,AK74,8814
74,AL74,9017
74,AM74,8984
74,AN74,9169
74,AO74,9200
74,AP74,9190
74,AQ74,9242
74,AR74,9262
74,AS74,9902
74,AT74,9871
74,AU74,9877
74,AV74,9945
74,AW74,10083
74,AX74,10112
74,AY74,10201
74,AZ74,10409
74,BA74,10518
74,BB74,10441
74,BC74,10468
74,BD74,10428
74,BE74,10890
74,BF74,11035
74,BG74,11108
74,BH74,11295
74,BI74,11564
74,BJ74,11685
74,BK74,11869
74,BL74,11918
74,BM74,11978
74,BN74,12035
74,BO74,12159
74,BP74,12122
74,BQ74,12309
74,BR74,12434
74,BS74,12605
74,BT74,12582
74,BU74,12784
74,BV74,12886
74,BW74,12913
74,BX74,13031
74,BY74,13034
74,BZ74,13013
74,CA74,13073
74,CB74,13115
74,CC74,13240
74,CD74,13440
74,CE74,13683
74,CF74,13714
74,CG74,13718
74,CH74,13778
74,CI74,13825
74,CJ74,13874
74,CK74,13927
74,CL74,13920
74,CM74,13959
74,CN74,14011
74,CO74,14104
74,CP74,14218
74,CQ74,14371
74,CR74,14423
74,CS74,14518
74,CT74,14604
74,CU74,14708
74,CV74,14614
74,CW74,14632
74,CX74,14639
74,CY74,14623
74,CZ74,14615
74,DA74,14733
74,DB74,14933
74,DC74,14975
74,DD74,15043
74,DE74,15144
74,DF74,15337
74,DG74,15346
74,DH74,15886
74,DI74,15883
74,DJ74,15713
74,DM74,Los Andes
74,DN74,15763
74,DO74,15799
74,DP74,15846
74,DQ74,15919
74,DR74,16035
74,DS74,16207
74,DT74,16418
74,DU74,16437
74,DV74,16347
74,DW74,16276
74,DX74,16314
74,DY74,16281
74,DZ74,16223
74,EA74,16325
74,EB74,16679
74,EC74,17504
74,ED74,17840
74,EE74,18011
74,EF74,18168
74,EG74,18438
74,EH74,18615
74,EI74,18060
74,EJ74,17701
74,EK74,17812
74,EL74,17945
74,EM74,18049
74,EN74,18212
74,EO74,18432
74,EP74,18822
74,EQ74,19022
74,ER74,19103
74,ES74,19083
74,ET74,19102
74,EU74,19277
74,EV74,20031
74,EW74,20020
74,EX74,19993
74,EY74,19982
74,EZ74,20369
74,FA74,20378
74,FB74,20381
74,FC74,20406
74,FD74,20469
74,FE74,20389
74,FF74,20221
74,FG74,20133
74,FH74,19956
74,FI74,19578
74,FJ74,20515
74,FK74,20479
74,FL74,20174
74,FM74,20308
74,FN74,20266
74,FO74,20145
74,FP74,20148
74,FQ74,20347
74,FR74,20313
74,FS74,20400
74,FT74,20472
74,FU74,20398
74,FV74,20435
74,FW74,20391
74,FX74,20526
74,FY74,20659
74,FZ74,20795
74,GA74,20767
74,GB74,20864
74,GC74,21077
74,GD74,21058
74,GE74,21045
74,GF74,21068
74,GG74,21137
74,GH74,20986
74,GI74,21177
74,GJ74,21182
74,GK74,21234
74,GL74,21285
74,GM74,21243
74,GN74,20687
74,GO74,20715
74,GP74,20677
74,GQ74,20981
74,GR74,21010
74,GS74,20931
74,GT74,21023
74,GU74,21508
74,GV74,22063
75,C75,Nogales
75,D75,809
75,E75,885
75,F75,1124
75,G75,1136
75,H75,1136
75,I75,1140
75,J75,1144
75,K75,1159
75,L75,1187
75,M75,1182
75,N75,1194
75,O75,1190
75,P75,1199
75,Q75,1197
75,R75,1192
75,S75,1179
75,T75,1172
75,U75,1173
75,V75,1178
75,W75,1187
75,X75,1200
75,Y75,1208
75,Z75,1227
75,AA75,1237
75,AB75,1241
75,AC75,1239
75,AD75,1252
75,AE75,1252
75,AF75,1252
75,AG75,1259
75,AH75,1262
75,AI75,1270
75,AJ75,1281
75,AK75,1292
75,AL75,1303
75,AM75,1307
75,AN75,1316
75,AO75,1319
75,AP75,1317
75,AQ75,1315
75,AR75,1312
75,AS75,1416
75,AT75,1371
75,AU75,1390
75,AV75,1416
75,AW75,1432
75,AX75,1445
75,AY75,1438
75,AZ75,1463
75,BA75,1471
75,BB75,1479
75,BC75,1458
75,BD75,1449
75,BE75,1476
75,BF75,1490
75,BG75,1488
75,BH75,1512
75,BI75,1525
75,BJ75,1521
75,BK75,1546
75,BL75,1568
75,BM75,1587
75,BN75,1567
75,BO75,1569
75,BP75,1559
75,BQ75,1559
75,BR75,1552
75,BS75,1564
75,BT75,1545
75,BU75,1580
75,BV75,1637
75,BW75,1650
75,BX75,1663
75,BY75,1671
75,BZ75,1664
75,CA75,1681
75,CB75,1697
75,CC75,1708
75,CD75,1730
75,CE75,1733
75,CF75,1825
75,CG75,1831
75,CH75,1840
75,CI75,1852
75,CJ75,1843
75,CK75,1823
75,CL75,1828
75,CM75,1820
75,CN75,1828
75,CO75,1828
75,CP75,1838
75,CQ75,1858
75,CR75,1843
75,CS75,1846
75,CT75,1843
75,CU75,1854
75,CV75,1874
75,CW75,1856
75,CX75,1848
75,CY75,1848
75,CZ75,1840
75,DA75,1850
75,DB75,1835
75,DC75,1831
75,DD75,1831
75,DE75,1739
75,DF75,1746
75,DG75,1580
75,DH75,1825
75,DI75,1636
75,DJ75,1743
75,DM75,Nogales
75,DN75,1744
75,DO75,1738
75,DP75,1728
75,DQ75,1713
75,DR75,1703
75,DS75,1719
75,DT75,1720
75,DU75,1715
75,DV75,1729
75,DW75,1705
75,DX75,1685
75,DY75,1660
75,DZ75,1662
75,EA75,1633
75,EB75,1638
75,EC75,1620
75,ED75,1635
75,EE75,1642
75,EF75,1665
75,EG75,1692
75,EH75,1710
75,EI75,1733
75,EJ75,1842
75,EK75,1852
75,EL75,1802
75,EM75,1937
75,EN75,1962
75,EO75,2006
75,EP75,2011
75,EQ75,2011
75,ER75,2023
75,ES75,2805
75,ET75,3254
75,EU75,3325
75,EV75,3394
75,EW75,3662
75,EX75,3539
75,EY75,3670
75,EZ75,3707
75,FA75,3710
75,FB75,3764
75,FC75,3738
75,FD75,3764
75,FE75,3845
75,FF75,3852
75,FG75,3882
75,FH75,3902
75,FI75,3808
75,FJ75,3804
75,FK75,3772
75,FL75,4112
75,FM75,4121
75,FN75,4122
75,FO75,4109
75,FP75,4095
75,FQ75,4155
75,FR75,4213
75,FS75,4215
75,FT75,4231
75,FU75,4198
75,FV75,4171
75,FW75,4178
75,FX75,4195
75,FY75,4226
75,FZ75,4269
75,GA75,4289
75,GB75,4287
75,GC75,4342
75,GD75,4349
75,GE75,4341
75,GF75,4353
75,GG75,4378
75,GH75,4363
75,GI75,4396
75,GJ75,4397
75,GK75,4411
75,GL75,4418
75,GM75,4500
75,GN75,4524
75,GO75,4461
75,GP75,4456
75,GQ75,4510
75,GR75,4507
75,GS75,4532
75,GT75,4527
75,GU75,4532
75,GV75,4543
76,C76,Olmué
76,D76,535
76,E76,606
76,F76,711
76,G76,722
76,H76,728
76,I76,726
76,J76,730
76,K76,739
76,L76,750
76,M76,759
76,N76,777
76,O76,785
76,P76,785
76,Q76,787
76,R76,794
76,S76,804
76,T76,809
76,U76,811
76,V76,808
76,W76,832
76,X76,831
76,Y76,867
76,Z76,864
76,AA76,863
76,AB76,869
76,AC76,876
76,AD76,889
76,AE76,889
76,AF76,903
76,AG76,880
76,AH76,882
76,AI76,882
76,AJ76,895
76,AK76,890
76,AL76,914
76,AM76,906
76,AN76,906
76,AO76,915
76,AP76,910
76,AQ76,908
76,AR76,912
76,AS76,1004
76,AT76,974
76,AU76,989
76,AV76,961
76,AW76,990
76,AX76,996
76,AY76,994
76,AZ76,1006
76,BA76,1028
76,BB76,1015
76,BC76,1008
76,BD76,1015
76,BE76,1036
76,BF76,1034
76,BG76,1019
76,BH76,1021
76,BI76,1031
76,BJ76,1024
76,BK76,1039
76,BL76,1047
76,BM76,1036
76,BN76,1024
76,BO76,1029
76,BP76,1014
76,BQ76,1021
76,BR76,1033
76,BS76,1052
76,BT76,1038
76,BU76,1060
76,BV76,1068
76,BW76,1068
76,BX76,1071
76,BY76,1071
76,BZ76,1070
76,CA76,1099
76,CB76,1095
76,CC76,1091
76,CD76,1098
76,CE76,1090
76,CF76,375
76,CG76,1120
76,CH76,1129
76,CI76,1126
76,CJ76,1127
76,CK76,1118
76,CL76,1123
76,CM76,1114
76,CN76,1121
76,CO76,1117
76,CP76,1162
76,CQ76,1168
76,CR76,1156
76,CS76,1135
76,CT76,1136
76,CU76,1143
76,CV76,1131
76,CW76,1150
76,CX76,1132
76,CY76,1141
76,CZ76,1137
76,DA76,1144
76,DB76,1058
76,DC76,1059
76,DD76,1060
76,DE76,1073
76,DF76,1066
76,DG76,1049
76,DH76,1130
76,DI76,1072
76,DJ76,1044
76,DM76,Olmué
76,DN76,1037
76,DO76,1035
76,DP76,1031
76,DQ76,1019
76,DR76,989
76,DS76,996
76,DT76,1000
76,DU76,987
76,DV76,990
76,DW76,987
76,DX76,985
76,DY76,982
76,DZ76,1036
76,EA76,1026
76,EB76,1016
76,EC76,1008
76,ED76,1008
76,EE76,1001
76,EF76,999
76,EG76,1009
76,EH76,1016
76,EI76,1031
76,EJ76,1129
76,EK76,1128
76,EL76,1119
76,EM76,1153
76,EN76,1173
76,EO76,1189
76,EP76,2221
76,EQ76,2517
76,ER76,2606
76,ES76,2712
76,ET76,3003
76,EU76,2927
76,EV76,2908
76,EW76,3138
76,EX76,3173
76,EY76,3117
76,EZ76,3129
76,FA76,3347
76,FB76,3347
76,FC76,3362
76,FD76,3334
76,FE76,3391
76,FF76,3410
76,FG76,3458
76,FH76,3486
76,FI76,3453
76,FJ76,3426
76,FK76,3429
76,FL76,3577
76,FM76,3562
76,FN76,3527
76,FO76,3535
76,FP76,3460
76,FQ76,3585
76,FR76,3598
76,FS76,3626
76,FT76,3657
76,FU76,3701
76,FV76,3706
76,FW76,3678
76,FX76,3711
76,FY76,3736
76,FZ76,3770
76,GA76,3793
76,GB76,3784
76,GC76,3902
76,GD76,3904
76,GE76,3918
76,GF76,3953
76,GG76,3992
76,GH76,4017
76,GI76,4056
76,GJ76,4077
76,GK76,4085
76,GL76,4127
76,GM76,4191
76,GN76,4258
76,GO76,4199
76,GP76,4230
76,GQ76,4252
76,GR76,4263
76,GS76,4275
76,GT76,4300
76,GU76,4474
76,GV76,4634
77,C77,Panquehue
77,D77,154
77,E77,194
77,F77,217
77,G77,219
77,H77,231
77,I77,232
77,J77,237
77,K77,245
77,L77,251
77,M77,256
77,N77,258
77,O77,263
77,P77,272
77,Q77,260
77,R77,260
77,S77,283
77,T77,269
77,U77,279
77,V77,265
77,W77,264
77,X77,264
77,Y77,288
77,Z77,276
77,AA77,266
77,AB77,263
77,AC77,267
77,AD77,265
77,AE77,284
77,AF77,284
77,AG77,291
77,AH77,286
77,AI77,277
77,AJ77,276
77,AK77,265
77,AL77,273
77,AM77,263
77,AN77,256
77,AO77,262
77,AP77,258
77,AQ77,265
77,AR77,272
77,AS77,291
77,AT77,297
77,AU77,305
77,AV77,283
77,AW77,298
77,AX77,305
77,AY77,309
77,AZ77,300
77,BA77,313
77,BB77,294
77,BC77,287
77,BD77,297
77,BE77,311
77,BF77,317
77,BG77,311
77,BH77,305
77,BI77,319
77,BJ77,315
77,BK77,303
77,BL77,302
77,BM77,311
77,BN77,291
77,BO77,315
77,BP77,315
77,BQ77,319
77,BR77,314
77,BS77,320
77,BT77,321
77,BU77,328
77,BV77,328
77,BW77,326
77,BX77,328
77,BY77,329
77,BZ77,329
77,CA77,332
77,CB77,330
77,CC77,341
77,CD77,341
77,CE77,348
77,CF77,394
77,CG77,391
77,CH77,392
77,CI77,385
77,CJ77,376
77,CK77,382
77,CL77,369
77,CM77,365
77,CN77,366
77,CO77,374
77,CP77,374
77,CQ77,377
77,CR77,374
77,CS77,387
77,CT77,383
77,CU77,385
77,CV77,389
77,CW77,386
77,CX77,379
77,CY77,382
77,CZ77,388
77,DA77,386
77,DB77,384
77,DC77,382
77,DD77,377
77,DE77,385
77,DF77,386
77,DG77,374
77,DH77,403
77,DI77,388
77,DJ77,390
77,DM77,Panquehue
77,DN77,385
77,DO77,392
77,DP77,387
77,DQ77,388
77,DR77,382
77,DS77,378
77,DT77,379
77,DU77,376
77,DV77,378
77,DW77,376
77,DX77,360
77,DY77,362
77,DZ77,364
77,EA77,357
77,EB77,350
77,EC77,361
77,ED77,370
77,EE77,400
77,EF77,415
77,EG77,430
77,EH77,443
77,EI77,458
77,EJ77,435
77,EK77,436
77,EL77,427
77,EM77,433
77,EN77,436
77,EO77,443
77,EP77,445
77,EQ77,439
77,ER77,425
77,ES77,427
77,ET77,430
77,EU77,425
77,EV77,418
77,EW77,420
77,EX77,249
77,EY77,417
77,EZ77,417
77,FA77,406
77,FB77,399
77,FC77,384
77,FD77,367
77,FE77,352
77,FF77,335
77,FG77,332
77,FH77,330
77,FI77,304
77,FJ77,292
77,FK77,293
77,FL77,810
77,FM77,873
77,FN77,986
77,FO77,911
77,FP77,1060
77,FQ77,1057
77,FR77,1061
77,FS77,1060
77,FT77,1072
77,FU77,1067
77,FV77,1109
77,FW77,1116
77,FX77,1131
77,FY77,1156
77,FZ77,1157
77,GA77,1167
77,GB77,1181
77,GC77,1229
77,GD77,1262
77,GE77,1296
77,GF77,1301
77,GG77,1323
77,GH77,1354
77,GI77,1452
77,GJ77,1467
77,GK77,1467
77,GL77,1466
77,GM77,1485
77,GN77,1509
77,GO77,1536
77,GP77,1563
77,GQ77,1581
77,GR77,1571
77,GS77,1575
77,GT77,1588
77,GU77,1634
77,GV77,1657
78,C78,Papudo
78,D78,120
78,E78,143
78,F78,153
78,G78,153
78,H78,151
78,I78,147
78,J78,145
78,K78,142
78,L78,140
78,M78,139
78,N78,138
78,O78,135
78,P78,133
78,Q78,130
78,R78,127
78,S78,129
78,T78,135
78,U78,134
78,V78,132
78,W78,132
78,X78,133
78,Y78,130
78,Z78,129
78,AA78,129
78,AB78,126
78,AC78,127
78,AD78,130
78,AE78,153
78,AF78,153
78,AG78,154
78,AH78,154
78,AI78,154
78,AJ78,153
78,AK78,153
78,AL78,153
78,AM78,153
78,AN78,153
78,AO78,153
78,AP78,153
78,AQ78,153
78,AR78,153
78,AS78,159
78,AT78,156
78,AU78,157
78,AV78,154
78,AW78,154
78,AX78,155
78,AY78,159
78,AZ78,160
78,BA78,157
78,BB78,154
78,BC78,162
78,BD78,152
78,BE78,168
78,BF78,166
78,BG78,164
78,BH78,168
78,BI78,170
78,BJ78,172
78,BK78,172
78,BL78,172
78,BM78,183
78,BN78,186
78,BO78,195
78,BP78,195
78,BQ78,201
78,BR78,204
78,BS78,208
78,BT78,205
78,BU78,209
78,BV78,199
78,BW78,201
78,BX78,199
78,BY78,199
78,BZ78,199
78,CA78,196
78,CB78,194
78,CC78,196
78,CD78,193
78,CE78,195
78,CF78,198
78,CG78,200
78,CH78,198
78,CI78,202
78,CJ78,199
78,CK78,202
78,CL78,200
78,CM78,190
78,CN78,190
78,CO78,192
78,CP78,194
78,CQ78,201
78,CR78,193
78,CS78,196
78,CT78,196
78,CU78,196
78,CV78,197
78,CW78,198
78,CX78,202
78,CY78,200
78,CZ78,197
78,DA78,198
78,DB78,189
78,DC78,189
78,DD78,190
78,DE78,195
78,DF78,192
78,DG78,180
78,DH78,192
78,DI78,190
78,DJ78,182
78,DM78,Papudo
78,DN78,185
78,DO78,184
78,DP78,184
78,DQ78,189
78,DR78,183
78,DS78,180
78,DT78,183
78,DU78,197
78,DV78,180
78,DW78,177
78,DX78,176
78,DY78,175
78,DZ78,171
78,EA78,164
78,EB78,165
78,EC78,164
78,ED78,161
78,EE78,150
78,EF78,151
78,EG78,148
78,EH78,150
78,EI78,157
78,EJ78,157
78,EK78,158
78,EL78,162
78,EM78,184
78,EN78,196
78,EO78,202
78,EP78,195
78,EQ78,182
78,ER78,181
78,ES78,173
78,ET78,205
78,EU78,216
78,EV78,374
78,EW78,416
78,EX78,466
78,EY78,496
78,EZ78,523
78,FA78,539
78,FB78,544
78,FC78,567
78,FD78,709
78,FE78,745
78,FF78,784
78,FG78,885
78,FH78,964
78,FI78,1036
78,FJ78,1058
78,FK78,1071
78,FL78,1252
78,FM78,1268
78,FN78,1299
78,FO78,1342
78,FP78,1373
78,FQ78,1380
78,FR78,1430
78,FS78,1437
78,FT78,1422
78,FU78,1498
78,FV78,1584
78,FW78,1641
78,FX78,1650
78,FY78,1618
78,FZ78,1639
78,GA78,1655
78,GB78,1670
78,GC78,1675
78,GD78,1737
78,GE78,1736
78,GF78,1737
78,GG78,1784
78,GH78,1873
78,GI78,1922
78,GJ78,1908
78,GK78,1895
78,GL78,1888
78,GM78,1924
78,GN78,1941
78,GO78,2256
78,GP78,2293
78,GQ78,2271
78,GR78,2305
78,GS78,2331
78,GT78,2437
78,GU78,2510
78,GV78,2662
79,C79,Petorca
79,D79,16
79,E79,44
79,F79,68
79,G79,68
79,H79,71
79,I79,71
79,J79,74
79,K79,76
79,L79,76
79,M79,77
79,N79,76
79,O79,76
79,P79,79
79,Q79,74
79,R79,72
79,S79,70
79,T79,75
79,U79,76
79,V79,77
79,W79,81
79,X79,81
79,Y79,84
79,Z79,83
79,AA79,81
79,AB79,82
79,AC79,83
79,AD79,82
79,AE79,81
79,AF79,81
79,AG79,81
79,AH79,81
79,AI79,81
79,AJ79,81
79,AK79,81
79,AL79,81
79,AM79,81
79,AN79,81
79,AO79,81
79,AP79,81
79,AQ79,81
79,AR79,81
79,AS79,86
79,AT79,86
79,AU79,86
79,AV79,84
79,AW79,84
79,AX79,84
79,AY79,86
79,AZ79,86
79,BA79,85
79,BB79,82
79,BC79,79
79,BD79,80
79,BE79,78
79,BF79,80
79,BG79,77
79,BH79,77
79,BI79,77
79,BJ79,79
79,BK79,79
79,BL79,79
79,BM79,82
79,BN79,80
79,BO79,78
79,BP79,77
79,BQ79,84
79,BR79,84
79,BS79,86
79,BT79,86
79,BU79,88
79,BV79,85
79,BW79,83
79,BX79,85
79,BY79,85
79,BZ79,85
79,CA79,82
79,CB79,81
79,CC79,81
79,CD79,81
79,CE79,80
79,CF79,78
79,CG79,77
79,CH79,77
79,CI79,77
79,CJ79,78
79,CK79,78
79,CL79,77
79,CM79,76
79,CN79,76
79,CO79,77
79,CP79,77
79,CQ79,77
79,CR79,77
79,CS79,74
79,CT79,74
79,CU79,74
79,CV79,74
79,CW79,74
79,CX79,73
79,CY79,75
79,CZ79,79
79,DA79,81
79,DB79,87
79,DC79,91
79,DD79,90
79,DE79,88
79,DF79,90
79,DG79,85
79,DH79,88
79,DI79,85
79,DJ79,83
79,DM79,Petorca
79,DN79,83
79,DO79,88
79,DP79,86
79,DQ79,85
79,DR79,82
79,DS79,81
79,DT79,79
79,DU79,78
79,DV79,79
79,DW79,81
79,DX79,80
79,DY79,81
79,DZ79,80
79,EA79,79
79,EB79,78
79,EC79,79
79,ED79,77
79,EE79,76
79,EF79,80
79,EG79,79
79,EH79,83
79,EI79,84
79,EJ79,86
79,EK79,88
79,EL79,95
79,EM79,94
79,EN79,102
79,EO79,87
79,EP79,117
79,EQ79,117
79,ER79,114
79,ES79,116
79,ET79,117
79,EU79,125
79,EV79,126
79,EW79,125
79,EX79,134
79,EY79,138
79,EZ79,131
79,FA79,130
79,FB79,128
79,FC79,130
79,FD79,129
79,FE79,127
79,FF79,123
79,FG79,120
79,FH79,122
79,FI79,221
79,FJ79,231
79,FK79,238
79,FL79,256
79,FM79,253
79,FN79,254
79,FO79,267
79,FP79,281
79,FQ79,277
79,FR79,282
79,FS79,284
79,FT79,284
79,FU79,287
79,FV79,287
79,FW79,285
79,FX79,290
79,FY79,291
79,FZ79,290
79,GA79,296
79,GB79,297
79,GC79,299
79,GD79,300
79,GE79,319
79,GF79,322
79,GG79,319
79,GH79,323
79,GI79,311
79,GJ79,323
79,GK79,325
79,GL79,328
79,GM79,332
79,GN79,339
79,GO79,312
79,GP79,321
79,GQ79,323
79,GR79,316
79,GS79,330
79,GT79,358
79,GU79,580
79,GV79,886
80,C80,Puchuncaví
80,D80,811
80,E80,928
80,F80,1009
80,G80,1013
80,H80,1011
80,I80,1010
80,J80,1021
80,K80,1022
80,L80,1003
80,M80,1004
80,N80,1002
80,O80,1002
80,P80,1002
80,Q80,1008
80,R80,1005
80,S80,1009
80,T80,1013
80,U80,1015
80,V80,1011
80,W80,1010
80,X80,1004
80,Y80,1001
80,Z80,1013
80,AA80,1020
80,AB80,1026
80,AC80,1038
80,AD80,1039
80,AE80,954
80,AF80,954
80,AG80,957
80,AH80,961
80,AI80,967
80,AJ80,975
80,AK80,984
80,AL80,993
80,AM80,997
80,AN80,1004
80,AO80,1007
80,AP80,1007
80,AQ80,1007
80,AR80,1004
80,AS80,1072
80,AT80,1038
80,AU80,1048
80,AV80,1045
80,AW80,1055
80,AX80,1059
80,AY80,1070
80,AZ80,1086
80,BA80,1076
80,BB80,1088
80,BC80,1103
80,BD80,1081
80,BE80,1112
80,BF80,1127
80,BG80,1105
80,BH80,1119
80,BI80,1127
80,BJ80,1135
80,BK80,1138
80,BL80,1151
80,BM80,1128
80,BN80,1131
80,BO80,1133
80,BP80,1129
80,BQ80,1135
80,BR80,1133
80,BS80,1143
80,BT80,1127
80,BU80,1155
80,BV80,1144
80,BW80,1158
80,BX80,1177
80,BY80,1178
80,BZ80,1176
80,CA80,1182
80,CB80,1179
80,CC80,1185
80,CD80,1184
80,CE80,1182
80,CF80,1176
80,CG80,1180
80,CH80,1172
80,CI80,1175
80,CJ80,1173
80,CK80,1176
80,CL80,1171
80,CM80,1173
80,CN80,1177
80,CO80,1177
80,CP80,1179
80,CQ80,1188
80,CR80,1191
80,CS80,1188
80,CT80,1193
80,CU80,1196
80,CV80,1206
80,CW80,1196
80,CX80,1200
80,CY80,1193
80,CZ80,1201
80,DA80,1200
80,DB80,1207
80,DC80,1201
80,DD80,1197
80,DE80,1197
80,DF80,1199
80,DG80,1168
80,DH80,1218
80,DI80,1196
80,DJ80,1186
80,DM80,Puchuncaví
80,DN80,1193
80,DO80,1189
80,DP80,1178
80,DQ80,1171
80,DR80,1173
80,DS80,1165
80,DT80,1171
80,DU80,1158
80,DV80,1172
80,DW80,1171
80,DX80,1164
80,DY80,1164
80,DZ80,1149
80,EA80,1144
80,EB80,1132
80,EC80,1116
80,ED80,1095
80,EE80,1082
80,EF80,1074
80,EG80,1070
80,EH80,1071
80,EI80,1092
80,EJ80,973
80,EK80,981
80,EL80,978
80,EM80,1024
80,EN80,1108
80,EO80,1178
80,EP80,1159
80,EQ80,1124
80,ER80,1114
80,ES80,1097
80,ET80,1325
80,EU80,1918
80,EV80,2392
80,EW80,2928
80,EX80,3329
80,EY80,3684
80,EZ80,3737
80,FA80,3861
80,FB80,4099
80,FC80,4231
80,FD80,4399
80,FE80,4590
80,FF80,4687
80,FG80,4928
80,FH80,5062
80,FI80,5171
80,FJ80,5463
80,FK80,5800
80,FL80,6126
80,FM80,6211
80,FN80,6248
80,FO80,6310
80,FP80,6467
80,FQ80,6455
80,FR80,6484
80,FS80,6495
80,FT80,6522
80,FU80,6557
80,FV80,6799
80,FW80,6844
80,FX80,6935
80,FY80,6974
80,FZ80,7021
80,GA80,7201
80,GB80,7310
80,GC80,7385
80,GD80,7421
80,GE80,7491
80,GF80,7520
80,GG80,7634
80,GH80,7849
80,GI80,8073
80,GJ80,8113
80,GK80,8110
80,GL80,8123
80,GM80,8160
80,GN80,8186
80,GO80,8026
80,GP80,8091
80,GQ80,8098
80,GR80,8150
80,GS80,8280
80,GT80,8504
80,GU80,8803
80,GV80,8791
