source_id,sheet_name,row_number,sample_cells
fixed_connections,ÍNDICE,1,J1= | K1=
fixed_connections,ÍNDICE,2,B2=ESTADÍSTICAS SERVICIO DE ACCESO A INTERNET FIJA | C2= | D2= | E2= | F2= | J2= | K2=
fixed_connections,ÍNDICE,3,B3= | C3= | D3= | E3= | F3= | J3= | K3=
fixed_connections,ÍNDICE,4,B4= | C4= | D4= | E4= | F4= | J4= | K4=
fixed_connections,ÍNDICE,5,C5=INDICE | J5= | K5=
fixed_connections,ÍNDICE,6,B6= | C6= | J6= | K6=
fixed_connections,ÍNDICE,7,B7= | I7= | J7= | K7=
fixed_connections,ÍNDICE,8,B8=> | C8=7.1. NÚMERO DE CONEXIONES TOTALES FIJAS | I8= | J8= | K8=
fixed_connections,ÍNDICE,9,B9=> | C9=7.2. NÚMERO DE CONEXIONES POR TIPO DE ÁREA | I9= | J9= | K9=
fixed_connections,ÍNDICE,10,B10=> | C10=7.3. NÚMERO DE CONEXIONES POR TIPO DE CLIENTE | I10= | J10= | K10=
fixed_connections,ÍNDICE,11,B11=> | C11=7.4. NÚMERO DE CONEXIONES A NIVEL REGIONAL  | I11= | J11= | K11=
fixed_connections,ÍNDICE,12,B12=> | C12=7.7. CONEXIONES FIJAS POR TIPO DE TECNOLOGÍA | I12= | J12= | K12=
fixed_connections,ÍNDICE,13,"B13=> | C13=7.7.1. CONEXIONES FIJAS POR TECNOLOGÍA, REGIÓN Y EMPRESA | I13= | J13= | K13="
fixed_connections,ÍNDICE,14,B14=> | C14=7.8. CONEXIONES FIJAS POR TIPO DE PLAN | I14= | J14= | K14=
fixed_connections,ÍNDICE,15,B15=> | C15=7.9. CONEXIONES POR EMPRESAS FIJAS | I15= | J15= | K15=
fixed_connections,ÍNDICE,16,B16=> | C16=7.10. CONEXIONES POR ANCHO DE BANDA | I16= | J16= | K16=
fixed_connections,ÍNDICE,17,B17=> | C17=7.11. CONEXIONES FIJAS POR REGIÓN Y COMUNA | I17= | J17= | K17=
fixed_connections,ÍNDICE,18,B18=> | C18=7.12. CONEXIONES FIJAS POR TIPO DE CLIENTE (DEFINICIÓN OECD) | I18= | J18= | K18=
fixed_connections,ÍNDICE,19,B19=> | C19=7.13. CONEXIONES FIJAS POR TECNOLOGÍA (DEFINICIÓN OECD) | I19= | J19= | K19=
fixed_connections,ÍNDICE,20,B20=> | C20=7.14. CONEXIONES FIJAS POR TIPO DE SERVICIO | J20= | K20=
fixed_connections,ÍNDICE,21,B21=> | C21=7.15. CONEXIONES FIJAS POR TIPO DE CLIENTE Y TECNOLOGÍA | J21= | K21=
fixed_connections,ÍNDICE,22,B22= | C22= | J22= | K22=
fixed_connections,ÍNDICE,23,J23= | K23=
fixed_connections,ÍNDICE,24,I24= | J24= | K24=
fixed_connections,ÍNDICE,25,I25= | J25= | K25=
fixed_connections,7.1.CO_TOT_FIJAS,1,A1= | B1= | C1= | D1= | E1= | F1= | G1= | H1= | I1= | J1= | K1= | L1=
fixed_connections,7.1.CO_TOT_FIJAS,2,B2= | C2=SERVICIO ACCESO A INTERNET:  | D2= | E2= | L2=
fixed_connections,7.1.CO_TOT_FIJAS,3,B3= | C3=NÚMERO DE CONEXIONES TOTALES FIJAS | D3= | E3= | L3=
fixed_connections,7.1.CO_TOT_FIJAS,4,B4= | C4= | E4= | K4= | L4=
fixed_connections,7.1.CO_TOT_FIJAS,5,B5= | C5= | E5= | L5=
fixed_connections,7.1.CO_TOT_FIJAS,6,B6= | C6=<< VOLVER | E6= | L6=
fixed_connections,7.1.CO_TOT_FIJAS,7,A7= | B7= | C7=SERVICIO ACCESO A INTERNET: NÚMERO DE CONEXIONES TOTALES FIJAS | D7= | E7= | F7= | G7= | H7= | K7= | L7=
fixed_connections,7.1.CO_TOT_FIJAS,8,A8= | B8= | C8=Año | D8=Mes | E8=Total de Conexiones | F8=Crecimiento Anual | G8=Penetración cada 100 hab. | H8=Crecimiento Anual P.B. | K8= | L8=
fixed_connections,7.1.CO_TOT_FIJAS,9,A9= | B9= | C9=2000 | D9=Dic | E9=585489 | F9= | G9=3.788110776403903 | H9= | K9= | L9=
fixed_connections,7.1.CO_TOT_FIJAS,10,A10= | B10= | C10=2001 | D10=Dic | E10=698127 | F10=0.19238277747318899 | G10=4.4662505961647776 | H10=0.67813981976087456 | K10= | L10=
fixed_connections,7.1.CO_TOT_FIJAS,11,A11= | B11= | C11=2002 | D11=Dic | E11=757760 | F11=8.5418555649616756E-2 | G11=4.7957420574794138 | H11=0.32949146131463625 | K11= | L11=
fixed_connections,7.1.CO_TOT_FIJAS,12,A12= | B12= | C12=2003 | D12=Dic | E12=836007 | F12=0.1032609269425675 | G12=5.2369853859262587 | H12=0.44124332844684488 | K12= | L12=
fixed_connections,7.1.CO_TOT_FIJAS,13,A13= | B13= | C13=2004 | D13=Dic | E13=805315 | F13=-3.6712611258039707E-2 | G13=4.9958439050257697 | H13=-0.24114148090048904 | K13= | L13=
fixed_connections,7.1.CO_TOT_FIJAS,14,A14= | B14= | C14=2005 | D14=Dic | E14=906079 | F14=0.12512370935596628 | G14=5.5666216133194082 | H14=0.5707777082936385 | K14= | L14=
fixed_connections,7.1.CO_TOT_FIJAS,15,A15= | B15= | C15=2006 | D15=Dic | E15=1087738 | F15=0.20048914057162781 | G15=6.6178261349674212 | H15=1.051204521648013 | K15= | L15=
fixed_connections,7.1.CO_TOT_FIJAS,16,A16= | B16= | C16=2007 | D16=Dic | E16=1331919 | F16=0.22448512417512312 | G16=8.0249431848273076 | H16=1.4071170498598864 | K16= | L16=
fixed_connections,7.1.CO_TOT_FIJAS,17,A17= | B17= | C17=2008 | D17=Dic | E17=1439009 | F17=8.0402787256582453E-2 | G17=8.5822810462969716 | H17=0.55733786146966402 | K17= | L17=
fixed_connections,7.1.CO_TOT_FIJAS,18,A18= | B18= | C18=2009 | D18=Dic | E18=1695034 | F18=0.17791758077955033 | G18=10.003888749309406 | H18=1.4216077030124339 | K18= | L18=
fixed_connections,7.1.CO_TOT_FIJAS,19,A19= | B19= | C19=2010 | D19=Dic | E19=1819564 | F19=7.3467552863246466E-2 | G19=10.630151702073203 | H19=0.62626295276379729 | K19= | L19=
fixed_connections,7.1.CO_TOT_FIJAS,20,A20= | B20= | C20=2011 | D20=Dic | E20=2025042 | F20=0.11292705285442017 | G20=11.710807794906717 | H20=1.0806560928335145 | K20= | L20=
fixed_connections,7.1.CO_TOT_FIJAS,21,A21= | B21= | C21=2012 | D21=Dic | E21=2186173 | F21=7.9569213873095013E-2 | G21=12.514524945067244 | H21=0.80371715016052647 | K21= | L21=
fixed_connections,7.1.CO_TOT_FIJAS,22,A22= | B22= | C22=2013 | D22=Dic | E22=2309572 | F22=5.6445212707320058E-2 | G22=13.085444923269105 | H22=0.5709199782018608 | K22= | L22=
fixed_connections,7.1.CO_TOT_FIJAS,23,A23= | B23= | C23=2014 | D23=Dic | E23=2501356 | F23=8.3038762160261737E-2 | G23=14.014145717632239 | H23=0.92870079436313446 | K23= | L23=
fixed_connections,7.1.CO_TOT_FIJAS,24,A24= | B24= | C24=2015 | D24=Dic | E24=2729251 | F24=9.110858270474087E-2 | G24=15.111342746610738 | H24=1.0971970289784991 | K24= | L24=
fixed_connections,7.1.CO_TOT_FIJAS,25,A25= | B25= | C25=2016 | D25=Dic | E25=2912133 | F25=6.7008127870979983E-2 | G25=15.895064398543113 | H25=0.78372165193237464 | K25= | L25=
fixed_connections,7.2.Conex area,2,"B2=SERVICIO ACCESO A INTERNET: NÚMERO DE CONEXIONES TOTALES FIJAS POR TIPO DE ÁREA (URBANO, RURAL), TIPO DE CLIENTE Y REGIÓN - MARZO 2026 | C2= | I2= | J2="
fixed_connections,7.2.Conex area,3,B3=NÚMERO DE CONEXIONES POR TIPO DE AREA DEL ÚLTIMO MES | C3= | I3= | J3=
fixed_connections,7.2.Conex area,4,B4= | C4= | I4= | J4=
fixed_connections,7.2.Conex area,5,B5= | C5= | D5= | E5= | F5= | G5= | I5= | J5=
fixed_connections,7.2.Conex area,6,B6=<< VOLVER | C6= | D6= | E6= | F6= | G6= | I6= | J6=
fixed_connections,7.2.Conex area,7,B7=TOTAL DE CONEXIONES FIJAS | C7= | D7=REGIONES | E7= | F7= | G7= | H7= | I7= | J7= | K7= | L7= | M7= | N7= | O7= | P7= | Q7= | R7= | S7= | T7=
fixed_connections,7.2.Conex area,8,B8=Tipo de Área / Tipo de Cliente | C8= | D8=1 | E8=2 | F8=3 | G8=4 | H8=5 | I8=6 | J8=7 | K8=8 | L8=9 | M8=10 | N8=11 | O8=12 | P8=13 | Q8=14 | R8=15 | S8=16 | T8=Total de Conexiones 
fixed_connections,7.2.Conex area,9,B9=Total Urbano | C9= | D9=86274 | E9=180344 | F9=70222 | G9=188541 | H9=569632 | I9=185895 | J9=199169 | K9=448948 | L9=193291 | M9=165854 | N9=21560 | O9=53196 | P9=2050344 | Q9=75478 | R9=58306 | S9=89784 | T9=4636838
fixed_connections,7.2.Conex area,10,B10= | C10=Residencial | D10=78620 | E10=168418 | F10=66623 | G10=178945 | H10=542040 | I10=178099 | J10=188888 | K10=431042 | L10=183670 | M10=158590 | N10=20534 | O10=48781 | P10=1927396 | Q10=72856 | R10=54967 | S10=86198 | T10=4385667
fixed_connections,7.2.Conex area,11,B11= | C11=Comercial | D11=7654 | E11=11926 | F11=3599 | G11=9596 | H11=27592 | I11=7796 | J11=10281 | K11=17906 | L11=9621 | M11=7264 | N11=1026 | O11=4415 | P11=122948 | Q11=2622 | R11=3339 | S11=3586 | T11=251171
fixed_connections,7.2.Conex area,12,B12=Total Rural | C12= | D12=1689 | E12=5669 | F12=4653 | G12=14888 | H12=23348 | I12=20754 | J12=22366 | K12=16332 | L12=28560 | M12=23137 | N12=4101 | O12=3475 | P12=30104 | Q12=11005 | R12=1929 | S12=10831 | T12=222841
fixed_connections,7.2.Conex area,13,B13= | C13=Residencial | D13=1395 | E13=4139 | F13=4130 | G13=14197 | H13=22340 | I13=19636 | J13=21025 | K13=15605 | L13=27701 | M13=21892 | N13=3853 | O13=3121 | P13=27698 | Q13=10627 | R13=1717 | S13=10421 | T13=209497
fixed_connections,7.2.Conex area,14,B14= | C14=Comercial | D14=294 | E14=1530 | F14=523 | G14=691 | H14=1008 | I14=1118 | J14=1341 | K14=727 | L14=859 | M14=1245 | N14=248 | O14=354 | P14=2406 | Q14=378 | R14=212 | S14=410 | T14=13344
fixed_connections,7.2.Conex area,15,B15=Total Nacional | C15= | D15=87963 | E15=186013 | F15=74875 | G15=203429 | H15=592980 | I15=206649 | J15=221535 | K15=465280 | L15=221851 | M15=188991 | N15=25661 | O15=56671 | P15=2080448 | Q15=86483 | R15=60235 | S15=100615 | T15=4859679
fixed_connections,7.2.Conex area,16,B16=Total Residencial | C16= | D16=80015 | E16=172557 | F16=70753 | G16=193142 | H16=564380 | I16=197735 | J16=209913 | K16=446647 | L16=211371 | M16=180482 | N16=24387 | O16=51902 | P16=1955094 | Q16=83483 | R16=56684 | S16=96619 | T16=4595164
fixed_connections,7.2.Conex area,17,B17=Total Comercial | C17= | D17=7948 | E17=13456 | F17=4122 | G17=10287 | H17=28600 | I17=8914 | J17=11622 | K17=18633 | L17=10480 | M17=8509 | N17=1274 | O17=4769 | P17=125354 | Q17=3000 | R17=3551 | S17=3996 | T17=264515
fixed_connections,7.2.Conex area,18,H18= | I18= | K18= | L18= | M18=
fixed_connections,7.2.Conex area,19,B19=PART.ÁREA URBANA. MAR.26 | C19= | D19=0.98079874492684427 | E19=0.96952363544483455 | F19=0.93785642737896491 | G19=0.92681476092395876 | H19=0.9606259907585416 | I19=0.89956883411001265 | J19=0.89904078362335527 | K19=0.96489855570839067 | L19=0.87126494809579402 | M19=0.87757618087633804 | N19=0.84018549549900623 | O19=0.93868115967602472 | P19=0.98553003968376041 | Q19=0.8727495577165455 | R19=0.96797542956752713 | S19=0.89235203498484317 | T19=0.95414491368668586
fixed_connections,7.2.Conex area,20,B20=PART.ÁREA RURAL. MAR.26 | C20= | D20=1.920125507315576E-2 | E20=3.0476364555165499E-2 | F20=6.2143572621035058E-2 | G20=7.318523907604127E-2 | H20=3.9374009241458396E-2 | I20=0.10043116588998736 | J20=0.10095921637664478 | K20=3.510144429160935E-2 | L20=0.12873505190420598 | M20=0.12242381912366197 | N20=0.15981450450099371 | O20=6.1318840323975228E-2 | P20=1.4469960316239578E-2 | Q20=0.12725044228345456 | R20=3.2024570432472817E-2 | S20=0.10764796501515679 | T20=4.5855086313314107E-2
fixed_connections,7.2.Conex area,22,B22=TOTAL DE HOGARES CENSO 2024 | C22= | D22=REGIONES | E22= | F22= | G22= | H22= | I22= | J22= | K22= | L22= | M22= | N22= | O22= | P22= | Q22= | R22= | S22= | T22=
fixed_connections,7.2.Conex area,23,B23=Tipo de Área / Tipo de Cliente | C23= | D23=1 | E23=2 | F23=3 | G23=4 | H23=5 | I23=6 | J23=7 | K23=8 | L23=9 | M23=10 | N23=11 | O23=12 | P23=13 | Q23=14 | R23=15 | S23=16 | T23=Total de Conexiones 
fixed_connections,7.2.Conex area,24,B24=Total Urbano | C24= | D24=116945 | E24=208477 | F24=91055 | G24=232357 | H24=630167 | I24=256621 | J24=290106 | K24=500698 | L24=252217 | M24=233187 | N24=29868 | O24=58441 | P24=2510156 | Q24=99821 | R24=73468 | S24=124919 | T24=5708503
fixed_connections,7.2.Conex area,25,B25=Total Rural | C25= | D25=4566 | E25=5270 | F25=12002 | G25=60210 | H25=70905 | I25=93751 | J25=116858 | K25=78472 | L25=121143 | M25=99208 | N25=10096 | O25=4621 | P25=89465 | Q25=48822 | R25=7152 | S25=65483 | T25=888024
fixed_connections,7.3.Conex suscrip,2,B2=SERVICIO ACCESO A INTERNET: NÚMERO DE CONEXIONES TOTALES FIJAS | I2= | J2=
fixed_connections,7.3.Conex suscrip,3,B3=NÚMERO DE CONEXIONES POR TIPO DE CLIENTE | I3= | J3=
fixed_connections,7.3.Conex suscrip,4,B4= | I4= | J4=
fixed_connections,7.3.Conex suscrip,5,B5= | C5= | D5= | E5= | F5= | G5= | I5= | J5=
fixed_connections,7.3.Conex suscrip,6,B6=<< VOLVER | C6= | D6= | E6= | F6= | G6= | I6= | J6=
fixed_connections,7.3.Conex suscrip,7,B7=TOTAL DE CONEXIONES FIJAS | C7= | D7= | E7= | F7= | G7= | I7= | J7=
fixed_connections,7.3.Conex suscrip,8,B8=Año | C8=Mes | D8=Residencial  | E8=Comercial  | F8=Otros no identificados  | G8=Total de Conexiones  | H8= | K8= | L8= | M8=
fixed_connections,7.3.Conex suscrip,9,B9=2000 | C9=Dic | D9=420477 | E9=99435 | F9=65577 | G9=585489 | H9= | K9= | L9= | M9=
fixed_connections,7.3.Conex suscrip,10,A10= | B10=2001 | C10=Dic | D10=554654.04506809777 | E10=142947.06242022745 | F10=526 | G10=698127.10748832521 | H10= | K10= | L10= | M10=
fixed_connections,7.3.Conex suscrip,11,A11= | B11=2002 | C11=Dic | D11=538551.98550724634 | E11=218707.0144927536 | F11=501 | G11=757760 | H11= | K11= | L11= | M11=
fixed_connections,7.3.Conex suscrip,12,A12= | B12=2003 | C12=Dic | D12=619860 | E12=212603 | F12=3544 | G12=836007 | H12= | K12= | L12= | M12=
fixed_connections,7.3.Conex suscrip,13,A13= | B13=2004 | C13=Dic | D13=669638 | E13=135603 | F13=74 | G13=805315 | H13= | K13= | L13= | M13=
fixed_connections,7.3.Conex suscrip,14,A14= | B14=2005 | C14=Dic | D14=759852 | E14=146119 | F14=108 | G14=906079 | H14= | K14= | L14= | M14=
fixed_connections,7.3.Conex suscrip,15,A15= | B15=2006 | C15=Dic | D15=936624 | E15=146794 | F15=4320 | G15=1087738 | H15= | K15= | L15= | M15=
fixed_connections,7.3.Conex suscrip,16,A16= | B16=2007 | C16=Dic | D16=1161138 | E16=170669 | F16=112 | G16=1331919 | H16= | K16= | L16= | M16=
fixed_connections,7.3.Conex suscrip,17,A17= | B17=2008 | C17=Dic | D17=1278236 | E17=160661 | F17=112 | G17=1439009 | H17= | K17= | L17= | M17=
fixed_connections,7.3.Conex suscrip,18,A18= | B18=2009 | C18=Dic | D18=1512722 | E18=182227 | F18=85 | G18=1695034 | H18= | K18= | L18= | M18=
fixed_connections,7.3.Conex suscrip,19,A19= | B19=2010 | C19=Dic | D19=1583735 | E19=235829 | F19=0 | G19=1819564 | H19= | K19= | L19= | M19=
fixed_connections,7.3.Conex suscrip,20,A20= | B20=2011 | C20=Dic | D20=1764714 | E20=260328 | F20=0 | G20=2025042 | H20= | K20= | L20= | M20=
fixed_connections,7.3.Conex suscrip,21,A21= | B21=2012 | C21=Dic | D21=1895100 | E21=291073 | F21=0 | G21=2186173 | H21= | K21= | L21= | M21=
fixed_connections,7.3.Conex suscrip,22,A22= | B22=2013 | C22=Dic | D22=2020643 | E22=288929 | F22=0 | G22=2309572 | H22= | K22= | L22= | M22=
fixed_connections,7.3.Conex suscrip,23,A23= | B23=2014 | C23=Dic | D23=2182172 | E23=319184 | F23=0 | G23=2501356 | H23= | K23= | L23= | M23=
fixed_connections,7.3.Conex suscrip,24,A24= | B24=2015 | C24=Dic | D24=2381713 | E24=347538 | F24=0 | G24=2729251 | H24= | K24= | L24= | M24=
fixed_connections,7.3.Conex suscrip,25,A25= | B25=2016 | C25=Dic | D25=2576737 | E25=335396 | F25=0 | G25=2912133 | H25= | K25= | L25= | M25=
fixed_connections,7.4.Co_RG,2,B2=SERVICIO ACCESO A INTERNET: NÚMERO DE CONEXIONES TOTALES FIJAS | C2= | D2= | E2= | F2= | N2=
fixed_connections,7.4.Co_RG,3,B3=NÚMERO DE CONEXIONES TOTALES FIJAS A NIVEL REGIONAL | C3= | D3= | E3= | F3= | N3=
fixed_connections,7.4.Co_RG,4,B4= | C4= | D4= | E4= | F4= | N4=
fixed_connections,7.4.Co_RG,5,N5=
fixed_connections,7.4.Co_RG,6,B6=<< VOLVER | AH6=
fixed_connections,7.4.Co_RG,7,B7=Año | C7=Mes | D7=I | E7=II | F7=III | G7=IV | H7=V | I7=VI | J7=VII | K7=VIII | L7=IX | M7=X | N7=XI | O7=XII | P7=RM | Q7=Total Nacional  | R7= | S7= | T7= | U7= | V7= | W7= | X7= | Y7= | Z7= | AA7= | AB7= | AC7= | AD7= | AE7=
fixed_connections,7.4.Co_RG,8,B8=2000 | C8=Dic | D8=13028.222001997628 | E8=18222.254666333727 | F8=6215.7602505075565 | G8=12461.542343287314 | H8=58595.780900805294 | I8=14439.052625007804 | J8=12529.336334977215 | K8=41391.24260253449 | L8=15292.677648417504 | M8=19503.78715899869 | N8=1347.6023784256195 | O8=7753.0543885386105 | P8=364708.68670016853 | Q8=585489 | R8= | S8= | T8= | U8= | V8= | W8= | X8= | Y8= | Z8= | AA8= | AB8= | AC8= | AD8= | AE8=
fixed_connections,7.4.Co_RG,9,B9=2001 | C9=Dic | D9=17274.309360220825 | E9=24916.63204964434 | F9=8077.7639160733543 | G9=16279.129330733762 | H9=72973.89693710627 | I9=18835.192950095072 | J9=16750.660303482891 | K9=49130.373352485774 | L9=19101.038043753182 | M9=25379.522477144721 | N9=1272.5821219334084 | O9=9819.1179490537434 | P9=418316.88869659783 | Q9=698127.1074883251 | R9= | S9= | T9= | U9= | V9= | W9= | X9= | Y9= | Z9= | AA9= | AB9= | AC9= | AD9= | AE9=
fixed_connections,7.4.Co_RG,10,B10=2002 | C10=Dic | D10=19502.737429677501 | E10=28953.531752503928 | F10=9270.7184871121881 | G10=18296.779191062655 | H10=78891.173948309864 | I10=20513.803364217827 | J10=18846.621092304922 | K10=57648.231297352031 | L10=21766.520802947263 | M10=26666.3801657562 | N10=2147.4712716252052 | O10=11353.435720687115 | P10=443902.32154665422 | Q10=757759.7260702108 | R10= | S10= | T10= | U10= | V10= | W10= | X10= | Y10= | Z10= | AA10= | AB10= | AC10= | AD10= | AE10=
fixed_connections,7.4.Co_RG,11,B11=2003 | C11=Dic | D11=21911.393979125558 | E11=35312.538414771348 | F11=9869 | G11=20382 | H11=85511.15689150829 | I11=24251.585276248832 | J11=20710.499790130507 | K11=62055.821074358711 | L11=22405.534591684842 | M11=27541.807129937341 | N11=2371.5487589573167 | O11=11416.654851230658 | P11=492267.52313757053 | Q11=836007.0638955239 | R11= | S11= | T11= | U11= | V11= | W11= | X11= | Y11= | Z11= | AA11= | AB11= | AC11= | AD11= | AE11=
fixed_connections,7.4.Co_RG,12,B12=2004 | C12=Dic | D12=23276.831252682132 | E12=36123.881830081416 | F12=9298.6989083704138 | G12=20516.042563730643 | H12=84164.711064751638 | I12=23802.113286907654 | J12=18507.304918081554 | K12=63352.629624262991 | L12=22998.670904964678 | M12=33882.7717767059 | N12=2649.1364666656527 | O12=10361.66486632516 | P12=456381.17172069219 | Q12=805315.62918422208 | R12= | S12= | T12= | U12= | V12= | W12= | X12= | Y12= | Z12= | AA12= | AB12= | AC12= | AD12= | AE12=
fixed_connections,7.4.Co_RG,13,B13=2005 | C13=Dic | D13=28805.691949347871 | E13=42514.837699591837 | F13=8313.1481228951234 | G13=23496.682628448485 | H13=92088.685661859301 | I13=26633.624365053813 | J13=20083.498160270727 | K13=69265.433298978023 | L13=26069.005124415871 | M13=37139.632305918953 | N13=2825.6448344355749 | O13=7866.8333843863711 | P13=520976.28246439807 | Q13=906079 | R13= | S13= | T13= | U13= | V13= | W13= | X13= | Y13= | Z13= | AA13= | AB13= | AC13= | AD13= | AE13=
fixed_connections,7.4.Co_RG,14,B14=2006 | C14=Dic | D14=39950 | E14=57437 | F14=15774 | G14=31111 | H14=92332 | I14=35565 | J14=29955 | K14=75968 | L14=34912 | M14=46014 | N14=2730 | O14=10366 | P14=615624 | Q14=1087738 | R14= | S14= | T14= | U14= | V14= | W14= | X14= | Y14= | Z14= | AA14= | AB14= | AC14=
fixed_connections,7.4.Co_RG,15,A15= | B15= | C15= | D15= | E15= | F15= | G15= | H15= | I15= | J15= | K15= | L15= | M15= | N15= | O15= | P15= | Q15= | R15= | S15= | T15= | U15= | V15= | W15= | X15= | Y15= | Z15= | AA15= | AB15= | AC15=
fixed_connections,7.4.Co_RG,16,A16= | B16= | C16= | D16= | E16= | F16= | G16= | H16= | I16= | J16= | K16= | L16= | M16= | N16= | O16= | P16= | Q16= | R16= | S16= | T16= | U16= | V16= | W16= | X16= | Y16= | Z16= | AA16= | AB16= | AC16=
fixed_connections,7.4.Co_RG,17,B17=Año | C17=Mes | D17=I | E17=II | F17=III | G17=IV | H17=V | I17=VI | J17=VII | K17=VIII | L17=IX | M17=X | N17=XI | O17=XII | P17=RM | Q17=XIV | R17=XV | S17=XVI | T17=Total Nacional  | U17= | V17= | W17= | X17= | Y17= | Z17= | AA17= | AB17= | AC17=
fixed_connections,7.4.Co_RG,18,B18=2007 | C18=Dic | D18=28340 | E18=63317 | F18=16634 | G18=35154 | H18=143489 | I18=36139 | J18=36033 | K18=114324 | L18=38388 | M18=44577 | N18=3466 | O18=10315 | P18=727150 | Q18=18639 | R18=15954 | S18= | T18=1331919 | U18= | V18= | W18= | X18= | Y18= | Z18= | AA18= | AB18= | AC18=
fixed_connections,7.4.Co_RG,19,B19=2008 | C19=Dic | D19=30493 | E19=70838 | F19=19015 | G19=38678 | H19=155862 | I19=38539 | J19=39942 | K19=127148 | L19=42913 | M19=51546 | N19=5621 | O19=12259 | P19=765930 | Q19=21915 | R19=18310 | S19= | T19=1439009 | U19= | V19= | W19= | X19= | Y19= | Z19= | AA19= | AB19= | AC19=
fixed_connections,7.4.Co_RG,20,B20=2009 | C20=Dic | D20=34076 | E20=77264 | F20=22286 | G20=51643 | H20=184722 | I20=46474 | J20=44882 | K20=150841 | L20=50994 | M20=56884 | N20=6521 | O20=14724 | P20=906965 | Q20=25631 | R20=21127 | S20= | T20=1695034 | U20= | V20= | W20= | X20= | Y20= | Z20= | AA20= | AB20= | AC20=
fixed_connections,7.4.Co_RG,21,B21=2010 | C21=Ene | D21=34185 | E21=77709 | F21=22376 | G21=52350 | H21=185471 | I21=46686 | J21=44815 | K21=151607 | L21=51113 | M21=56758 | N21=6371 | O21=14729 | P21=907691 | Q21=25728 | R21=21319 | S21= | T21=1698908 | U21= | V21= | W21= | X21= | Y21= | Z21= | AA21= | AB21= | AC21=
fixed_connections,7.4.Co_RG,22,B22= | C22=Feb | D22=34164 | E22=77729 | F22=22439 | G22=52823 | H22=185947 | I22=46878 | J22=44914 | K22=151624 | L22=50986 | M22=56369 | N22=6417 | O22=14788 | P22=905731 | Q22=25802 | R22=21372 | S22= | T22=1697983 | U22= | V22= | W22= | X22= | Y22= | Z22= | AA22= | AB22= | AC22=
fixed_connections,7.4.Co_RG,23,B23= | C23=Mar | D23=34319 | E23=78309 | F23=22585 | G23=53505 | H23=187456 | I23=46463 | J23=43636 | K23=155881 | L23=51644 | M23=57345 | N23=6577 | O23=15110 | P23=907752 | Q23=26366 | R23=21355 | S23= | T23=1708303 | U23= | V23= | W23= | X23= | Y23= | Z23= | AA23= | AB23= | AC23=
fixed_connections,7.4.Co_RG,24,B24= | C24=Abr | D24=34677 | E24=78861 | F24=22639 | G24=54599 | H24=190860 | I24=47009 | J24=44191 | K24=157491 | L24=52286 | M24=58001 | N24=6625 | O24=15414 | P24=920280 | Q24=26794 | R24=21791 | S24= | T24=1731518 | U24= | V24= | W24= | X24= | Y24= | Z24= | AA24= | AB24= | AC24=
fixed_connections,7.4.Co_RG,25,B25= | C25=May | D25=34876 | E25=79427 | F25=22899 | G25=55719 | H25=193254 | I25=47119 | J25=44376 | K25=161099 | L25=52780 | M25=58229 | N25=6663 | O25=15752 | P25=931739 | Q25=27035 | R25=21843 | S25= | T25=1752810 | U25= | V25= | W25= | X25= | Y25= | Z25= | AA25= | AB25= | AC25=
fixed_connections,7.7.CO_TEC_FIJAS,2,B2=SERVICIO ACCESO A INTERNET: CONEXIONES FIJAS POR TIPO DE TECNOLOGÍA 
fixed_connections,7.7.CO_TEC_FIJAS,3,B3= | D3=
fixed_connections,7.7.CO_TEC_FIJAS,5,B5=<< VOLVER | C5= | D5= | E5= | F5= | G5=
fixed_connections,7.7.CO_TEC_FIJAS,6,B6=Año | C6=Mes | D6=Total de Conexiones Fijas | E6=Conexiones ADSL | F6=Conexiones por HFC (Cable Modem)  | G6=Conexiones FTTX (Fibra Optica) | H6=Conexiones Otras Tecnologías  | I6= | K6=
fixed_connections,7.7.CO_TEC_FIJAS,7,B7=2000 | C7=Dic | D7=585489 | E7=--- | F7=--- | G7= | H7=585489 | I7= | K7=
fixed_connections,7.7.CO_TEC_FIJAS,8,B8=2001 | C8=Dic | D8=698127 | E8=25351 | F8=36669 | G8= | H8=636107 | I8= | J8= | K8=
fixed_connections,7.7.CO_TEC_FIJAS,9,B9=2002 | C9=Dic | D9=757760 | E9=72909 | F9=93475 | G9= | H9=591376 | I9= | K9=
fixed_connections,7.7.CO_TEC_FIJAS,10,B10=2003 | C10=Dic | D10=836007 | E10=160448 | F10=161623 | G10= | H10=513936 | I10= | K10=
fixed_connections,7.7.CO_TEC_FIJAS,11,B11=2004 | C11=Dic | D11=805315 | E11=239999 | F11=210250 | G11= | H11=355066 | I11= | K11=
fixed_connections,7.7.CO_TEC_FIJAS,12,B12=2005 | C12=Dic | D12=906079 | E12=379918 | F12=303428 | G12= | H12=222733 | I12= | K12=
fixed_connections,7.7.CO_TEC_FIJAS,13,B13=2006 | C13=Dic | D13=1087738 | E13=584098 | F13=424224 | G13= | H13=79416 | I13= | K13=
fixed_connections,7.7.CO_TEC_FIJAS,14,B14=2007 | C14=Dic | D14=1331919 | E14=760482 | F14=537603 | G14= | H14=33834 | I14= | K14=
fixed_connections,7.7.CO_TEC_FIJAS,15,B15=2008 | C15=Dic | D15=1439009 | E15=816702 | F15=605889 | G15= | H15=16418 | I15= | K15=
fixed_connections,7.7.CO_TEC_FIJAS,16,B16=2009 | C16=Dic | D16=1695034 | E16=905787 | F16=758943 | G16= | H16=30304 | I16= | K16=
fixed_connections,7.7.CO_TEC_FIJAS,17,B17=2010 | C17=Dic | D17=1819564 | E17=947781 | F17=847117 | G17=1631 | H17=23035 | I17= | K17=
fixed_connections,7.7.CO_TEC_FIJAS,18,A18= | B18=2011 | C18=Dic | D18=2025042 | E18=1012603 | F18=977194 | G18=11656 | H18=23589 | I18= | K18=
fixed_connections,7.7.CO_TEC_FIJAS,19,A19= | B19=2012 | C19=Dic | D19=2186173 | E19=1000444 | F19=1075407 | G19=40003 | H19=70319 | I19= | K19=
fixed_connections,7.7.CO_TEC_FIJAS,20,A20= | B20=2013 | C20=Dic | D20=2309572 | E20=983055 | F20=1163502 | G20=67059 | H20=95956 | I20= | K20=
fixed_connections,7.7.CO_TEC_FIJAS,21,A21= | B21=2014 | C21=Dic | D21=2501356 | E21=956428 | F21=1257752 | G21=154604 | H21=132572 | I21= | K21=
fixed_connections,7.7.CO_TEC_FIJAS,22,A22= | B22=2015 | C22=Dic | D22=2729251 | E22=928851 | F22=1394489 | G22=224317 | H22=181594 | I22= | K22=
fixed_connections,7.7.CO_TEC_FIJAS,23,A23= | B23=2016 | C23=Dic | D23=2912133 | E23=837735 | F23=1567991 | G23=293504 | H23=212903 | I23= | K23=
fixed_connections,7.7.CO_TEC_FIJAS,24,A24= | B24=2017 | C24=Dic | D24=3068528 | E24=773832 | F24=1683121 | G24=402488 | H24=209087 | I24= | K24=
fixed_connections,7.7.CO_TEC_FIJAS,25,A25= | B25=2018 | C25=Dic | D25=3256097 | E25=589162 | F25=1782881 | G25=703413 | H25=180641 | I25= | K25=
fixed_connections,7.7.1.CO_TEC_RG_EMP_FIJAS,2,"B2=SERVICIO ACCESO A INTERNET: CONEXIONES FIJAS POR TIPO DE TECNOLOGÍA, REGIÓN Y EMPRESA - MARZO 2026"
fixed_connections,7.7.1.CO_TEC_RG_EMP_FIJAS,3,B3=
fixed_connections,7.7.1.CO_TEC_RG_EMP_FIJAS,5,B5=<< VOLVER | C5= | D5= | E5= | F5= | G5= | H5= | I5= | J5= | K5= | L5= | M5= | N5= | O5= | P5= | Q5= | R5= | S5= | T5= | U5= | V5= | W5= | X5= | Y5=
fixed_connections,7.7.1.CO_TEC_RG_EMP_FIJAS,6,A6= | B6= | C6= | D6= | E6= | F6= | G6= | H6= | I6= | J6= | K6= | L6= | M6= | N6= | O6= | P6= | Q6= | R6= | S6= | T6= | U6= | V6= | W6= | X6= | Y6= | Z6= | AA6= | AB6= | AC6= | AD6=
fixed_connections,7.7.1.CO_TEC_RG_EMP_FIJAS,7,A7= | B7= | C7= | D7=Conexiones ADSL | E7= | F7= | G7= | H7= | I7= | J7= | K7= | L7= | M7= | N7= | O7=Conexiones por HFC (Cable Modem)  | P7= | Q7= | R7= | S7= | T7=Conexiones WIMAX  | U7= | V7= | W7= | X7= | Y7= | Z7=Conexiones FTTX (Fibra Optica) | AA7= | AB7= | AC7= | AD7=
fixed_connections,7.7.1.CO_TEC_RG_EMP_FIJAS,8,A8= | B8= | C8=Región | D8=Entel-Chile S.A. | E8=CMET | F8=Telsur | G8=Movistar | H8=CTR | I8=Entelphone | J8=GTD Manquehue | K8=Telcoy | L8=Grupo Claro-VTR | M8=Netline | N8=Total Conexiones ADSL | O8=CMET | P8= | Q8=Grupo Claro-VTR | R8=Mundo Pacífico | S8=Total Conexiones HFC (Cable Modem)  | T8=Entel-Chile S.A. | U8=CTR | V8=Entelphone | W8= | X8=Grupo Claro-VTR | Y8=Total Conexiones WIMAX  | Z8=Entel-Chile S.A. | AA8=Telsur | AB8=Grupo Claro-VTR | AC8=Movistar | AD8=CTR
fixed_connections,7.7.1.CO_TEC_RG_EMP_FIJAS,9,A9= | B9= | C9=1 | D9=9 | E9= | F9= | G9=3 | H9= | I9=7 | J9=33 | K9= | L9= | M9= | N9=52 | O9= | P9= | Q9=12690 | R9= | S9=12690 | T9= | U9= | V9= | W9= | X9= | Y9=0 | Z9=1369 | AA9= | AB9=18223 | AC9=39664 | AD9=
fixed_connections,7.7.1.CO_TEC_RG_EMP_FIJAS,10,A10= | B10= | C10=2 | D10=6 | E10= | F10= | G10= | H10= | I10=4 | J10=26 | K10= | L10= | M10= | N10=36 | O10= | P10= | Q10=47252 | R10= | S10=47252 | T10=2 | U10= | V10=1 | W10= | X10= | Y10=3 | Z10=1490 | AA10= | AB10=29538 | AC10=72874 | AD10=
fixed_connections,7.7.1.CO_TEC_RG_EMP_FIJAS,11,A11= | B11= | C11=3 | D11=5 | E11= | F11= | G11= | H11= | I11=4 | J11= | K11= | L11= | M11= | N11=9 | O11= | P11= | Q11=6790 | R11= | S11=6790 | T11=1 | U11= | V11= | W11= | X11= | Y11=1 | Z11=483 | AA11= | AB11=13898 | AC11=30877 | AD11=
fixed_connections,7.7.1.CO_TEC_RG_EMP_FIJAS,12,A12= | B12= | C12=4 | D12=9 | E12= | F12= | G12=3 | H12= | I12=3 | J12=11 | K12= | L12= | M12= | N12=26 | O12= | P12= | Q12=22981 | R12= | S12=22981 | T12=3 | U12= | V12= | W12= | X12= | Y12=3 | Z12=1294 | AA12= | AB12=38927 | AC12=67368 | AD12=
fixed_connections,7.7.1.CO_TEC_RG_EMP_FIJAS,13,A13= | B13= | C13=5 | D13=15 | E13= | F13= | G13=3 | H13= | I13=5 | J13=16 | K13= | L13= | M13= | N13=39 | O13= | P13= | Q13=92154 | R13= | S13=92154 | T13=2 | U13= | V13= | W13= | X13= | Y13=2 | Z13=3134 | AA13= | AB13=107990 | AC13=171313 | AD13=
fixed_connections,7.7.1.CO_TEC_RG_EMP_FIJAS,14,A14= | B14= | C14=6 | D14=2 | E14= | F14=64 | G14= | H14= | I14=2 | J14= | K14= | L14= | M14= | N14=68 | O14= | P14= | Q14=24576 | R14= | S14=24576 | T14=4 | U14= | V14= | W14= | X14= | Y14=4 | Z14=830 | AA14=3804 | AB14=14221 | AC14=54362 | AD14=
fixed_connections,7.7.1.CO_TEC_RG_EMP_FIJAS,15,A15= | B15= | C15=7 | D15=3 | E15= | F15=186 | G15=4 | H15=41 | I15=2 | J15= | K15= | L15= | M15= | N15=236 | O15= | P15= | Q15=13924 | R15= | S15=13924 | T15=4 | U15=13 | V15= | W15= | X15= | Y15=17 | Z15=1317 | AA15=4587 | AB15=33386 | AC15=56416 | AD15=
fixed_connections,7.7.1.CO_TEC_RG_EMP_FIJAS,16,A16= | B16= | C16=8 | D16=27 | E16= | F16=914 | G16=1 | H16=124 | I16=4 | J16= | K16= | L16= | M16= | N16=1070 | O16= | P16= | Q16=38631 | R16= | S16=38631 | T16=1 | U16=5 | V16= | W16= | X16= | Y16=6 | Z16=2369 | AA16=30557 | AB16=70846 | AC16=94487 | AD16=
fixed_connections,7.7.1.CO_TEC_RG_EMP_FIJAS,17,A17= | B17= | C17=9 | D17=6 | E17= | F17=977 | G17= | H17=132 | I17=3 | J17= | K17= | L17= | M17= | N17=1118 | O17= | P17= | Q17=8562 | R17= | S17=8562 | T17= | U17= | V17= | W17= | X17= | Y17=0 | Z17=869 | AA17=31627 | AB17=29952 | AC17=53044 | AD17=
fixed_connections,7.7.1.CO_TEC_RG_EMP_FIJAS,18,A18= | B18= | C18=10 | D18=7 | E18= | F18=3105 | G18= | H18=31 | I18=2 | J18= | K18= | L18= | M18= | N18=3145 | O18= | P18= | Q18=11989 | R18= | S18=11989 | T18=2 | U18=11 | V18= | W18= | X18= | Y18=13 | Z18=623 | AA18=65805 | AB18=20591 | AC18=22617 | AD18=
fixed_connections,7.7.1.CO_TEC_RG_EMP_FIJAS,19,A19= | B19= | C19=11 | D19= | E19= | F19=19 | G19= | H19= | I19= | J19= | K19=590 | L19= | M19= | N19=609 | O19= | P19= | Q19= | R19= | S19=0 | T19= | U19= | V19= | W19= | X19= | Y19=0 | Z19=16 | AA19=8 | AB19=0 | AC19=3834 | AD19=
fixed_connections,7.7.1.CO_TEC_RG_EMP_FIJAS,20,A20= | B20= | C20=12 | D20= | E20= | F20=3 | G20=1 | H20= | I20=4 | J20= | K20= | L20= | M20= | N20=8 | O20= | P20= | Q20=2616 | R20= | S20=2616 | T20= | U20= | V20= | W20= | X20= | Y20=0 | Z20=78 | AA20= | AB20=7150 | AC20=41374 | AD20=188
fixed_connections,7.7.1.CO_TEC_RG_EMP_FIJAS,21,A21= | B21= | C21=13 | D21=81 | E21= | F21=13 | G21=13 | H21= | I21=44 | J21=1124 | K21= | L21=240 | M21=21 | N21=1536 | O21= | P21= | Q21=205880 | R21= | S21=205880 | T21=10 | U21= | V21=2 | W21= | X21= | Y21=12 | Z21=29898 | AA21=2 | AB21=321778 | AC21=548608 | AD21=
fixed_connections,7.7.1.CO_TEC_RG_EMP_FIJAS,22,A22= | B22= | C22=14 | D22=1 | E22= | F22=1172 | G22=1 | H22=10 | I22= | J22= | K22= | L22= | M22= | N22=1184 | O22= | P22= | Q22=5123 | R22= | S22=5123 | T22= | U22= | V22= | W22= | X22= | Y22=0 | Z22=123 | AA22=29710 | AB22=11402 | AC22=7468 | AD22=
fixed_connections,7.7.1.CO_TEC_RG_EMP_FIJAS,23,A23= | B23= | C23=15 | D23=4 | E23= | F23= | G23= | H23= | I23=3 | J23=1 | K23= | L23= | M23= | N23=8 | O23= | P23= | Q23=15977 | R23= | S23=15977 | T23=1 | U23= | V23=1 | W23= | X23= | Y23=2 | Z23=166 | AA23= | AB23=9029 | AC23=28531 | AD23=
fixed_connections,7.7.1.CO_TEC_RG_EMP_FIJAS,24,A24= | B24= | C24=16 | D24=11 | E24= | F24=144 | G24=2 | H24=65 | I24=1 | J24= | K24= | L24= | M24= | N24=223 | O24= | P24= | Q24=7606 | R24= | S24=7606 | T24= | U24=5 | V24= | W24= | X24= | Y24=5 | Z24=442 | AA24=5115 | AB24=15965 | AC24=18344 | AD24=
fixed_connections,7.7.1.CO_TEC_RG_EMP_FIJAS,25,A25= | C25=Total | D25=186 | E25=0 | F25=6597 | G25=31 | H25=403 | I25=88 | J25=1211 | K25=590 | L25=240 | M25=21 | N25=9367 | O25=0 | P25= | Q25=516751 | R25=0 | S25=516751 | T25=30 | U25=34 | V25=4 | W25= | X25=0 | Y25=68 | Z25=44501 | AA25=171215 | AB25=742896 | AC25=1311181 | AD25=188 | AE25=465816
fixed_connections,7.8.CO_PL_FIJAS,2,B2=SERVICIO ACCESO A INTERNET: TOTAL DE CONEXIONES FIJAS
fixed_connections,7.8.CO_PL_FIJAS,3,B3=CONEXIONES FIJAS POR TIPO DE PLAN | D3=
fixed_connections,7.8.CO_PL_FIJAS,5,B5=<< VOLVER | C5= | D5= | E5=
fixed_connections,7.8.CO_PL_FIJAS,6,A6= | B6=Año | C6=Mes | D6=Postpago | E6=Prepago | F6=Total de Conexiones Fijas | G6= | H6=
fixed_connections,7.8.CO_PL_FIJAS,7,A7= | B7=2009 | C7=Dic | D7=1653170 | E7=41864 | F7=1695034 | G7= | H7=
fixed_connections,7.8.CO_PL_FIJAS,8,A8= | B8=2010 | C8=Ene | D8=1656548 | E8=42360 | F8=1698908 | G8= | H8=
fixed_connections,7.8.CO_PL_FIJAS,9,A9= | B9= | C9=Feb | D9=1654425 | E9=43558 | F9=1697983 | G9= | H9=
fixed_connections,7.8.CO_PL_FIJAS,10,A10= | B10= | C10=Mar | D10=1670210 | E10=38093 | F10=1708303 | G10= | H10=
fixed_connections,7.8.CO_PL_FIJAS,11,A11= | B11= | C11=Abr | D11=1695620 | E11=35898 | F11=1731518 | G11= | H11=
fixed_connections,7.8.CO_PL_FIJAS,12,A12= | B12= | C12=May | D12=1718439 | E12=34371 | F12=1752810 | G12= | H12=
fixed_connections,7.8.CO_PL_FIJAS,13,A13= | B13= | C13=Jun | D13=1716167 | E13=33291 | F13=1749458 | G13= | H13=
fixed_connections,7.8.CO_PL_FIJAS,14,A14= | B14= | C14=Jul | D14=1738495 | E14=31990 | F14=1770485 | G14= | H14=
fixed_connections,7.8.CO_PL_FIJAS,15,A15= | B15= | C15=Ago | D15=1763207 | E15=30387 | F15=1793594 | G15= | H15=
fixed_connections,7.8.CO_PL_FIJAS,16,A16= | B16= | C16=Sep | D16=1778503 | E16=29686 | F16=1808189 | G16= | H16=
fixed_connections,7.8.CO_PL_FIJAS,17,A17= | B17= | C17=Oct | D17=1775112 | E17=28550 | F17=1803662 | G17= | H17=
fixed_connections,7.8.CO_PL_FIJAS,18,A18= | B18= | C18=Nov | D18=1789560 | E18=27420 | F18=1816980 | G18= | H18=
fixed_connections,7.8.CO_PL_FIJAS,19,A19= | B19= | C19=Dic | D19=1793420 | E19=26144 | F19=1819564 | G19= | H19=
fixed_connections,7.8.CO_PL_FIJAS,20,A20= | B20=2011 | C20=Ene | D20=1793966 | E20=25180 | F20=1819146 | G20= | H20=
fixed_connections,7.8.CO_PL_FIJAS,21,A21= | B21= | C21=Feb | D21=1799569 | E21=24087 | F21=1823656 | G21= | H21=
fixed_connections,7.8.CO_PL_FIJAS,22,A22= | B22= | C22=Mar | D22=1830548 | E22=24506 | F22=1855054 | G22= | H22=
fixed_connections,7.8.CO_PL_FIJAS,23,A23= | B23= | C23=Abr | D23=1855765 | E23=23686 | F23=1879451 | G23= | H23=
fixed_connections,7.8.CO_PL_FIJAS,24,A24= | B24= | C24=May | D24=1886710 | E24=23307 | F24=1910017 | G24= | H24=
fixed_connections,7.8.CO_PL_FIJAS,25,A25= | B25= | C25=Jun | D25=1909848 | E25=22961 | F25=1932809 | G25= | H25=
fixed_connections,7.9.CO_EMPR_FIJAS,2,B2=SERVICIO ACCESO A INTERNET: TOTAL DE CONEXIONES FIJAS
fixed_connections,7.9.CO_EMPR_FIJAS,3,B3=TOTAL DE CONEXIONES FIJAS POR EMPRESA | BJ3=TOTAL DE CONEXIONES FIJAS  POR AGRUPACIÓN DE EMPRESAS. DATOS MENSUALES.
fixed_connections,7.9.CO_EMPR_FIJAS,4,B4= | D4= | E4= | F4= | G4= | H4= | I4= | J4= | K4= | L4= | M4= | N4= | O4= | P4= | Q4= | R4= | S4= | T4= | U4= | V4= | W4= | X4= | Y4= | Z4= | AA4= | AB4= | AC4= | AD4= | AE4= | AF4=
fixed_connections,7.9.CO_EMPR_FIJAS,6,B6=<< VOLVER | C6= | D6= | E6= | F6= | G6= | H6= | I6= | J6= | K6= | L6= | M6= | N6= | O6= | P6= | Q6= | R6= | S6= | T6= | U6= | V6= | W6= | X6= | Y6= | Z6= | AA6= | AB6= | AC6= | AD6= | AE6=
fixed_connections,7.9.CO_EMPR_FIJAS,7,A7= | B7=Año | C7=Mes | D7=Claro 110 | E7=AT&T Chile S.A. | F7=Entel-Chile S.A. | G7=EQUANT | H7=Claro 155 | I7=Impsat | J7=Claro Infraestructura | K7=Telsur | L7=Claro Comunicaciones S.A. | M7=Movistar | N7=CTR | O7=Entelphone | P7=RTC | Q7=STEL Access | R7=GTD Manquehue | S7=Telcoy | T7=VTR Banda Ancha | U7=Will S.A. | V7=Claro Serv. Empresariales | W7=Fullcom | X7=CMET | Y7=Tutopía | Z7=Cybercenter | AA7=GTD Internet | AB7=Chilesat Internet | AC7=Globalcom | AD7=Tecnoera
fixed_connections,7.9.CO_EMPR_FIJAS,8,A8= | B8=2007 | C8=Dic | D8=47 | E8= | F8=41899 | G8=149 | H8=540 | I8=310 | J8=1149 | K8=62564 | L8= | M8=617462 | N8=4977 | O8= | P8=551 | Q8= | R8=29180 | S8= | T8=522624 | U8= | V8=10604 | W8=970 | X8=17807 | Y8=2981 | Z8=1381 | AA8=2800 | AB8=171 | AC8=1197 | AD8=44
fixed_connections,7.9.CO_EMPR_FIJAS,9,A9= | B9=2008 | C9=Dic | D9=27 | E9= | F9=32257 | G9=116 | H9=309 | I9=921 | J9=402 | K9=74919 | L9= | M9=662113 | N9=5721 | O9= | P9=672 | Q9= | R9=33727 | S9= | T9=590074 | U9= | V9=7470 | W9=787 | X9=16666 | Y9= | Z9=328 | AA9=3295 | AB9=148 | AC9=2188 | AD9=45
fixed_connections,7.9.CO_EMPR_FIJAS,10,A10= | B10=2009 | C10=Dic | D10=9 | E10=573 | F10=24736 | G10= | H10=246 | I10= | J10=114 | K10=84933 | L10= | M10=756342 | N10=5663 | O10= | P10=746 | Q10= | R10=38902 | S10=6088 | T10=654096 | U10=3 | V10=97180 | W10=549 | X10=15492 | Y10= | Z10=9 | AA10=3535 | AB10=131 | AC10=1933 | AD10=
fixed_connections,7.9.CO_EMPR_FIJAS,11,A11= | B11=2010 | C11=Ene | D11=12 | E11=573 | F11=24421 | G11= | H11=246 | I11= | J11=98 | K11=84890 | L11= | M11=758634 | N11=5719 | O11= | P11=765 | Q11= | R11=35352 | S11=5944 | T11=655500 | U11=3 | V11=101857 | W11=553 | X11=14694 | Y11= | Z11=9 | AA11=3566 | AB11=127 | AC11=1888 | AD11=58
fixed_connections,7.9.CO_EMPR_FIJAS,12,A12= | B12= | C12=Feb | D12=10 | E12=570 | F12=22346 | G12= | H12=248 | I12= | J12=99 | K12=84348 | L12= | M12=757468 | N12=5778 | O12= | P12=768 | Q12= | R12=35460 | S12=6001 | T12=656344 | U12=7 | V12=104182 | W12=545 | X12=14306 | Y12= | Z12=9 | AA12=3589 | AB12=129 | AC12=1782 | AD12=
fixed_connections,7.9.CO_EMPR_FIJAS,13,A13= | B13= | C13=Mar | D13=13 | E13=570 | F13=21802 | G13= | H13=241 | I13= | J13=93 | K13=85874 | L13= | M13=754763 | N13=5901 | O13= | P13=781 | Q13= | R13=35953 | S13=6167 | T13=656618 | U13=9 | V13=108740 | W13=548 | X13=13304 | Y13= | Z13=9 | AA13=3628 | AB13= | AC13=1782 | AD13=
fixed_connections,7.9.CO_EMPR_FIJAS,14,A14= | B14= | C14=Abr | D14=10 | E14=569 | F14=21551 | G14= | H14=237 | I14= | J14=69 | K14=87088 | L14= | M14=757715 | N14=5987 | O14= | P14=792 | Q14= | R14=36368 | S14=6223 | T14=665514 | U14=8 | V14=117865 | W14=537 | X14=13581 | Y14= | Z14=9 | AA14=3662 | AB14=128 | AC14=1656 | AD14=
fixed_connections,7.9.CO_EMPR_FIJAS,15,A15= | B15= | C15=May | D15=7 | E15=568 | F15=21751 | G15= | H15=233 | I15= | J15=65 | K15=87945 | L15= | M15=763961 | N15=6169 | O15= | P15=811 | Q15= | R15=36573 | S15=6258 | T15=671554 | U15=12 | V15=124892 | W15=542 | X15=13500 | Y15= | Z15=9 | AA15=3686 | AB15= | AC15=1597 | AD15=
fixed_connections,7.9.CO_EMPR_FIJAS,16,A16= | B16= | C16=Jun | D16=4 | E16=568 | F16=21659 | G16= | H16=231 | I16= | J16=56 | K16=87992 | L16= | M16=765080 | N16=6367 | O16= | P16=826 | Q16= | R16=36988 | S16=6386 | T16=676709 | U16=51 | V16=113766 | W16=539 | X16=13643 | Y16= | Z16=9 | AA16=3680 | AB16=124 | AC16=1479 | AD16=
fixed_connections,7.9.CO_EMPR_FIJAS,17,A17= | B17= | C17=Jul | D17=3 | E17=567 | F17=21643 | G17= | H17=226 | I17= | J17=53 | K17=88611 | L17= | M17=774585 | N17=6521 | O17= | P17=834 | Q17= | R17=37536 | S17=6402 | T17=682351 | U17=158 | V17=117736 | W17=541 | X17=13828 | Y17= | Z17=9 | AA17=3796 | AB17=123 | AC17=1375 | AD17=
fixed_connections,7.9.CO_EMPR_FIJAS,18,A18= | B18= | C18=Ago | D18=3 | E18=567 | F18=21579 | G18= | H18=225 | I18= | J18=45 | K18=89613 | L18= | M18=780800 | N18=6607 | O18= | P18=857 | Q18= | R18=37809 | S18=6507 | T18=686539 | U18=208 | V18=128702 | W18=545 | X18=14158 | Y18= | Z18=9 | AA18=3853 | AB18=120 | AC18=1223 | AD18=
fixed_connections,7.9.CO_EMPR_FIJAS,19,A19= | B19= | C19=Sep | D19=3 | E19=567 | F19=21614 | G19= | H19=223 | I19= | J19=51 | K19=89851 | L19= | M19=783703 | N19=6675 | O19= | P19=865 | Q19= | R19=37660 | S19=6516 | T19=690001 | U19=103 | V19=137106 | W19=539 | X19=14160 | Y19= | Z19=9 | AA19=3878 | AB19=117 | AC19=1138 | AD19=
fixed_connections,7.9.CO_EMPR_FIJAS,20,A20= | B20= | C20=Oct | D20= | E20=545 | F20=21586 | G20= | H20=221 | I20= | J20= | K20=91618 | L20=119145 | M20=788699 | N20=6757 | O20= | P20=886 | Q20= | R20=37704 | S20=6536 | T20=693074 | U20=51 | V20=4572 | W20=535 | X20=14447 | Y20= | Z20=9 | AA20=3878 | AB20= | AC20=1025 | AD20=
fixed_connections,7.9.CO_EMPR_FIJAS,21,A21= | B21= | C21=Nov | D21=3 | E21=544 | F21=21590 | G21= | H21=217 | I21= | J21=39 | K21=92020 | L21=124429 | M21=789081 | N21=6772 | O21= | P21=920 | Q21= | R21=37896 | S21=6630 | T21=698409 | U21=379 | V21=4543 | W21=511 | X21=14453 | Y21= | Z21=9 | AA21=3940 | AB21= | AC21=1051 | AD21=
fixed_connections,7.9.CO_EMPR_FIJAS,22,A22= | B22= | C22=Dic | D22=3 | E22=516 | F22=21632 | G22= | H22=217 | I22= | J22=41 | K22=92771 | L22=127368 | M22=788996 | N22=6778 | O22= | P22=952 | Q22= | R22=37659 | S22=6660 | T22=698122 | U22=328 | V22=4539 | W22=518 | X22=14329 | Y22= | Z22=9 | AA22=3917 | AB22= | AC22=1051 | AD22=
fixed_connections,7.9.CO_EMPR_FIJAS,23,A23= | B23=2011 | C23=Ene | D23=3 | E23=515 | F23=18510 | G23= | H23=216 | I23= | J23=33 | K23=93177 | L23=131498 | M23=787714 | N23=6751 | O23= | P23=973 | Q23= | R23=37977 | S23=6594 | T23=697742 | U23=288 | V23=4528 | W23=511 | X23=14189 | Y23= | Z23=9 | AA23=3936 | AB23= | AC23=1051 | AD23=
fixed_connections,7.9.CO_EMPR_FIJAS,24,A24= | B24= | C24=Feb | D24=3 | E24=516 | F24=21490 | G24= | H24=217 | I24= | J24=31 | K24=92709 | L24=135184 | M24=785001 | N24=6756 | O24= | P24=983 | Q24= | R24=37909 | S24=6624 | T24=698873 | U24=231 | V24=4482 | W24=520 | X24=13714 | Y24= | Z24=9 | AA24=3958 | AB24= | AC24=1051 | AD24=
fixed_connections,7.9.CO_EMPR_FIJAS,25,A25= | B25= | C25=Mar | D25=3 | E25=516 | F25=21318 | G25= | H25=214 | I25= | J25=30 | K25=94758 | L25=143642 | M25=788345 | N25=6830 | O25= | P25=997 | Q25= | R25=38915 | S25=6796 | T25=714093 | U25=219 | V25=4487 | W25=523 | X25=13907 | Y25= | Z25=9 | AA25=4042 | AB25= | AC25=1051 | AD25=
fixed_connections,7.10.CO_ANCH_FIJAS,2,B2=SERVICIO ACCESO A INTERNET: TOTAL DE CONEXIONES FIJAS
fixed_connections,7.10.CO_ANCH_FIJAS,3,B3=TOTAL DE CONEXIONES FIJAS POR TIPO DE ANCHO DE BANDA (VELOCIDAD DE BAJADA COMERCIAL DEL PLAN)
fixed_connections,7.10.CO_ANCH_FIJAS,6,B6=<< VOLVER | C6=
fixed_connections,7.10.CO_ANCH_FIJAS,7,A7= | B7=
fixed_connections,7.10.CO_ANCH_FIJAS,8,A8= | B8=Año | C8=Mes | D8=Hasta 10 Mbps | E8=Más de 10 Mbps y hasta 100 Mbps | F8=Más de 100 Mbps y hasta 1 Gbps | G8=Más de 1 Gbps | H8=Total de Conexiones Fijas
fixed_connections,7.10.CO_ANCH_FIJAS,9,A9= | B9=2009 | C9=Dic | D9=1689025 | E9=5467 | F9=465 | G9=77 | H9=1695034 | I9=
fixed_connections,7.10.CO_ANCH_FIJAS,10,A10= | B10=2010 | C10=Ene | D10=1691852 | E10=6624 | F10=352 | G10=80 | H10=1698908 | I10=
fixed_connections,7.10.CO_ANCH_FIJAS,11,A11= | B11= | C11=Feb | D11=1689944 | E11=7580 | F11=379 | G11=80 | H11=1697983 | I11=
fixed_connections,7.10.CO_ANCH_FIJAS,12,A12= | B12= | C12=Mar | D12=1695652 | E12=12215 | F12=355 | G12=81 | H12=1708303 | I12=
fixed_connections,7.10.CO_ANCH_FIJAS,13,A13= | B13= | C13=Abr | D13=1704545 | E13=26554 | F13=332 | G13=87 | H13=1731518 | I13=
fixed_connections,7.10.CO_ANCH_FIJAS,14,A14= | B14= | C14=May | D14=1715097 | E14=37292 | F14=334 | G14=87 | H14=1752810 | I14=
fixed_connections,7.10.CO_ANCH_FIJAS,15,A15= | B15= | C15=Jun | D15=1698891 | E15=50159 | F15=320 | G15=88 | H15=1749458 | I15=
fixed_connections,7.10.CO_ANCH_FIJAS,16,A16= | B16= | C16=Jul | D16=1706202 | E16=63909 | F16=284 | G16=90 | H16=1770485 | I16=
fixed_connections,7.10.CO_ANCH_FIJAS,17,A17= | B17= | C17=Ago | D17=1716674 | E17=76548 | F17=282 | G17=90 | H17=1793594 | I17=
fixed_connections,7.10.CO_ANCH_FIJAS,18,A18= | B18= | C18=Sep | D18=1719722 | E18=88095 | F18=282 | G18=90 | H18=1808189 | I18=
fixed_connections,7.10.CO_ANCH_FIJAS,19,A19= | B19= | C19=Oct | D19=1703011 | E19=100275 | F19=283 | G19=93 | H19=1803662 | I19=
fixed_connections,7.10.CO_ANCH_FIJAS,20,A20= | B20= | C20=Nov | D20=1704247 | E20=112351 | F20=289 | G20=93 | H20=1816980 | I20=
fixed_connections,7.10.CO_ANCH_FIJAS,21,A21= | B21= | C21=Dic | D21=1693292 | E21=125889 | F21=289 | G21=94 | H21=1819564 | I21=
fixed_connections,7.10.CO_ANCH_FIJAS,22,A22= | B22=2011 | C22=Ene | D22=1680964 | E22=138017 | F22=100 | G22=65 | H22=1819146 | I22=
fixed_connections,7.10.CO_ANCH_FIJAS,23,A23= | B23= | C23=Feb | D23=1673256 | E23=150236 | F23=99 | G23=65 | H23=1823656 | I23=
fixed_connections,7.10.CO_ANCH_FIJAS,24,A24= | B24= | C24=Mar | D24=1686596 | E24=168302 | F24=99 | G24=57 | H24=1855054 | I24=
fixed_connections,7.10.CO_ANCH_FIJAS,25,A25= | B25= | C25=Abr | D25=1698298 | E25=180997 | F25=98 | G25=58 | H25=1879451 | I25=
fixed_connections,7.11.CO_FIJAS_COMUNA,3,B3=SERVICIO ACCESO A INTERNET: TOTAL DE CONEXIONES FIJAS
fixed_connections,7.11.CO_FIJAS_COMUNA,4,B4=TOTAL DE CONEXIONES FIJAS POR REGIÓN Y COMUNA
fixed_connections,7.11.CO_FIJAS_COMUNA,7,B7=<< VOLVER
fixed_connections,7.11.CO_FIJAS_COMUNA,8,C8=Año | D8=2007 | E8=2008 | F8=2009 | G8=2010 | H8= | I8= | J8= | K8= | L8= | M8= | N8= | O8= | P8= | Q8= | R8= | S8=2011 | T8= | U8= | V8= | W8= | X8= | Y8= | Z8= | AA8= | AB8= | AC8= | AD8= | AE8=2012 | AF8=
fixed_connections,7.11.CO_FIJAS_COMUNA,9,B9=Región | C9=Comuna | D9=Dic | E9=Dic | F9=Dic | G9=Ene | H9=Feb | I9=Mar | J9=Abr | K9=May | L9=Jun | M9=Jul | N9=Ago | O9=Sep | P9=Oct | Q9=Nov | R9=Dic | S9=Ene | T9=Feb | U9=Mar | V9=Abr | W9=May | X9=Jun | Y9=Jul | Z9=Ago | AA9=Sep | AB9=Oct | AC9=Nov | AD9=Dic | AE9=Ene
fixed_connections,7.11.CO_FIJAS_COMUNA,10,B10=1 | C10=Alto Hospicio | D10=2863 | E10=3242 | F10=4571 | G10=4593 | H10=4602 | I10=4623 | J10=4657 | K10=4756 | L10=4776 | M10=4774 | N10=4787 | O10=4812 | P10=4795 | Q10=4829 | R10=4869 | S10=4882 | T10=4854 | U10=4932 | V10=5012 | W10=5126 | X10=5094 | Y10=5163 | Z10=5192 | AA10=5173 | AB10=5174 | AC10=5190 | AD10=5171 | AE10=4779
fixed_connections,7.11.CO_FIJAS_COMUNA,11,B11= | C11=Camiña | D11=1 | E11=1 | F11=1 | G11=1 | H11=1 | I11=1 | J11=1 | K11=1 | L11=1 | M11=1 | N11=1 | O11=1 | P11=1 | Q11=1 | R11=1 | S11=1 | T11=1 | U11=1 | V11=1 | W11=1 | X11=1 | Y11=1 | Z11=1 | AA11=1 | AB11=1 | AC11=1 | AD11=1 | AE11=1
fixed_connections,7.11.CO_FIJAS_COMUNA,12,B12= | C12=Colchane | D12= | E12= | F12=2 | G12=2 | H12=2 | I12=2 | J12=1 | K12= | L12= | M12= | N12= | O12= | P12= | Q12= | R12= | S12= | T12= | U12= | V12= | W12= | X12= | Y12= | Z12= | AA12= | AB12= | AC12= | AD12= | AE12=
fixed_connections,7.11.CO_FIJAS_COMUNA,13,B13= | C13=Huara | D13=2 | E13=1 | F13=3 | G13=3 | H13=3 | I13=3 | J13=2 | K13=2 | L13=2 | M13=2 | N13=3 | O13=3 | P13=3 | Q13=3 | R13=3 | S13=3 | T13=3 | U13=3 | V13=3 | W13=3 | X13=3 | Y13=3 | Z13=3 | AA13=3 | AB13=2 | AC13=2 | AD13=2 | AE13=2
fixed_connections,7.11.CO_FIJAS_COMUNA,14,B14= | C14=Iquique | D14=25168 | E14=26780 | F14=28860 | G14=28967 | H14=28930 | I14=29074 | J14=29411 | K14=29503 | L14=29786 | M14=29848 | N14=29997 | O14=29988 | P14=30086 | Q14=30168 | R14=30223 | S14=30134 | T14=30329 | U14=30568 | V14=30726 | W14=31163 | X14=31370 | Y14=31567 | Z14=31631 | AA14=31648 | AB14=31647 | AC14=31870 | AD14=31828 | AE14=32277
fixed_connections,7.11.CO_FIJAS_COMUNA,15,B15= | C15=Pica | D15=21 | E15=113 | F15=131 | G15=127 | H15=124 | I15=116 | J15=115 | K15=114 | L15=114 | M15=114 | N15=114 | O15=119 | P15=132 | Q15=130 | R15=130 | S15=131 | T15=129 | U15=138 | V15=141 | W15=147 | X15=148 | Y15=153 | Z15=149 | AA15=148 | AB15=154 | AC15=163 | AD15=166 | AE15=187
fixed_connections,7.11.CO_FIJAS_COMUNA,16,B16= | C16=Pozo Almonte | D16=285 | E16=344 | F16=508 | G16=492 | H16=502 | I16=500 | J16=490 | K16=500 | L16=513 | M16=516 | N16=533 | O16=534 | P16=535 | Q16=545 | R16=547 | S16=540 | T16=527 | U16=527 | V16=514 | W16=526 | X16=538 | Y16=544 | Z16=553 | AA16=563 | AB16=582 | AC16=578 | AD16=580 | AE16=622
fixed_connections,7.11.CO_FIJAS_COMUNA,17,B17= | C17=Sin clasificación | D17= | E17=12 | F17= | G17= | H17= | I17= | J17= | K17= | L17= | M17= | N17= | O17= | P17= | Q17= | R17= | S17= | T17= | U17= | V17= | W17= | X17= | Y17= | Z17= | AA17= | AB17= | AC17= | AD17= | AE17=
fixed_connections,7.11.CO_FIJAS_COMUNA,18,B18=Total 1 | C18= | D18=28340 | E18=30493 | F18=34076 | G18=34185 | H18=34164 | I18=34319 | J18=34677 | K18=34876 | L18=35192 | M18=35255 | N18=35435 | O18=35457 | P18=35552 | Q18=35676 | R18=35773 | S18=35691 | T18=35843 | U18=36169 | V18=36397 | W18=36966 | X18=37154 | Y18=37431 | Z18=37529 | AA18=37536 | AB18=37560 | AC18=37804 | AD18=37748 | AE18=37868
fixed_connections,7.11.CO_FIJAS_COMUNA,19,B19=2 | C19=Antofagasta | D19=42710 | E19=47264 | F19=51311 | G19=51592 | H19=51676 | I19=52074 | J19=52311 | K19=52548 | L19=52927 | M19=53031 | N19=53581 | O19=54194 | P19=54989 | Q19=55383 | R19=56211 | S19=55939 | T19=56469 | U19=57825 | V19=58762 | W19=59371 | X19=59762 | Y19=59870 | Z19=60231 | AA19=60541 | AB19=60660 | AC19=61041 | AD19=61222 | AE19=62039
fixed_connections,7.11.CO_FIJAS_COMUNA,20,B20= | C20=Calama | D20=17656 | E20=20152 | F20=21679 | G20=21831 | H20=21810 | I20=22043 | J20=22400 | K20=22694 | L20=22854 | M20=23086 | N20=23232 | O20=23298 | P20=23507 | Q20=23661 | R20=23580 | S20=23495 | T20=23517 | U20=23782 | V20=24104 | W20=24391 | X20=24441 | Y20=24579 | Z20=24750 | AA20=24910 | AB20=25096 | AC20=25359 | AD20=25461 | AE20=25423
fixed_connections,7.11.CO_FIJAS_COMUNA,21,B21= | C21=María Elena | D21=258 | E21=313 | F21=317 | G21=307 | H21=291 | I21=277 | J21=274 | K21=283 | L21=293 | M21=298 | N21=298 | O21=295 | P21=297 | Q21=299 | R21=295 | S21=290 | T21=289 | U21=284 | V21=277 | W21=277 | X21=270 | Y21=267 | Z21=266 | AA21=261 | AB21=259 | AC21=254 | AD21=253 | AE21=255
fixed_connections,7.11.CO_FIJAS_COMUNA,22,B22= | C22=Mejillones | D22=541 | E22=744 | F22=899 | G22=891 | H22=882 | I22=877 | J22=868 | K22=864 | L22=866 | M22=868 | N22=877 | O22=878 | P22=869 | Q22=870 | R22=860 | S22=865 | T22=891 | U22=899 | V22=908 | W22=909 | X22=927 | Y22=933 | Z22=943 | AA22=954 | AB22=960 | AC22=975 | AD22=954 | AE22=945
fixed_connections,7.11.CO_FIJAS_COMUNA,23,B23= | C23=Ollagüe | D23=1 | E23=1 | F23=3 | G23=3 | H23=2 | I23=2 | J23=2 | K23=2 | L23=2 | M23=1 | N23=1 | O23=1 | P23= | Q23= | R23= | S23= | T23= | U23= | V23= | W23= | X23= | Y23= | Z23= | AA23= | AB23= | AC23= | AD23= | AE23=
fixed_connections,7.11.CO_FIJAS_COMUNA,24,B24= | C24=San Pedro de Atacama | D24=26 | E24=16 | F24=9 | G24=9 | H24=9 | I24=9 | J24=11 | K24=11 | L24=10 | M24=9 | N24=10 | O24=10 | P24=9 | Q24=9 | R24=8 | S24=8 | T24=8 | U24=8 | V24=8 | W24=8 | X24=8 | Y24=8 | Z24=8 | AA24=9 | AB24=9 | AC24=9 | AD24=9 | AE24=12
fixed_connections,7.11.CO_FIJAS_COMUNA,25,B25= | C25=Sierra Gorda | D25=6 | E25=7 | F25=9 | G25=9 | H25=9 | I25=9 | J25=8 | K25=6 | L25=6 | M25=5 | N25=6 | O25=7 | P25=7 | Q25=8 | R25=7 | S25=7 | T25=8 | U25=8 | V25=8 | W25=6 | X25=5 | Y25=6 | Z25=5 | AA25=5 | AB25=6 | AC25=6 | AD25=6 | AE25=8
fixed_connections,7.11.1.CO_FIJAS_RES_COMUNA,3,B3=SERVICIO ACCESO A INTERNET: TOTAL DE CONEXIONES FIJAS
fixed_connections,7.11.1.CO_FIJAS_RES_COMUNA,4,B4=TOTAL DE CONEXIONES FIJAS RESIDENCIALES POR REGIÓN Y COMUNA
fixed_connections,7.11.1.CO_FIJAS_RES_COMUNA,7,B7=<< VOLVER
fixed_connections,7.11.1.CO_FIJAS_RES_COMUNA,8,C8=Año | D8=2015 | E8= | F8= | G8= | H8= | I8= | J8= | K8= | L8= | M8= | N8= | O8= | P8=2016 | Q8= | R8= | S8= | T8= | U8= | V8= | W8= | X8= | Y8= | Z8= | AA8= | AB8=2017 | AC8= | AD8= | AE8= | AF8=
fixed_connections,7.11.1.CO_FIJAS_RES_COMUNA,9,B9=Región | C9=Comuna | D9=Ene | E9=Feb | F9=Mar | G9=Abr | H9=May | I9=Jun | J9=Jul | K9=Ago | L9=Sep | M9=Oct | N9=Nov | O9=Dic | P9=Ene | Q9=Feb | R9=Mar | S9=Abr | T9=May | U9=Jun | V9=Jul | W9=Ago | X9=Sep | Y9=Oct | Z9=Nov | AA9=Dic | AB9=Ene | AC9=Feb | AD9=Mar | AE9=Abr
fixed_connections,7.11.1.CO_FIJAS_RES_COMUNA,10,B10=1 | C10=Alto Hospicio | D10=5218 | E10=5188 | F10=5284 | G10=5405 | H10=5415 | I10=5467 | J10=5644 | K10=5789 | L10=5973 | M10=6087 | N10=6103 | O10=6121 | P10=6150 | Q10=6136 | R10=6229 | S10=6301 | T10=6364 | U10=6287 | V10=6357 | W10=6392 | X10=6340 | Y10=6403 | Z10=6400 | AA10=6434 | AB10=6454 | AC10=6504 | AD10=6492 | AE10=6607
fixed_connections,7.11.1.CO_FIJAS_RES_COMUNA,11,B11= | C11=Camiña | D11=1 | E11=1 | F11=1 | G11=1 | H11=1 | I11=1 | J11=1 | K11=1 | L11=1 | M11=1 | N11=1 | O11=1 | P11=1 | Q11=1 | R11=1 | S11=1 | T11=1 | U11=1 | V11=1 | W11=1 | X11=1 | Y11=1 | Z11=1 | AA11=1 | AB11=1 | AC11=1 | AD11= | AE11=
fixed_connections,7.11.1.CO_FIJAS_RES_COMUNA,12,B12= | C12=Colchane | D12= | E12= | F12= | G12= | H12= | I12= | J12= | K12= | L12= | M12= | N12= | O12= | P12= | Q12= | R12= | S12= | T12= | U12= | V12= | W12= | X12= | Y12= | Z12= | AA12= | AB12= | AC12= | AD12= | AE12=
fixed_connections,7.11.1.CO_FIJAS_RES_COMUNA,13,B13= | C13=Huara | D13=1 | E13=1 | F13=1 | G13=1 | H13=1 | I13=1 | J13=1 | K13=1 | L13=1 | M13=1 | N13=1 | O13=1 | P13=1 | Q13=1 | R13=1 | S13=1 | T13=1 | U13=1 | V13=1 | W13=1 | X13=1 | Y13=1 | Z13=1 | AA13=1 | AB13=1 | AC13=1 | AD13= | AE13=
fixed_connections,7.11.1.CO_FIJAS_RES_COMUNA,14,B14= | C14=Iquique | D14=33447 | E14=33375 | F14=34135 | G14=34622 | H14=34775 | I14=34899 | J14=35325 | K14=35580 | L14=35924 | M14=36395 | N14=36495 | O14=36447 | P14=36780 | Q14=36846 | R14=37245 | S14=37419 | T14=37609 | U14=37577 | V14=37796 | W14=37372 | X14=38314 | Y14=38619 | Z14=38686 | AA14=39026 | AB14=39184 | AC14=39461 | AD14=39469 | AE14=39699
fixed_connections,7.11.1.CO_FIJAS_RES_COMUNA,15,B15= | C15=Pica | D15=141 | E15=138 | F15=141 | G15=135 | H15=141 | I15=140 | J15=143 | K15=145 | L15=141 | M15=142 | N15=142 | O15=142 | P15=131 | Q15=127 | R15=128 | S15=128 | T15=125 | U15=124 | V15=123 | W15=123 | X15=122 | Y15=120 | Z15=120 | AA15=119 | AB15=117 | AC15=117 | AD15=110 | AE15=110
fixed_connections,7.11.1.CO_FIJAS_RES_COMUNA,16,B16= | C16=Pozo Almonte | D16=487 | E16=457 | F16=453 | G16=468 | H16=463 | I16=457 | J16=468 | K16=476 | L16=476 | M16=489 | N16=490 | O16=489 | P16=487 | Q16=471 | R16=478 | S16=482 | T16=483 | U16=472 | V16=485 | W16=485 | X16=482 | Y16=480 | Z16=474 | AA16=461 | AB16=460 | AC16=465 | AD16=464 | AE16=456
fixed_connections,7.11.1.CO_FIJAS_RES_COMUNA,17,B17= | C17=Sin clasificación | D17= | E17= | F17= | G17= | H17= | I17= | J17= | K17= | L17= | M17= | N17= | O17= | P17= | Q17= | R17= | S17= | T17= | U17= | V17= | W17= | X17= | Y17= | Z17= | AA17= | AB17= | AC17= | AD17= | AE17=
fixed_connections,7.11.1.CO_FIJAS_RES_COMUNA,18,B18=Total 1 | C18= | D18=39295 | E18=39160 | F18=40015 | G18=40632 | H18=40796 | I18=40965 | J18=41582 | K18=41992 | L18=42516 | M18=43115 | N18=43232 | O18=43201 | P18=43550 | Q18=43582 | R18=44082 | S18=44332 | T18=44583 | U18=44462 | V18=44763 | W18=44374 | X18=45260 | Y18=45624 | Z18=45682 | AA18=46042 | AB18=46217 | AC18=46549 | AD18=46535 | AE18=46872
fixed_connections,7.11.1.CO_FIJAS_RES_COMUNA,19,B19=2 | C19=Antofagasta | D19=67418 | E19=67501 | F19=68265 | G19=68750 | H19=69290 | I19=69498 | J19=70191 | K19=71024 | L19=71166 | M19=71723 | N19=72131 | O19=72110 | P19=72087 | Q19=72348 | R19=72780 | S19=73425 | T19=74184 | U19=74788 | V19=75532 | W19=75877 | X19=76188 | Y19=76556 | Z19=76577 | AA19=76662 | AB19=76736 | AC19=77197 | AD19=77416 | AE19=77970
fixed_connections,7.11.1.CO_FIJAS_RES_COMUNA,20,B20= | C20=Calama | D20=29584 | E20=29369 | F20=29771 | G20=30163 | H20=30393 | I20=30500 | J20=30710 | K20=30670 | L20=30653 | M20=30901 | N20=30978 | O20=30854 | P20=29968 | Q20=30078 | R20=30278 | S20=31440 | T20=31786 | U20=31995 | V20=32191 | W20=32172 | X20=32288 | Y20=32363 | Z20=32341 | AA20=32292 | AB20=32246 | AC20=32353 | AD20=32786 | AE20=33036
fixed_connections,7.11.1.CO_FIJAS_RES_COMUNA,21,B21= | C21=María Elena | D21=255 | E21=247 | F21=250 | G21=251 | H21=250 | I21=247 | J21=253 | K21=258 | L21=273 | M21=279 | N21=279 | O21=279 | P21=293 | Q21=287 | R21=290 | S21=297 | T21=299 | U21=297 | V21=293 | W21=291 | X21=290 | Y21=288 | Z21=288 | AA21=286 | AB21=288 | AC21=288 | AD21=288 | AE21=283
fixed_connections,7.11.1.CO_FIJAS_RES_COMUNA,22,B22= | C22=Mejillones | D22=877 | E22=860 | F22=873 | G22=860 | H22=849 | I22=836 | J22=857 | K22=860 | L22=867 | M22=877 | N22=879 | O22=876 | P22=751 | Q22=739 | R22=748 | S22=911 | T22=922 | U22=953 | V22=948 | W22=953 | X22=947 | Y22=936 | Z22=937 | AA22=937 | AB22=926 | AC22=930 | AD22=933 | AE22=944
fixed_connections,7.11.1.CO_FIJAS_RES_COMUNA,23,B23= | C23=Ollagüe | D23= | E23= | F23= | G23= | H23= | I23= | J23= | K23= | L23= | M23= | N23= | O23= | P23= | Q23= | R23= | S23= | T23= | U23= | V23= | W23= | X23= | Y23= | Z23= | AA23= | AB23= | AC23= | AD23= | AE23=
fixed_connections,7.11.1.CO_FIJAS_RES_COMUNA,24,B24= | C24=San Pedro de Atacama | D24=5 | E24=5 | F24=5 | G24=4 | H24=5 | I24=5 | J24=5 | K24=5 | L24=5 | M24=5 | N24=5 | O24=5 | P24=5 | Q24=5 | R24=5 | S24=5 | T24=5 | U24=5 | V24=5 | W24=5 | X24=5 | Y24=5 | Z24=5 | AA24=5 | AB24=4 | AC24=4 | AD24=7 | AE24=5
fixed_connections,7.11.1.CO_FIJAS_RES_COMUNA,25,B25= | C25=Sierra Gorda | D25= | E25= | F25= | G25= | H25= | I25= | J25= | K25=1 | L25=1 | M25=1 | N25=1 | O25=1 | P25=2 | Q25=2 | R25=3 | S25=4 | T25=4 | U25=4 | V25=3 | W25=3 | X25=3 | Y25=3 | Z25=3 | AA25=3 | AB25=3 | AC25=3 | AD25=3 | AE25=3
fixed_connections,7.12.CO_FIJAS_CLI_OECD,2,B2=SERVICIO ACCESO A INTERNET: TOTAL DE CONEXIONES FIJAS DE ACUERDO A LA DEFINICIÓN DE LA OECD
fixed_connections,7.12.CO_FIJAS_CLI_OECD,3,B3=CONEXIONES FIJAS POR TIPO DE CLIENTE
fixed_connections,7.12.CO_FIJAS_CLI_OECD,4,B4= | D4=
fixed_connections,7.12.CO_FIJAS_CLI_OECD,6,B6=<< VOLVER | C6= | D6= | E6= | F6= | G6= | H6= | I6= | J6= | K6=
fixed_connections,7.12.CO_FIJAS_CLI_OECD,7,A7= | B7=Año | C7=Mes | D7=Residencial | E7=Comercial | F7=No identificados | G7=Total de Conexiones Fijas | H7= | I7= | J7= | K7= | M7= | N7=
fixed_connections,7.12.CO_FIJAS_CLI_OECD,8,A8= | B8=2009 | C8=Dic | D8=1477476 | E8=177195 | F8=5 | G8=1654676 | H8= | I8= | J8= | K8= | M8= | N8=
fixed_connections,7.12.CO_FIJAS_CLI_OECD,9,A9= | B9=2010 | C9=Ene | D9=1485282 | E9=176372 | F9=3 | G9=1661657 | H9= | I9= | J9= | K9= | M9= | N9=
fixed_connections,7.12.CO_FIJAS_CLI_OECD,10,A10= | B10= | C10=Feb | D10=1486701 | E10=175961 | F10=12 | G10=1662674 | H10= | I10= | J10= | K10= | M10= | N10=
fixed_connections,7.12.CO_FIJAS_CLI_OECD,11,A11= | B11= | C11=Mar | D11=1497243 | E11=175538 | F11=14 | G11=1672795 | H11= | I11= | J11= | K11= | M11= | N11=
fixed_connections,7.12.CO_FIJAS_CLI_OECD,12,A12= | B12= | C12=Abr | D12=1471317 | E12=224650 | F12=8 | G12=1695975 | H12= | I12= | J12= | K12= | M12= | N12=
fixed_connections,7.12.CO_FIJAS_CLI_OECD,13,A13= | B13= | C13=May | D13=1492145 | E13=225250 | F13=122 | G13=1717517 | H13= | I13= | J13= | K13= | M13= | N13=
fixed_connections,7.12.CO_FIJAS_CLI_OECD,14,A14= | B14= | C14=Jun | D14=1489212 | E14=225246 | F14=117 | G14=1714575 | H14= | I14= | J14= | K14= | M14= | N14=
fixed_connections,7.12.CO_FIJAS_CLI_OECD,15,A15= | B15= | C15=Jul | D15=1509696 | E15=226532 | F15=42 | G15=1736270 | H15= | I15= | J15= | K15= | M15= | N15=
fixed_connections,7.12.CO_FIJAS_CLI_OECD,16,A16= | B16= | C16=Ago | D16=1531476 | E16=227746 | F16=49 | G16=1759271 | H16= | I16= | J16= | K16= | M16= | N16=
fixed_connections,7.12.CO_FIJAS_CLI_OECD,17,A17= | B17= | C17=Sep | D17=1547203 | E17=228292 | F17= | G17=1775495 | H17= | I17= | J17= | K17= | M17= | N17=
fixed_connections,7.12.CO_FIJAS_CLI_OECD,18,A18= | B18= | C18=Oct | D18=1543081 | E18=229632 | F18= | G18=1772713 | H18= | I18= | J18= | K18= | M18= | N18=
fixed_connections,7.12.CO_FIJAS_CLI_OECD,19,A19= | B19= | C19=Nov | D19=1556044 | E19=230528 | F19= | G19=1786572 | H19= | I19= | J19= | K19= | M19= | N19=
fixed_connections,7.12.CO_FIJAS_CLI_OECD,20,A20= | B20= | C20=Dic | D20=1558739 | E20=230616 | F20= | G20=1789355 | H20= | I20= | J20= | K20= | M20= | N20=
fixed_connections,7.12.CO_FIJAS_CLI_OECD,21,A21= | B21=2011 | C21=Ene | D21=1561162 | E21=228347 | F21= | G21=1789509 | H21= | I21= | J21= | K21= | M21= | N21=
fixed_connections,7.12.CO_FIJAS_CLI_OECD,22,A22= | B22= | C22=Feb | D22=1556649 | E22=237904 | F22= | G22=1794553 | H22= | I22= | J22= | K22= | M22= | N22=
fixed_connections,7.12.CO_FIJAS_CLI_OECD,23,A23= | B23= | C23=Mar | D23=1586815 | E23=239004 | F23= | G23=1825819 | H23= | I23= | J23= | K23= | M23= | N23=
fixed_connections,7.12.CO_FIJAS_CLI_OECD,24,A24= | B24= | C24=Abr | D24=1619438 | E24=241240 | F24= | G24=1860678 | H24= | I24= | J24= | K24= | M24= | N24=
fixed_connections,7.12.CO_FIJAS_CLI_OECD,25,A25= | B25= | C25=May | D25=1649339 | E25=242659 | F25= | G25=1891998 | H25= | I25= | J25= | K25= | M25= | N25=
fixed_connections,7.13.CO_FIJAS_TECN_OECD,2,B2=SERVICIO ACCESO A INTERNET: TOTAL DE CONEXIONES FIJAS DE ACUERDO A LA DEFINICIÓN DE LA OECD
fixed_connections,7.13.CO_FIJAS_TECN_OECD,3,B3=CONEXIONES FIJAS POR TIPO DE TECNOLOGÍA
fixed_connections,7.13.CO_FIJAS_TECN_OECD,4,B4= | D4=
fixed_connections,7.13.CO_FIJAS_TECN_OECD,6,B6=<< VOLVER | C6= | D6= | E6= | F6= | G6= | H6= | I6= | J6= | K6=
fixed_connections,7.13.CO_FIJAS_TECN_OECD,7,A7= | B7=Año | C7=Mes | D7=ADSL | E7=HFC (Cable Modem)  | F7=WIMAX  | G7=Otras Conexiones Alámbricas | H7=Otras Conexiones Inalámbricas | I7=Otras Conexiones | J7=Total de Conexiones Fijas | K7= | M7= | N7=
fixed_connections,7.13.CO_FIJAS_TECN_OECD,8,A8= | B8=2009 | C8=Dic | D8=888005 | E8=748556 | F8=3918 | G8=7468 | H8=6729 | I8= | J8=1654676 | K8= | M8= | N8=
fixed_connections,7.13.CO_FIJAS_TECN_OECD,9,A9= | B9=2010 | C9=Ene | D9=888966 | E9=754222 | F9=4123 | G9=7639 | H9=6707 | I9= | J9=1661657 | K9= | M9= | N9=
fixed_connections,7.13.CO_FIJAS_TECN_OECD,10,A10= | B10= | C10=Feb | D10=888022 | E10=757169 | F10=4295 | G10=7640 | H10=5548 | I10= | J10=1662674 | K10= | M10= | N10=
fixed_connections,7.13.CO_FIJAS_TECN_OECD,11,A11= | B11= | C11=Mar | D11=886465 | E11=769090 | F11=4597 | G11=7143 | H11=5500 | I11= | J11=1672795 | K11= | M11= | N11=
fixed_connections,7.13.CO_FIJAS_TECN_OECD,12,A12= | B12= | C12=Abr | D12=890931 | E12=787434 | F12=4891 | G12=7274 | H12=5445 | I12= | J12=1695975 | K12= | M12= | N12=
fixed_connections,7.13.CO_FIJAS_TECN_OECD,13,A13= | B13= | C13=May | D13=897404 | E13=801736 | F13=5075 | G13=7850 | H13=5446 | I13=6 | J13=1717517 | K13= | M13= | N13=
fixed_connections,7.13.CO_FIJAS_TECN_OECD,14,A14= | B14= | C14=Jun | D14=899440 | E14=796571 | F14=5125 | G14=8021 | H14=5417 | I14=1 | J14=1714575 | K14= | M14= | N14=
fixed_connections,7.13.CO_FIJAS_TECN_OECD,15,A15= | B15= | C15=Jul | D15=910662 | E15=807233 | F15=5182 | G15=7704 | H15=5489 | I15= | J15=1736270 | K15= | M15= | N15=
fixed_connections,7.13.CO_FIJAS_TECN_OECD,16,A16= | B16= | C16=Ago | D16=917751 | E16=823209 | F16=5115 | G16=7679 | H16=5517 | I16= | J16=1759271 | K16= | M16= | N16=
fixed_connections,7.13.CO_FIJAS_TECN_OECD,17,A17= | B17= | C17=Sep | D17=921819 | E17=835614 | F17=5111 | G17=7579 | H17=5372 | I17= | J17=1775495 | K17= | M17= | N17=
fixed_connections,7.13.CO_FIJAS_TECN_OECD,18,A18= | B18= | C18=Oct | D18=930024 | E18=825805 | F18=5125 | G18=7670 | H18=4089 | I18= | J18=1772713 | K18= | M18= | N18=
fixed_connections,7.13.CO_FIJAS_TECN_OECD,19,A19= | B19= | C19=Nov | D19=931311 | E19=836902 | F19=5193 | G19=7622 | H19=5544 | I19= | J19=1786572 | K19= | M19= | N19=
fixed_connections,7.13.CO_FIJAS_TECN_OECD,20,A20= | B20= | C20=Dic | D20=931340 | E20=839654 | F20=5214 | G20=7658 | H20=5489 | I20= | J20=1789355 | K20= | M20= | N20=
fixed_connections,7.13.CO_FIJAS_TECN_OECD,21,A21= | B21= | C21= | D21= | E21= | F21= | G21= | H21= | I21= | J21= | K21= | M21= | N21=
fixed_connections,7.13.CO_FIJAS_TECN_OECD,22,A22= | B22= | C22= | D22= | E22= | F22= | G22= | H22= | I22= | J22= | K22= | M22= | N22=
fixed_connections,7.13.CO_FIJAS_TECN_OECD,23,A23= | B23= | C23= | D23= | E23= | F23= | G23= | H23= | I23= | J23= | K23= | M23= | N23=
fixed_connections,7.13.CO_FIJAS_TECN_OECD,24,A24= | B24=Año | C24=Mes | D24=ADSL | E24=HFC (Cable Modem)  | F24=WIMAX  | G24=Conexiones FTTX (Fibra Optica) | H24=Otras Conexiones Alámbricas | I24=Otras Conexiones Inalámbricas | J24=Otras Conexiones | K24=Total de Conexiones Fijas | M24= | N24=
fixed_connections,7.13.CO_FIJAS_TECN_OECD,25,A25= | B25=2011 | C25=Ene | D25=926082 | E25=843590 | F25=5396 | G25=6425 | H25=2536 | I25=5410 | J25=70 | K25=1789509 | L25= | M25= | N25=
fixed_connections,7.14.CO_FIJAS_SERV,2,A2= | B2= | E2= | F2= | G2= | H2= | I2= | J2= | K2= | L2= | M2= | N2= | O2= | P2= | Q2= | R2= | S2= | T2= | U2= | V2= | W2= | X2= | Y2= | Z2= | AA2= | AB2= | AC2= | AD2= | AE2= | AF2=
fixed_connections,7.14.CO_FIJAS_SERV,3,A3= | B3=SERVICIO ACCESO A INTERNET: TOTAL DE CONEXIONES FIJAS | E3= | F3= | G3= | H3= | I3= | J3= | K3= | L3= | M3= | N3= | O3= | P3= | Q3= | R3= | S3= | T3= | U3= | V3= | W3= | X3= | Y3= | Z3= | AA3= | AB3= | AC3= | AD3= | AE3= | AF3=
fixed_connections,7.14.CO_FIJAS_SERV,4,B4=CONEXIONES FIJAS POR TIPO DE SERVICIO Y EMPRESA
fixed_connections,7.14.CO_FIJAS_SERV,5,B5=
fixed_connections,7.14.CO_FIJAS_SERV,6,B6=
fixed_connections,7.14.CO_FIJAS_SERV,7,B7=<< VOLVER
fixed_connections,7.14.CO_FIJAS_SERV,8,B8= | C8= | D8=SÓLO NTERNET FIJA | E8= | F8= | G8= | H8= | I8= | J8= | K8= | L8= | M8= | N8= | O8= | P8= | Q8= | R8= | S8= | T8= | U8= | V8= | W8= | X8= | Y8= | Z8= | AA8= | AB8= | AC8= | AD8= | AE8=
fixed_connections,7.14.CO_FIJAS_SERV,9,B9=Año | C9=Mes | D9=AT&T Chile S.A. | E9=Entel-Chile S.A. | F9=CMET | G9=Telsur | H9=Grupo Claro-VTR | I9=Movistar | J9=CTR | K9=Entelphone | L9=STEL Access | M9=GTD Manquehue | N9=Telcoy | O9=VTR Banda Ancha | P9=Claro Serv. Empresariales | Q9=Fullcom | R9=Netline | S9=Austro Internet | T9=Netglobalis | U9=Hughesnet | V9=UUNET | W9=Starlink | X9=Mi Internet Spa | Y9=Comercial Washington Ernesto Oyarce Sazo | Z9=Marco Antonio Borquez Santana Sistemas | AA9=Intersur Ltda. | AB9=Servicios Zonales De Internet Ltda. | AC9=Ingbell Chile Spa | AD9=Directv | AE9=Mundo
fixed_connections,7.14.CO_FIJAS_SERV,10,B10=2022 | C10=Ene | D10=10 | E10=33850 | F10= | G10=82565 | H10=522675 | I10=588618 | J10=13 | K10=155640 | L10=3184 | M10=39780 | N10=8744 | O10= | P10= | Q10=68 | R10=588 | S10=35 | T10=6 | U10=13591 | V10=0 | W10=2228 | X10= | Y10= | Z10= | AA10= | AB10= | AC10= | AD10= | AE10=343305
fixed_connections,7.14.CO_FIJAS_SERV,11,B11= | C11=Feb | D11=10 | E11=34699 | F11=3802 | G11=83689 | H11=521011 | I11=581899 | J11=13 | K11=157841 | L11=3252 | M11=41069 | N11=8825 | O11= | P11= | Q11=61 | R11=631 | S11=35 | T11=6 | U11=12241 | V11=0 | W11=2742 | X11= | Y11= | Z11= | AA11= | AB11= | AC11= | AD11= | AE11=347088
fixed_connections,7.14.CO_FIJAS_SERV,12,B12= | C12=Mar | D12=11 | E12=35460 | F12=3431 | G12=85781 | H12=519750 | I12=602177 | J12=13 | K12=161676 | L12=3376 | M12=41556 | N12=8984 | O12= | P12= | Q12=58 | R12=619 | S12=35 | T12=6 | U12=15668 | V12= | W12=3111 | X12= | Y12= | Z12= | AA12= | AB12= | AC12= | AD12= | AE12=354186
fixed_connections,7.14.CO_FIJAS_SERV,13,B13= | C13=Abr | D13=11 | E13=35740 | F13=3084 | G13=87146 | H13=534900 | I13=605708 | J13=182 | K13=164872 | L13=3423 | M13=42984 | N13=9082 | O13= | P13= | Q13=58 | R13=574 | S13=35 | T13=6 | U13=15738 | V13= | W13=3324 | X13= | Y13= | Z13= | AA13= | AB13= | AC13= | AD13= | AE13=358663
fixed_connections,7.14.CO_FIJAS_SERV,14,B14= | C14=May | D14=11 | E14=36241 | F14=2862 | G14=86647 | H14=535439 | I14=612283 | J14=187 | K14=167821 | L14=3584 | M14=43494 | N14=9084 | O14= | P14= | Q14=60 | R14=598 | S14=35 | T14=6 | U14=15191 | V14= | W14=3651 | X14= | Y14= | Z14= | AA14= | AB14= | AC14= | AD14= | AE14=361309
fixed_connections,7.14.CO_FIJAS_SERV,15,B15= | C15=Jun | D15=11 | E15=36724 | F15=2715 | G15=86449 | H15=533912 | I15=621060 | J15=194 | K15=170147 | L15=3934 | M15=44275 | N15=9100 | O15= | P15= | Q15=59 | R15=594 | S15=35 | T15=6 | U15=15336 | V15= | W15=3885 | X15= | Y15= | Z15= | AA15= | AB15= | AC15= | AD15= | AE15=363803
fixed_connections,7.14.CO_FIJAS_SERV,16,B16= | C16=Jul | D16=11 | E16=37260 | F16=2529 | G16=87138 | H16=530373 | I16=643073 | J16=192 | K16=171653 | L16=4030 | M16=45034 | N16=9130 | O16= | P16= | Q16=54 | R16=649 | S16=35 | T16=6 | U16=14608 | V16= | W16=4250 | X16= | Y16= | Z16= | AA16= | AB16= | AC16= | AD16= | AE16=369741
fixed_connections,7.14.CO_FIJAS_SERV,17,B17= | C17=Ago | D17=10 | E17=37732 | F17=2340 | G17=87007 | H17=536421 | I17=651928 | J17=193 | K17=171849 | L17=3856 | M17=46217 | N17=9220 | O17= | P17= | Q17=46 | R17=663 | S17=35 | T17=6 | U17=14397 | V17= | W17=5415 | X17= | Y17= | Z17= | AA17= | AB17= | AC17= | AD17= | AE17=372753
fixed_connections,7.14.CO_FIJAS_SERV,18,B18= | C18=Sep | D18=10 | E18=38088 | F18=2227 | G18=87345 | H18=518642 | I18=656131 | J18=200 | K18=173495 | L18=3862 | M18=46658 | N18=9294 | O18= | P18= | Q18=56 | R18=635 | S18=35 | T18=6 | U18=14377 | V18= | W18=7101 | X18= | Y18= | Z18= | AA18= | AB18= | AC18= | AD18= | AE18=376576
fixed_connections,7.14.CO_FIJAS_SERV,19,B19= | C19=Oct | D19=10 | E19=38645 | F19=2115 | G19=86684 | H19=521081 | I19=663347 | J19=203 | K19=176519 | L19=3834 | M19=46562 | N19=9426 | O19= | P19= | Q19=56 | R19=635 | S19=35 | T19= | U19=13791 | V19= | W19=8671 | X19= | Y19= | Z19= | AA19= | AB19= | AC19= | AD19= | AE19=382486
fixed_connections,7.14.CO_FIJAS_SERV,20,B20= | C20=Nov | D20=9 | E20=39284 | F20=2003 | G20=87011 | H20=515827 | I20=932458 | J20=205 | K20=179345 | L20=3753 | M20=47707 | N20=9469 | O20= | P20= | Q20=56 | R20=657 | S20=35 | T20=6 | U20=13327 | V20= | W20=11484 | X20= | Y20= | Z20= | AA20= | AB20= | AC20= | AD20= | AE20=389241
fixed_connections,7.14.CO_FIJAS_SERV,21,B21= | C21=Dic | D21=10 | E21=39633 | F21=1916 | G21=87039 | H21=499700 | I21=930309 | J21=206 | K21=181108 | L21=3654 | M21=48488 | N21=9490 | O21= | P21= | Q21=56 | R21=657 | S21=35 | T21= | U21=12837 | V21= | W21=13391 | X21= | Y21= | Z21= | AA21= | AB21= | AC21= | AD21= | AE21=393856
fixed_connections,7.14.CO_FIJAS_SERV,22,B22=2023 | C22=Ene | D22=10 | E22=40081 | F22=1793 | G22=86953 | H22=472486 | I22=936031 | J22=212 | K22=182876 | L22=3576 | M22=48723 | N22=9487 | O22= | P22= | Q22=54 | R22=680 | S22=35 | T22= | U22=12447 | V22= | W22=16526 | X22= | Y22= | Z22= | AA22= | AB22= | AC22= | AD22= | AE22=399027
fixed_connections,7.14.CO_FIJAS_SERV,23,B23= | C23=Feb | D23=10 | E23=39697 | F23=1686 | G23=86470 | H23=468145 | I23=939332 | J23=210 | K23=184149 | L23=3564 | M23=49960 | N23=9529 | O23= | P23= | Q23=54 | R23=689 | S23=35 | T23= | U23=12071 | V23= | W23=18248 | X23= | Y23= | Z23= | AA23= | AB23= | AC23= | AD23= | AE23=400536
fixed_connections,7.14.CO_FIJAS_SERV,24,B24= | C24=Mar | D24=10 | E24=40669 | F24=1583 | G24=87524 | H24=466114 | I24=863210 | J24=223 | K24=187866 | L24=3539 | M24=50953 | N24=9682 | O24= | P24= | Q24=58 | R24=691 | S24=35 | T24= | U24=11685 | V24= | W24=21245 | X24= | Y24= | Z24= | AA24= | AB24= | AC24= | AD24= | AE24=408288
fixed_connections,7.14.CO_FIJAS_SERV,25,B25= | C25=Abr | D25=10 | E25=40907 | F25=1474 | G25=86880 | H25=461456 | I25=764403 | J25=227 | K25=188938 | L25=3478 | M25=52562 | N25=9797 | O25= | P25= | Q25=58 | R25=686 | S25=35 | T25= | U25=11133 | V25= | W25=23100 | X25= | Y25= | Z25= | AA25= | AB25= | AC25= | AD25= | AE25=414152
fixed_connections,7.15.CO_FIJAS_TCL_TECN,2,B2=SERVICIO ACCESO A INTERNET: CONEXIONES FIJAS POR TIPO DE CLIENTE Y TECNOLOGÍA 
fixed_connections,7.15.CO_FIJAS_TCL_TECN,3,B3= | D3=
fixed_connections,7.15.CO_FIJAS_TCL_TECN,5,B5=<< VOLVER | C5= | D5= | E5= | F5= | G5=
fixed_connections,7.15.CO_FIJAS_TCL_TECN,6,A6= | B6= | C6= | D6= | E6= | F6= | G6= | H6= | I6= | J6= | K6=
fixed_connections,7.15.CO_FIJAS_TCL_TECN,7,A7= | B7= | C7= | D7= | E7= | F7= | G7= | H7= | I7= | K7=
fixed_connections,7.15.CO_FIJAS_TCL_TECN,8,A8= | B8= | C8= | D8=Conexiones Residenciales | E8= | F8= | G8= | H8= | I8= | J8= | K8= | L8=Conexiones Comerciales | M8= | N8= | O8= | P8= | Q8= | R8= | S8= | T8=Otros (Tipos de clientes no identificados) | U8= | V8= | W8= | X8= | Y8= | Z8= | AA8= | AB8=
fixed_connections,7.15.CO_FIJAS_TCL_TECN,9,A9= | B9=Año | C9=Mes | D9=Total de Conexiones Residenciales Fijas | E9=Conexiones ADSL | F9=Conexiones por HFC (Cable Modem)  | G9=Conexiones WIMAX  | H9=Conexiones FTTX (Fibra Optica) | I9=Otras Conexiones Alámbricas | J9=Otras Conexiones Inalámbricas | K9=Otras Conexiones | L9=Total de Conexiones Comerciales Fijas | M9=Conexiones ADSL | N9=Conexiones por HFC (Cable Modem)  | O9=Conexiones WIMAX  | P9=Conexiones FTTX (Fibra Optica) | Q9=Otras Conexiones Alámbricas | R9=Otras Conexiones Inalámbricas | S9=Otras Conexiones | T9=Total de Otras Conexiones (Tipos de clientes no identificados) | U9=Conexiones ADSL | V9=Conexiones por HFC (Cable Modem)  | W9=Conexiones WIMAX  | X9=Conexiones FTTX (Fibra Optica) | Y9=Otras Conexiones Alámbricas | Z9=Otras Conexiones Inalámbricas | AA9=Otras Conexiones | AB9=Total de Conexiones
fixed_connections,7.15.CO_FIJAS_TCL_TECN,10,A10= | B10=2010 | C10=Ene | D10=1517672 | E10=764075 | F10=741141 | G10=6046 | H10=34 | I10=68 | J10=5134 | K10=1174 | L10=181233 | M10=143436 | N10=23085 | O10=1862 | P10=1458 | Q10=6588 | R10=3507 | S10=1297 | T10=3 | U10= | V10= | W10= | X10= | Y10= | Z10=3 | AA10= | AB10=1698908 | AC10=
fixed_connections,7.15.CO_FIJAS_TCL_TECN,11,A11= | B11= | C11=Feb | D11=1517165 | E11=762287 | F11=743597 | G11=6419 | H11=36 | I11=69 | J11=3747 | K11=1010 | L11=180805 | M11=143199 | N11=23147 | O11=1854 | P11=1451 | Q11=6616 | R11=3312 | S11=1226 | T11=13 | U11=5 | V11= | W11= | X11= | Y11=1 | Z11=7 | AA11= | AB11=1697983 | AC11=
fixed_connections,7.15.CO_FIJAS_TCL_TECN,12,A12= | B12= | C12=Mar | D12=1528089 | E12=761660 | F12=754806 | G12=6762 | H12=38 | I12=65 | J12=3702 | K12=1056 | L12=180199 | M12=143278 | N12=23120 | O12=1871 | P12=1350 | Q12=6152 | R12=3303 | S12=1125 | T12=15 | U12=5 | V12= | W12= | X12= | Y12=1 | Z12=9 | AA12= | AB12=1708303 | AC12=
fixed_connections,7.15.CO_FIJAS_TCL_TECN,13,A13= | B13= | C13=Abr | D13=1501233 | E13=716464 | F13=772834 | G13=7301 | H13=38 | I13=63 | J13=3668 | K13=865 | L13=230277 | M13=193005 | N13=23350 | O13=1880 | P13=1462 | Q13=6189 | R13=3285 | S13=1106 | T13=8 | U13= | V13= | W13= | X13= | Y13= | Z13=8 | AA13= | AB13=1731518 | AC13=
fixed_connections,7.15.CO_FIJAS_TCL_TECN,14,A14= | B14= | C14=May | D14=1521950 | E14=723619 | F14=786469 | G14=7270 | H14=38 | I14=62 | J14=3665 | K14=827 | L14=230738 | M14=192671 | N14=23620 | O14=1882 | P14=1416 | Q14=6778 | R14=3309 | S14=1062 | T14=122 | U14=110 | V14= | W14= | X14= | Y14= | Z14=12 | AA14= | AB14=1752810 | AC14=
fixed_connections,7.15.CO_FIJAS_TCL_TECN,15,A15= | B15= | C15=Jun | D15=1518619 | E15=725584 | F15=781052 | G15=7410 | H15=37 | I15=63 | J15=3670 | K15=803 | L15=230722 | M15=192439 | N15=23798 | O15=1909 | P15=1503 | Q15=6802 | R15=3287 | S15=984 | T15=117 | U15= | V15= | W15= | X15= | Y15=113 | Z15=4 | AA15= | AB15=1749458 | AC15=
fixed_connections,7.15.CO_FIJAS_TCL_TECN,16,A16= | B16= | C16=Jul | D16=1538473 | E16=735279 | F16=791349 | G16=7206 | H16=36 | I16=63 | J16=3736 | K16=804 | L16=231969 | M16=193757 | N16=23997 | O16=1924 | P16=1524 | Q16=6527 | R16=3274 | S16=966 | T16=43 | U16=1 | V16= | W16= | X16= | Y16=39 | Z16=3 | AA16= | AB16=1770485 | AC16=
fixed_connections,7.15.CO_FIJAS_TCL_TECN,17,A17= | B17= | C17=Ago | D17=1560309 | E17=741771 | F17=807065 | G17=6950 | H17=34 | I17=66 | J17=3764 | K17=659 | L17=233235 | M17=194834 | N17=24161 | O17=1937 | P17=1534 | Q17=6523 | R17=3286 | S17=960 | T17=50 | U17=48 | V17= | W17= | X17= | Y17=1 | Z17=1 | AA17= | AB17=1793594 | AC17=
fixed_connections,7.15.CO_FIJAS_TCL_TECN,18,A18= | B18= | C18=Sep | D18=1574574 | E18=744299 | F18=819134 | G18=6755 | H18=35 | I18=64 | J18=3627 | K18=660 | L18=233615 | M18=195203 | N18=24338 | O18=1939 | P18=1545 | Q18=6349 | R18=3281 | S18=960 | T18=0 | U18= | V18= | W18= | X18= | Y18= | Z18= | AA18= | AB18=1808189 | AC18=
fixed_connections,7.15.CO_FIJAS_TCL_TECN,19,A19= | B19= | C19=Oct | D19=1568847 | E19=750239 | F19=808609 | G19=6643 | H19=36 | I19=61 | J19=2699 | K19=560 | L19=234815 | M19=196051 | N19=24979 | O19=1956 | P19=1560 | Q19=6423 | R19=2928 | S19=918 | T19=0 | U19= | V19= | W19= | X19= | Y19= | Z19= | AA19= | AB19=1803662 | AC19=
fixed_connections,7.15.CO_FIJAS_TCL_TECN,20,A20= | B20= | C20=Nov | D20=1581281 | E20=751222 | F20=819042 | G20=6541 | H20=37 | I20=57 | J20=3825 | K20=557 | L20=235699 | M20=196154 | N20=25464 | O20=1966 | P20=1564 | Q20=6371 | R20=3271 | S20=909 | T20=0 | U20= | V20= | W20= | X20= | Y20= | Z20= | AA20= | AB20=1816980 | AC20=
fixed_connections,7.15.CO_FIJAS_TCL_TECN,21,A21= | B21= | C21=Dic | D21=1583735 | E21=751972 | F21=821212 | G21=6391 | H21=38 | I21=59 | J21=3758 | K21=305 | L21=235829 | M21=195809 | N21=25905 | O21=1981 | P21=1593 | Q21=6378 | R21=3307 | S21=856 | T21=0 | U21= | V21= | W21= | X21= | Y21= | Z21= | AA21= | AB21=1819564 | AC21=
fixed_connections,7.15.CO_FIJAS_TCL_TECN,22,A22= | B22=2011 | C22=Ene | D22=1585560 | E22=746676 | F22=824327 | G22=6372 | H22=4097 | I22=46 | J22=3695 | K22=347 | L22=233586 | M22=195597 | N22=26540 | O22=1990 | P22=2395 | Q22=2829 | R22=3301 | S22=934 | T22=0 | U22= | V22= | W22= | X22= | Y22= | Z22= | AA22= | AB22=1819146 | AC22=
fixed_connections,7.15.CO_FIJAS_TCL_TECN,23,A23= | B23= | C23=Feb | D23=1580390 | E23=736343 | F23=829084 | G23=6549 | H23=4434 | I23=54 | J23=3602 | K23=324 | L23=243266 | M23=202181 | N23=26651 | O23=1987 | P23=2430 | Q23=5802 | R23=3309 | S23=906 | T23=0 | U23= | V23= | W23= | X23= | Y23= | Z23= | AA23= | AB23=1823656 | AC23=
fixed_connections,7.15.CO_FIJAS_TCL_TECN,24,A24= | B24= | C24=Mar | D24=1610695 | E24=741623 | F24=853127 | G24=7145 | H24=4875 | I24=54 | J24=3546 | K24=325 | L24=244359 | M24=203074 | N24=26942 | O24=1994 | P24=2508 | Q24=5672 | R24=3293 | S24=876 | T24=0 | U24= | V24= | W24= | X24= | Y24= | Z24= | AA24= | AB24=1855054 | AC24=
fixed_connections,7.15.CO_FIJAS_TCL_TECN,25,A25= | B25= | C25=Abr | D25=1633824 | E25=745340 | F25=871884 | G25=7538 | H25=5204 | I25=53 | J25=3504 | K25=301 | L25=245627 | M25=202951 | N25=28238 | O25=2007 | P25=2552 | Q25=5725 | R25=3271 | S25=883 | T25=0 | U25= | V25= | W25= | X25= | Y25= | Z25= | AA25= | AB25=1879451 | AC25=
mobile_connections,ÍNDICE,1,J1= | K1=
mobile_connections,ÍNDICE,2,B2=ESTADÍSTICAS SERVICIO DE ACCESO A INTERNET MÓVIL | C2= | D2= | E2= | F2= | J2= | K2=
mobile_connections,ÍNDICE,3,B3= | C3= | D3= | E3= | F3= | J3= | K3=
mobile_connections,ÍNDICE,4,B4= | C4= | D4= | E4= | F4= | J4= | K4=
mobile_connections,ÍNDICE,5,C5=INDICE | J5= | K5=
mobile_connections,ÍNDICE,6,B6= | C6= | J6= | K6=
mobile_connections,ÍNDICE,7,B7= | I7= | J7= | K7=
mobile_connections,ÍNDICE,8,B8=> | C8=8.1. CONEXIONES MÓVILES POR TIPO DE TECNOLOGÍA | I8= | J8= | K8=
mobile_connections,ÍNDICE,9,B9=> | C9=8.3. CONEXIONES MÓVILES POR TIPO DE TECNOLOGÍA Y EMPRESA | I9= | J9= | K9=
mobile_connections,ÍNDICE,10,B10=> | C10=8.4. CONEXIONES MÓVILES POR TIPO DE CLIENTE (OECD) | I10= | J10= | K10=
mobile_connections,ÍNDICE,11,B11=> | C11=8.7. CONEXIONES MÓVILES POR TIPO DE TECNOLOGÍA Y TIPO DE TERMINAL | I11= | J11= | K11=
mobile_connections,ÍNDICE,12,"B12=> | C12=8.8. CONEXIONES MÓVILES POR EMPRESA, TIPO DE TECNOLOGÍA Y TIPO DE TERMINAL | I12= | J12= | K12="
mobile_connections,ÍNDICE,13,B13=> | C13=8.9. CONEXIONES MÓVILES POR TIPO PLAN | I13= | J13= | K13=
mobile_connections,ÍNDICE,14,E14= | I14= | J14= | K14=
mobile_connections,8.1.CO_TEC_MOVIL,2,B2=SERVICIO ACCESO A INTERNET: TOTAL DE CONEXIONES MÓVILES
mobile_connections,8.1.CO_TEC_MOVIL,3,B3=CONEXIONES MÓVILES POR TIPO DE TECNOLOGÍA
mobile_connections,8.1.CO_TEC_MOVIL,4,B4=
mobile_connections,8.1.CO_TEC_MOVIL,6,B6=<< VOLVER | C6= | D6= | E6= | F6= | G6=
mobile_connections,8.1.CO_TEC_MOVIL,7,A7= | B7=Año | C7=Mes | D7=Total de conexiones 2G | E7=Total de conexiones 3G | F7=Total de conexiones 4G | G7=Total de conexiones 5G | H7=Total de Conexiones Móviles | I7=Total de Conexiones 3G+4G+5G | J7=Penetración 2G por cada 100 habitantes | K7=Penetración 3G por cada 100 habitantes | L7=Penetración 4G por cada 100 habitantes | M7=Penetración 5G por cada 100 habitantes | N7=Penetración 3G+4G+5G por cada 100 habitantes | O7=Penetración Total por cada 100 habitantes
mobile_connections,8.1.CO_TEC_MOVIL,8,A8= | B8=2009 | C8=Dic | D8=3052045 | E8=638787 | F8= | G8= | H8=3690832 | I8=638787 | J8=18.012806019163055 | K8=3.7700447793407728 | L8= | M8= | N8=3.7700447793407728 | O8=21.782850798503826
mobile_connections,8.1.CO_TEC_MOVIL,9,A9= | B9=2010 | C9=Ene | D9=3025950 | E9=729958 | F9= | G9= | H9=3755908 | I9=729958 | J9=17.843589566835284 | K9=4.3044567666445079 | L9= | M9= | N9=4.3044567666445079 | O9=22.14804633347979
mobile_connections,8.1.CO_TEC_MOVIL,10,A10= | B10= | C10=Feb | D10=2976434 | E10=780957 | F10= | G10= | H10=3757391 | I10=780957 | J10=17.536667265277419 | K10=4.6012722128188486 | L10= | M10= | N10=4.6012722128188486 | O10=22.137939478096268
mobile_connections,8.1.CO_TEC_MOVIL,11,A11= | B11= | C11=Mar | D11=3032765 | E11=860017 | F11= | G11= | H11=3892782 | I11=860017 | J11=17.853371081255204 | K11=5.0627736198445499 | L11= | M11= | N11=5.0627736198445499 | O11=22.916144701099753
mobile_connections,8.1.CO_TEC_MOVIL,12,A12= | B12= | C12=Abr | D12=3024333 | E12=964118 | F12= | G12= | H12=3988451 | I12=964118 | J12=17.788611977569996 | K12=5.6707779872754847 | L12= | M12= | N12=5.6707779872754847 | O12=23.459389964845478
mobile_connections,8.1.CO_TEC_MOVIL,13,A13= | B13= | C13=May | D13=3212406 | E13=1015940 | F13= | G13= | H13=4228346 | I13=1015940 | J13=18.878789803897554 | K13=5.9705148456862807 | L13= | M13= | N13=5.9705148456862807 | O13=24.849304649583836
mobile_connections,8.1.CO_TEC_MOVIL,14,A14= | B14= | C14=Jun | D14=3284863 | E14=1053617 | F14= | G14= | H14=4338480 | I14=1053617 | J14=19.288239560883884 | K14=6.1866863553882752 | L14= | M14= | N14=6.1866863553882752 | O14=25.474925916272163
mobile_connections,8.1.CO_TEC_MOVIL,15,A15= | B15= | C15=Jul | D15=3445085 | E15=1091122 | F15= | G15= | H15=4536207 | I15=1091122 | J15=20.211901154332157 | K15=6.4014821147568819 | L15= | M15= | N15=6.4014821147568819 | O15=26.613383269089038
mobile_connections,8.1.CO_TEC_MOVIL,16,A16= | B16= | C16=Ago | D16=3361212 | E16=1133410 | F16= | G16= | H16=4494622 | I16=1133410 | J16=19.703136253043358 | K16=6.6439521400500396 | L16= | M16= | N16=6.6439521400500396 | O16=26.347088393093397
mobile_connections,8.1.CO_TEC_MOVIL,17,A17= | B17= | C17=Sep | D17=3367676 | E17=1184896 | F17= | G17= | H17=4552572 | I17=1184896 | J17=19.724330645088077 | K17=6.9398839092722353 | L17= | M17= | N17=6.9398839092722353 | O17=26.664214554360314
mobile_connections,8.1.CO_TEC_MOVIL,18,A18= | B18= | C18=Oct | D18=3527081 | E18=1265877 | F18= | G18= | H18=4792958 | I18=1265877 | J18=20.640500941119686 | K18=7.4079204333106512 | L18= | M18= | N18=7.4079204333106512 | O18=28.048421374430337
mobile_connections,8.1.CO_TEC_MOVIL,19,A19= | B19= | C19=Nov | D19=3617632 | E19=1331159 | F19= | G19= | H19=4948791 | I19=1331159 | J19=21.152531463644468 | K19=7.7833739392546022 | L19= | M19= | N19=7.7833739392546022 | O19=28.935905402899067
mobile_connections,8.1.CO_TEC_MOVIL,20,A20= | B20= | C20=Dic | D20=3809777 | E20=1445675 | F20= | G20= | H20=5255452 | I20=1445675 | J20=22.257222438673235 | K20=8.445825057222228 | L20= | M20= | N20=8.445825057222228 | O20=30.703047495895465
mobile_connections,8.1.CO_TEC_MOVIL,21,A21= | B21=2011 | C21=Ene | D21=3540683 | E21=1780975 | F21= | G21= | H21=5321658 | I21=1780975 | J21=20.667525701735826 | K21=10.395832269268093 | L21= | M21= | N21=10.395832269268093 | O21=31.063357971003917
mobile_connections,8.1.CO_TEC_MOVIL,22,A22= | B22= | C22=Feb | D22=3482404 | E22=1780671 | F22= | G22= | H22=5263075 | I22=1780671 | J22=20.310046287769417 | K22=10.385213902031085 | L22= | M22= | N22=10.385213902031085 | O22=30.6952601898005
mobile_connections,8.1.CO_TEC_MOVIL,23,A23= | B23= | C23=Mar | D23=3509356 | E23=1918215 | F23= | G23= | H23=5427571 | I23=1918215 | J23=20.449836785017389 | K23=11.177886674527215 | L23= | M23= | N23=11.177886674527215 | O23=31.627723459544605
mobile_connections,8.1.CO_TEC_MOVIL,24,A24= | B24= | C24=Abr | D24=3507393 | E24=2019619 | F24= | G24= | H24=5527012 | I24=2019619 | J24=20.42103847423552 | K24=11.758795579023243 | L24= | M24= | N24=11.758795579023243 | O24=32.179834053258759
mobile_connections,8.1.CO_TEC_MOVIL,25,A25= | B25= | C25=May | D25=3533497 | E25=2111901 | F25= | G25= | H25=5645398 | I25=2111901 | J25=20.555563215056864 | K25=12.285652006904721 | L25= | M25= | N25=12.285652006904721 | O25=32.841215221961583
mobile_connections,8.3.CO_EMP_TEC_MOVIL,2,B2=SERVICIO ACCESO A INTERNET: TOTAL DE CONEXIONES MÓVILES
mobile_connections,8.3.CO_EMP_TEC_MOVIL,3,B3=CONEXIONES MÓVILES POR TIPO DE TECNOLOGÍA Y EMPRESA
mobile_connections,8.3.CO_EMP_TEC_MOVIL,4,B4= | D4=
mobile_connections,8.3.CO_EMP_TEC_MOVIL,6,B6=<< VOLVER | C6= | D6= | E6= | F6= | G6= | H6= | I6= | J6= | K6= | L6= | M6= | N6= | O6= | P6= | Q6= | R6= | S6= | T6= | U6= | V6= | W6= | X6= | Y6= | Z6= | AA6= | AB6= | AC6= | AD6= | AE6=
mobile_connections,8.3.CO_EMP_TEC_MOVIL,7,A7= | B7= | C7= | D7=Conexiones con Tecnología 2G | E7= | F7= | G7= | H7= | I7= | J7= | K7= | L7=Conexiones con Tecnología 3G | M7= | N7= | O7= | P7= | Q7= | R7= | S7= | T7= | U7= | V7= | W7= | X7= | Y7= | Z7= | AA7=Conexiones con Tecnología 4G | AB7= | AC7= | AD7=
mobile_connections,8.3.CO_EMP_TEC_MOVIL,8,A8= | B8=Año | C8=Mes | D8=Movistar | E8=Grupo Claro-VTR | F8=Entel PCS | G8=Virgin | H8= | I8=GTD Móvil | J8=Mundo Pacífico | K8=Total de conexiones 2G | L8=Movistar | M8=Grupo Claro-VTR | N8=Entel PCS | O8=Virgin | P8= | Q8=GTD Móvil | R8=WOM | S8=Netline | T8=Falabella | U8=Telestar | V8=Simple | W8=Entelphone | X8=Mundo Pacífico | Y8=Suma Móvil Chile | Z8=Total de conexiones 3G | AA8=Movistar | AB8=Grupo Claro-VTR | AC8=Entel PCS | AD8=Virgin
mobile_connections,8.3.CO_EMP_TEC_MOVIL,9,A9= | B9=2009 | C9=Dic | D9=1497195 | E9=520777 | F9=1034073 | G9= | H9= | I9= | J9= | K9=3052045 | L9=262770 | M9=130696 | N9=245321 | O9= | P9= | Q9= | R9= | S9= | T9= | U9= | V9= | W9= | X9= | Y9= | Z9=638787 | AA9= | AB9= | AC9= | AD9=
mobile_connections,8.3.CO_EMP_TEC_MOVIL,10,A10= | B10=2010 | C10=Ene | D10=1454584 | E10=530803 | F10=1040563 | G10= | H10= | I10= | J10= | K10=3025950 | L10=337122 | M10=129017 | N10=263819 | O10= | P10= | Q10= | R10= | S10= | T10= | U10= | V10= | W10= | X10= | Y10= | Z10=729958 | AA10= | AB10= | AC10= | AD10=
mobile_connections,8.3.CO_EMP_TEC_MOVIL,11,A11= | B11= | C11=Feb | D11=1390818 | E11=539051 | F11=1046565 | G11= | H11= | I11= | J11= | K11=2976434 | L11=352516 | M11=138727 | N11=289714 | O11= | P11= | Q11= | R11= | S11= | T11= | U11= | V11= | W11= | X11= | Y11= | Z11=780957 | AA11= | AB11= | AC11= | AD11=
mobile_connections,8.3.CO_EMP_TEC_MOVIL,12,A12= | B12= | C12=Mar | D12=1480224 | E12=555293 | F12=997248 | G12= | H12= | I12= | J12= | K12=3032765 | L12=369838 | M12=158570 | N12=331609 | O12= | P12= | Q12= | R12= | S12= | T12= | U12= | V12= | W12= | X12= | Y12= | Z12=860017 | AA12= | AB12= | AC12= | AD12=
mobile_connections,8.3.CO_EMP_TEC_MOVIL,13,A13= | B13= | C13=Abr | D13=1467814 | E13=568310 | F13=988209 | G13= | H13= | I13= | J13= | K13=3024333 | L13=390359 | M13=179813 | N13=393946 | O13= | P13= | Q13= | R13= | S13= | T13= | U13= | V13= | W13= | X13= | Y13= | Z13=964118 | AA13= | AB13= | AC13= | AD13=
mobile_connections,8.3.CO_EMP_TEC_MOVIL,14,A14= | B14= | C14=May | D14=1539339 | E14=584083 | F14=1088984 | G14= | H14= | I14= | J14= | K14=3212406 | L14=380872 | M14=195030 | N14=440038 | O14= | P14= | Q14= | R14= | S14= | T14= | U14= | V14= | W14= | X14= | Y14= | Z14=1015940 | AA14= | AB14= | AC14= | AD14=
mobile_connections,8.3.CO_EMP_TEC_MOVIL,15,A15= | B15= | C15=Jun | D15=1572132 | E15=601200 | F15=1111531 | G15= | H15= | I15= | J15= | K15=3284863 | L15=394412 | M15=212768 | N15=446437 | O15= | P15= | Q15= | R15= | S15= | T15= | U15= | V15= | W15= | X15= | Y15= | Z15=1053617 | AA15= | AB15= | AC15= | AD15=
mobile_connections,8.3.CO_EMP_TEC_MOVIL,16,A16= | B16= | C16=Jul | D16=1660625 | E16=635923 | F16=1148537 | G16= | H16= | I16= | J16= | K16=3445085 | L16=417906 | M16=213863 | N16=459353 | O16= | P16= | Q16= | R16= | S16= | T16= | U16= | V16= | W16= | X16= | Y16= | Z16=1091122 | AA16= | AB16= | AC16= | AD16=
mobile_connections,8.3.CO_EMP_TEC_MOVIL,17,A17= | B17= | C17=Ago | D17=1637417 | E17=649229 | F17=1074566 | G17= | H17= | I17= | J17= | K17=3361212 | L17=436062 | M17=228678 | N17=468670 | O17= | P17= | Q17= | R17= | S17= | T17= | U17= | V17= | W17= | X17= | Y17= | Z17=1133410 | AA17= | AB17= | AC17= | AD17=
mobile_connections,8.3.CO_EMP_TEC_MOVIL,18,A18= | B18= | C18=Sep | D18=1614685 | E18=648573 | F18=1104418 | G18= | H18= | I18= | J18= | K18=3367676 | L18=455829 | M18=233018 | N18=496049 | O18= | P18= | Q18= | R18= | S18= | T18= | U18= | V18= | W18= | X18= | Y18= | Z18=1184896 | AA18= | AB18= | AC18= | AD18=
mobile_connections,8.3.CO_EMP_TEC_MOVIL,19,A19= | B19= | C19=Oct | D19=1761193 | E19=653631 | F19=1112257 | G19= | H19= | I19= | J19= | K19=3527081 | L19=481172 | M19=250851 | N19=533854 | O19= | P19= | Q19= | R19= | S19= | T19= | U19= | V19= | W19= | X19= | Y19= | Z19=1265877 | AA19= | AB19= | AC19= | AD19=
mobile_connections,8.3.CO_EMP_TEC_MOVIL,20,A20= | B20= | C20=Nov | D20=1778553 | E20=703622 | F20=1135457 | G20= | H20= | I20= | J20= | K20=3617632 | L20=508196 | M20=258662 | N20=564301 | O20= | P20= | Q20= | R20= | S20= | T20= | U20= | V20= | W20= | X20= | Y20= | Z20=1331159 | AA20= | AB20= | AC20= | AD20=
mobile_connections,8.3.CO_EMP_TEC_MOVIL,21,A21= | B21= | C21=Dic | D21=1855805 | E21=801917 | F21=1152055 | G21= | H21= | I21= | J21= | K21=3809777 | L21=550694 | M21=275809 | N21=619172 | O21= | P21= | Q21= | R21= | S21= | T21= | U21= | V21= | W21= | X21= | Y21= | Z21=1445675 | AA21= | AB21= | AC21= | AD21=
mobile_connections,8.3.CO_EMP_TEC_MOVIL,22,A22= | B22=2011 | C22=Ene | D22=1559756 | E22=810907 | F22=1170020 | G22= | H22= | I22= | J22= | K22=3540683 | L22=841439 | M22=280238 | N22=659298 | O22= | P22= | Q22= | R22= | S22= | T22= | U22= | V22= | W22= | X22= | Y22= | Z22=1780975 | AA22= | AB22= | AC22= | AD22=
mobile_connections,8.3.CO_EMP_TEC_MOVIL,23,A23= | B23= | C23=Feb | D23=1537925 | E23=761516 | F23=1182963 | G23= | H23= | I23= | J23= | K23=3482404 | L23=829664 | M23=255107 | N23=695900 | O23= | P23= | Q23= | R23= | S23= | T23= | U23= | V23= | W23= | X23= | Y23= | Z23=1780671 | AA23= | AB23= | AC23= | AD23=
mobile_connections,8.3.CO_EMP_TEC_MOVIL,24,A24= | B24= | C24=Mar | D24=1543151 | E24=790929 | F24=1175276 | G24= | H24= | I24= | J24= | K24=3509356 | L24=832481 | M24=347047 | N24=738687 | O24= | P24= | Q24= | R24= | S24= | T24= | U24= | V24= | W24= | X24= | Y24= | Z24=1918215 | AA24= | AB24= | AC24= | AD24=
mobile_connections,8.3.CO_EMP_TEC_MOVIL,25,A25= | B25= | C25=Abr | D25=1533752 | E25=779670 | F25=1193971 | G25= | H25= | I25= | J25= | K25=3507393 | L25=827411 | M25=367813 | N25=824395 | O25= | P25= | Q25= | R25= | S25= | T25= | U25= | V25= | W25= | X25= | Y25= | Z25=2019619 | AA25= | AB25= | AC25= | AD25=
mobile_connections,8.4.CO_MOVIL_CLI_OECD,2,B2=SERVICIO ACCESO A INTERNET: TOTAL DE CONEXIONES MÓVILES (3G+4G+5G) DE ACUERDO A LA DEFINICIÓN DE LA OECD
mobile_connections,8.4.CO_MOVIL_CLI_OECD,3,B3=CONEXIONES MÓVILES (3G+4G+5G) POR TIPO DE CLIENTE
mobile_connections,8.4.CO_MOVIL_CLI_OECD,4,B4= | D4=
mobile_connections,8.4.CO_MOVIL_CLI_OECD,6,B6=<< VOLVER | C6= | D6= | E6= | F6= | G6= | H6= | I6= | J6= | K6=
mobile_connections,8.4.CO_MOVIL_CLI_OECD,7,A7= | B7=Año | C7=Mes | D7=Residencial | E7=Comercial | F7=No identificados | G7=Total de Conexiones Móviles 3G+4G+5G | H7= | I7= | J7= | K7= | M7= | N7=
mobile_connections,8.4.CO_MOVIL_CLI_OECD,8,A8= | B8=2009 | C8=Dic | D8=343961 | E8=121704 | F8=133841 | G8=599506 | H8= | I8= | J8= | K8= | M8= | N8=
mobile_connections,8.4.CO_MOVIL_CLI_OECD,9,A9= | B9=2010 | C9=Ene | D9=398513 | E9=141349 | F9=154035 | G9=693897 | H9= | I9= | J9= | K9= | M9= | N9=
mobile_connections,8.4.CO_MOVIL_CLI_OECD,10,A10= | B10= | C10=Feb | D10=428100 | E10=150513 | F10=168573 | G10=747186 | H10= | I10= | J10= | K10= | M10= | N10=
mobile_connections,8.4.CO_MOVIL_CLI_OECD,11,A11= | B11= | C11=Mar | D11=461753 | E11=171716 | F11=194327 | G11=827796 | H11= | I11= | J11= | K11= | M11= | N11=
mobile_connections,8.4.CO_MOVIL_CLI_OECD,12,A12= | B12= | C12=Abr | D12=497278 | E12=191831 | F12=244832 | G12=933941 | H12= | I12= | J12= | K12= | M12= | N12=
mobile_connections,8.4.CO_MOVIL_CLI_OECD,13,A13= | B13= | C13=May | D13=515924 | E13=244605 | F13=247591 | G13=1008120 | H13= | I13= | J13= | K13= | M13= | N13=
mobile_connections,8.4.CO_MOVIL_CLI_OECD,14,A14= | B14= | C14=Jun | D14=453045 | E14=362471 | F14=235720 | G14=1051236 | H14= | I14= | J14= | K14= | M14= | N14=
mobile_connections,8.4.CO_MOVIL_CLI_OECD,15,A15= | B15= | C15=Jul | D15=494139 | E15=367345 | F15=227285 | G15=1088769 | H15= | I15= | J15= | K15= | M15= | N15=
mobile_connections,8.4.CO_MOVIL_CLI_OECD,16,A16= | B16= | C16=Ago | D16=510429 | E16=366484 | F16=254192 | G16=1131105 | H16= | I16= | J16= | K16= | M16= | N16=
mobile_connections,8.4.CO_MOVIL_CLI_OECD,17,A17= | B17= | C17=Sep | D17=547098 | E17=377660 | F17=257894 | G17=1182652 | H17= | I17= | J17= | K17= | M17= | N17=
mobile_connections,8.4.CO_MOVIL_CLI_OECD,18,A18= | B18= | C18=Oct | D18=713293 | E18=241525 | F18=308868 | G18=1263686 | H18= | I18= | J18= | K18= | M18= | N18=
mobile_connections,8.4.CO_MOVIL_CLI_OECD,19,A19= | B19= | C19=Nov | D19=773129 | E19=216553 | F19=339343 | G19=1329025 | H19= | I19= | J19= | K19= | M19= | N19=
mobile_connections,8.4.CO_MOVIL_CLI_OECD,20,A20= | B20= | C20=Dic | D20=803953 | E20=226221 | F20=413409 | G20=1443583 | H20= | I20= | J20= | K20= | M20= | N20=
mobile_connections,8.4.CO_MOVIL_CLI_OECD,21,A21= | B21=2011 | C21=Ene | D21=927537 | E21=232314 | F21=619068 | G21=1778919 | H21= | I21= | J21= | K21= | M21= | N21=
mobile_connections,8.4.CO_MOVIL_CLI_OECD,22,A22= | B22= | C22=Feb | D22=905590 | E22=233036 | F22=640039 | G22=1778665 | H22= | I22= | J22= | K22= | M22= | N22=
mobile_connections,8.4.CO_MOVIL_CLI_OECD,23,A23= | B23= | C23=Mar | D23=994635 | E23=241363 | F23=680209 | G23=1916207 | H23= | I23= | J23= | K23= | M23= | N23=
mobile_connections,8.4.CO_MOVIL_CLI_OECD,24,A24= | B24= | C24=Abr | D24=1013633 | E24=245938 | F24=758035 | G24=2017606 | H24= | I24= | J24= | K24= | M24= | N24=
mobile_connections,8.4.CO_MOVIL_CLI_OECD,25,A25= | B25= | C25=May | D25=1041814 | E25=263226 | F25=804842 | G25=2109882 | H25= | I25= | J25= | K25= | M25= | N25=
mobile_connections,8.7.CO_TEC_TER_MOVIL,2,B2=SERVICIO ACCESO A INTERNET: TOTAL DE CONEXIONES MÓVILES
mobile_connections,8.7.CO_TEC_TER_MOVIL,3,B3=CONEXIONES MÓVILES POR TIPO DE TECNOLOGÍA Y TIPO DE TERMINAL
mobile_connections,8.7.CO_TEC_TER_MOVIL,4,B4= | D4=
mobile_connections,8.7.CO_TEC_TER_MOVIL,6,B6=<< VOLVER | C6= | D6= | E6= | F6= | G6= | H6= | I6= | J6= | K6= | L6= | M6= | N6= | O6= | P6= | Q6= | R6= | S6= | V6= | W6=
mobile_connections,8.7.CO_TEC_TER_MOVIL,7,A7= | B7= | C7= | D7=Conexiones con Tecnología 2G | E7= | F7= | G7= | H7=Conexiones con Tecnología 3G | I7= | J7= | K7= | L7=Conexiones con Tecnología 4G | M7= | N7= | O7= | P7=Conexiones con Tecnología 5G | Q7= | R7= | S7= | T7= | U7= | V7= | W7= | X7= | Y7=Total de Conexiones (2G+3G+4G+5G) | Z7= | AA7= | AB7=Penetración Total por cada 100 habitantes (2G+3G+4G+5G) | AC7= | AD7=
mobile_connections,8.7.CO_TEC_TER_MOVIL,8,A8= | B8=Año | C8=Mes | D8=Smartphones (Navegación en Móvil) | E8=BAM (USB) | F8=Machine To Machine | G8=Total de conexiones 2G | H8=Smartphones (Navegación en Móvil) | I8=BAM (USB) | J8=Machine To Machine | K8=Total de conexiones 3G | L8=Smartphones (Navegación en Móvil) | M8=BAM (USB) | N8=Machine To Machine | O8=Total de conexiones 4G | P8=Smartphones (Navegación en Móvil) | Q8=BAM (USB) | R8=Machine To Machine | S8=Total de conexiones 5G | T8=Total de Conexiones Móviles 2G+3G+4G+5G | U8=Total de Conexiones Móviles 3G+4G+5G | V8= | W8=Año | X8=Mes | Y8=Smartphones (Navegación en Móvil) | Z8=BAM (USB) | AA8=Machine To Machine | AB8=Smartphones (Navegación en Móvil) | AC8=BAM (USB) | AD8=Machine To Machine
mobile_connections,8.7.CO_TEC_TER_MOVIL,9,A9= | B9=2013 | C9=Mar | D9=3597055 | E9=12866 | F9=148015 | G9=3757936 | H9=4222888 | I9=1043525 | J9=1690 | K9=5268103 | L9= | M9= | N9= | O9=0 | P9= | Q9= | R9= | S9=0 | T9=9026039 | U9=5268103 | V9= | W9=2013 | X9=Mar | Y9=7819943 | Z9=1056391 | AA9=149705 | AB9=44.638788864339084 | AC9=6.0302248759598411 | AD9=0.85456503799783223
mobile_connections,8.7.CO_TEC_TER_MOVIL,10,A10= | B10= | C10=Abr | D10=3584979 | E10=12815 | F10=150523 | G10=3748317 | H10=4312309 | I10=1056890 | J10=1719 | K10=5370918 | L10= | M10= | N10= | O10=0 | P10= | Q10= | R10= | S10=0 | T10=9119235 | U10=5370918 | V10= | W10= | X10=Abr | Y10=7897288 | Z10=1069705 | AA10=152242 | AB10=45.047259537219993 | AC10=6.1017502164365682 | AD10=0.86841012844731591
mobile_connections,8.7.CO_TEC_TER_MOVIL,11,A11= | B11= | C11=May | D11=3620557 | E11=10973 | F11=155368 | G11=3786898 | H11=4410495 | I11=1057105 | J11=1774 | K11=5469374 | L11= | M11= | N11= | O11=0 | P11= | Q11= | R11= | S11=0 | T11=9256272 | U11=5469374 | V11= | W11= | X11=May | Y11=8031052 | Z11=1068078 | AA11=157142 | AB11=45.776718249215691 | AC11=6.0880076077437666 | AD11=0.89570395747882747
mobile_connections,8.7.CO_TEC_TER_MOVIL,12,A12= | B12= | C12=Jun | D12=3672674 | E12=12402 | F12=155494 | G12=3840570 | H12=4399238 | I12=1046507 | J12=1920 | K12=5447665 | L12= | M12= | N12= | O12=0 | P12= | Q12= | R12= | S12=0 | T12=9288235 | U12=5447665 | V12= | W12= | X12=Jun | Y12=8071912 | Z12=1058909 | AA12=157414 | AB12=45.975947231886835 | AC12=6.031327436098171 | AD12=0.89659770294327223
mobile_connections,8.7.CO_TEC_TER_MOVIL,13,A13= | B13= | C13=Jul | D13=3548172 | E13=11989 | F13=158871 | G13=3719032 | H13=4577322 | I13=1035595 | J13=2054 | K13=5614971 | L13= | M13= | N13= | O13=0 | P13= | Q13= | R13= | S13=0 | T13=9334003 | U13=5614971 | V13= | W13= | X13=Jul | Y13=8125494 | Z13=1047584 | AA13=160925 | AB13=46.24729284214304 | AC13=5.9624589009288025 | AD13=0.91592530874084321
mobile_connections,8.7.CO_TEC_TER_MOVIL,14,A14= | B14= | C14=Ago | D14=3535141 | E14=11878 | F14=158473 | G14=3705492 | H14=4654067 | I14=1023378 | J14=2049 | K14=5679494 | L14= | M14= | N14= | O14=0 | P14= | Q14= | R14= | S14=0 | T14=9384986 | U14=5679494 | V14= | W14= | X14=Ago | Y14=8189208 | Z14=1035256 | AA14=160522 | AB14=46.575867297089708 | AC14=5.8879864908201016 | AD14=0.91296391180483316
mobile_connections,8.7.CO_TEC_TER_MOVIL,15,A15= | B15= | C15=Sep | D15=3507110 | E15=11397 | F15=154692 | G15=3673199 | H15=4640825 | I15=1002953 | J15=2000 | K15=5645778 | L15= | M15= | N15= | O15=0 | P15= | Q15= | R15= | S15=0 | T15=9318977 | U15=5645778 | V15= | W15= | X15=Sep | Y15=8147935 | Z15=1014350 | AA15=156692 | AB15=46.307287592217619 | AC15=5.7648713654644945 | AD15=0.89053011682098149
mobile_connections,8.7.CO_TEC_TER_MOVIL,16,A16= | B16= | C16=Oct | D16=3296568 | E16=10047 | F16=168003 | G16=3474618 | H16=4925271 | I16=948985 | J16=2291 | K16=5876547 | L16= | M16= | N16= | O16=0 | P16= | Q16= | R16= | S16=0 | T16=9351165 | U16=5876547 | V16= | W16= | X16=Oct | Y16=8221839 | Z16=959032 | AA16=170294 | AB16=46.693209459813723 | AC16=5.4465043714264016 | AD16=0.96712832880205002
mobile_connections,8.7.CO_TEC_TER_MOVIL,17,A17= | B17= | C17=Nov | D17=3310046 | E17=10094 | F17=168016 | G17=3488156 | H17=4968302 | I17=909766 | J17=2292 | K17=5880360 | L17= | M17= | N17= | O17=0 | P17= | Q17= | R17= | S17=0 | T17=9368516 | U17=5880360 | V17= | W17= | X17=Nov | Y17=8278348 | Z17=919860 | AA17=170308 | AB17=46.979851406502284 | AC17=5.2202306685808804 | AD17=0.96650255985114319
mobile_connections,8.7.CO_TEC_TER_MOVIL,18,A18= | B18= | C18=Dic | D18=3263148 | E18=9232 | F18=172482 | G18=3444862 | H18=5481834 | I18=881843 | J18=2443 | K18=6366120 | L18= | M18= | N18= | O18=0 | P18= | Q18= | R18= | S18=0 | T18=9810982 | U18=6366120 | V18= | W18= | X18=Dic | Y18=8744982 | Z18=891075 | AA18=174925 | AB18=49.591850292755517 | AC18=5.0531902752478075 | AD18=0.99198081968153373
mobile_connections,8.7.CO_TEC_TER_MOVIL,19,A19= | B19=2014 | C19=Ene | D19=3161394 | E19=8334 | F19=174529 | G19=3344257 | H19=5588283 | I19=890507 | J19=157446 | K19=6636236 | L19=6485 | M19= | N19= | O19=6485 | P19= | Q19= | R19= | S19=0 | T19=9986978 | U19=6642721 | V19= | W19=2014 | X19=Ene | Y19=8756162 | Z19=898841 | AA19=331975 | AB19=49.619095533328384 | AC19=5.0935189924846549 | AD19=1.8812236730746519
mobile_connections,8.7.CO_TEC_TER_MOVIL,20,A20= | B20= | C20=Feb | D20=3028244 | E20=7273 | F20=175273 | G20=3210790 | H20=5652770 | I20=863346 | J20=158893 | K20=6675009 | L20=8170 | M20= | N20= | O20=8170 | P20= | Q20= | R20= | S20=0 | T20=9893969 | U20=6683179 | V20= | W20= | X20=Feb | Y20=8689184 | Z20=870619 | AA20=334166 | AB20=49.203720513005692 | AC20=4.9300019368116157 | AD20=1.892261743904728
mobile_connections,8.7.CO_TEC_TER_MOVIL,21,A21= | B21= | C21=Mar | D21=2959722 | E21=9206 | F21=181897 | G21=3150825 | H21=6000090 | I21=851910 | J21=159653 | K21=7011653 | L21=9829 | M21= | N21= | O21=9829 | P21= | Q21= | R21= | S21=0 | T21=10172307 | U21=7021482 | V21= | W21= | X21=Mar | Y21=8969641 | Z21=861116 | AA21=341550 | AB21=50.754918384508102 | AC21=4.8726445461523014 | AD21=1.9326684729331689
mobile_connections,8.7.CO_TEC_TER_MOVIL,22,A22= | B22= | C22=Abr | D22=2664574 | E22=7640 | F22=181058 | G22=2853272 | H22=6191270 | I22=828849 | J22=158886 | K22=7179005 | L22=29536 | M22= | N22= | O22=29536 | P22= | Q22= | R22= | S22=0 | T22=10061813 | U22=7208541 | V22= | W22= | X22=Abr | Y22=8885380 | Z22=836489 | AA22=339944 | AB22=50.241596519370304 | AC22=4.7298531780173212 | AD22=1.9221833266760475
mobile_connections,8.7.CO_TEC_TER_MOVIL,23,A23= | B23= | C23=May | D23=2607217 | E23=8270 | F23=179429 | G23=2794916 | H23=6583844 | I23=849331 | J23=160064 | K23=7593239 | L23=14407 | M23= | N23= | O23=14407 | P23= | Q23= | R23= | S23=0 | T23=10402562 | U23=7607646 | V23= | W23= | X23=May | Y23=9205468 | Z23=857601 | AA23=339493 | AB23=52.013715798877087 | AC23=4.8457085161593945 | AD23=1.9182395091382838
mobile_connections,8.7.CO_TEC_TER_MOVIL,24,A24= | B24= | C24=Jun | D24=2418338 | E24=6545 | F24=178962 | G24=2603845 | H24=6644281 | I24=828433 | J24=164814 | K24=7637528 | L24=178424 | M24=5958 | N24= | O24=184382 | P24= | Q24= | R24= | S24=0 | T24=10425755 | U24=7821910 | V24= | W24= | X24=Jun | Y24=9241043 | Z24=840936 | AA24=343776 | AB24=52.17684440701381 | AC24=4.7480989784655874 | AD24=1.9410305593065176
mobile_connections,8.7.CO_TEC_TER_MOVIL,25,A25= | B25= | C25=Jul | D25=2143658 | E25=5420 | F25=171011 | G25=2320089 | H25=6619252 | I25=788496 | J25=165700 | K25=7573448 | L25=213617 | M25=6826 | N25= | O25=220443 | P25= | Q25= | R25= | S25=0 | T25=10113980 | U25=7793891 | V25= | W25= | X25=Jul | Y25=8976527 | Z25=800742 | AA25=336711 | AB25=50.331902052501206 | AC25=4.4898063486383899 | AD25=1.8879579008674217
mobile_connections,8.8.CO_EMP_TEC_TER_MOVIL,2,B2=SERVICIO ACCESO A INTERNET: TOTAL DE CONEXIONES MÓVILES
mobile_connections,8.8.CO_EMP_TEC_TER_MOVIL,3,"B3=CONEXIONES MÓVILES POR TIPO DE TECNOLOGÍA, TIPO DE TERMINAL Y EMPRESA"
mobile_connections,8.8.CO_EMP_TEC_TER_MOVIL,4,B4= | D4= | E4= | F4= | G4= | H4= | I4=
mobile_connections,8.8.CO_EMP_TEC_TER_MOVIL,6,B6=<< VOLVER | C6= | D6= | E6= | F6= | G6= | H6= | I6= | J6= | K6= | L6= | M6= | N6= | O6= | P6= | Q6= | R6= | S6= | T6= | U6= | V6= | W6= | X6= | Y6= | Z6= | AA6= | AB6= | AC6= | AD6= | AE6=
mobile_connections,8.8.CO_EMP_TEC_TER_MOVIL,7,A7= | B7= | C7= | D7=Conexiones con Tecnología 2G | E7= | F7= | G7= | H7= | I7= | J7= | K7= | L7= | M7= | N7= | O7= | P7= | Q7= | R7=Conexiones con Tecnología 3G | S7= | T7= | U7= | V7= | W7= | X7= | Y7= | Z7= | AA7= | AB7= | AC7= | AD7=
mobile_connections,8.8.CO_EMP_TEC_TER_MOVIL,8,A8= | B8=Año | C8=Mes | D8=Smartphones (Navegación en Móvil) | E8= | F8= | G8= | H8= | I8= | J8=BAM (USB) | K8= | L8= | M8= | N8=Machine To Machine | O8= | P8= | Q8=Total de conexiones 2G | R8=Smartphones (Navegación en Móvil) | S8= | T8= | U8= | V8= | W8= | X8= | Y8= | Z8= | AA8= | AB8= | AC8= | AD8=BAM (USB)
mobile_connections,8.8.CO_EMP_TEC_TER_MOVIL,9,A9= | B9= | C9= | D9=Movistar | E9=Grupo Claro-VTR | F9=Entel PCS | G9=Virgin | H9= | I9=Mundo Pacífico | J9=Movistar | K9=Grupo Claro-VTR | L9=Entel PCS | M9= | N9=Movistar | O9=Grupo Claro-VTR | P9=Entel PCS | Q9= | R9=Movistar | S9=Grupo Claro-VTR | T9=Entel PCS | U9= | V9=Virgin | W9=GTD Móvil | X9=WOM | Y9=Netline | Z9=Falabella | AA9=Simple | AB9=Mundo Pacífico | AC9=Suma Móvil Chile | AD9=Movistar
mobile_connections,8.8.CO_EMP_TEC_TER_MOVIL,10,A10= | B10=2017 | C10=Ene | D10=296597 | E10=94010 | F10=118891 | G10= | H10= | I10= | J10=15420 | K10=283 | L10= | M10= | N10=198256 | O10=6187 | P10=1048 | Q10=730692 | R10=1787597 | S10=1923496 | T10=1705100 | U10= | V10=173550 | W10=2896 | X10=428844 | Y10=2001 | Z10=51318 | AA10=20502 | AB10= | AC10= | AD10=159642
mobile_connections,8.8.CO_EMP_TEC_TER_MOVIL,11,A11= | B11= | C11=Feb | D11=247245 | E11=86523 | F11=110890 | G11= | H11= | I11= | J11=13151 | K11=266 | L11= | M11= | N11=180238 | O11=6224 | P11=1061 | Q11=645598 | R11=1610068 | S11=1819977 | T11=1753584 | U11= | V11=165122 | W11=2751 | X11=420364 | Y11=1988 | Z11=49877 | AA11=20905 | AB11= | AC11= | AD11=137864
mobile_connections,8.8.CO_EMP_TEC_TER_MOVIL,12,A12= | B12= | C12=Mar | D12=230189 | E12=84250 | F12=121358 | G12= | H12= | I12= | J12=13848 | K12=245 | L12= | M12= | N12=183925 | O12=6751 | P12=1183 | Q12=641749 | R12=1572371 | S12=1751192 | T12=1679600 | U12= | V12=163092 | W12=2617 | X12=428822 | Y12=2004 | Z12=50474 | AA12=21005 | AB12= | AC12= | AD12=135171
mobile_connections,8.8.CO_EMP_TEC_TER_MOVIL,13,A13= | B13= | C13=Abr | D13=215579 | E13=78971 | F13=118024 | G13= | H13= | I13= | J13=12070 | K13=301 | L13= | M13= | N13=182812 | O13=7273 | P13=1183 | Q13=616213 | R13=1492217 | S13=1683464 | T13=1637848 | U13= | V13=161026 | W13=2470 | X13=442778 | Y13=2156 | Z13=50692 | AA13=21010 | AB13= | AC13= | AD13=97711
mobile_connections,8.8.CO_EMP_TEC_TER_MOVIL,14,A14= | B14= | C14=May | D14=217962 | E14=75013 | F14=116916 | G14= | H14= | I14= | J14=12123 | K14=401 | L14= | M14= | N14=183643 | O14=7582 | P14=772 | Q14=614412 | R14=1498072 | S14=1619555 | T14=1599488 | U14= | V14=159032 | W14=2418 | X14=446427 | Y14=2126 | Z14=50965 | AA14=21129 | AB14= | AC14= | AD14=99057
mobile_connections,8.8.CO_EMP_TEC_TER_MOVIL,15,A15= | B15= | C15=Jun | D15=184669 | E15=67688 | F15=109514 | G15=3513 | H15= | I15= | J15=10437 | K15=342 | L15= | M15= | N15=142662 | O15=8222 | P15=1436 | Q15=528483 | R15=1381787 | S15=1511454 | T15=1548627 | U15= | V15=96658 | W15=2205 | X15=454049 | Y15=1684 | Z15=49758 | AA15=21251 | AB15= | AC15= | AD15=123783
mobile_connections,8.8.CO_EMP_TEC_TER_MOVIL,16,A16= | B16= | C16=Jul | D16=181214 | E16=62537 | F16=111373 | G16=3902 | H16= | I16= | J16=10207 | K16=461 | L16= | M16= | N16=142027 | O16=8626 | P16=1598 | Q16=521945 | R16=1319063 | S16=1437740 | T16=1559214 | U16= | V16=102863 | W16=2100 | X16=448055 | Y16=596 | Z16=49312 | AA16=21301 | AB16= | AC16= | AD16=128941
mobile_connections,8.8.CO_EMP_TEC_TER_MOVIL,17,A17= | B17= | C17=Ago | D17=167289 | E17=63156 | F17=117373 | G17=3871 | H17= | I17= | J17=9304 | K17=576 | L17= | M17= | N17=141837 | O17=8856 | P17=1665 | Q17=513927 | R17=1251548 | S17=1599389 | T17=1600138 | U17= | V17=96660 | W17=2032 | X17=423506 | Y17=596 | Z17=52100 | AA17=21405 | AB17= | AC17= | AD17=122350
mobile_connections,8.8.CO_EMP_TEC_TER_MOVIL,18,A18= | B18= | C18=Sep | D18=182186 | E18=61610 | F18=122164 | G18=3961 | H18= | I18= | J18=10259 | K18=568 | L18= | M18= | N18=142841 | O18=8856 | P18=1674 | Q18=534119 | R18=1326474 | S18=1568414 | T18=1629965 | U18= | V18=91235 | W18=1955 | X18=457271 | Y18=574 | Z18=49138 | AA18=21100 | AB18= | AC18= | AD18=129346
mobile_connections,8.8.CO_EMP_TEC_TER_MOVIL,19,A19= | B19= | C19=Oct | D19=26693 | E19=53465 | F19=125555 | G19=4105 | H19= | I19= | J19=339 | K19=681 | L19= | M19= | N19=151071 | O19=10251 | P19=1684 | Q19=373844 | R19=1258742 | S19=1373145 | T19=1669871 | U19= | V19=88597 | W19=1845 | X19=455680 | Y19=540 | Z19=41955 | AA19=21487 | AB19= | AC19= | AD19=115879
mobile_connections,8.8.CO_EMP_TEC_TER_MOVIL,20,A20= | B20= | C20=Nov | D20=5 | E20=47208 | F20=129404 | G20=4380 | H20= | I20= | J20=1 | K20=623 | L20= | M20= | N20=148411 | O20=9574 | P20=1686 | Q20=341292 | R20=1257383 | S20=1365897 | T20=1867860 | U20= | V20=84896 | W20=1769 | X20=451309 | Y20=540 | Z20=39345 | AA20=21510 | AB20= | AC20= | AD20=116932
mobile_connections,8.8.CO_EMP_TEC_TER_MOVIL,21,A21= | B21= | C21=Dic | D21=26362 | E21=46844 | F21=147171 | G21=5272 | H21= | I21= | J21=254 | K21=626 | L21= | M21= | N21=130335 | O21=9930 | P21=1686 | Q21=368480 | R21=1142525 | S21=1425078 | T21=1731016 | U21= | V21=81586 | W21=1728 | X21=449933 | Y21=464 | Z21=36942 | AA21=21190 | AB21= | AC21= | AD21=88648
mobile_connections,8.8.CO_EMP_TEC_TER_MOVIL,22,A22= | B22=2018 | C22=Ene | D22=17690 | E22=47147 | F22=187488 | G22=5585 | H22= | I22= | J22=208 | K22=651 | L22= | M22= | N22=143272 | O22=10376 | P22=1686 | Q22=414103 | R22=1219549 | S22=1166245 | T22=1710206 | U22= | V22=78708 | W22=1618 | X22=447012 | Y22=428 | Z22=34116 | AA22=19100 | AB22= | AC22= | AD22=107164
mobile_connections,8.8.CO_EMP_TEC_TER_MOVIL,23,A23= | B23= | C23=Feb | D23=18022 | E23=54280 | F23=223103 | G23=5861 | H23= | I23= | J23=214 | K23=682 | L23= | M23= | N23=145973 | O23=10219 | P23=1687 | Q23=460041 | R23=1242536 | S23=1224760 | T23=1264314 | U23= | V23=76581 | W23=1469 | X23=442974 | Y23=404 | Z23=29577 | AA23=17790 | AB23= | AC23= | AD23=109176
mobile_connections,8.8.CO_EMP_TEC_TER_MOVIL,24,A24= | B24= | C24=Mar | D24=20920 | E24=49621 | F24=212405 | G24=6279 | H24= | I24= | J24=217 | K24=643 | L24= | M24= | N24=115901 | O24=9977 | P24=1687 | Q24=417650 | R24=899439 | S24=1214549 | T24=1244032 | U24= | V24=73542 | W24=1523 | X24=446611 | Y24=540 | Z24=25292 | AA24=17995 | AB24= | AC24= | AD24=54026
mobile_connections,8.8.CO_EMP_TEC_TER_MOVIL,25,A25= | B25= | C25=Abr | D25=20913 | E25=45494 | F25=211826 | G25=6586 | H25= | I25= | J25=217 | K25=380 | L25= | M25= | N25=115750 | O25=10252 | P25=1687 | Q25=413105 | R25=898877 | S25=1170312 | T25=1229329 | U25= | V25=72083 | W25=1375 | X25=449775 | Y25=355 | Z25=17113 | AA25=18090 | AB25= | AC25= | AD25=53901
mobile_connections,8.9.CO_MOVIL_PLAN,2,B2=SERVICIO ACCESO A INTERNET: TOTAL DE CONEXIONES MÓVILES (3G+4G+5G)
mobile_connections,8.9.CO_MOVIL_PLAN,3,B3=CONEXIONES MÓVILES (3G+4G+5G) POR TIPO DE PLAN
mobile_connections,8.9.CO_MOVIL_PLAN,4,B4= | D4= | E4= | F4= | G4= | H4= | I4=
mobile_connections,8.9.CO_MOVIL_PLAN,6,B6=<< VOLVER | C6= | D6= | E6= | F6= | G6= | H6= | I6= | J6= | K6= | L6= | M6= | N6= | O6= | P6= | Q6= | R6= | S6= | T6= | U6=
mobile_connections,8.9.CO_MOVIL_PLAN,7,A7= | B7=Año | C7=Mes | D7=Contrato (Postpago) | E7= | F7= | G7= | H7= | I7= | J7=Prepago | K7= | L7= | M7= | N7= | O7= | P7=Total de Conexiones Móviles 3G+4G+5G | Q7=Total de Conexiones Móviles 2G+3G+4G+5G | R7= | S7= | T7= | U7= | W7= | X7=
mobile_connections,8.9.CO_MOVIL_PLAN,8,A8= | B8= | C8= | D8=2G | E8=3G | F8=4G | G8=5G | H8=Total Conexiones Móviles de Contrato 3G+4G+5G | I8=Total Conexiones Móviles de Contrato 2G+3G+4G+5G | J8=2G | K8=3G | L8=4G | M8=5G | N8=Total Conexiones Móviles de Prepago 3G+4G+5G | O8=Total Conexiones Móviles de Prepago 2G+3G+4G+5G | P8= | Q8= | R8= | S8= | T8= | U8= | W8= | X8=
mobile_connections,8.9.CO_MOVIL_PLAN,9,A9= | B9=2014 | C9=Ene | D9=1211748 | E9=3956707 | F9=6485 | G9= | H9=3963192 | I9=5174940 | J9=2132509 | K9=2679529 | L9= | M9= | N9=2679529 | O9=4812038 | P9=6642721 | Q9=9986978 | R9= | S9= | T9= | U9= | W9= | X9=
mobile_connections,8.9.CO_MOVIL_PLAN,10,A10= | B10= | C10=Feb | D10=1178319 | E10=4016772 | F10=8170 | G10= | H10=4024942 | I10=5203261 | J10=2032471 | K10=2658237 | L10= | M10= | N10=2658237 | O10=4690708 | P10=6683179 | Q10=9893969 | R10= | S10= | T10= | U10= | W10= | X10=
mobile_connections,8.9.CO_MOVIL_PLAN,11,A11= | B11= | C11=Mar | D11=1147836 | E11=4182118 | F11=9829 | G11= | H11=4191947 | I11=5339783 | J11=2002989 | K11=2829535 | L11= | M11= | N11=2829535 | O11=4832524 | P11=7021482 | Q11=10172307 | R11= | S11= | T11= | U11= | W11= | X11=
mobile_connections,8.9.CO_MOVIL_PLAN,12,A12= | B12= | C12=Abr | D12=1041972 | E12=4333556 | F12=29511 | G12= | H12=4363067 | I12=5405039 | J12=1811300 | K12=2845449 | L12=25 | M12= | N12=2845474 | O12=4656774 | P12=7208541 | Q12=10061813 | R12= | S12= | T12= | U12= | W12= | X12=
mobile_connections,8.9.CO_MOVIL_PLAN,13,A13= | B13= | C13=May | D13=984254 | E13=4500928 | F13=14407 | G13= | H13=4515335 | I13=5499589 | J13=1810662 | K13=3092311 | L13= | M13= | N13=3092311 | O13=4902973 | P13=7607646 | Q13=10402562 | R13= | S13= | T13= | U13= | W13= | X13=
mobile_connections,8.9.CO_MOVIL_PLAN,14,A14= | B14= | C14=Jun | D14=876219 | E14=4481615 | F14=184382 | G14= | H14=4665997 | I14=5542216 | J14=1727626 | K14=3155913 | L14= | M14= | N14=3155913 | O14=4883539 | P14=7821910 | Q14=10425755 | R14= | S14= | T14= | U14= | W14= | X14=
mobile_connections,8.9.CO_MOVIL_PLAN,15,A15= | B15= | C15=Jul | D15=797019 | E15=4411124 | F15=220443 | G15= | H15=4631567 | I15=5428586 | J15=1523070 | K15=3162324 | L15= | M15= | N15=3162324 | O15=4685394 | P15=7793891 | Q15=10113980 | R15= | S15= | T15= | U15= | W15= | X15=
mobile_connections,8.9.CO_MOVIL_PLAN,16,A16= | B16= | C16=Ago | D16=710815 | E16=4426131 | F16=270166 | G16= | H16=4696297 | I16=5407112 | J16=1409909 | K16=3249264 | L16= | M16= | N16=3249264 | O16=4659173 | P16=7945561 | Q16=10066285 | R16= | S16= | T16= | U16= | W16= | X16=
mobile_connections,8.9.CO_MOVIL_PLAN,17,A17= | B17= | C17=Sep | D17=653591 | E17=4439360 | F17=345396 | G17= | H17=4784756 | I17=5438347 | J17=1503770 | K17=3666372 | L17= | M17= | N17=3666372 | O17=5170142 | P17=8451128 | Q17=10608489 | R17= | S17= | T17= | U17= | W17= | X17=
mobile_connections,8.9.CO_MOVIL_PLAN,18,A18= | B18= | C18=Oct | D18=574235 | E18=4413427 | F18=401649 | G18= | H18=4815076 | I18=5389311 | J18=1444314 | K18=3832881 | L18= | M18= | N18=3832881 | O18=5277195 | P18=8647957 | Q18=10666506 | R18= | S18= | T18= | U18= | W18= | X18=
mobile_connections,8.9.CO_MOVIL_PLAN,19,A19= | B19= | C19=Nov | D19=504616 | E19=4400707 | F19=500735 | G19= | H19=4901442 | I19=5406058 | J19=1325388 | K19=3886088 | L19= | M19= | N19=3886088 | O19=5211476 | P19=8787530 | Q19=10617534 | R19= | S19= | T19= | U19= | W19= | X19=
mobile_connections,8.9.CO_MOVIL_PLAN,20,A20= | B20= | C20=Dic | D20=474184 | E20=4374707 | F20=545410 | G20= | H20=4920117 | I20=5394301 | J20=1270240 | K20=4235606 | L20= | M20= | N20=4235606 | O20=5505846 | P20=9155723 | Q20=10900147 | R20= | S20= | T20= | U20= | W20= | X20=
mobile_connections,8.9.CO_MOVIL_PLAN,21,A21= | B21=2015 | C21=Ene | D21=417454 | E21=4149884 | F21=631312 | G21= | H21=4781196 | I21=5198650 | J21=1143884 | K21=4329662 | L21= | M21= | N21=4329662 | O21=5473546 | P21=9110858 | Q21=10672196 | R21= | S21= | T21= | U21= | W21= | X21=
mobile_connections,8.9.CO_MOVIL_PLAN,22,A22= | B22= | C22=Feb | D22=384638 | E22=4143374 | F22=693436 | G22= | H22=4836810 | I22=5221448 | J22=1071831 | K22=4411045 | L22= | M22= | N22=4411045 | O22=5482876 | P22=9247855 | Q22=10704324 | R22= | S22= | T22= | U22= | W22= | X22=
mobile_connections,8.9.CO_MOVIL_PLAN,23,A23= | B23= | C23=Mar | D23=359731 | E23=4013337 | F23=888052 | G23= | H23=4901389 | I23=5261120 | J23=1026274 | K23=4582481 | L23= | M23= | N23=4582481 | O23=5608755 | P23=9483870 | Q23=10869875 | R23= | S23= | T23= | U23= | W23= | X23=
mobile_connections,8.9.CO_MOVIL_PLAN,24,A24= | B24= | C24=Abr | D24=340054 | E24=4275460 | F24=958294 | G24= | H24=5233754 | I24=5573808 | J24=983111 | K24=4404538 | L24= | M24= | N24=4404538 | O24=5387649 | P24=9638292 | Q24=10961457 | R24= | S24= | T24= | U24= | W24= | X24=
mobile_connections,8.9.CO_MOVIL_PLAN,25,A25= | B25= | C25=May | D25=323233 | E25=4298618 | F25=1026867 | G25= | H25=5325485 | I25=5648718 | J25=938878 | K25=4428321 | L25= | M25= | N25=4428321 | O25=5367199 | P25=9753806 | Q25=11015917 | R25= | S25= | T25= | U25= | W25= | X25=
mobile_traffic,ÍNDICE,1,J1= | K1=
mobile_traffic,ÍNDICE,2,B2=ESTADÍSTICAS TRÁFICO DE INTERNET MÓVIL | C2= | D2= | E2= | F2= | J2= | K2=
mobile_traffic,ÍNDICE,3,B3= | C3= | D3= | E3= | F3= | J3= | K3=
mobile_traffic,ÍNDICE,4,B4= | C4= | D4= | E4= | F4= | J4= | K4=
mobile_traffic,ÍNDICE,5,C5=INDICE | J5= | K5=
mobile_traffic,ÍNDICE,6,B6= | C6= | J6= | K6=
mobile_traffic,ÍNDICE,7,B7= | I7= | J7= | K7=
mobile_traffic,ÍNDICE,8,B8=> | C8=9.1. TRÁFICO POR SENTIDO (SUBIDA Y BAJADA) | I8= | J8= | K8=
mobile_traffic,ÍNDICE,9,B9=> | C9=9.2. TRÁFICO POR BANDA (NACIONAL E INTERNACIONAL) | I9= | J9= | K9=
mobile_traffic,ÍNDICE,10,B10=> | C10=9.3. TRÁFICO POR CLIENTE Y PLAN | I10= | J10= | K10=
mobile_traffic,ÍNDICE,11,B11=> | C11=9.5. TRÁFICO POR EMPRESA | J11= | K11=
mobile_traffic,ÍNDICE,12,B12= | C12= | J12= | K12=
mobile_traffic,ÍNDICE,13,J13= | K13=
mobile_traffic,ÍNDICE,14,I14= | J14= | K14=
mobile_traffic,ÍNDICE,15,I15= | J15= | K15=
mobile_traffic,ÍNDICE,16,E16= | I16= | J16= | K16=
mobile_traffic,9.1.TRAF_SENT,1,A1= | B1= | C1= | D1= | E1= | F1=
mobile_traffic,9.1.TRAF_SENT,2,A2= | B2=SERVICIO DE INTERNET MÓVIL:  | C2= | D2= | E2= | F2=
mobile_traffic,9.1.TRAF_SENT,3,A3= | B3=TRÁFICO DE DATOS MÓVILES (TB) POR SENTIDO DEL TRÁFICO (SUBIDA Y BAJADA). | C3= | D3= | E3= | F3=
mobile_traffic,9.1.TRAF_SENT,4,A4= | B4= | C4= | D4= | E4= | F4=
mobile_traffic,9.1.TRAF_SENT,5,A5= | B5= | C5= | D5= | E5= | F5=
mobile_traffic,9.1.TRAF_SENT,9,B9=Año | C9=Mes | D9=TRÁFICO EN TERA BYTES (TB) | E9= | F9=
mobile_traffic,9.1.TRAF_SENT,10,B10= | C10= | D10=Bajada (Downlink) | E10=Subida (Uplink) | F10=Total | G10=% Variación 12 meses
mobile_traffic,9.1.TRAF_SENT,11,B11=2017 | C11=Jun | D11=49031.050242580051 | E11=4110.08291705999 | F11=53141.133159640041 | G11=
mobile_traffic,9.1.TRAF_SENT,12,B12= | C12=Jul | D12=54144.662105049996 | E12=4576.3360823400035 | F12=58720.998187389996 | G12=
mobile_traffic,9.1.TRAF_SENT,13,B13= | C13=Ago | D13=59053.884418420064 | E13=4926.5904682799946 | F13=63980.47488670006 | G13=
mobile_traffic,9.1.TRAF_SENT,14,B14= | C14=Sep | D14=60615.603425050023 | E14=5073.8562145199949 | F14=65689.459639570021 | G14=
mobile_traffic,9.1.TRAF_SENT,15,B15= | C15=Oct | D15=62912.282246690076 | E15=5241.9493875300013 | F15=68154.231634220079 | G15=
mobile_traffic,9.1.TRAF_SENT,16,B16= | C16=Nov | D16=65116.652349389893 | E16=5430.7736658199992 | F16=70547.426015209887 | G16=
mobile_traffic,9.1.TRAF_SENT,17,B17= | C17=Dic | D17=73085.593257439861 | E17=5979.6149361699954 | F17=79065.208193609855 | G17=
mobile_traffic,9.1.TRAF_SENT,18,B18=2018 | C18=Ene | D18=82305.17591393007 | E18=6615.8464045499995 | F18=88921.022318480071 | G18=
mobile_traffic,9.1.TRAF_SENT,19,B19= | C19=Feb | D19=80168.923336229986 | E19=6368.9042822099909 | F19=86537.827618439973 | G19=
mobile_traffic,9.1.TRAF_SENT,20,B20= | C20=Mar | D20=90017.001152120065 | E20=6987.1564854599883 | F20=97004.157637580051 | G20=
mobile_traffic,9.1.TRAF_SENT,21,B21= | C21=Abr | D21=88889.971062700046 | E21=6928.3094610200023 | F21=95818.280523720052 | G21=
mobile_traffic,9.1.TRAF_SENT,22,B22= | C22=May | D22=97402.040141559948 | E22=7732.5278780800036 | F22=105134.56801963995 | G22=
mobile_traffic,9.1.TRAF_SENT,23,B23= | C23=Jun | D23=98551.02110283995 | E23=7120.6221267099954 | F23=105671.64322954994 | G23=0.98850940780852792
mobile_traffic,9.1.TRAF_SENT,24,B24= | C24=Jul | D24=107733.1778129898 | E24=7900.3628403999983 | F24=115633.54065338981 | G24=0.96920257187013314
mobile_traffic,9.1.TRAF_SENT,25,B25= | C25=Ago | D25=109511.38217124999 | E25=8593.7443710600091 | F25=118105.12654231 | G25=0.84595576621550062
mobile_traffic,9.2.TRAF_BAND,1,D1=
mobile_traffic,9.2.TRAF_BAND,2,B2=SERVICIO DE INTERNET MÓVIL:  | D2=
mobile_traffic,9.2.TRAF_BAND,3,B3=TRÁFICO DE DATOS MÓVILES (TB) POR TIPO DE BANDA (NACIONAL E INTERNACIONAL). | D3=
mobile_traffic,9.2.TRAF_BAND,4,D4=
mobile_traffic,9.2.TRAF_BAND,5,D5=
mobile_traffic,9.2.TRAF_BAND,6,D6=
mobile_traffic,9.2.TRAF_BAND,7,D7=
mobile_traffic,9.2.TRAF_BAND,8,D8=
mobile_traffic,9.2.TRAF_BAND,9,B9=Año | C9=Mes | D9=TRÁFICO EN TERA BYTES (TB) | E9= | F9=
mobile_traffic,9.2.TRAF_BAND,10,B10= | C10= | D10=Banda Internacional | E10=Banda Nacional | F10=Total
mobile_traffic,9.2.TRAF_BAND,11,B11=2017 | C11=Jun | D11=38704.112276410036 | E11=14437.020883230018 | F11=53141.133159640056 | G11=
mobile_traffic,9.2.TRAF_BAND,12,B12= | C12=Jul | D12=42834.326452890033 | E12=15886.671734500003 | F12=58720.99818739004 | G12=
mobile_traffic,9.2.TRAF_BAND,13,B13= | C13=Ago | D13=47156.567298849994 | E13=16823.907587849997 | F13=63980.474886699987 | G13=
mobile_traffic,9.2.TRAF_BAND,14,B14= | C14=Sep | D14=47812.93997954997 | E14=17876.519660019989 | F14=65689.459639569963 | G14=
mobile_traffic,9.2.TRAF_BAND,15,B15= | C15=Oct | D15=49966.854929460038 | E15=18187.37670476003 | F15=68154.231634220065 | G15=
mobile_traffic,9.2.TRAF_BAND,16,B16= | C16=Nov | D16=51478.662289820029 | E16=19068.763725390007 | F16=70547.426015210032 | G16=
mobile_traffic,9.2.TRAF_BAND,17,B17= | C17=Dic | D17=56355.324856389954 | E17=22709.883337220021 | F17=79065.208193609971 | G17=
mobile_traffic,9.2.TRAF_BAND,18,B18=2018 | C18=Ene | D18=63005.66199369001 | E18=25915.360324789985 | F18=88921.022318479998 | G18=
mobile_traffic,9.2.TRAF_BAND,19,B19= | C19=Feb | D19=61020.96779326001 | E19=25516.859825179999 | F19=86537.827618440002 | G19=
mobile_traffic,9.2.TRAF_BAND,20,B20= | C20=Mar | D20=69481.159832250036 | E20=27522.997805330007 | F20=97004.157637580036 | G20=
mobile_traffic,9.2.TRAF_BAND,21,B21= | C21=Abr | D21=67534.698450469921 | E21=28283.582073249996 | F21=95818.280523719921 | G21=
mobile_traffic,9.2.TRAF_BAND,22,B22= | C22=May | D22=73838.961886950026 | E22=31295.606132689987 | F22=105134.56801964002 | G22=
mobile_traffic,9.2.TRAF_BAND,23,B23= | C23=Jun | D23=73491.793360369964 | E23=32179.849869180009 | F23=105671.64322954997 | G23=
mobile_traffic,9.2.TRAF_BAND,24,B24= | C24=Jul | D24=78894.072142689867 | E24=36739.468510699997 | F24=115633.54065338986 | G24=
mobile_traffic,9.2.TRAF_BAND,25,B25= | C25=Ago | D25=81793.362206200065 | E25=36311.764336109976 | F25=118105.12654231004 | G25=
mobile_traffic,9.3.TRAF_CLI.PLAN,1,A1= | B1= | C1= | D1= | E1= | F1= | G1=
mobile_traffic,9.3.TRAF_CLI.PLAN,2,A2= | B2=SERVICIO DE INTERNET MÓVIL:  | C2= | D2= | E2= | F2= | G2=
mobile_traffic,9.3.TRAF_CLI.PLAN,3,A3= | B3=TRÁFICO DE DATOS MÓVILES (TB) POR TIPO DE CLIENTE Y TIPO DE PLAN | C3= | D3= | E3= | F3= | G3=
mobile_traffic,9.3.TRAF_CLI.PLAN,4,A4= | B4= | C4= | D4= | E4= | F4= | G4=
mobile_traffic,9.3.TRAF_CLI.PLAN,5,A5= | B5= | C5= | D5= | E5= | F5= | G5=
mobile_traffic,9.3.TRAF_CLI.PLAN,9,B9=Año | C9=Mes | D9=TRÁFICO EN TERA BYTES (TB) | E9= | F9= | G9=
mobile_traffic,9.3.TRAF_CLI.PLAN,10,B10= | C10= | D10=Residencial | E10=Comercial | F10=Sin clasificar | G10=Total
mobile_traffic,9.3.TRAF_CLI.PLAN,11,B11= | C11= | D11=Postpago | E11=Postpago | F11=Prepago | G11=
mobile_traffic,9.3.TRAF_CLI.PLAN,12,B12=2017 | C12=Jun | D12=41460.707899290013 | E12=4606.7921423399976 | F12=7073.633118010006 | G12=53141.133159640012 | H12=
mobile_traffic,9.3.TRAF_CLI.PLAN,13,B13= | C13=Jul | D13=46538.127038899976 | E13=5146.0794833399968 | F13=7036.7916651499936 | G13=58720.998187389967 | H13=
mobile_traffic,9.3.TRAF_CLI.PLAN,14,B14= | C14=Ago | D14=50555.684470789995 | E14=5339.7438781200008 | F14=8085.0465377900018 | G14=63980.474886700002 | H14=
mobile_traffic,9.3.TRAF_CLI.PLAN,15,B15= | C15=Sep | D15=51061.196963429989 | E15=5517.523726489997 | F15=9110.7389496499927 | G15=65689.459639569977 | H15=
mobile_traffic,9.3.TRAF_CLI.PLAN,16,B16= | C16=Oct | D16=54057.217606690014 | E16=5591.9015421499989 | F16=8505.1124853800029 | G16=68154.231634220021 | H16=
mobile_traffic,9.3.TRAF_CLI.PLAN,17,B17= | C17=Nov | D17=55975.456340790042 | E17=5804.5273867899969 | F17=8767.4422876299996 | G17=70547.426015210032 | H17=
mobile_traffic,9.3.TRAF_CLI.PLAN,18,B18= | C18=Dic | D18=62584.523502630007 | E18=6603.8353178099987 | F18=9876.8493731700037 | G18=79065.20819361 | H18=
mobile_traffic,9.3.TRAF_CLI.PLAN,19,B19=2018 | C19=Ene | D19=70170.380728960052 | E19=7169.8771107700031 | F19=11580.764478749996 | G19=88921.022318480042 | H19=
mobile_traffic,9.3.TRAF_CLI.PLAN,20,B20= | C20=Feb | D20=68398.61109092999 | E20=7097.4128419899907 | F20=11041.803685520004 | G20=86537.827618439987 | H20=
mobile_traffic,9.3.TRAF_CLI.PLAN,21,B21= | C21=Mar | D21=77955.301591159994 | E21=7610.7790902899951 | F21=11438.076956129999 | G21=97004.157637579992 | H21=
mobile_traffic,9.3.TRAF_CLI.PLAN,22,B22= | C22=Abr | D22=76753.885727850036 | E22=7886.6554197200057 | F22=11177.739376150013 | G22=95818.280523720052 | H22=
mobile_traffic,9.3.TRAF_CLI.PLAN,23,B23= | C23=May | D23=84485.29113099011 | E23=8778.5071610199957 | F23=11870.769727630015 | G23=105134.56801964012 | H23=
mobile_traffic,9.3.TRAF_CLI.PLAN,24,B24= | C24=Jun | D24=83638.931598499854 | E24=9151.0661107000033 | F24=12881.645520350006 | G24=105671.64322954987 | H24=
mobile_traffic,9.3.TRAF_CLI.PLAN,25,B25= | C25=Jul | D25=89546.732538779906 | E25=9626.113203689998 | F25=16460.694910919996 | G25=115633.54065338989 | H25=
mobile_traffic,9.5.TRAF_EMP,1,A1= | B1= | C1= | D1= | E1= | F1= | G1= | H1= | I1= | J1= | K1= | L1=
mobile_traffic,9.5.TRAF_EMP,2,A2= | B2=SERVICIO DE INTERNET MÓVIL:  | C2= | D2= | E2= | F2= | G2= | H2= | I2= | J2= | K2= | L2=
mobile_traffic,9.5.TRAF_EMP,3,A3= | B3=TRÁFICO DE DATOS MÓVILES (TB) POR EMPRESA | C3= | D3= | E3= | F3= | G3= | H3= | I3= | J3= | K3= | L3=
mobile_traffic,9.5.TRAF_EMP,4,A4= | B4= | C4= | D4= | E4= | F4= | G4= | H4= | I4= | J4= | K4= | L4=
mobile_traffic,9.5.TRAF_EMP,5,A5= | B5= | C5= | D5= | E5= | F5= | G5= | H5= | I5= | J5= | K5= | L5=
mobile_traffic,9.5.TRAF_EMP,9,B9=Año | C9=Mes | D9=TRÁFICO EN TERA BYTES (TB) | E9= | F9= | G9= | H9= | I9= | J9= | K9= | L9=
mobile_traffic,9.5.TRAF_EMP,10,B10= | C10= | D10=Movistar | E10=Grupo Claro-VTR | F10=ENTEL | G10=Netline | H10= | I10=Mundo Pacífico | J10=WOM | K10=Suma Móvil | L10=Total
mobile_traffic,9.5.TRAF_EMP,11,B11=2017 | C11=Jun | D11=16991.328058510007 | E11=10355.594740370003 | F11=12169.698376600003 | G11=1.2555429999999999 | H11= | I11= | J11=13623.256441159992 | K11= | L11=53141.133159640012 | M11=
mobile_traffic,9.5.TRAF_EMP,12,B12= | C12=Jul | D12=19117.631310730008 | E12=10590.509282360001 | F12=13631.780341659985 | G12=1.3895189999999999 | H12= | I12= | J12=15379.687733639992 | K12= | L12=58720.998187389981 | M12=
mobile_traffic,9.5.TRAF_EMP,13,B13= | C13=Ago | D13=19178.951427419997 | E13=13540.732112159998 | F13=15642.535550489998 | G13=1.4345619999999999 | H13= | I13= | J13=15616.82123462999 | K13= | L13=63980.474886699987 | M13=
mobile_traffic,9.5.TRAF_EMP,14,B14= | C14=Sep | D14=18982.782989259995 | E14=12326.491937720006 | F14=17424.137738090016 | G14=1.566144 | H14= | I14= | J14=16954.480830499997 | K14= | L14=65689.459639570006 | M14=
mobile_traffic,9.5.TRAF_EMP,15,B15= | C15=Oct | D15=20148.384178429998 | E15=13949.986728850001 | F15=15895.415419560013 | G15=1.520405 | H15= | I15= | J15=18158.924902379997 | K15= | L15=68154.231634220007 | M15=
mobile_traffic,9.5.TRAF_EMP,16,B16= | C16=Nov | D16=19296.604885149991 | E16=14608.938379150002 | F16=17526.762799950022 | G16=1.4915989999999999 | H16= | I16= | J16=19113.628351959993 | K16= | L16=70547.426015210018 | M16=
mobile_traffic,9.5.TRAF_EMP,17,B17= | C17=Dic | D17=21995.404965809994 | E17=15572.432647569995 | F17=19967.297516079958 | G17=1.3676440000000001 | H17= | I17= | J17=21528.70542015001 | K17= | L17=79065.208193609957 | M17=
mobile_traffic,9.5.TRAF_EMP,18,B18=2018 | C18=Ene | D18=23836.978863439985 | E18=19268.283475610002 | F18=22256.298968580002 | G18=1.406336 | H18= | I18= | J18=23558.054674849998 | K18= | L18=88921.022318479983 | M18=
mobile_traffic,9.5.TRAF_EMP,19,B19= | C19=Feb | D19=23502.998690299988 | E19=18841.461263819998 | F19=21578.855146449994 | G19=1.343699 | H19= | I19= | J19=22613.168818869963 | K19= | L19=86537.827618439944 | M19=
mobile_traffic,9.5.TRAF_EMP,20,B20= | C20=Mar | D20=26134.372147539987 | E20=20908.979472490009 | F20=23631.27475939997 | G20=1.3011459999999999 | H20= | I20= | J20=26328.230112149984 | K20= | L20=97004.157637579949 | M20=
mobile_traffic,9.5.TRAF_EMP,21,B21= | C21=Abr | D21=26610.300647199994 | E21=19919.099331799993 | F21=22647.308165300004 | G21=1.1987410000000001 | H21= | I21= | J21=26640.373638420017 | K21= | L21=95818.280523720008 | M21=
mobile_traffic,9.5.TRAF_EMP,22,B22= | C22=May | D22=29478.824934380009 | E22=21097.415276040003 | F22=25129.45546709995 | G22=1.016178 | H22= | I22= | J22=29427.856164119999 | K22= | L22=105134.56801963996 | M22=
mobile_traffic,9.5.TRAF_EMP,23,B23= | C23=Jun | D23=30058.409903900003 | E23=18274.709756440003 | F23=28053.05113899997 | G23=0.983429 | H23= | I23= | J23=29284.489001210008 | K23= | L23=105671.64322954998 | M23=
mobile_traffic,9.5.TRAF_EMP,24,B24= | C24=Jul | D24=33312.130028800006 | E24=19848.347759820001 | F24=30118.045534090001 | G24=0.98588100000000001 | H24= | I24= | J24=32354.031449679977 | K24= | L24=115633.54065338999 | M24=
mobile_traffic,9.5.TRAF_EMP,25,B25= | C25=Ago | D25=33384.189796299994 | E25=19885.339047639998 | F25=30691.572190859973 | G25=0.81544399999999995 | H25= | I25= | J25=34143.210063510014 | K25= | L25=118105.12654231 | M25=
fixed_traffic,ÍNDICE,1,J1= | K1=
fixed_traffic,ÍNDICE,2,B2=ESTADÍSTICAS TRÁFICO DE INTERNET FIJO | C2= | D2= | E2= | F2= | J2= | K2=
fixed_traffic,ÍNDICE,3,B3= | C3= | D3= | E3= | F3= | J3= | K3=
fixed_traffic,ÍNDICE,4,B4= | C4= | D4= | E4= | F4= | J4= | K4=
fixed_traffic,ÍNDICE,5,C5=INDICE | J5= | K5=
fixed_traffic,ÍNDICE,6,B6= | C6= | J6= | K6=
fixed_traffic,ÍNDICE,7,B7= | I7= | J7= | K7=
fixed_traffic,ÍNDICE,8,B8=> | C8=10.1. TRÁFICO FIJO TOTAL | I8= | J8= | K8=
fixed_traffic,ÍNDICE,9,B9=> | C9=10.2. TRÁFICO POR BANDA (NACIONAL E INTERNACIONAL) | I9= | J9= | K9=
fixed_traffic,ÍNDICE,10,B10=> | C10=10.3. TRÁFICO POR CLIENTE | I10= | J10= | K10=
fixed_traffic,ÍNDICE,11,B11=> | C11=10.4. TRÁFICO POR EMPRESA | J11= | K11=
fixed_traffic,ÍNDICE,12,B12= | C12= | J12= | K12=
fixed_traffic,ÍNDICE,13,J13= | K13=
fixed_traffic,ÍNDICE,14,I14= | J14= | K14=
fixed_traffic,ÍNDICE,15,I15= | J15= | K15=
fixed_traffic,ÍNDICE,16,E16= | I16= | J16= | K16=
fixed_traffic,10.1.TRAF_SENT,1,A1= | B1= | C1= | D1= | E1= | F1=
fixed_traffic,10.1.TRAF_SENT,2,A2= | B2=SERVICIO DE INTERNET FIJO:  | C2= | D2= | E2= | F2=
fixed_traffic,10.1.TRAF_SENT,3,A3= | B3=TRÁFICO DE DATOS FIJOS (TB) POR SENTIDO DEL TRÁFICO (SUBIDA Y BAJADA). | C3= | D3= | E3= | F3=
fixed_traffic,10.1.TRAF_SENT,4,A4= | B4= | C4= | D4= | E4= | F4=
fixed_traffic,10.1.TRAF_SENT,5,A5= | B5= | C5= | D5= | E5= | F5=
fixed_traffic,10.1.TRAF_SENT,9,B9=Año | C9=Mes | D9=TRÁFICO EN TERA BYTES (TB) | E9= | F9= | G9=% Variación 12 meses
fixed_traffic,10.1.TRAF_SENT,10,B10= | C10= | D10=Bajada (Downlink) | E10=Subida (Uplink) | F10=Total | G10=
fixed_traffic,10.1.TRAF_SENT,11,A11=  | B11=2019 | C11=Ene | D11=650839.34322588961 | E11=73755.246112618799 | F11=724594.58933850843 | G11=
fixed_traffic,10.1.TRAF_SENT,12,B12= | C12=Feb | D12=600407.04207537964 | E12=67387.811384990753 | F12=667794.85346037033 | G12=
fixed_traffic,10.1.TRAF_SENT,13,B13= | C13=Mar | D13=596281.41229819448 | E13=67735.175458300204 | F13=664016.58775649464 | G13=
fixed_traffic,10.1.TRAF_SENT,14,B14= | C14=Abr | D14=633956.46208690794 | E14=73855.581511840297 | F14=707812.04359874828 | G14=
fixed_traffic,10.1.TRAF_SENT,15,B15= | C15=May | D15=677524.65219640045 | E15=77729.338129500713 | F15=755253.99032590119 | G15=
fixed_traffic,10.1.TRAF_SENT,16,B16= | C16=Jun | D16=705840.13794076012 | E16=77722.921898950124 | F16=783563.05983971024 | G16=
fixed_traffic,10.1.TRAF_SENT,17,B17= | C17=Jul | D17=792408.46814174706 | E17=85836.069877919013 | F17=878244.5380196661 | G17=
fixed_traffic,10.1.TRAF_SENT,18,B18= | C18=Ago | D18=757813.55711842712 | E18=83371.692263830744 | F18=841185.24938225793 | G18=
fixed_traffic,10.1.TRAF_SENT,19,B19= | C19=Sep | D19=752092.6149694745 | E19=85013.061078459097 | F19=837105.67604793364 | G19=
fixed_traffic,10.1.TRAF_SENT,20,B20= | C20=Oct | D20=829827.88212802215 | E20=96080.912638340218 | F20=925908.79476636241 | G20=
fixed_traffic,10.1.TRAF_SENT,21,B21= | C21=Nov | D21=783264.31917797343 | E21=94286.133270549559 | F21=877550.45244852302 | G21=
fixed_traffic,10.1.TRAF_SENT,22,B22= | C22=Dic | D22=815728.13478818315 | E22=100929.82267685968 | F22=916657.95746504283 | G22=
fixed_traffic,10.1.TRAF_SENT,23,B23=2020 | C23=Ene | D23=819368.95442530804 | E23=99906.717688129051 | F23=919275.67211343709 | G23=0.26867587150030392
fixed_traffic,10.1.TRAF_SENT,24,B24= | C24=Feb | D24=766527.35405501071 | E24=97787.782256860577 | F24=864315.13631187123 | G24=0.29428241597426918
fixed_traffic,10.1.TRAF_SENT,25,B25= | C25=Mar | D25=1007699.2185066739 | E25=126279.89339509133 | F25=1133979.1119017652 | G25=0.70775720488117266 | H25=
fixed_traffic,10.2.TRAF_BAND,2,B2=SERVICIO DE INTERNET FIJO: 
fixed_traffic,10.2.TRAF_BAND,3,B3=TRÁFICO DE DATOS FIJOS (TB) POR TIPO DE BANDA (NACIONAL E INTERNACIONAL).
fixed_traffic,10.2.TRAF_BAND,9,B9=Año | C9=Mes | D9=TRÁFICO EN TERA BYTES (TB) | E9= | F9=
fixed_traffic,10.2.TRAF_BAND,10,B10= | C10= | D10=Banda Internacional | E10=Banda Nacional | F10=Total
fixed_traffic,10.2.TRAF_BAND,11,B11=2019 | C11=Ene | D11=280254.28088962473 | E11=444340.3084488858 | F11=724594.58933851053 | G11=
fixed_traffic,10.2.TRAF_BAND,12,B12= | C12=Feb | D12=271272.16884679021 | E12=396522.68461358297 | F12=667794.85346037312 | G12=
fixed_traffic,10.2.TRAF_BAND,13,B13= | C13=Mar | D13=267319.79472398979 | E13=396696.7930325144 | F13=664016.58775650419 | G13=
fixed_traffic,10.2.TRAF_BAND,14,B14= | C14=Abr | D14=292305.66483346286 | E14=415506.37876528926 | F14=707812.04359875212 | G14=
fixed_traffic,10.2.TRAF_BAND,15,B15= | C15=May | D15=309356.78487078601 | E15=445897.20545511064 | F15=755253.99032589665 | G15=
fixed_traffic,10.2.TRAF_BAND,16,B16= | C16=Jun | D16=305343.87673786504 | E16=478219.18310183956 | F16=783563.05983970454 | G16=
fixed_traffic,10.2.TRAF_BAND,17,B17= | C17=Jul | D17=317348.88825203147 | E17=560895.64976763865 | F17=878244.53801967017 | G17=
fixed_traffic,10.2.TRAF_BAND,18,B18= | C18=Ago | D18=313309.70471400791 | E18=527875.54466825863 | F18=841185.24938226654 | G18=
fixed_traffic,10.2.TRAF_BAND,19,B19= | C19=Sep | D19=307790.63234395959 | E19=529315.04370397842 | F19=837105.67604793794 | G19=
fixed_traffic,10.2.TRAF_BAND,20,B20= | C20=Oct | D20=332561.96888420021 | E20=593346.82588216465 | F20=925908.79476636485 | G20=
fixed_traffic,10.2.TRAF_BAND,21,B21= | C21=Nov | D21=312673.80181393045 | E21=564876.6506346009 | F21=877550.45244853129 | G21=
fixed_traffic,10.2.TRAF_BAND,22,B22= | C22=Dic | D22=342687.29399412323 | E22=573970.66347091575 | F22=916657.95746503898 | G22=
fixed_traffic,10.2.TRAF_BAND,23,B23=2020 | C23=Ene | D23=349497.90559846524 | E23=569777.76651498163 | F23=919275.67211344687 | G23=
fixed_traffic,10.2.TRAF_BAND,24,B24= | C24=Feb | D24=335299.32354435587 | E24=529015.81276751182 | F24=864315.13631186774 | G24=
fixed_traffic,10.2.TRAF_BAND,25,B25= | C25=Mar | D25=446224.88948498981 | E25=687754.2224167661 | F25=1133979.1119017559 | G25=
fixed_traffic,10.3.TRAF_CLI,1,A1= | B1= | C1= | D1= | E1= | F1= | G1=
fixed_traffic,10.3.TRAF_CLI,2,A2= | B2=SERVICIO DE INTERNET FIJO:  | C2= | D2= | E2= | F2= | G2=
fixed_traffic,10.3.TRAF_CLI,3,A3= | B3=TRÁFICO DE DATOS FIJOS (TB) POR TIPO DE CLIENTE | C3= | D3= | E3= | F3= | G3=
fixed_traffic,10.3.TRAF_CLI,4,A4= | B4= | C4= | D4= | E4= | F4= | G4=
fixed_traffic,10.3.TRAF_CLI,5,A5= | B5= | C5= | D5= | E5= | F5= | G5=
fixed_traffic,10.3.TRAF_CLI,9,B9=Año | C9=Mes | D9=TRÁFICO EN TERA BYTES (TB) | E9= | F9= | G9=
fixed_traffic,10.3.TRAF_CLI,10,B10= | C10= | D10=Residencial | E10=Comercial | F10=Sin clasificar | G10=Total
fixed_traffic,10.3.TRAF_CLI,11,B11=2019 | C11=Ene | D11=583033.6945376941 | E11=141554.79402394191 | F11=6.1007768699999971 | G11=724594.58933850611 | H11=
fixed_traffic,10.3.TRAF_CLI,12,B12= | C12=Feb | D12=533297.98754944489 | E12=134490.88802941036 | F12=5.9778815200000013 | G12=667794.85346037534 | H12=
fixed_traffic,10.3.TRAF_CLI,13,B13= | C13=Mar | D13=519765.69026197866 | E13=144245.29010987157 | F13=5.6073846499999958 | G13=664016.58775650023 | H13=
fixed_traffic,10.3.TRAF_CLI,14,B14= | C14=Abr | D14=560597.41126383888 | E14=147209.06347021952 | F14=5.5688646900000025 | G14=707812.04359874839 | H14=
fixed_traffic,10.3.TRAF_CLI,15,B15= | C15=May | D15=601491.46567862132 | E15=153756.82506559914 | F15=5.6995816800000023 | G15=755253.99032590049 | H15=
fixed_traffic,10.3.TRAF_CLI,16,B16= | C16=Jun | D16=626579.47590088076 | E16=156978.06714905353 | F16=5.5167897800000008 | G16=783563.05983971432 | H16=
fixed_traffic,10.3.TRAF_CLI,17,B17= | C17=Jul | D17=706569.67830873246 | E17=171667.14557835046 | F17=7.7141325900000011 | G17=878244.53801967297 | H17=
fixed_traffic,10.3.TRAF_CLI,18,B18= | C18=Ago | D18=671961.28207758896 | E18=169215.93920532099 | F18=8.028099349999998 | G18=841185.24938226002 | H18=
fixed_traffic,10.3.TRAF_CLI,19,B19= | C19=Sep | D19=668247.00864052656 | E19=168851.37529054889 | F19=7.2921168600000001 | G19=837105.6760479355 | H19=
fixed_traffic,10.3.TRAF_CLI,20,B20= | C20=Oct | D20=737718.28222183022 | E20=188182.2108387913 | F20=8.3017057399999956 | G20=925908.79476636159 | H20=
fixed_traffic,10.3.TRAF_CLI,21,B21= | C21=Nov | D21=696201.75190164603 | E21=181341.07977882127 | F21=7.620768059999997 | G21=877550.45244852733 | H21=
fixed_traffic,10.3.TRAF_CLI,22,B22= | C22=Dic | D22=731833.05281570787 | E22=184819.17339269113 | F22=5.7312566400000025 | G22=916657.9574650391 | H22=
fixed_traffic,10.3.TRAF_CLI,23,B23=2020 | C23=Ene | D23=735886.80123351899 | E23=183383.96638624225 | F23=4.9044936799999981 | G23=919275.67211344116 | H23=
fixed_traffic,10.3.TRAF_CLI,24,B24= | C24=Feb | D24=685665.73570959223 | E24=178645.08048445883 | F24=4.3201178199999992 | G24=864315.13631187112 | H24=
fixed_traffic,10.3.TRAF_CLI,25,B25= | C25=Mar | D25=921720.06509186036 | E25=212253.15727590027 | F25=5.8895339999999985 | G25=1133979.1119017608 | H25=
fixed_traffic,10.4.TRAF_EMP,1,A1= | B1= | C1= | D1= | E1= | F1= | G1= | H1= | I1= | J1= | K1= | L1= | M1= | N1= | O1= | P1= | Q1=
fixed_traffic,10.4.TRAF_EMP,2,A2= | B2=SERVICIO DE INTERNET FIJO:  | C2= | D2= | E2= | F2= | G2= | H2= | I2= | J2= | K2= | L2= | M2= | N2= | O2= | P2= | Q2=
fixed_traffic,10.4.TRAF_EMP,3,A3= | B3=TRÁFICO DE DATOS FIJOS (TB) POR EMPRESA | C3= | D3= | E3= | F3= | G3= | H3= | I3= | J3= | K3= | L3= | M3= | N3= | O3= | P3= | Q3=
fixed_traffic,10.4.TRAF_EMP,4,A4= | B4= | C4= | D4= | E4= | F4= | G4= | H4= | I4= | J4= | K4= | L4= | M4= | N4= | O4= | P4= | Q4=
fixed_traffic,10.4.TRAF_EMP,5,A5= | B5= | C5= | D5= | E5= | F5= | G5= | H5= | I5= | J5= | K5= | L5= | M5= | N5= | O5= | P5= | Q5=
fixed_traffic,10.4.TRAF_EMP,9,B9=Año | C9=Mes | D9=TRÁFICO EN TERA BYTES (TB) | E9= | F9= | G9= | H9= | I9= | J9= | K9= | L9= | M9= | N9= | O9= | P9= | Q9=
fixed_traffic,10.4.TRAF_EMP,10,B10= | C10= | D10=Entel S.A. | E10=Telsur | F10=Grupo Claro-VTR | G10=Movistar | H10=Entelphone | I10=GTD Manquehue | J10= | K10= | L10=Fullcom | M10=Netline | N10=Austro Internet | O10=Mundo Pacífico | P10=WOM | Q10=Total
fixed_traffic,10.4.TRAF_EMP,11,B11=2019 | C11=Ene | D11=57000.484729490207 | E11=20118.991588519919 | F11=360465.46001469984 | G11=206460.60198870089 | H11=18327.547489650067 | I11=18757.659823090016 | J11= | K11= | L11=235.66745 | M11=200.48988199999999 | N11=45.498987 | O11=42982.187385359968 | P11= | Q11=724594.589338511 | R11=
fixed_traffic,10.4.TRAF_EMP,12,B12= | C12=Feb | D12=56057.134993899905 | E12=18417.53967745 | F12=330158.65896330017 | G12=184188.06831933014 | H12=19460.410092000016 | I12=16198.291583779972 | J12= | K12= | L12=212.10071200000002 | M12=201.09134799999998 | N12=44.300871999999998 | O12=42857.256898610009 | P12= | Q12=667794.85346037033 | R12=
fixed_traffic,10.4.TRAF_EMP,13,B13= | C13=Mar | D13=58002.150540740389 | E13=20187.972055319973 | F13=305693.31728857005 | G13=193916.19037407968 | H13=21797.58675825009 | I13=20079.602899389964 | J13= | K13= | L13=24.942477 | M13=224.482292 | N13=42.551967999999995 | O13=44047.791103149968 | P13= | Q13=664016.58775650011 | R13=
fixed_traffic,10.4.TRAF_EMP,14,B14= | C14=Abr | D14=58122.520741949942 | E14=20232.331023460047 | F14=347041.16036440025 | G14=193440.08862196052 | H14=26303.599255660163 | I14=18864.253705509935 | J14= | K14= | L14=25.142016999999996 | M14=226.27815100000004 | N14=40.173519999999996 | O14=43516.496197809967 | P14= | Q14=707812.04359875084 | R14=
fixed_traffic,10.4.TRAF_EMP,15,B15= | C15=May | D15=58999.095237519767 | E15=21957.173557210099 | F15=369361.02700813976 | G15=207663.55906470012 | H15=27752.724142629919 | I15=20648.525172940048 | J15= | K15= | L15=22.941794000000002 | M15=206.476146 | N15=18.390018999999995 | O15=48624.078183759972 | P15= | Q15=755253.99032589968 | R15=
fixed_traffic,10.4.TRAF_EMP,16,B16= | C16=Jun | D16=59908.90503180986 | E16=22604.215013920049 | F16=384738.81146440044 | G16=212800.61434206014 | H16=27507.305123840182 | I16=21423.519467169925 | J16= | K16= | L16=22.758259000000002 | M16=204.824342 | N16=11.313899999999999 | O16=54340.792895510014 | P16= | Q16=783563.05983971048 | R16=
fixed_traffic,10.4.TRAF_EMP,17,B17= | C17=Jul | D17=60036.404138850041 | E17=26119.283426500075 | F17=427979.72461667913 | G17=249571.62884576022 | H17=31776.156532959933 | I17=23244.960218190012 | J17= | K17= | L17=22.705863999999998 | M17=204.352779 | N17=13.480157 | O17=59275.841440730066 | P17= | Q17=878244.53801966936 | R17=
fixed_traffic,10.4.TRAF_EMP,18,B18= | C18=Ago | D18=60801.602766189884 | E18=26787.767191979765 | F18=418210.67041711032 | G18=237151.05145111933 | H18=32412.248513370054 | I18=13907.404833030039 | J18= | K18= | L18=23.773315 | M18=213.959844 | N18=18.610524000000002 | O18=51658.16052646999 | P18= | Q18=841185.24938226957 | R18=
fixed_traffic,10.4.TRAF_EMP,19,B19= | C19=Sep | D19=60004.092881600067 | E19=25436.255914789988 | F19=412916.81998196943 | G19=230158.00754331943 | H19=34734.272575309784 | I19=21926.895199859893 | J19= | K19= | L19=23.559356000000001 | M19=212.03420100000005 | N19=35.825258999999996 | O19=51657.913135080016 | P19= | Q19=837105.67604792851 | R19=
fixed_traffic,10.4.TRAF_EMP,20,B20= | C20=Oct | D20=64077.604251579978 | E20=28162.710311970088 | F20=459425.99042559031 | G20=260362.8723788299 | H20=40494.916246770052 | I20=25665.87193665003 | J20= | K20= | L20=26.131563999999997 | M20=235.18406499999998 | N20=53.294984000000007 | O20=47404.218601979956 | P20= | Q20=925908.79476637044 | R20=
fixed_traffic,10.4.TRAF_EMP,21,B21= | C21=Nov | D21=61110.57404668969 | E21=27945.704289960016 | F21=432089.12244749011 | G21=245385.94119097106 | H21=41481.567414349563 | I21=23703.697557570034 | J21= | K21= | L21=26.340616000000004 | M21=235.88962200000003 | N21=42.250731999999999 | O21=45529.364531510008 | P21= | Q21=877550.45244854048 | R21=
fixed_traffic,10.4.TRAF_EMP,22,B22= | C22=Dic | D22=61053.772078930007 | E22=30307.246753040119 | F22=446355.5437471192 | G22=246616.03707449959 | H22=43693.565112700206 | I22=25716.244364259972 | J22= | K22= | L22=26.55134 | M22=237.06552600000001 | N22=47.320584999999994 | O22=62604.610883500041 | P22= | Q22=916657.95746504911 | R22=
fixed_traffic,10.4.TRAF_EMP,23,B23=2020 | C23=Ene | D23=60632.14545661999 | E23=29619.567206899861 | F23=447016.11892270943 | G23=247229.66812456041 | H23=43335.28277578007 | I23=23549.131065100068 | J23= | K23= | L23=26.735543 | M23=240.61988400000001 | N23=45.488282000000005 | O23=67580.914852770002 | P23= | Q23=919275.67211343988 | R23=
fixed_traffic,10.4.TRAF_EMP,24,B24= | C24=Feb | D24=59021.582025420204 | E24=29513.534527219956 | F24=421980.36544575973 | G24=227501.56906605008 | H24=46655.748029389782 | I24=21157.581769409939 | J24= | K24= | L24=24.061987999999999 | M24=238.69492700000001 | N24=44.249382000000004 | O24=58177.749151619988 | P24= | Q24=864315.13631186949 | R24=
fixed_traffic,10.4.TRAF_EMP,25,B25= | C25=Mar | D25=66694.387440760416 | E25=39277.138876230107 | F25=541634.66517405049 | G25=301887.4974418293 | H25=54650.278646029743 | I25=33419.399993020001 | J25= | K25= | L25=26.814186000000003 | M25=241.327663 | N25=35.449314000000001 | O25=96112.153166830059 | P25= | Q25=1133979.1119017501 | R25=
