comuna,comuna_nombre,region,region_nombre,period,operator,technology,point_records,interpretation
1101,Iquique,1,Tarapacá,2025-03,Claro,4G,21,SUBTEL public network point records; not unique towers and not geographic coverage percentage
1101,Iquique,1,Tarapacá,2025-03,Entel,4G,66,SUBTEL public network point records; not unique towers and not geographic coverage percentage
1101,Iquique,1,Tarapacá,2025-03,Movistar,4G,46,SUBTEL public network point records; not unique towers and not geographic coverage percentage
1101,Iquique,1,Tarapacá,2025-03,WOM,4G,54,SUBTEL public network point records; not unique towers and not geographic coverage percentage
1101,Iquique,1,Tarapacá,2025-03,Claro,5G,0,SUBTEL public network point records; not unique towers and not geographic coverage percentage
1101,Iquique,1,Tarapacá,2025-03,Entel,5G,26,SUBTEL public network point records; not unique towers and not geographic coverage percentage
1101,Iquique,1,Tarapacá,2025-03,Movistar,5G,11,SUBTEL public network point records; not unique towers and not geographic coverage percentage
1101,Iquique,1,Tarapacá,2025-03,WOM,5G,9,SUBTEL public network point records; not unique towers and not geographic coverage percentage
1107,Alto Hospicio,1,Tarapacá,2025-03,Claro,4G,9,SUBTEL public network point records; not unique towers and not geographic coverage percentage
1107,Alto Hospicio,1,Tarapacá,2025-03,Entel,4G,40,SUBTEL public network point records; not unique towers and not geographic coverage percentage
1107,Alto Hospicio,1,Tarapacá,2025-03,Movistar,4G,16,SUBTEL public network point records; not unique towers and not geographic coverage percentage
1107,Alto Hospicio,1,Tarapacá,2025-03,WOM,4G,12,SUBTEL public network point records; not unique towers and not geographic coverage percentage
1107,Alto Hospicio,1,Tarapacá,2025-03,Claro,5G,0,SUBTEL public network point records; not unique towers and not geographic coverage percentage
1107,Alto Hospicio,1,Tarapacá,2025-03,Entel,5G,7,SUBTEL public network point records; not unique towers and not geographic coverage percentage
1107,Alto Hospicio,1,Tarapacá,2025-03,Movistar,5G,4,SUBTEL public network point records; not unique towers and not geographic coverage percentage
1107,Alto Hospicio,1,Tarapacá,2025-03,WOM,5G,3,SUBTEL public network point records; not unique towers and not geographic coverage percentage
1401,Pozo Almonte,1,Tarapacá,2025-03,Claro,4G,3,SUBTEL public network point records; not unique towers and not geographic coverage percentage
1401,Pozo Almonte,1,Tarapacá,2025-03,Entel,4G,14,SUBTEL public network point records; not unique towers and not geographic coverage percentage
1401,Pozo Almonte,1,Tarapacá,2025-03,Movistar,4G,8,SUBTEL public network point records; not unique towers and not geographic coverage percentage
1401,Pozo Almonte,1,Tarapacá,2025-03,WOM,4G,5,SUBTEL public network point records; not unique towers and not geographic coverage percentage
1401,Pozo Almonte,1,Tarapacá,2025-03,Claro,5G,0,SUBTEL public network point records; not unique towers and not geographic coverage percentage
1401,Pozo Almonte,1,Tarapacá,2025-03,Entel,5G,4,SUBTEL public network point records; not unique towers and not geographic coverage percentage
1401,Pozo Almonte,1,Tarapacá,2025-03,Movistar,5G,2,SUBTEL public network point records; not unique towers and not geographic coverage percentage
1401,Pozo Almonte,1,Tarapacá,2025-03,WOM,5G,2,SUBTEL public network point records; not unique towers and not geographic coverage percentage
1402,Camiña,1,Tarapacá,2025-03,Claro,4G,1,SUBTEL public network point records; not unique towers and not geographic coverage percentage
1402,Camiña,1,Tarapacá,2025-03,Entel,4G,1,SUBTEL public network point records; not unique towers and not geographic coverage percentage
1402,Camiña,1,Tarapacá,2025-03,Movistar,4G,2,SUBTEL public network point records; not unique towers and not geographic coverage percentage
1402,Camiña,1,Tarapacá,2025-03,WOM,4G,0,SUBTEL public network point records; not unique towers and not geographic coverage percentage
1402,Camiña,1,Tarapacá,2025-03,Claro,5G,0,SUBTEL public network point records; not unique towers and not geographic coverage percentage
1402,Camiña,1,Tarapacá,2025-03,Entel,5G,0,SUBTEL public network point records; not unique towers and not geographic coverage percentage
1402,Camiña,1,Tarapacá,2025-03,Movistar,5G,2,SUBTEL public network point records; not unique towers and not geographic coverage percentage
1402,Camiña,1,Tarapacá,2025-03,WOM,5G,0,SUBTEL public network point records; not unique towers and not geographic coverage percentage
1403,Colchane,1,Tarapacá,2025-03,Claro,4G,0,SUBTEL public network point records; not unique towers and not geographic coverage percentage
1403,Colchane,1,Tarapacá,2025-03,Entel,4G,2,SUBTEL public network point records; not unique towers and not geographic coverage percentage
1403,Colchane,1,Tarapacá,2025-03,Movistar,4G,0,SUBTEL public network point records; not unique towers and not geographic coverage percentage
1403,Colchane,1,Tarapacá,2025-03,WOM,4G,0,SUBTEL public network point records; not unique towers and not geographic coverage percentage
1403,Colchane,1,Tarapacá,2025-03,Claro,5G,0,SUBTEL public network point records; not unique towers and not geographic coverage percentage
1403,Colchane,1,Tarapacá,2025-03,Entel,5G,0,SUBTEL public network point records; not unique towers and not geographic coverage percentage
1403,Colchane,1,Tarapacá,2025-03,Movistar,5G,0,SUBTEL public network point records; not unique towers and not geographic coverage percentage
1403,Colchane,1,Tarapacá,2025-03,WOM,5G,0,SUBTEL public network point records; not unique towers and not geographic coverage percentage
1404,Huara,1,Tarapacá,2025-03,Claro,4G,2,SUBTEL public network point records; not unique towers and not geographic coverage percentage
1404,Huara,1,Tarapacá,2025-03,Entel,4G,6,SUBTEL public network point records; not unique towers and not geographic coverage percentage
1404,Huara,1,Tarapacá,2025-03,Movistar,4G,2,SUBTEL public network point records; not unique towers and not geographic coverage percentage
1404,Huara,1,Tarapacá,2025-03,WOM,4G,3,SUBTEL public network point records; not unique towers and not geographic coverage percentage
1404,Huara,1,Tarapacá,2025-03,Claro,5G,0,SUBTEL public network point records; not unique towers and not geographic coverage percentage
1404,Huara,1,Tarapacá,2025-03,Entel,5G,2,SUBTEL public network point records; not unique towers and not geographic coverage percentage
1404,Huara,1,Tarapacá,2025-03,Movistar,5G,1,SUBTEL public network point records; not unique towers and not geographic coverage percentage
1404,Huara,1,Tarapacá,2025-03,WOM,5G,2,SUBTEL public network point records; not unique towers and not geographic coverage percentage
1405,Pica,1,Tarapacá,2025-03,Claro,4G,1,SUBTEL public network point records; not unique towers and not geographic coverage percentage
1405,Pica,1,Tarapacá,2025-03,Entel,4G,12,SUBTEL public network point records; not unique towers and not geographic coverage percentage
1405,Pica,1,Tarapacá,2025-03,Movistar,4G,2,SUBTEL public network point records; not unique towers and not geographic coverage percentage
1405,Pica,1,Tarapacá,2025-03,WOM,4G,3,SUBTEL public network point records; not unique towers and not geographic coverage percentage
1405,Pica,1,Tarapacá,2025-03,Claro,5G,0,SUBTEL public network point records; not unique towers and not geographic coverage percentage
1405,Pica,1,Tarapacá,2025-03,Entel,5G,3,SUBTEL public network point records; not unique towers and not geographic coverage percentage
1405,Pica,1,Tarapacá,2025-03,Movistar,5G,1,SUBTEL public network point records; not unique towers and not geographic coverage percentage
1405,Pica,1,Tarapacá,2025-03,WOM,5G,1,SUBTEL public network point records; not unique towers and not geographic coverage percentage
2101,Antofagasta,2,Antofagasta,2025-03,Claro,4G,39,SUBTEL public network point records; not unique towers and not geographic coverage percentage
2101,Antofagasta,2,Antofagasta,2025-03,Entel,4G,151,SUBTEL public network point records; not unique towers and not geographic coverage percentage
2101,Antofagasta,2,Antofagasta,2025-03,Movistar,4G,68,SUBTEL public network point records; not unique towers and not geographic coverage percentage
2101,Antofagasta,2,Antofagasta,2025-03,WOM,4G,72,SUBTEL public network point records; not unique towers and not geographic coverage percentage
2101,Antofagasta,2,Antofagasta,2025-03,Claro,5G,17,SUBTEL public network point records; not unique towers and not geographic coverage percentage
2101,Antofagasta,2,Antofagasta,2025-03,Entel,5G,26,SUBTEL public network point records; not unique towers and not geographic coverage percentage
2101,Antofagasta,2,Antofagasta,2025-03,Movistar,5G,23,SUBTEL public network point records; not unique towers and not geographic coverage percentage
2101,Antofagasta,2,Antofagasta,2025-03,WOM,5G,3,SUBTEL public network point records; not unique towers and not geographic coverage percentage
2102,Mejillones,2,Antofagasta,2025-03,Claro,4G,2,SUBTEL public network point records; not unique towers and not geographic coverage percentage
2102,Mejillones,2,Antofagasta,2025-03,Entel,4G,10,SUBTEL public network point records; not unique towers and not geographic coverage percentage
2102,Mejillones,2,Antofagasta,2025-03,Movistar,4G,8,SUBTEL public network point records; not unique towers and not geographic coverage percentage
2102,Mejillones,2,Antofagasta,2025-03,WOM,4G,6,SUBTEL public network point records; not unique towers and not geographic coverage percentage
2102,Mejillones,2,Antofagasta,2025-03,Claro,5G,0,SUBTEL public network point records; not unique towers and not geographic coverage percentage
2102,Mejillones,2,Antofagasta,2025-03,Entel,5G,6,SUBTEL public network point records; not unique towers and not geographic coverage percentage
2102,Mejillones,2,Antofagasta,2025-03,Movistar,5G,5,SUBTEL public network point records; not unique towers and not geographic coverage percentage
2102,Mejillones,2,Antofagasta,2025-03,WOM,5G,2,SUBTEL public network point records; not unique towers and not geographic coverage percentage
2103,Sierra Gorda,2,Antofagasta,2025-03,Claro,4G,3,SUBTEL public network point records; not unique towers and not geographic coverage percentage
2103,Sierra Gorda,2,Antofagasta,2025-03,Entel,4G,14,SUBTEL public network point records; not unique towers and not geographic coverage percentage
2103,Sierra Gorda,2,Antofagasta,2025-03,Movistar,4G,7,SUBTEL public network point records; not unique towers and not geographic coverage percentage
2103,Sierra Gorda,2,Antofagasta,2025-03,WOM,4G,1,SUBTEL public network point records; not unique towers and not geographic coverage percentage
2103,Sierra Gorda,2,Antofagasta,2025-03,Claro,5G,0,SUBTEL public network point records; not unique towers and not geographic coverage percentage
2103,Sierra Gorda,2,Antofagasta,2025-03,Entel,5G,1,SUBTEL public network point records; not unique towers and not geographic coverage percentage
2103,Sierra Gorda,2,Antofagasta,2025-03,Movistar,5G,0,SUBTEL public network point records; not unique towers and not geographic coverage percentage
2103,Sierra Gorda,2,Antofagasta,2025-03,WOM,5G,0,SUBTEL public network point records; not unique towers and not geographic coverage percentage
2104,Taltal,2,Antofagasta,2025-03,Claro,4G,1,SUBTEL public network point records; not unique towers and not geographic coverage percentage
2104,Taltal,2,Antofagasta,2025-03,Entel,4G,13,SUBTEL public network point records; not unique towers and not geographic coverage percentage
2104,Taltal,2,Antofagasta,2025-03,Movistar,4G,3,SUBTEL public network point records; not unique towers and not geographic coverage percentage
2104,Taltal,2,Antofagasta,2025-03,WOM,4G,6,SUBTEL public network point records; not unique towers and not geographic coverage percentage
2104,Taltal,2,Antofagasta,2025-03,Claro,5G,0,SUBTEL public network point records; not unique towers and not geographic coverage percentage
2104,Taltal,2,Antofagasta,2025-03,Entel,5G,3,SUBTEL public network point records; not unique towers and not geographic coverage percentage
2104,Taltal,2,Antofagasta,2025-03,Movistar,5G,3,SUBTEL public network point records; not unique towers and not geographic coverage percentage
2104,Taltal,2,Antofagasta,2025-03,WOM,5G,3,SUBTEL public network point records; not unique towers and not geographic coverage percentage
2201,Calama,2,Antofagasta,2025-03,Claro,4G,16,SUBTEL public network point records; not unique towers and not geographic coverage percentage
2201,Calama,2,Antofagasta,2025-03,Entel,4G,81,SUBTEL public network point records; not unique towers and not geographic coverage percentage
2201,Calama,2,Antofagasta,2025-03,Movistar,4G,48,SUBTEL public network point records; not unique towers and not geographic coverage percentage
2201,Calama,2,Antofagasta,2025-03,WOM,4G,40,SUBTEL public network point records; not unique towers and not geographic coverage percentage
2201,Calama,2,Antofagasta,2025-03,Claro,5G,0,SUBTEL public network point records; not unique towers and not geographic coverage percentage
2201,Calama,2,Antofagasta,2025-03,Entel,5G,21,SUBTEL public network point records; not unique towers and not geographic coverage percentage
2201,Calama,2,Antofagasta,2025-03,Movistar,5G,8,SUBTEL public network point records; not unique towers and not geographic coverage percentage
2201,Calama,2,Antofagasta,2025-03,WOM,5G,2,SUBTEL public network point records; not unique towers and not geographic coverage percentage
2202,Ollagüe,2,Antofagasta,2025-03,Claro,4G,1,SUBTEL public network point records; not unique towers and not geographic coverage percentage
2202,Ollagüe,2,Antofagasta,2025-03,Entel,4G,1,SUBTEL public network point records; not unique towers and not geographic coverage percentage
2202,Ollagüe,2,Antofagasta,2025-03,Movistar,4G,0,SUBTEL public network point records; not unique towers and not geographic coverage percentage
2202,Ollagüe,2,Antofagasta,2025-03,WOM,4G,0,SUBTEL public network point records; not unique towers and not geographic coverage percentage
2202,Ollagüe,2,Antofagasta,2025-03,Claro,5G,0,SUBTEL public network point records; not unique towers and not geographic coverage percentage
2202,Ollagüe,2,Antofagasta,2025-03,Entel,5G,0,SUBTEL public network point records; not unique towers and not geographic coverage percentage
2202,Ollagüe,2,Antofagasta,2025-03,Movistar,5G,0,SUBTEL public network point records; not unique towers and not geographic coverage percentage
2202,Ollagüe,2,Antofagasta,2025-03,WOM,5G,0,SUBTEL public network point records; not unique towers and not geographic coverage percentage
2203,San Pedro de Atacama,2,Antofagasta,2025-03,Claro,4G,2,SUBTEL public network point records; not unique towers and not geographic coverage percentage
2203,San Pedro de Atacama,2,Antofagasta,2025-03,Entel,4G,15,SUBTEL public network point records; not unique towers and not geographic coverage percentage
2203,San Pedro de Atacama,2,Antofagasta,2025-03,Movistar,4G,3,SUBTEL public network point records; not unique towers and not geographic coverage percentage
2203,San Pedro de Atacama,2,Antofagasta,2025-03,WOM,4G,3,SUBTEL public network point records; not unique towers and not geographic coverage percentage
2203,San Pedro de Atacama,2,Antofagasta,2025-03,Claro,5G,0,SUBTEL public network point records; not unique towers and not geographic coverage percentage
2203,San Pedro de Atacama,2,Antofagasta,2025-03,Entel,5G,2,SUBTEL public network point records; not unique towers and not geographic coverage percentage
2203,San Pedro de Atacama,2,Antofagasta,2025-03,Movistar,5G,1,SUBTEL public network point records; not unique towers and not geographic coverage percentage
2203,San Pedro de Atacama,2,Antofagasta,2025-03,WOM,5G,0,SUBTEL public network point records; not unique towers and not geographic coverage percentage
2301,Tocopilla,2,Antofagasta,2025-03,Claro,4G,4,SUBTEL public network point records; not unique towers and not geographic coverage percentage
2301,Tocopilla,2,Antofagasta,2025-03,Entel,4G,7,SUBTEL public network point records; not unique towers and not geographic coverage percentage
2301,Tocopilla,2,Antofagasta,2025-03,Movistar,4G,4,SUBTEL public network point records; not unique towers and not geographic coverage percentage
2301,Tocopilla,2,Antofagasta,2025-03,WOM,4G,7,SUBTEL public network point records; not unique towers and not geographic coverage percentage
2301,Tocopilla,2,Antofagasta,2025-03,Claro,5G,0,SUBTEL public network point records; not unique towers and not geographic coverage percentage
2301,Tocopilla,2,Antofagasta,2025-03,Entel,5G,4,SUBTEL public network point records; not unique towers and not geographic coverage percentage
2301,Tocopilla,2,Antofagasta,2025-03,Movistar,5G,3,SUBTEL public network point records; not unique towers and not geographic coverage percentage
2301,Tocopilla,2,Antofagasta,2025-03,WOM,5G,3,SUBTEL public network point records; not unique towers and not geographic coverage percentage
2302,María Elena,2,Antofagasta,2025-03,Claro,4G,1,SUBTEL public network point records; not unique towers and not geographic coverage percentage
2302,María Elena,2,Antofagasta,2025-03,Entel,4G,5,SUBTEL public network point records; not unique towers and not geographic coverage percentage
2302,María Elena,2,Antofagasta,2025-03,Movistar,4G,3,SUBTEL public network point records; not unique towers and not geographic coverage percentage
2302,María Elena,2,Antofagasta,2025-03,WOM,4G,5,SUBTEL public network point records; not unique towers and not geographic coverage percentage
2302,María Elena,2,Antofagasta,2025-03,Claro,5G,0,SUBTEL public network point records; not unique towers and not geographic coverage percentage
2302,María Elena,2,Antofagasta,2025-03,Entel,5G,0,SUBTEL public network point records; not unique towers and not geographic coverage percentage
2302,María Elena,2,Antofagasta,2025-03,Movistar,5G,1,SUBTEL public network point records; not unique towers and not geographic coverage percentage
2302,María Elena,2,Antofagasta,2025-03,WOM,5G,2,SUBTEL public network point records; not unique towers and not geographic coverage percentage
3101,Copiapó,3,Atacama,2025-03,Claro,4G,13,SUBTEL public network point records; not unique towers and not geographic coverage percentage
3101,Copiapó,3,Atacama,2025-03,Entel,4G,71,SUBTEL public network point records; not unique towers and not geographic coverage percentage
3101,Copiapó,3,Atacama,2025-03,Movistar,4G,47,SUBTEL public network point records; not unique towers and not geographic coverage percentage
3101,Copiapó,3,Atacama,2025-03,WOM,4G,44,SUBTEL public network point records; not unique towers and not geographic coverage percentage
3101,Copiapó,3,Atacama,2025-03,Claro,5G,0,SUBTEL public network point records; not unique towers and not geographic coverage percentage
3101,Copiapó,3,Atacama,2025-03,Entel,5G,22,SUBTEL public network point records; not unique towers and not geographic coverage percentage
3101,Copiapó,3,Atacama,2025-03,Movistar,5G,4,SUBTEL public network point records; not unique towers and not geographic coverage percentage
3101,Copiapó,3,Atacama,2025-03,WOM,5G,5,SUBTEL public network point records; not unique towers and not geographic coverage percentage
3102,Caldera,3,Atacama,2025-03,Claro,4G,5,SUBTEL public network point records; not unique towers and not geographic coverage percentage
3102,Caldera,3,Atacama,2025-03,Entel,4G,12,SUBTEL public network point records; not unique towers and not geographic coverage percentage
3102,Caldera,3,Atacama,2025-03,Movistar,4G,13,SUBTEL public network point records; not unique towers and not geographic coverage percentage
3102,Caldera,3,Atacama,2025-03,WOM,4G,10,SUBTEL public network point records; not unique towers and not geographic coverage percentage
3102,Caldera,3,Atacama,2025-03,Claro,5G,0,SUBTEL public network point records; not unique towers and not geographic coverage percentage
3102,Caldera,3,Atacama,2025-03,Entel,5G,5,SUBTEL public network point records; not unique towers and not geographic coverage percentage
3102,Caldera,3,Atacama,2025-03,Movistar,5G,3,SUBTEL public network point records; not unique towers and not geographic coverage percentage
3102,Caldera,3,Atacama,2025-03,WOM,5G,3,SUBTEL public network point records; not unique towers and not geographic coverage percentage
3103,Tierra Amarilla,3,Atacama,2025-03,Claro,4G,1,SUBTEL public network point records; not unique towers and not geographic coverage percentage
3103,Tierra Amarilla,3,Atacama,2025-03,Entel,4G,14,SUBTEL public network point records; not unique towers and not geographic coverage percentage
3103,Tierra Amarilla,3,Atacama,2025-03,Movistar,4G,5,SUBTEL public network point records; not unique towers and not geographic coverage percentage
3103,Tierra Amarilla,3,Atacama,2025-03,WOM,4G,6,SUBTEL public network point records; not unique towers and not geographic coverage percentage
3103,Tierra Amarilla,3,Atacama,2025-03,Claro,5G,0,SUBTEL public network point records; not unique towers and not geographic coverage percentage
3103,Tierra Amarilla,3,Atacama,2025-03,Entel,5G,3,SUBTEL public network point records; not unique towers and not geographic coverage percentage
3103,Tierra Amarilla,3,Atacama,2025-03,Movistar,5G,1,SUBTEL public network point records; not unique towers and not geographic coverage percentage
3103,Tierra Amarilla,3,Atacama,2025-03,WOM,5G,2,SUBTEL public network point records; not unique towers and not geographic coverage percentage
3201,Chañaral,3,Atacama,2025-03,Claro,4G,4,SUBTEL public network point records; not unique towers and not geographic coverage percentage
3201,Chañaral,3,Atacama,2025-03,Entel,4G,8,SUBTEL public network point records; not unique towers and not geographic coverage percentage
3201,Chañaral,3,Atacama,2025-03,Movistar,4G,6,SUBTEL public network point records; not unique towers and not geographic coverage percentage
3201,Chañaral,3,Atacama,2025-03,WOM,4G,9,SUBTEL public network point records; not unique towers and not geographic coverage percentage
3201,Chañaral,3,Atacama,2025-03,Claro,5G,0,SUBTEL public network point records; not unique towers and not geographic coverage percentage
3201,Chañaral,3,Atacama,2025-03,Entel,5G,4,SUBTEL public network point records; not unique towers and not geographic coverage percentage
3201,Chañaral,3,Atacama,2025-03,Movistar,5G,3,SUBTEL public network point records; not unique towers and not geographic coverage percentage
3201,Chañaral,3,Atacama,2025-03,WOM,5G,6,SUBTEL public network point records; not unique towers and not geographic coverage percentage
3202,Diego de Almagro,3,Atacama,2025-03,Claro,4G,3,SUBTEL public network point records; not unique towers and not geographic coverage percentage
3202,Diego de Almagro,3,Atacama,2025-03,Entel,4G,9,SUBTEL public network point records; not unique towers and not geographic coverage percentage
3202,Diego de Almagro,3,Atacama,2025-03,Movistar,4G,8,SUBTEL public network point records; not unique towers and not geographic coverage percentage
3202,Diego de Almagro,3,Atacama,2025-03,WOM,4G,7,SUBTEL public network point records; not unique towers and not geographic coverage percentage
3202,Diego de Almagro,3,Atacama,2025-03,Claro,5G,0,SUBTEL public network point records; not unique towers and not geographic coverage percentage
3202,Diego de Almagro,3,Atacama,2025-03,Entel,5G,3,SUBTEL public network point records; not unique towers and not geographic coverage percentage
3202,Diego de Almagro,3,Atacama,2025-03,Movistar,5G,3,SUBTEL public network point records; not unique towers and not geographic coverage percentage
3202,Diego de Almagro,3,Atacama,2025-03,WOM,5G,2,SUBTEL public network point records; not unique towers and not geographic coverage percentage
3301,Vallenar,3,Atacama,2025-03,Claro,4G,8,SUBTEL public network point records; not unique towers and not geographic coverage percentage
3301,Vallenar,3,Atacama,2025-03,Entel,4G,23,SUBTEL public network point records; not unique towers and not geographic coverage percentage
3301,Vallenar,3,Atacama,2025-03,Movistar,4G,22,SUBTEL public network point records; not unique towers and not geographic coverage percentage
3301,Vallenar,3,Atacama,2025-03,WOM,4G,19,SUBTEL public network point records; not unique towers and not geographic coverage percentage
3301,Vallenar,3,Atacama,2025-03,Claro,5G,0,SUBTEL public network point records; not unique towers and not geographic coverage percentage
3301,Vallenar,3,Atacama,2025-03,Entel,5G,5,SUBTEL public network point records; not unique towers and not geographic coverage percentage
3301,Vallenar,3,Atacama,2025-03,Movistar,5G,3,SUBTEL public network point records; not unique towers and not geographic coverage percentage
3301,Vallenar,3,Atacama,2025-03,WOM,5G,4,SUBTEL public network point records; not unique towers and not geographic coverage percentage
3302,Alto del Carmen,3,Atacama,2025-03,Claro,4G,2,SUBTEL public network point records; not unique towers and not geographic coverage percentage
3302,Alto del Carmen,3,Atacama,2025-03,Entel,4G,5,SUBTEL public network point records; not unique towers and not geographic coverage percentage
3302,Alto del Carmen,3,Atacama,2025-03,Movistar,4G,3,SUBTEL public network point records; not unique towers and not geographic coverage percentage
3302,Alto del Carmen,3,Atacama,2025-03,WOM,4G,8,SUBTEL public network point records; not unique towers and not geographic coverage percentage
3302,Alto del Carmen,3,Atacama,2025-03,Claro,5G,0,SUBTEL public network point records; not unique towers and not geographic coverage percentage
3302,Alto del Carmen,3,Atacama,2025-03,Entel,5G,0,SUBTEL public network point records; not unique towers and not geographic coverage percentage
3302,Alto del Carmen,3,Atacama,2025-03,Movistar,5G,1,SUBTEL public network point records; not unique towers and not geographic coverage percentage
3302,Alto del Carmen,3,Atacama,2025-03,WOM,5G,3,SUBTEL public network point records; not unique towers and not geographic coverage percentage
3303,Freirina,3,Atacama,2025-03,Claro,4G,2,SUBTEL public network point records; not unique towers and not geographic coverage percentage
3303,Freirina,3,Atacama,2025-03,Entel,4G,3,SUBTEL public network point records; not unique towers and not geographic coverage percentage
3303,Freirina,3,Atacama,2025-03,Movistar,4G,3,SUBTEL public network point records; not unique towers and not geographic coverage percentage
3303,Freirina,3,Atacama,2025-03,WOM,4G,2,SUBTEL public network point records; not unique towers and not geographic coverage percentage
3303,Freirina,3,Atacama,2025-03,Claro,5G,0,SUBTEL public network point records; not unique towers and not geographic coverage percentage
3303,Freirina,3,Atacama,2025-03,Entel,5G,1,SUBTEL public network point records; not unique towers and not geographic coverage percentage
3303,Freirina,3,Atacama,2025-03,Movistar,5G,2,SUBTEL public network point records; not unique towers and not geographic coverage percentage
3303,Freirina,3,Atacama,2025-03,WOM,5G,2,SUBTEL public network point records; not unique towers and not geographic coverage percentage
3304,Huasco,3,Atacama,2025-03,Claro,4G,2,SUBTEL public network point records; not unique towers and not geographic coverage percentage
3304,Huasco,3,Atacama,2025-03,Entel,4G,7,SUBTEL public network point records; not unique towers and not geographic coverage percentage
3304,Huasco,3,Atacama,2025-03,Movistar,4G,4,SUBTEL public network point records; not unique towers and not geographic coverage percentage
3304,Huasco,3,Atacama,2025-03,WOM,4G,7,SUBTEL public network point records; not unique towers and not geographic coverage percentage
3304,Huasco,3,Atacama,2025-03,Claro,5G,0,SUBTEL public network point records; not unique towers and not geographic coverage percentage
3304,Huasco,3,Atacama,2025-03,Entel,5G,3,SUBTEL public network point records; not unique towers and not geographic coverage percentage
3304,Huasco,3,Atacama,2025-03,Movistar,5G,3,SUBTEL public network point records; not unique towers and not geographic coverage percentage
3304,Huasco,3,Atacama,2025-03,WOM,5G,2,SUBTEL public network point records; not unique towers and not geographic coverage percentage
4101,La Serena,4,Coquimbo,2025-03,Claro,4G,30,SUBTEL public network point records; not unique towers and not geographic coverage percentage
4101,La Serena,4,Coquimbo,2025-03,Entel,4G,107,SUBTEL public network point records; not unique towers and not geographic coverage percentage
4101,La Serena,4,Coquimbo,2025-03,Movistar,4G,67,SUBTEL public network point records; not unique towers and not geographic coverage percentage
4101,La Serena,4,Coquimbo,2025-03,WOM,4G,85,SUBTEL public network point records; not unique towers and not geographic coverage percentage
4101,La Serena,4,Coquimbo,2025-03,Claro,5G,0,SUBTEL public network point records; not unique towers and not geographic coverage percentage
4101,La Serena,4,Coquimbo,2025-03,Entel,5G,27,SUBTEL public network point records; not unique towers and not geographic coverage percentage
4101,La Serena,4,Coquimbo,2025-03,Movistar,5G,7,SUBTEL public network point records; not unique towers and not geographic coverage percentage
4101,La Serena,4,Coquimbo,2025-03,WOM,5G,16,SUBTEL public network point records; not unique towers and not geographic coverage percentage
4102,Coquimbo,4,Coquimbo,2025-03,Claro,4G,34,SUBTEL public network point records; not unique towers and not geographic coverage percentage
4102,Coquimbo,4,Coquimbo,2025-03,Entel,4G,124,SUBTEL public network point records; not unique towers and not geographic coverage percentage
4102,Coquimbo,4,Coquimbo,2025-03,Movistar,4G,66,SUBTEL public network point records; not unique towers and not geographic coverage percentage
4102,Coquimbo,4,Coquimbo,2025-03,WOM,4G,82,SUBTEL public network point records; not unique towers and not geographic coverage percentage
4102,Coquimbo,4,Coquimbo,2025-03,Claro,5G,0,SUBTEL public network point records; not unique towers and not geographic coverage percentage
4102,Coquimbo,4,Coquimbo,2025-03,Entel,5G,6,SUBTEL public network point records; not unique towers and not geographic coverage percentage
4102,Coquimbo,4,Coquimbo,2025-03,Movistar,5G,6,SUBTEL public network point records; not unique towers and not geographic coverage percentage
4102,Coquimbo,4,Coquimbo,2025-03,WOM,5G,9,SUBTEL public network point records; not unique towers and not geographic coverage percentage
4103,Andacollo,4,Coquimbo,2025-03,Claro,4G,3,SUBTEL public network point records; not unique towers and not geographic coverage percentage
4103,Andacollo,4,Coquimbo,2025-03,Entel,4G,9,SUBTEL public network point records; not unique towers and not geographic coverage percentage
4103,Andacollo,4,Coquimbo,2025-03,Movistar,4G,4,SUBTEL public network point records; not unique towers and not geographic coverage percentage
4103,Andacollo,4,Coquimbo,2025-03,WOM,4G,12,SUBTEL public network point records; not unique towers and not geographic coverage percentage
4103,Andacollo,4,Coquimbo,2025-03,Claro,5G,0,SUBTEL public network point records; not unique towers and not geographic coverage percentage
4103,Andacollo,4,Coquimbo,2025-03,Entel,5G,3,SUBTEL public network point records; not unique towers and not geographic coverage percentage
4103,Andacollo,4,Coquimbo,2025-03,Movistar,5G,2,SUBTEL public network point records; not unique towers and not geographic coverage percentage
4103,Andacollo,4,Coquimbo,2025-03,WOM,5G,6,SUBTEL public network point records; not unique towers and not geographic coverage percentage
4104,La Higuera,4,Coquimbo,2025-03,Claro,4G,2,SUBTEL public network point records; not unique towers and not geographic coverage percentage
4104,La Higuera,4,Coquimbo,2025-03,Entel,4G,6,SUBTEL public network point records; not unique towers and not geographic coverage percentage
4104,La Higuera,4,Coquimbo,2025-03,Movistar,4G,4,SUBTEL public network point records; not unique towers and not geographic coverage percentage
4104,La Higuera,4,Coquimbo,2025-03,WOM,4G,7,SUBTEL public network point records; not unique towers and not geographic coverage percentage
4104,La Higuera,4,Coquimbo,2025-03,Claro,5G,0,SUBTEL public network point records; not unique towers and not geographic coverage percentage
4104,La Higuera,4,Coquimbo,2025-03,Entel,5G,0,SUBTEL public network point records; not unique towers and not geographic coverage percentage
4104,La Higuera,4,Coquimbo,2025-03,Movistar,5G,3,SUBTEL public network point records; not unique towers and not geographic coverage percentage
4104,La Higuera,4,Coquimbo,2025-03,WOM,5G,3,SUBTEL public network point records; not unique towers and not geographic coverage percentage
4105,Paihuano,4,Coquimbo,2025-03,Claro,4G,3,SUBTEL public network point records; not unique towers and not geographic coverage percentage
4105,Paihuano,4,Coquimbo,2025-03,Entel,4G,3,SUBTEL public network point records; not unique towers and not geographic coverage percentage
4105,Paihuano,4,Coquimbo,2025-03,Movistar,4G,6,SUBTEL public network point records; not unique towers and not geographic coverage percentage
4105,Paihuano,4,Coquimbo,2025-03,WOM,4G,4,SUBTEL public network point records; not unique towers and not geographic coverage percentage
4105,Paihuano,4,Coquimbo,2025-03,Claro,5G,0,SUBTEL public network point records; not unique towers and not geographic coverage percentage
4105,Paihuano,4,Coquimbo,2025-03,Entel,5G,1,SUBTEL public network point records; not unique towers and not geographic coverage percentage
4105,Paihuano,4,Coquimbo,2025-03,Movistar,5G,4,SUBTEL public network point records; not unique towers and not geographic coverage percentage
4105,Paihuano,4,Coquimbo,2025-03,WOM,5G,2,SUBTEL public network point records; not unique towers and not geographic coverage percentage
4106,Vicuña,4,Coquimbo,2025-03,Claro,4G,5,SUBTEL public network point records; not unique towers and not geographic coverage percentage
4106,Vicuña,4,Coquimbo,2025-03,Entel,4G,13,SUBTEL public network point records; not unique towers and not geographic coverage percentage
4106,Vicuña,4,Coquimbo,2025-03,Movistar,4G,6,SUBTEL public network point records; not unique towers and not geographic coverage percentage
4106,Vicuña,4,Coquimbo,2025-03,WOM,4G,12,SUBTEL public network point records; not unique towers and not geographic coverage percentage
4106,Vicuña,4,Coquimbo,2025-03,Claro,5G,0,SUBTEL public network point records; not unique towers and not geographic coverage percentage
4106,Vicuña,4,Coquimbo,2025-03,Entel,5G,3,SUBTEL public network point records; not unique towers and not geographic coverage percentage
4106,Vicuña,4,Coquimbo,2025-03,Movistar,5G,4,SUBTEL public network point records; not unique towers and not geographic coverage percentage
4106,Vicuña,4,Coquimbo,2025-03,WOM,5G,5,SUBTEL public network point records; not unique towers and not geographic coverage percentage
4201,Illapel,4,Coquimbo,2025-03,Claro,4G,5,SUBTEL public network point records; not unique towers and not geographic coverage percentage
4201,Illapel,4,Coquimbo,2025-03,Entel,4G,15,SUBTEL public network point records; not unique towers and not geographic coverage percentage
4201,Illapel,4,Coquimbo,2025-03,Movistar,4G,10,SUBTEL public network point records; not unique towers and not geographic coverage percentage
4201,Illapel,4,Coquimbo,2025-03,WOM,4G,12,SUBTEL public network point records; not unique towers and not geographic coverage percentage
4201,Illapel,4,Coquimbo,2025-03,Claro,5G,0,SUBTEL public network point records; not unique towers and not geographic coverage percentage
4201,Illapel,4,Coquimbo,2025-03,Entel,5G,4,SUBTEL public network point records; not unique towers and not geographic coverage percentage
4201,Illapel,4,Coquimbo,2025-03,Movistar,5G,4,SUBTEL public network point records; not unique towers and not geographic coverage percentage
4201,Illapel,4,Coquimbo,2025-03,WOM,5G,4,SUBTEL public network point records; not unique towers and not geographic coverage percentage
4202,Canela,4,Coquimbo,2025-03,Claro,4G,3,SUBTEL public network point records; not unique towers and not geographic coverage percentage
4202,Canela,4,Coquimbo,2025-03,Entel,4G,13,SUBTEL public network point records; not unique towers and not geographic coverage percentage
4202,Canela,4,Coquimbo,2025-03,Movistar,4G,4,SUBTEL public network point records; not unique towers and not geographic coverage percentage
4202,Canela,4,Coquimbo,2025-03,WOM,4G,9,SUBTEL public network point records; not unique towers and not geographic coverage percentage
4202,Canela,4,Coquimbo,2025-03,Claro,5G,0,SUBTEL public network point records; not unique towers and not geographic coverage percentage
4202,Canela,4,Coquimbo,2025-03,Entel,5G,2,SUBTEL public network point records; not unique towers and not geographic coverage percentage
4202,Canela,4,Coquimbo,2025-03,Movistar,5G,2,SUBTEL public network point records; not unique towers and not geographic coverage percentage
4202,Canela,4,Coquimbo,2025-03,WOM,5G,2,SUBTEL public network point records; not unique towers and not geographic coverage percentage
4203,Los Vilos,4,Coquimbo,2025-03,Claro,4G,2,SUBTEL public network point records; not unique towers and not geographic coverage percentage
4203,Los Vilos,4,Coquimbo,2025-03,Entel,4G,31,SUBTEL public network point records; not unique towers and not geographic coverage percentage
4203,Los Vilos,4,Coquimbo,2025-03,Movistar,4G,12,SUBTEL public network point records; not unique towers and not geographic coverage percentage
4203,Los Vilos,4,Coquimbo,2025-03,WOM,4G,18,SUBTEL public network point records; not unique towers and not geographic coverage percentage
4203,Los Vilos,4,Coquimbo,2025-03,Claro,5G,0,SUBTEL public network point records; not unique towers and not geographic coverage percentage
4203,Los Vilos,4,Coquimbo,2025-03,Entel,5G,5,SUBTEL public network point records; not unique towers and not geographic coverage percentage
4203,Los Vilos,4,Coquimbo,2025-03,Movistar,5G,5,SUBTEL public network point records; not unique towers and not geographic coverage percentage
4203,Los Vilos,4,Coquimbo,2025-03,WOM,5G,4,SUBTEL public network point records; not unique towers and not geographic coverage percentage
4204,Salamanca,4,Coquimbo,2025-03,Claro,4G,2,SUBTEL public network point records; not unique towers and not geographic coverage percentage
4204,Salamanca,4,Coquimbo,2025-03,Entel,4G,23,SUBTEL public network point records; not unique towers and not geographic coverage percentage
4204,Salamanca,4,Coquimbo,2025-03,Movistar,4G,6,SUBTEL public network point records; not unique towers and not geographic coverage percentage
4204,Salamanca,4,Coquimbo,2025-03,WOM,4G,15,SUBTEL public network point records; not unique towers and not geographic coverage percentage
4204,Salamanca,4,Coquimbo,2025-03,Claro,5G,0,SUBTEL public network point records; not unique towers and not geographic coverage percentage
4204,Salamanca,4,Coquimbo,2025-03,Entel,5G,4,SUBTEL public network point records; not unique towers and not geographic coverage percentage
4204,Salamanca,4,Coquimbo,2025-03,Movistar,5G,4,SUBTEL public network point records; not unique towers and not geographic coverage percentage
4204,Salamanca,4,Coquimbo,2025-03,WOM,5G,5,SUBTEL public network point records; not unique towers and not geographic coverage percentage
4301,Ovalle,4,Coquimbo,2025-03,Claro,4G,14,SUBTEL public network point records; not unique towers and not geographic coverage percentage
4301,Ovalle,4,Coquimbo,2025-03,Entel,4G,55,SUBTEL public network point records; not unique towers and not geographic coverage percentage
4301,Ovalle,4,Coquimbo,2025-03,Movistar,4G,36,SUBTEL public network point records; not unique towers and not geographic coverage percentage
4301,Ovalle,4,Coquimbo,2025-03,WOM,4G,27,SUBTEL public network point records; not unique towers and not geographic coverage percentage
4301,Ovalle,4,Coquimbo,2025-03,Claro,5G,0,SUBTEL public network point records; not unique towers and not geographic coverage percentage
4301,Ovalle,4,Coquimbo,2025-03,Entel,5G,3,SUBTEL public network point records; not unique towers and not geographic coverage percentage
4301,Ovalle,4,Coquimbo,2025-03,Movistar,5G,3,SUBTEL public network point records; not unique towers and not geographic coverage percentage
4301,Ovalle,4,Coquimbo,2025-03,WOM,5G,5,SUBTEL public network point records; not unique towers and not geographic coverage percentage
4302,Combarbalá,4,Coquimbo,2025-03,Claro,4G,3,SUBTEL public network point records; not unique towers and not geographic coverage percentage
4302,Combarbalá,4,Coquimbo,2025-03,Entel,4G,6,SUBTEL public network point records; not unique towers and not geographic coverage percentage
4302,Combarbalá,4,Coquimbo,2025-03,Movistar,4G,5,SUBTEL public network point records; not unique towers and not geographic coverage percentage
4302,Combarbalá,4,Coquimbo,2025-03,WOM,4G,8,SUBTEL public network point records; not unique towers and not geographic coverage percentage
4302,Combarbalá,4,Coquimbo,2025-03,Claro,5G,0,SUBTEL public network point records; not unique towers and not geographic coverage percentage
4302,Combarbalá,4,Coquimbo,2025-03,Entel,5G,3,SUBTEL public network point records; not unique towers and not geographic coverage percentage
4302,Combarbalá,4,Coquimbo,2025-03,Movistar,5G,4,SUBTEL public network point records; not unique towers and not geographic coverage percentage
4302,Combarbalá,4,Coquimbo,2025-03,WOM,5G,6,SUBTEL public network point records; not unique towers and not geographic coverage percentage
4303,Monte Patria,4,Coquimbo,2025-03,Claro,4G,3,SUBTEL public network point records; not unique towers and not geographic coverage percentage
4303,Monte Patria,4,Coquimbo,2025-03,Entel,4G,19,SUBTEL public network point records; not unique towers and not geographic coverage percentage
4303,Monte Patria,4,Coquimbo,2025-03,Movistar,4G,9,SUBTEL public network point records; not unique towers and not geographic coverage percentage
4303,Monte Patria,4,Coquimbo,2025-03,WOM,4G,7,SUBTEL public network point records; not unique towers and not geographic coverage percentage
4303,Monte Patria,4,Coquimbo,2025-03,Claro,5G,0,SUBTEL public network point records; not unique towers and not geographic coverage percentage
4303,Monte Patria,4,Coquimbo,2025-03,Entel,5G,6,SUBTEL public network point records; not unique towers and not geographic coverage percentage
4303,Monte Patria,4,Coquimbo,2025-03,Movistar,5G,2,SUBTEL public network point records; not unique towers and not geographic coverage percentage
4303,Monte Patria,4,Coquimbo,2025-03,WOM,5G,3,SUBTEL public network point records; not unique towers and not geographic coverage percentage
4304,Punitaqui,4,Coquimbo,2025-03,Claro,4G,1,SUBTEL public network point records; not unique towers and not geographic coverage percentage
4304,Punitaqui,4,Coquimbo,2025-03,Entel,4G,6,SUBTEL public network point records; not unique towers and not geographic coverage percentage
4304,Punitaqui,4,Coquimbo,2025-03,Movistar,4G,4,SUBTEL public network point records; not unique towers and not geographic coverage percentage
4304,Punitaqui,4,Coquimbo,2025-03,WOM,4G,9,SUBTEL public network point records; not unique towers and not geographic coverage percentage
4304,Punitaqui,4,Coquimbo,2025-03,Claro,5G,0,SUBTEL public network point records; not unique towers and not geographic coverage percentage
4304,Punitaqui,4,Coquimbo,2025-03,Entel,5G,2,SUBTEL public network point records; not unique towers and not geographic coverage percentage
4304,Punitaqui,4,Coquimbo,2025-03,Movistar,5G,2,SUBTEL public network point records; not unique towers and not geographic coverage percentage
4304,Punitaqui,4,Coquimbo,2025-03,WOM,5G,5,SUBTEL public network point records; not unique towers and not geographic coverage percentage
4305,Río Hurtado,4,Coquimbo,2025-03,Claro,4G,1,SUBTEL public network point records; not unique towers and not geographic coverage percentage
4305,Río Hurtado,4,Coquimbo,2025-03,Entel,4G,8,SUBTEL public network point records; not unique towers and not geographic coverage percentage
4305,Río Hurtado,4,Coquimbo,2025-03,Movistar,4G,4,SUBTEL public network point records; not unique towers and not geographic coverage percentage
4305,Río Hurtado,4,Coquimbo,2025-03,WOM,4G,0,SUBTEL public network point records; not unique towers and not geographic coverage percentage
4305,Río Hurtado,4,Coquimbo,2025-03,Claro,5G,0,SUBTEL public network point records; not unique towers and not geographic coverage percentage
4305,Río Hurtado,4,Coquimbo,2025-03,Entel,5G,7,SUBTEL public network point records; not unique towers and not geographic coverage percentage
4305,Río Hurtado,4,Coquimbo,2025-03,Movistar,5G,4,SUBTEL public network point records; not unique towers and not geographic coverage percentage
4305,Río Hurtado,4,Coquimbo,2025-03,WOM,5G,0,SUBTEL public network point records; not unique towers and not geographic coverage percentage
5101,Valparaíso,5,Valparaíso,2025-03,Claro,4G,49,SUBTEL public network point records; not unique towers and not geographic coverage percentage
5101,Valparaíso,5,Valparaíso,2025-03,Entel,4G,120,SUBTEL public network point records; not unique towers and not geographic coverage percentage
5101,Valparaíso,5,Valparaíso,2025-03,Movistar,4G,69,SUBTEL public network point records; not unique towers and not geographic coverage percentage
5101,Valparaíso,5,Valparaíso,2025-03,WOM,4G,116,SUBTEL public network point records; not unique towers and not geographic coverage percentage
5101,Valparaíso,5,Valparaíso,2025-03,Claro,5G,16,SUBTEL public network point records; not unique towers and not geographic coverage percentage
5101,Valparaíso,5,Valparaíso,2025-03,Entel,5G,31,SUBTEL public network point records; not unique towers and not geographic coverage percentage
5101,Valparaíso,5,Valparaíso,2025-03,Movistar,5G,13,SUBTEL public network point records; not unique towers and not geographic coverage percentage
5101,Valparaíso,5,Valparaíso,2025-03,WOM,5G,17,SUBTEL public network point records; not unique towers and not geographic coverage percentage
5102,Casablanca,5,Valparaíso,2025-03,Claro,4G,14,SUBTEL public network point records; not unique towers and not geographic coverage percentage
5102,Casablanca,5,Valparaíso,2025-03,Entel,4G,20,SUBTEL public network point records; not unique towers and not geographic coverage percentage
5102,Casablanca,5,Valparaíso,2025-03,Movistar,4G,12,SUBTEL public network point records; not unique towers and not geographic coverage percentage
5102,Casablanca,5,Valparaíso,2025-03,WOM,4G,24,SUBTEL public network point records; not unique towers and not geographic coverage percentage
5102,Casablanca,5,Valparaíso,2025-03,Claro,5G,0,SUBTEL public network point records; not unique towers and not geographic coverage percentage
5102,Casablanca,5,Valparaíso,2025-03,Entel,5G,4,SUBTEL public network point records; not unique towers and not geographic coverage percentage
5102,Casablanca,5,Valparaíso,2025-03,Movistar,5G,5,SUBTEL public network point records; not unique towers and not geographic coverage percentage
5102,Casablanca,5,Valparaíso,2025-03,WOM,5G,3,SUBTEL public network point records; not unique towers and not geographic coverage percentage
5103,Concón,5,Valparaíso,2025-03,Claro,4G,8,SUBTEL public network point records; not unique towers and not geographic coverage percentage
5103,Concón,5,Valparaíso,2025-03,Entel,4G,13,SUBTEL public network point records; not unique towers and not geographic coverage percentage
5103,Concón,5,Valparaíso,2025-03,Movistar,4G,16,SUBTEL public network point records; not unique towers and not geographic coverage percentage
5103,Concón,5,Valparaíso,2025-03,WOM,4G,27,SUBTEL public network point records; not unique towers and not geographic coverage percentage
5103,Concón,5,Valparaíso,2025-03,Claro,5G,6,SUBTEL public network point records; not unique towers and not geographic coverage percentage
5103,Concón,5,Valparaíso,2025-03,Entel,5G,1,SUBTEL public network point records; not unique towers and not geographic coverage percentage
5103,Concón,5,Valparaíso,2025-03,Movistar,5G,8,SUBTEL public network point records; not unique towers and not geographic coverage percentage
5103,Concón,5,Valparaíso,2025-03,WOM,5G,9,SUBTEL public network point records; not unique towers and not geographic coverage percentage
5104,Juan Fernández,5,Valparaíso,2025-03,Claro,4G,0,SUBTEL public network point records; not unique towers and not geographic coverage percentage
5104,Juan Fernández,5,Valparaíso,2025-03,Entel,4G,0,SUBTEL public network point records; not unique towers and not geographic coverage percentage
5104,Juan Fernández,5,Valparaíso,2025-03,Movistar,4G,0,SUBTEL public network point records; not unique towers and not geographic coverage percentage
5104,Juan Fernández,5,Valparaíso,2025-03,WOM,4G,0,SUBTEL public network point records; not unique towers and not geographic coverage percentage
5104,Juan Fernández,5,Valparaíso,2025-03,Claro,5G,0,SUBTEL public network point records; not unique towers and not geographic coverage percentage
5104,Juan Fernández,5,Valparaíso,2025-03,Entel,5G,0,SUBTEL public network point records; not unique towers and not geographic coverage percentage
5104,Juan Fernández,5,Valparaíso,2025-03,Movistar,5G,0,SUBTEL public network point records; not unique towers and not geographic coverage percentage
5104,Juan Fernández,5,Valparaíso,2025-03,WOM,5G,0,SUBTEL public network point records; not unique towers and not geographic coverage percentage
5105,Puchuncaví,5,Valparaíso,2025-03,Claro,4G,8,SUBTEL public network point records; not unique towers and not geographic coverage percentage
5105,Puchuncaví,5,Valparaíso,2025-03,Entel,4G,15,SUBTEL public network point records; not unique towers and not geographic coverage percentage
5105,Puchuncaví,5,Valparaíso,2025-03,Movistar,4G,17,SUBTEL public network point records; not unique towers and not geographic coverage percentage
5105,Puchuncaví,5,Valparaíso,2025-03,WOM,4G,24,SUBTEL public network point records; not unique towers and not geographic coverage percentage
5105,Puchuncaví,5,Valparaíso,2025-03,Claro,5G,0,SUBTEL public network point records; not unique towers and not geographic coverage percentage
5105,Puchuncaví,5,Valparaíso,2025-03,Entel,5G,4,SUBTEL public network point records; not unique towers and not geographic coverage percentage
5105,Puchuncaví,5,Valparaíso,2025-03,Movistar,5G,10,SUBTEL public network point records; not unique towers and not geographic coverage percentage
5105,Puchuncaví,5,Valparaíso,2025-03,WOM,5G,3,SUBTEL public network point records; not unique towers and not geographic coverage percentage
5107,Quintero,5,Valparaíso,2025-03,Claro,4G,5,SUBTEL public network point records; not unique towers and not geographic coverage percentage
5107,Quintero,5,Valparaíso,2025-03,Entel,4G,19,SUBTEL public network point records; not unique towers and not geographic coverage percentage
5107,Quintero,5,Valparaíso,2025-03,Movistar,4G,12,SUBTEL public network point records; not unique towers and not geographic coverage percentage
5107,Quintero,5,Valparaíso,2025-03,WOM,4G,14,SUBTEL public network point records; not unique towers and not geographic coverage percentage
5107,Quintero,5,Valparaíso,2025-03,Claro,5G,0,SUBTEL public network point records; not unique towers and not geographic coverage percentage
5107,Quintero,5,Valparaíso,2025-03,Entel,5G,4,SUBTEL public network point records; not unique towers and not geographic coverage percentage
5107,Quintero,5,Valparaíso,2025-03,Movistar,5G,8,SUBTEL public network point records; not unique towers and not geographic coverage percentage
5107,Quintero,5,Valparaíso,2025-03,WOM,5G,0,SUBTEL public network point records; not unique towers and not geographic coverage percentage
5109,Viña del Mar,5,Valparaíso,2025-03,Claro,4G,59,SUBTEL public network point records; not unique towers and not geographic coverage percentage
5109,Viña del Mar,5,Valparaíso,2025-03,Entel,4G,130,SUBTEL public network point records; not unique towers and not geographic coverage percentage
5109,Viña del Mar,5,Valparaíso,2025-03,Movistar,4G,115,SUBTEL public network point records; not unique towers and not geographic coverage percentage
5109,Viña del Mar,5,Valparaíso,2025-03,WOM,4G,129,SUBTEL public network point records; not unique towers and not geographic coverage percentage
5109,Viña del Mar,5,Valparaíso,2025-03,Claro,5G,16,SUBTEL public network point records; not unique towers and not geographic coverage percentage
5109,Viña del Mar,5,Valparaíso,2025-03,Entel,5G,28,SUBTEL public network point records; not unique towers and not geographic coverage percentage
5109,Viña del Mar,5,Valparaíso,2025-03,Movistar,5G,24,SUBTEL public network point records; not unique towers and not geographic coverage percentage
5109,Viña del Mar,5,Valparaíso,2025-03,WOM,5G,8,SUBTEL public network point records; not unique towers and not geographic coverage percentage
5201,Isla de Pascua,5,Valparaíso,2025-03,Claro,4G,0,SUBTEL public network point records; not unique towers and not geographic coverage percentage
5201,Isla de Pascua,5,Valparaíso,2025-03,Entel,4G,9,SUBTEL public network point records; not unique towers and not geographic coverage percentage
5201,Isla de Pascua,5,Valparaíso,2025-03,Movistar,4G,2,SUBTEL public network point records; not unique towers and not geographic coverage percentage
5201,Isla de Pascua,5,Valparaíso,2025-03,WOM,4G,0,SUBTEL public network point records; not unique towers and not geographic coverage percentage
5201,Isla de Pascua,5,Valparaíso,2025-03,Claro,5G,0,SUBTEL public network point records; not unique towers and not geographic coverage percentage
5201,Isla de Pascua,5,Valparaíso,2025-03,Entel,5G,2,SUBTEL public network point records; not unique towers and not geographic coverage percentage
5201,Isla de Pascua,5,Valparaíso,2025-03,Movistar,5G,1,SUBTEL public network point records; not unique towers and not geographic coverage percentage
5201,Isla de Pascua,5,Valparaíso,2025-03,WOM,5G,0,SUBTEL public network point records; not unique towers and not geographic coverage percentage
5301,Los Andes,5,Valparaíso,2025-03,Claro,4G,8,SUBTEL public network point records; not unique towers and not geographic coverage percentage
5301,Los Andes,5,Valparaíso,2025-03,Entel,4G,35,SUBTEL public network point records; not unique towers and not geographic coverage percentage
5301,Los Andes,5,Valparaíso,2025-03,Movistar,4G,21,SUBTEL public network point records; not unique towers and not geographic coverage percentage
5301,Los Andes,5,Valparaíso,2025-03,WOM,4G,16,SUBTEL public network point records; not unique towers and not geographic coverage percentage
5301,Los Andes,5,Valparaíso,2025-03,Claro,5G,0,SUBTEL public network point records; not unique towers and not geographic coverage percentage
5301,Los Andes,5,Valparaíso,2025-03,Entel,5G,8,SUBTEL public network point records; not unique towers and not geographic coverage percentage
5301,Los Andes,5,Valparaíso,2025-03,Movistar,5G,10,SUBTEL public network point records; not unique towers and not geographic coverage percentage
5301,Los Andes,5,Valparaíso,2025-03,WOM,5G,6,SUBTEL public network point records; not unique towers and not geographic coverage percentage
5302,Calle Larga,5,Valparaíso,2025-03,Claro,4G,4,SUBTEL public network point records; not unique towers and not geographic coverage percentage
5302,Calle Larga,5,Valparaíso,2025-03,Entel,4G,6,SUBTEL public network point records; not unique towers and not geographic coverage percentage
5302,Calle Larga,5,Valparaíso,2025-03,Movistar,4G,6,SUBTEL public network point records; not unique towers and not geographic coverage percentage
5302,Calle Larga,5,Valparaíso,2025-03,WOM,4G,7,SUBTEL public network point records; not unique towers and not geographic coverage percentage
5302,Calle Larga,5,Valparaíso,2025-03,Claro,5G,0,SUBTEL public network point records; not unique towers and not geographic coverage percentage
5302,Calle Larga,5,Valparaíso,2025-03,Entel,5G,3,SUBTEL public network point records; not unique towers and not geographic coverage percentage
5302,Calle Larga,5,Valparaíso,2025-03,Movistar,5G,3,SUBTEL public network point records; not unique towers and not geographic coverage percentage
5302,Calle Larga,5,Valparaíso,2025-03,WOM,5G,3,SUBTEL public network point records; not unique towers and not geographic coverage percentage
5303,Rinconada,5,Valparaíso,2025-03,Claro,4G,2,SUBTEL public network point records; not unique towers and not geographic coverage percentage
5303,Rinconada,5,Valparaíso,2025-03,Entel,4G,3,SUBTEL public network point records; not unique towers and not geographic coverage percentage
5303,Rinconada,5,Valparaíso,2025-03,Movistar,4G,3,SUBTEL public network point records; not unique towers and not geographic coverage percentage
5303,Rinconada,5,Valparaíso,2025-03,WOM,4G,9,SUBTEL public network point records; not unique towers and not geographic coverage percentage
5303,Rinconada,5,Valparaíso,2025-03,Claro,5G,0,SUBTEL public network point records; not unique towers and not geographic coverage percentage
5303,Rinconada,5,Valparaíso,2025-03,Entel,5G,2,SUBTEL public network point records; not unique towers and not geographic coverage percentage
5303,Rinconada,5,Valparaíso,2025-03,Movistar,5G,3,SUBTEL public network point records; not unique towers and not geographic coverage percentage
5303,Rinconada,5,Valparaíso,2025-03,WOM,5G,4,SUBTEL public network point records; not unique towers and not geographic coverage percentage
5304,San Esteban,5,Valparaíso,2025-03,Claro,4G,5,SUBTEL public network point records; not unique towers and not geographic coverage percentage
5304,San Esteban,5,Valparaíso,2025-03,Entel,4G,9,SUBTEL public network point records; not unique towers and not geographic coverage percentage
5304,San Esteban,5,Valparaíso,2025-03,Movistar,4G,7,SUBTEL public network point records; not unique towers and not geographic coverage percentage
5304,San Esteban,5,Valparaíso,2025-03,WOM,4G,12,SUBTEL public network point records; not unique towers and not geographic coverage percentage
5304,San Esteban,5,Valparaíso,2025-03,Claro,5G,0,SUBTEL public network point records; not unique towers and not geographic coverage percentage
5304,San Esteban,5,Valparaíso,2025-03,Entel,5G,3,SUBTEL public network point records; not unique towers and not geographic coverage percentage
5304,San Esteban,5,Valparaíso,2025-03,Movistar,5G,4,SUBTEL public network point records; not unique towers and not geographic coverage percentage
5304,San Esteban,5,Valparaíso,2025-03,WOM,5G,7,SUBTEL public network point records; not unique towers and not geographic coverage percentage
5401,La Ligua,5,Valparaíso,2025-03,Claro,4G,9,SUBTEL public network point records; not unique towers and not geographic coverage percentage
5401,La Ligua,5,Valparaíso,2025-03,Entel,4G,26,SUBTEL public network point records; not unique towers and not geographic coverage percentage
5401,La Ligua,5,Valparaíso,2025-03,Movistar,4G,10,SUBTEL public network point records; not unique towers and not geographic coverage percentage
5401,La Ligua,5,Valparaíso,2025-03,WOM,4G,25,SUBTEL public network point records; not unique towers and not geographic coverage percentage
5401,La Ligua,5,Valparaíso,2025-03,Claro,5G,0,SUBTEL public network point records; not unique towers and not geographic coverage percentage
5401,La Ligua,5,Valparaíso,2025-03,Entel,5G,6,SUBTEL public network point records; not unique towers and not geographic coverage percentage
5401,La Ligua,5,Valparaíso,2025-03,Movistar,5G,6,SUBTEL public network point records; not unique towers and not geographic coverage percentage
5401,La Ligua,5,Valparaíso,2025-03,WOM,5G,6,SUBTEL public network point records; not unique towers and not geographic coverage percentage
5402,Cabildo,5,Valparaíso,2025-03,Claro,4G,4,SUBTEL public network point records; not unique towers and not geographic coverage percentage
5402,Cabildo,5,Valparaíso,2025-03,Entel,4G,9,SUBTEL public network point records; not unique towers and not geographic coverage percentage
5402,Cabildo,5,Valparaíso,2025-03,Movistar,4G,7,SUBTEL public network point records; not unique towers and not geographic coverage percentage
5402,Cabildo,5,Valparaíso,2025-03,WOM,4G,8,SUBTEL public network point records; not unique towers and not geographic coverage percentage
5402,Cabildo,5,Valparaíso,2025-03,Claro,5G,0,SUBTEL public network point records; not unique towers and not geographic coverage percentage
5402,Cabildo,5,Valparaíso,2025-03,Entel,5G,4,SUBTEL public network point records; not unique towers and not geographic coverage percentage
5402,Cabildo,5,Valparaíso,2025-03,Movistar,5G,4,SUBTEL public network point records; not unique towers and not geographic coverage percentage
5402,Cabildo,5,Valparaíso,2025-03,WOM,5G,3,SUBTEL public network point records; not unique towers and not geographic coverage percentage
5403,Papudo,5,Valparaíso,2025-03,Claro,4G,3,SUBTEL public network point records; not unique towers and not geographic coverage percentage
5403,Papudo,5,Valparaíso,2025-03,Entel,4G,9,SUBTEL public network point records; not unique towers and not geographic coverage percentage
5403,Papudo,5,Valparaíso,2025-03,Movistar,4G,5,SUBTEL public network point records; not unique towers and not geographic coverage percentage
5403,Papudo,5,Valparaíso,2025-03,WOM,4G,13,SUBTEL public network point records; not unique towers and not geographic coverage percentage
5403,Papudo,5,Valparaíso,2025-03,Claro,5G,0,SUBTEL public network point records; not unique towers and not geographic coverage percentage
5403,Papudo,5,Valparaíso,2025-03,Entel,5G,0,SUBTEL public network point records; not unique towers and not geographic coverage percentage
5403,Papudo,5,Valparaíso,2025-03,Movistar,5G,5,SUBTEL public network point records; not unique towers and not geographic coverage percentage
5403,Papudo,5,Valparaíso,2025-03,WOM,5G,4,SUBTEL public network point records; not unique towers and not geographic coverage percentage
5404,Petorca,5,Valparaíso,2025-03,Claro,4G,3,SUBTEL public network point records; not unique towers and not geographic coverage percentage
5404,Petorca,5,Valparaíso,2025-03,Entel,4G,5,SUBTEL public network point records; not unique towers and not geographic coverage percentage
5404,Petorca,5,Valparaíso,2025-03,Movistar,4G,7,SUBTEL public network point records; not unique towers and not geographic coverage percentage
5404,Petorca,5,Valparaíso,2025-03,WOM,4G,4,SUBTEL public network point records; not unique towers and not geographic coverage percentage
5404,Petorca,5,Valparaíso,2025-03,Claro,5G,0,SUBTEL public network point records; not unique towers and not geographic coverage percentage
5404,Petorca,5,Valparaíso,2025-03,Entel,5G,2,SUBTEL public network point records; not unique towers and not geographic coverage percentage
5404,Petorca,5,Valparaíso,2025-03,Movistar,5G,4,SUBTEL public network point records; not unique towers and not geographic coverage percentage
5404,Petorca,5,Valparaíso,2025-03,WOM,5G,2,SUBTEL public network point records; not unique towers and not geographic coverage percentage
5405,Zapallar,5,Valparaíso,2025-03,Claro,4G,6,SUBTEL public network point records; not unique towers and not geographic coverage percentage
5405,Zapallar,5,Valparaíso,2025-03,Entel,4G,15,SUBTEL public network point records; not unique towers and not geographic coverage percentage
5405,Zapallar,5,Valparaíso,2025-03,Movistar,4G,15,SUBTEL public network point records; not unique towers and not geographic coverage percentage
5405,Zapallar,5,Valparaíso,2025-03,WOM,4G,12,SUBTEL public network point records; not unique towers and not geographic coverage percentage
5405,Zapallar,5,Valparaíso,2025-03,Claro,5G,0,SUBTEL public network point records; not unique towers and not geographic coverage percentage
5405,Zapallar,5,Valparaíso,2025-03,Entel,5G,0,SUBTEL public network point records; not unique towers and not geographic coverage percentage
5405,Zapallar,5,Valparaíso,2025-03,Movistar,5G,6,SUBTEL public network point records; not unique towers and not geographic coverage percentage
5405,Zapallar,5,Valparaíso,2025-03,WOM,5G,3,SUBTEL public network point records; not unique towers and not geographic coverage percentage
5501,Quillota,5,Valparaíso,2025-03,Claro,4G,17,SUBTEL public network point records; not unique towers and not geographic coverage percentage
5501,Quillota,5,Valparaíso,2025-03,Entel,4G,38,SUBTEL public network point records; not unique towers and not geographic coverage percentage
5501,Quillota,5,Valparaíso,2025-03,Movistar,4G,20,SUBTEL public network point records; not unique towers and not geographic coverage percentage
5501,Quillota,5,Valparaíso,2025-03,WOM,4G,23,SUBTEL public network point records; not unique towers and not geographic coverage percentage
5501,Quillota,5,Valparaíso,2025-03,Claro,5G,0,SUBTEL public network point records; not unique towers and not geographic coverage percentage
5501,Quillota,5,Valparaíso,2025-03,Entel,5G,4,SUBTEL public network point records; not unique towers and not geographic coverage percentage
5501,Quillota,5,Valparaíso,2025-03,Movistar,5G,7,SUBTEL public network point records; not unique towers and not geographic coverage percentage
5501,Quillota,5,Valparaíso,2025-03,WOM,5G,5,SUBTEL public network point records; not unique towers and not geographic coverage percentage
5502,Calera,5,Valparaíso,2025-03,Claro,4G,7,SUBTEL public network point records; not unique towers and not geographic coverage percentage
5502,Calera,5,Valparaíso,2025-03,Entel,4G,19,SUBTEL public network point records; not unique towers and not geographic coverage percentage
5502,Calera,5,Valparaíso,2025-03,Movistar,4G,8,SUBTEL public network point records; not unique towers and not geographic coverage percentage
5502,Calera,5,Valparaíso,2025-03,WOM,4G,14,SUBTEL public network point records; not unique towers and not geographic coverage percentage
5502,Calera,5,Valparaíso,2025-03,Claro,5G,0,SUBTEL public network point records; not unique towers and not geographic coverage percentage
5502,Calera,5,Valparaíso,2025-03,Entel,5G,5,SUBTEL public network point records; not unique towers and not geographic coverage percentage
5502,Calera,5,Valparaíso,2025-03,Movistar,5G,5,SUBTEL public network point records; not unique towers and not geographic coverage percentage
5502,Calera,5,Valparaíso,2025-03,WOM,5G,4,SUBTEL public network point records; not unique towers and not geographic coverage percentage
5503,Hijuelas,5,Valparaíso,2025-03,Claro,4G,3,SUBTEL public network point records; not unique towers and not geographic coverage percentage
5503,Hijuelas,5,Valparaíso,2025-03,Entel,4G,10,SUBTEL public network point records; not unique towers and not geographic coverage percentage
5503,Hijuelas,5,Valparaíso,2025-03,Movistar,4G,6,SUBTEL public network point records; not unique towers and not geographic coverage percentage
5503,Hijuelas,5,Valparaíso,2025-03,WOM,4G,10,SUBTEL public network point records; not unique towers and not geographic coverage percentage
5503,Hijuelas,5,Valparaíso,2025-03,Claro,5G,0,SUBTEL public network point records; not unique towers and not geographic coverage percentage
5503,Hijuelas,5,Valparaíso,2025-03,Entel,5G,3,SUBTEL public network point records; not unique towers and not geographic coverage percentage
5503,Hijuelas,5,Valparaíso,2025-03,Movistar,5G,4,SUBTEL public network point records; not unique towers and not geographic coverage percentage
5503,Hijuelas,5,Valparaíso,2025-03,WOM,5G,5,SUBTEL public network point records; not unique towers and not geographic coverage percentage
5504,La Cruz,5,Valparaíso,2025-03,Claro,4G,1,SUBTEL public network point records; not unique towers and not geographic coverage percentage
5504,La Cruz,5,Valparaíso,2025-03,Entel,4G,2,SUBTEL public network point records; not unique towers and not geographic coverage percentage
5504,La Cruz,5,Valparaíso,2025-03,Movistar,4G,2,SUBTEL public network point records; not unique towers and not geographic coverage percentage
5504,La Cruz,5,Valparaíso,2025-03,WOM,4G,8,SUBTEL public network point records; not unique towers and not geographic coverage percentage
5504,La Cruz,5,Valparaíso,2025-03,Claro,5G,0,SUBTEL public network point records; not unique towers and not geographic coverage percentage
5504,La Cruz,5,Valparaíso,2025-03,Entel,5G,2,SUBTEL public network point records; not unique towers and not geographic coverage percentage
5504,La Cruz,5,Valparaíso,2025-03,Movistar,5G,2,SUBTEL public network point records; not unique towers and not geographic coverage percentage
5504,La Cruz,5,Valparaíso,2025-03,WOM,5G,4,SUBTEL public network point records; not unique towers and not geographic coverage percentage
5506,Nogales,5,Valparaíso,2025-03,Claro,4G,2,SUBTEL public network point records; not unique towers and not geographic coverage percentage
5506,Nogales,5,Valparaíso,2025-03,Entel,4G,8,SUBTEL public network point records; not unique towers and not geographic coverage percentage
5506,Nogales,5,Valparaíso,2025-03,Movistar,4G,8,SUBTEL public network point records; not unique towers and not geographic coverage percentage
5506,Nogales,5,Valparaíso,2025-03,WOM,4G,8,SUBTEL public network point records; not unique towers and not geographic coverage percentage
5506,Nogales,5,Valparaíso,2025-03,Claro,5G,0,SUBTEL public network point records; not unique towers and not geographic coverage percentage
5506,Nogales,5,Valparaíso,2025-03,Entel,5G,2,SUBTEL public network point records; not unique towers and not geographic coverage percentage
5506,Nogales,5,Valparaíso,2025-03,Movistar,5G,2,SUBTEL public network point records; not unique towers and not geographic coverage percentage
5506,Nogales,5,Valparaíso,2025-03,WOM,5G,4,SUBTEL public network point records; not unique towers and not geographic coverage percentage
5601,San Antonio,5,Valparaíso,2025-03,Claro,4G,11,SUBTEL public network point records; not unique towers and not geographic coverage percentage
5601,San Antonio,5,Valparaíso,2025-03,Entel,4G,61,SUBTEL public network point records; not unique towers and not geographic coverage percentage
5601,San Antonio,5,Valparaíso,2025-03,Movistar,4G,22,SUBTEL public network point records; not unique towers and not geographic coverage percentage
5601,San Antonio,5,Valparaíso,2025-03,WOM,4G,20,SUBTEL public network point records; not unique towers and not geographic coverage percentage
5601,San Antonio,5,Valparaíso,2025-03,Claro,5G,0,SUBTEL public network point records; not unique towers and not geographic coverage percentage
5601,San Antonio,5,Valparaíso,2025-03,Entel,5G,3,SUBTEL public network point records; not unique towers and not geographic coverage percentage
5601,San Antonio,5,Valparaíso,2025-03,Movistar,5G,9,SUBTEL public network point records; not unique towers and not geographic coverage percentage
5601,San Antonio,5,Valparaíso,2025-03,WOM,5G,4,SUBTEL public network point records; not unique towers and not geographic coverage percentage
5602,Algarrobo,5,Valparaíso,2025-03,Claro,4G,16,SUBTEL public network point records; not unique towers and not geographic coverage percentage
5602,Algarrobo,5,Valparaíso,2025-03,Entel,4G,30,SUBTEL public network point records; not unique towers and not geographic coverage percentage
5602,Algarrobo,5,Valparaíso,2025-03,Movistar,4G,14,SUBTEL public network point records; not unique towers and not geographic coverage percentage
5602,Algarrobo,5,Valparaíso,2025-03,WOM,4G,26,SUBTEL public network point records; not unique towers and not geographic coverage percentage
5602,Algarrobo,5,Valparaíso,2025-03,Claro,5G,0,SUBTEL public network point records; not unique towers and not geographic coverage percentage
5602,Algarrobo,5,Valparaíso,2025-03,Entel,5G,3,SUBTEL public network point records; not unique towers and not geographic coverage percentage
5602,Algarrobo,5,Valparaíso,2025-03,Movistar,5G,8,SUBTEL public network point records; not unique towers and not geographic coverage percentage
5602,Algarrobo,5,Valparaíso,2025-03,WOM,5G,4,SUBTEL public network point records; not unique towers and not geographic coverage percentage
5603,Cartagena,5,Valparaíso,2025-03,Claro,4G,6,SUBTEL public network point records; not unique towers and not geographic coverage percentage
5603,Cartagena,5,Valparaíso,2025-03,Entel,4G,23,SUBTEL public network point records; not unique towers and not geographic coverage percentage
5603,Cartagena,5,Valparaíso,2025-03,Movistar,4G,11,SUBTEL public network point records; not unique towers and not geographic coverage percentage
5603,Cartagena,5,Valparaíso,2025-03,WOM,4G,16,SUBTEL public network point records; not unique towers and not geographic coverage percentage
5603,Cartagena,5,Valparaíso,2025-03,Claro,5G,0,SUBTEL public network point records; not unique towers and not geographic coverage percentage
5603,Cartagena,5,Valparaíso,2025-03,Entel,5G,2,SUBTEL public network point records; not unique towers and not geographic coverage percentage
5603,Cartagena,5,Valparaíso,2025-03,Movistar,5G,6,SUBTEL public network point records; not unique towers and not geographic coverage percentage
5603,Cartagena,5,Valparaíso,2025-03,WOM,5G,5,SUBTEL public network point records; not unique towers and not geographic coverage percentage
5604,El Quisco,5,Valparaíso,2025-03,Claro,4G,11,SUBTEL public network point records; not unique towers and not geographic coverage percentage
5604,El Quisco,5,Valparaíso,2025-03,Entel,4G,21,SUBTEL public network point records; not unique towers and not geographic coverage percentage
5604,El Quisco,5,Valparaíso,2025-03,Movistar,4G,11,SUBTEL public network point records; not unique towers and not geographic coverage percentage
5604,El Quisco,5,Valparaíso,2025-03,WOM,4G,19,SUBTEL public network point records; not unique towers and not geographic coverage percentage
5604,El Quisco,5,Valparaíso,2025-03,Claro,5G,0,SUBTEL public network point records; not unique towers and not geographic coverage percentage
5604,El Quisco,5,Valparaíso,2025-03,Entel,5G,1,SUBTEL public network point records; not unique towers and not geographic coverage percentage
5604,El Quisco,5,Valparaíso,2025-03,Movistar,5G,9,SUBTEL public network point records; not unique towers and not geographic coverage percentage
5604,El Quisco,5,Valparaíso,2025-03,WOM,5G,4,SUBTEL public network point records; not unique towers and not geographic coverage percentage
5605,El Tabo,5,Valparaíso,2025-03,Claro,4G,6,SUBTEL public network point records; not unique towers and not geographic coverage percentage
5605,El Tabo,5,Valparaíso,2025-03,Entel,4G,26,SUBTEL public network point records; not unique towers and not geographic coverage percentage
5605,El Tabo,5,Valparaíso,2025-03,Movistar,4G,13,SUBTEL public network point records; not unique towers and not geographic coverage percentage
5605,El Tabo,5,Valparaíso,2025-03,WOM,4G,16,SUBTEL public network point records; not unique towers and not geographic coverage percentage
5605,El Tabo,5,Valparaíso,2025-03,Claro,5G,0,SUBTEL public network point records; not unique towers and not geographic coverage percentage
5605,El Tabo,5,Valparaíso,2025-03,Entel,5G,3,SUBTEL public network point records; not unique towers and not geographic coverage percentage
5605,El Tabo,5,Valparaíso,2025-03,Movistar,5G,7,SUBTEL public network point records; not unique towers and not geographic coverage percentage
5605,El Tabo,5,Valparaíso,2025-03,WOM,5G,4,SUBTEL public network point records; not unique towers and not geographic coverage percentage
5606,Santo Domingo,5,Valparaíso,2025-03,Claro,4G,6,SUBTEL public network point records; not unique towers and not geographic coverage percentage
5606,Santo Domingo,5,Valparaíso,2025-03,Entel,4G,26,SUBTEL public network point records; not unique towers and not geographic coverage percentage
5606,Santo Domingo,5,Valparaíso,2025-03,Movistar,4G,17,SUBTEL public network point records; not unique towers and not geographic coverage percentage
5606,Santo Domingo,5,Valparaíso,2025-03,WOM,4G,14,SUBTEL public network point records; not unique towers and not geographic coverage percentage
5606,Santo Domingo,5,Valparaíso,2025-03,Claro,5G,0,SUBTEL public network point records; not unique towers and not geographic coverage percentage
5606,Santo Domingo,5,Valparaíso,2025-03,Entel,5G,2,SUBTEL public network point records; not unique towers and not geographic coverage percentage
5606,Santo Domingo,5,Valparaíso,2025-03,Movistar,5G,6,SUBTEL public network point records; not unique towers and not geographic coverage percentage
5606,Santo Domingo,5,Valparaíso,2025-03,WOM,5G,4,SUBTEL public network point records; not unique towers and not geographic coverage percentage
5701,San Felipe,5,Valparaíso,2025-03,Claro,4G,10,SUBTEL public network point records; not unique towers and not geographic coverage percentage
5701,San Felipe,5,Valparaíso,2025-03,Entel,4G,31,SUBTEL public network point records; not unique towers and not geographic coverage percentage
5701,San Felipe,5,Valparaíso,2025-03,Movistar,4G,10,SUBTEL public network point records; not unique towers and not geographic coverage percentage
5701,San Felipe,5,Valparaíso,2025-03,WOM,4G,17,SUBTEL public network point records; not unique towers and not geographic coverage percentage
5701,San Felipe,5,Valparaíso,2025-03,Claro,5G,0,SUBTEL public network point records; not unique towers and not geographic coverage percentage
5701,San Felipe,5,Valparaíso,2025-03,Entel,5G,5,SUBTEL public network point records; not unique towers and not geographic coverage percentage
5701,San Felipe,5,Valparaíso,2025-03,Movistar,5G,3,SUBTEL public network point records; not unique towers and not geographic coverage percentage
5701,San Felipe,5,Valparaíso,2025-03,WOM,5G,3,SUBTEL public network point records; not unique towers and not geographic coverage percentage
5702,Catemu,5,Valparaíso,2025-03,Claro,4G,3,SUBTEL public network point records; not unique towers and not geographic coverage percentage
5702,Catemu,5,Valparaíso,2025-03,Entel,4G,7,SUBTEL public network point records; not unique towers and not geographic coverage percentage
5702,Catemu,5,Valparaíso,2025-03,Movistar,4G,8,SUBTEL public network point records; not unique towers and not geographic coverage percentage
5702,Catemu,5,Valparaíso,2025-03,WOM,4G,8,SUBTEL public network point records; not unique towers and not geographic coverage percentage
5702,Catemu,5,Valparaíso,2025-03,Claro,5G,0,SUBTEL public network point records; not unique towers and not geographic coverage percentage
5702,Catemu,5,Valparaíso,2025-03,Entel,5G,3,SUBTEL public network point records; not unique towers and not geographic coverage percentage
5702,Catemu,5,Valparaíso,2025-03,Movistar,5G,5,SUBTEL public network point records; not unique towers and not geographic coverage percentage
5702,Catemu,5,Valparaíso,2025-03,WOM,5G,6,SUBTEL public network point records; not unique towers and not geographic coverage percentage
5703,Llaillay,5,Valparaíso,2025-03,Claro,4G,3,SUBTEL public network point records; not unique towers and not geographic coverage percentage
5703,Llaillay,5,Valparaíso,2025-03,Entel,4G,10,SUBTEL public network point records; not unique towers and not geographic coverage percentage
5703,Llaillay,5,Valparaíso,2025-03,Movistar,4G,6,SUBTEL public network point records; not unique towers and not geographic coverage percentage
5703,Llaillay,5,Valparaíso,2025-03,WOM,4G,14,SUBTEL public network point records; not unique towers and not geographic coverage percentage
5703,Llaillay,5,Valparaíso,2025-03,Claro,5G,0,SUBTEL public network point records; not unique towers and not geographic coverage percentage
5703,Llaillay,5,Valparaíso,2025-03,Entel,5G,2,SUBTEL public network point records; not unique towers and not geographic coverage percentage
5703,Llaillay,5,Valparaíso,2025-03,Movistar,5G,4,SUBTEL public network point records; not unique towers and not geographic coverage percentage
5703,Llaillay,5,Valparaíso,2025-03,WOM,5G,2,SUBTEL public network point records; not unique towers and not geographic coverage percentage
5704,Panquehue,5,Valparaíso,2025-03,Claro,4G,3,SUBTEL public network point records; not unique towers and not geographic coverage percentage
5704,Panquehue,5,Valparaíso,2025-03,Entel,4G,3,SUBTEL public network point records; not unique towers and not geographic coverage percentage
5704,Panquehue,5,Valparaíso,2025-03,Movistar,4G,5,SUBTEL public network point records; not unique towers and not geographic coverage percentage
5704,Panquehue,5,Valparaíso,2025-03,WOM,4G,9,SUBTEL public network point records; not unique towers and not geographic coverage percentage
5704,Panquehue,5,Valparaíso,2025-03,Claro,5G,0,SUBTEL public network point records; not unique towers and not geographic coverage percentage
5704,Panquehue,5,Valparaíso,2025-03,Entel,5G,1,SUBTEL public network point records; not unique towers and not geographic coverage percentage
5704,Panquehue,5,Valparaíso,2025-03,Movistar,5G,5,SUBTEL public network point records; not unique towers and not geographic coverage percentage
5704,Panquehue,5,Valparaíso,2025-03,WOM,5G,3,SUBTEL public network point records; not unique towers and not geographic coverage percentage
5705,Putaendo,5,Valparaíso,2025-03,Claro,4G,2,SUBTEL public network point records; not unique towers and not geographic coverage percentage
5705,Putaendo,5,Valparaíso,2025-03,Entel,4G,7,SUBTEL public network point records; not unique towers and not geographic coverage percentage
5705,Putaendo,5,Valparaíso,2025-03,Movistar,4G,6,SUBTEL public network point records; not unique towers and not geographic coverage percentage
5705,Putaendo,5,Valparaíso,2025-03,WOM,4G,12,SUBTEL public network point records; not unique towers and not geographic coverage percentage
5705,Putaendo,5,Valparaíso,2025-03,Claro,5G,0,SUBTEL public network point records; not unique towers and not geographic coverage percentage
5705,Putaendo,5,Valparaíso,2025-03,Entel,5G,5,SUBTEL public network point records; not unique towers and not geographic coverage percentage
5705,Putaendo,5,Valparaíso,2025-03,Movistar,5G,4,SUBTEL public network point records; not unique towers and not geographic coverage percentage
5705,Putaendo,5,Valparaíso,2025-03,WOM,5G,5,SUBTEL public network point records; not unique towers and not geographic coverage percentage
5706,Santa María,5,Valparaíso,2025-03,Claro,4G,2,SUBTEL public network point records; not unique towers and not geographic coverage percentage
5706,Santa María,5,Valparaíso,2025-03,Entel,4G,5,SUBTEL public network point records; not unique towers and not geographic coverage percentage
5706,Santa María,5,Valparaíso,2025-03,Movistar,4G,5,SUBTEL public network point records; not unique towers and not geographic coverage percentage
5706,Santa María,5,Valparaíso,2025-03,WOM,4G,3,SUBTEL public network point records; not unique towers and not geographic coverage percentage
5706,Santa María,5,Valparaíso,2025-03,Claro,5G,0,SUBTEL public network point records; not unique towers and not geographic coverage percentage
5706,Santa María,5,Valparaíso,2025-03,Entel,5G,2,SUBTEL public network point records; not unique towers and not geographic coverage percentage
5706,Santa María,5,Valparaíso,2025-03,Movistar,5G,3,SUBTEL public network point records; not unique towers and not geographic coverage percentage
5706,Santa María,5,Valparaíso,2025-03,WOM,5G,2,SUBTEL public network point records; not unique towers and not geographic coverage percentage
5801,Quilpué,5,Valparaíso,2025-03,Claro,4G,18,SUBTEL public network point records; not unique towers and not geographic coverage percentage
5801,Quilpué,5,Valparaíso,2025-03,Entel,4G,50,SUBTEL public network point records; not unique towers and not geographic coverage percentage
5801,Quilpué,5,Valparaíso,2025-03,Movistar,4G,22,SUBTEL public network point records; not unique towers and not geographic coverage percentage
5801,Quilpué,5,Valparaíso,2025-03,WOM,4G,37,SUBTEL public network point records; not unique towers and not geographic coverage percentage
5801,Quilpué,5,Valparaíso,2025-03,Claro,5G,0,SUBTEL public network point records; not unique towers and not geographic coverage percentage
5801,Quilpué,5,Valparaíso,2025-03,Entel,5G,3,SUBTEL public network point records; not unique towers and not geographic coverage percentage
5801,Quilpué,5,Valparaíso,2025-03,Movistar,5G,8,SUBTEL public network point records; not unique towers and not geographic coverage percentage
5801,Quilpué,5,Valparaíso,2025-03,WOM,5G,8,SUBTEL public network point records; not unique towers and not geographic coverage percentage
5802,Limache,5,Valparaíso,2025-03,Claro,4G,5,SUBTEL public network point records; not unique towers and not geographic coverage percentage
5802,Limache,5,Valparaíso,2025-03,Entel,4G,13,SUBTEL public network point records; not unique towers and not geographic coverage percentage
5802,Limache,5,Valparaíso,2025-03,Movistar,4G,8,SUBTEL public network point records; not unique towers and not geographic coverage percentage
5802,Limache,5,Valparaíso,2025-03,WOM,4G,23,SUBTEL public network point records; not unique towers and not geographic coverage percentage
5802,Limache,5,Valparaíso,2025-03,Claro,5G,0,SUBTEL public network point records; not unique towers and not geographic coverage percentage
5802,Limache,5,Valparaíso,2025-03,Entel,5G,4,SUBTEL public network point records; not unique towers and not geographic coverage percentage
5802,Limache,5,Valparaíso,2025-03,Movistar,5G,5,SUBTEL public network point records; not unique towers and not geographic coverage percentage
5802,Limache,5,Valparaíso,2025-03,WOM,5G,8,SUBTEL public network point records; not unique towers and not geographic coverage percentage
5803,Olmué,5,Valparaíso,2025-03,Claro,4G,4,SUBTEL public network point records; not unique towers and not geographic coverage percentage
5803,Olmué,5,Valparaíso,2025-03,Entel,4G,7,SUBTEL public network point records; not unique towers and not geographic coverage percentage
5803,Olmué,5,Valparaíso,2025-03,Movistar,4G,9,SUBTEL public network point records; not unique towers and not geographic coverage percentage
5803,Olmué,5,Valparaíso,2025-03,WOM,4G,14,SUBTEL public network point records; not unique towers and not geographic coverage percentage
5803,Olmué,5,Valparaíso,2025-03,Claro,5G,0,SUBTEL public network point records; not unique towers and not geographic coverage percentage
5803,Olmué,5,Valparaíso,2025-03,Entel,5G,4,SUBTEL public network point records; not unique towers and not geographic coverage percentage
5803,Olmué,5,Valparaíso,2025-03,Movistar,5G,6,SUBTEL public network point records; not unique towers and not geographic coverage percentage
5803,Olmué,5,Valparaíso,2025-03,WOM,5G,4,SUBTEL public network point records; not unique towers and not geographic coverage percentage
5804,Villa Alemana,5,Valparaíso,2025-03,Claro,4G,14,SUBTEL public network point records; not unique towers and not geographic coverage percentage
5804,Villa Alemana,5,Valparaíso,2025-03,Entel,4G,43,SUBTEL public network point records; not unique towers and not geographic coverage percentage
5804,Villa Alemana,5,Valparaíso,2025-03,Movistar,4G,15,SUBTEL public network point records; not unique towers and not geographic coverage percentage
5804,Villa Alemana,5,Valparaíso,2025-03,WOM,4G,28,SUBTEL public network point records; not unique towers and not geographic coverage percentage
5804,Villa Alemana,5,Valparaíso,2025-03,Claro,5G,0,SUBTEL public network point records; not unique towers and not geographic coverage percentage
5804,Villa Alemana,5,Valparaíso,2025-03,Entel,5G,6,SUBTEL public network point records; not unique towers and not geographic coverage percentage
5804,Villa Alemana,5,Valparaíso,2025-03,Movistar,5G,8,SUBTEL public network point records; not unique towers and not geographic coverage percentage
5804,Villa Alemana,5,Valparaíso,2025-03,WOM,5G,6,SUBTEL public network point records; not unique towers and not geographic coverage percentage
6101,Rancagua,6,Libertador General Bernardo O'Higgins,2025-03,Claro,4G,28,SUBTEL public network point records; not unique towers and not geographic coverage percentage
6101,Rancagua,6,Libertador General Bernardo O'Higgins,2025-03,Entel,4G,107,SUBTEL public network point records; not unique towers and not geographic coverage percentage
6101,Rancagua,6,Libertador General Bernardo O'Higgins,2025-03,Movistar,4G,43,SUBTEL public network point records; not unique towers and not geographic coverage percentage
6101,Rancagua,6,Libertador General Bernardo O'Higgins,2025-03,WOM,4G,56,SUBTEL public network point records; not unique towers and not geographic coverage percentage
6101,Rancagua,6,Libertador General Bernardo O'Higgins,2025-03,Claro,5G,0,SUBTEL public network point records; not unique towers and not geographic coverage percentage
6101,Rancagua,6,Libertador General Bernardo O'Higgins,2025-03,Entel,5G,27,SUBTEL public network point records; not unique towers and not geographic coverage percentage
6101,Rancagua,6,Libertador General Bernardo O'Higgins,2025-03,Movistar,5G,15,SUBTEL public network point records; not unique towers and not geographic coverage percentage
6101,Rancagua,6,Libertador General Bernardo O'Higgins,2025-03,WOM,5G,11,SUBTEL public network point records; not unique towers and not geographic coverage percentage
6102,Codegua,6,Libertador General Bernardo O'Higgins,2025-03,Claro,4G,1,SUBTEL public network point records; not unique towers and not geographic coverage percentage
6102,Codegua,6,Libertador General Bernardo O'Higgins,2025-03,Entel,4G,8,SUBTEL public network point records; not unique towers and not geographic coverage percentage
6102,Codegua,6,Libertador General Bernardo O'Higgins,2025-03,Movistar,4G,5,SUBTEL public network point records; not unique towers and not geographic coverage percentage
6102,Codegua,6,Libertador General Bernardo O'Higgins,2025-03,WOM,4G,4,SUBTEL public network point records; not unique towers and not geographic coverage percentage
6102,Codegua,6,Libertador General Bernardo O'Higgins,2025-03,Claro,5G,0,SUBTEL public network point records; not unique towers and not geographic coverage percentage
6102,Codegua,6,Libertador General Bernardo O'Higgins,2025-03,Entel,5G,2,SUBTEL public network point records; not unique towers and not geographic coverage percentage
6102,Codegua,6,Libertador General Bernardo O'Higgins,2025-03,Movistar,5G,4,SUBTEL public network point records; not unique towers and not geographic coverage percentage
6102,Codegua,6,Libertador General Bernardo O'Higgins,2025-03,WOM,5G,3,SUBTEL public network point records; not unique towers and not geographic coverage percentage
6103,Coinco,6,Libertador General Bernardo O'Higgins,2025-03,Claro,4G,2,SUBTEL public network point records; not unique towers and not geographic coverage percentage
6103,Coinco,6,Libertador General Bernardo O'Higgins,2025-03,Entel,4G,6,SUBTEL public network point records; not unique towers and not geographic coverage percentage
6103,Coinco,6,Libertador General Bernardo O'Higgins,2025-03,Movistar,4G,4,SUBTEL public network point records; not unique towers and not geographic coverage percentage
6103,Coinco,6,Libertador General Bernardo O'Higgins,2025-03,WOM,4G,7,SUBTEL public network point records; not unique towers and not geographic coverage percentage
6103,Coinco,6,Libertador General Bernardo O'Higgins,2025-03,Claro,5G,0,SUBTEL public network point records; not unique towers and not geographic coverage percentage
6103,Coinco,6,Libertador General Bernardo O'Higgins,2025-03,Entel,5G,3,SUBTEL public network point records; not unique towers and not geographic coverage percentage
6103,Coinco,6,Libertador General Bernardo O'Higgins,2025-03,Movistar,5G,4,SUBTEL public network point records; not unique towers and not geographic coverage percentage
6103,Coinco,6,Libertador General Bernardo O'Higgins,2025-03,WOM,5G,2,SUBTEL public network point records; not unique towers and not geographic coverage percentage
6104,Coltauco,6,Libertador General Bernardo O'Higgins,2025-03,Claro,4G,2,SUBTEL public network point records; not unique towers and not geographic coverage percentage
6104,Coltauco,6,Libertador General Bernardo O'Higgins,2025-03,Entel,4G,9,SUBTEL public network point records; not unique towers and not geographic coverage percentage
6104,Coltauco,6,Libertador General Bernardo O'Higgins,2025-03,Movistar,4G,3,SUBTEL public network point records; not unique towers and not geographic coverage percentage
6104,Coltauco,6,Libertador General Bernardo O'Higgins,2025-03,WOM,4G,10,SUBTEL public network point records; not unique towers and not geographic coverage percentage
6104,Coltauco,6,Libertador General Bernardo O'Higgins,2025-03,Claro,5G,0,SUBTEL public network point records; not unique towers and not geographic coverage percentage
6104,Coltauco,6,Libertador General Bernardo O'Higgins,2025-03,Entel,5G,3,SUBTEL public network point records; not unique towers and not geographic coverage percentage
6104,Coltauco,6,Libertador General Bernardo O'Higgins,2025-03,Movistar,5G,3,SUBTEL public network point records; not unique towers and not geographic coverage percentage
6104,Coltauco,6,Libertador General Bernardo O'Higgins,2025-03,WOM,5G,8,SUBTEL public network point records; not unique towers and not geographic coverage percentage
6105,Doñihue,6,Libertador General Bernardo O'Higgins,2025-03,Claro,4G,3,SUBTEL public network point records; not unique towers and not geographic coverage percentage
6105,Doñihue,6,Libertador General Bernardo O'Higgins,2025-03,Entel,4G,9,SUBTEL public network point records; not unique towers and not geographic coverage percentage
6105,Doñihue,6,Libertador General Bernardo O'Higgins,2025-03,Movistar,4G,5,SUBTEL public network point records; not unique towers and not geographic coverage percentage
6105,Doñihue,6,Libertador General Bernardo O'Higgins,2025-03,WOM,4G,12,SUBTEL public network point records; not unique towers and not geographic coverage percentage
6105,Doñihue,6,Libertador General Bernardo O'Higgins,2025-03,Claro,5G,0,SUBTEL public network point records; not unique towers and not geographic coverage percentage
6105,Doñihue,6,Libertador General Bernardo O'Higgins,2025-03,Entel,5G,5,SUBTEL public network point records; not unique towers and not geographic coverage percentage
6105,Doñihue,6,Libertador General Bernardo O'Higgins,2025-03,Movistar,5G,5,SUBTEL public network point records; not unique towers and not geographic coverage percentage
6105,Doñihue,6,Libertador General Bernardo O'Higgins,2025-03,WOM,5G,8,SUBTEL public network point records; not unique towers and not geographic coverage percentage
6106,Graneros,6,Libertador General Bernardo O'Higgins,2025-03,Claro,4G,4,SUBTEL public network point records; not unique towers and not geographic coverage percentage
6106,Graneros,6,Libertador General Bernardo O'Higgins,2025-03,Entel,4G,10,SUBTEL public network point records; not unique towers and not geographic coverage percentage
6106,Graneros,6,Libertador General Bernardo O'Higgins,2025-03,Movistar,4G,6,SUBTEL public network point records; not unique towers and not geographic coverage percentage
6106,Graneros,6,Libertador General Bernardo O'Higgins,2025-03,WOM,4G,11,SUBTEL public network point records; not unique towers and not geographic coverage percentage
6106,Graneros,6,Libertador General Bernardo O'Higgins,2025-03,Claro,5G,0,SUBTEL public network point records; not unique towers and not geographic coverage percentage
6106,Graneros,6,Libertador General Bernardo O'Higgins,2025-03,Entel,5G,4,SUBTEL public network point records; not unique towers and not geographic coverage percentage
6106,Graneros,6,Libertador General Bernardo O'Higgins,2025-03,Movistar,5G,5,SUBTEL public network point records; not unique towers and not geographic coverage percentage
6106,Graneros,6,Libertador General Bernardo O'Higgins,2025-03,WOM,5G,8,SUBTEL public network point records; not unique towers and not geographic coverage percentage
6107,Las Cabras,6,Libertador General Bernardo O'Higgins,2025-03,Claro,4G,6,SUBTEL public network point records; not unique towers and not geographic coverage percentage
6107,Las Cabras,6,Libertador General Bernardo O'Higgins,2025-03,Entel,4G,17,SUBTEL public network point records; not unique towers and not geographic coverage percentage
6107,Las Cabras,6,Libertador General Bernardo O'Higgins,2025-03,Movistar,4G,9,SUBTEL public network point records; not unique towers and not geographic coverage percentage
6107,Las Cabras,6,Libertador General Bernardo O'Higgins,2025-03,WOM,4G,11,SUBTEL public network point records; not unique towers and not geographic coverage percentage
6107,Las Cabras,6,Libertador General Bernardo O'Higgins,2025-03,Claro,5G,0,SUBTEL public network point records; not unique towers and not geographic coverage percentage
6107,Las Cabras,6,Libertador General Bernardo O'Higgins,2025-03,Entel,5G,4,SUBTEL public network point records; not unique towers and not geographic coverage percentage
6107,Las Cabras,6,Libertador General Bernardo O'Higgins,2025-03,Movistar,5G,4,SUBTEL public network point records; not unique towers and not geographic coverage percentage
6107,Las Cabras,6,Libertador General Bernardo O'Higgins,2025-03,WOM,5G,2,SUBTEL public network point records; not unique towers and not geographic coverage percentage
6108,Machalí,6,Libertador General Bernardo O'Higgins,2025-03,Claro,4G,8,SUBTEL public network point records; not unique towers and not geographic coverage percentage
6108,Machalí,6,Libertador General Bernardo O'Higgins,2025-03,Entel,4G,19,SUBTEL public network point records; not unique towers and not geographic coverage percentage
6108,Machalí,6,Libertador General Bernardo O'Higgins,2025-03,Movistar,4G,21,SUBTEL public network point records; not unique towers and not geographic coverage percentage
6108,Machalí,6,Libertador General Bernardo O'Higgins,2025-03,WOM,4G,9,SUBTEL public network point records; not unique towers and not geographic coverage percentage
6108,Machalí,6,Libertador General Bernardo O'Higgins,2025-03,Claro,5G,0,SUBTEL public network point records; not unique towers and not geographic coverage percentage
6108,Machalí,6,Libertador General Bernardo O'Higgins,2025-03,Entel,5G,4,SUBTEL public network point records; not unique towers and not geographic coverage percentage
6108,Machalí,6,Libertador General Bernardo O'Higgins,2025-03,Movistar,5G,5,SUBTEL public network point records; not unique towers and not geographic coverage percentage
6108,Machalí,6,Libertador General Bernardo O'Higgins,2025-03,WOM,5G,6,SUBTEL public network point records; not unique towers and not geographic coverage percentage
6109,Malloa,6,Libertador General Bernardo O'Higgins,2025-03,Claro,4G,2,SUBTEL public network point records; not unique towers and not geographic coverage percentage
6109,Malloa,6,Libertador General Bernardo O'Higgins,2025-03,Entel,4G,12,SUBTEL public network point records; not unique towers and not geographic coverage percentage
6109,Malloa,6,Libertador General Bernardo O'Higgins,2025-03,Movistar,4G,7,SUBTEL public network point records; not unique towers and not geographic coverage percentage
6109,Malloa,6,Libertador General Bernardo O'Higgins,2025-03,WOM,4G,5,SUBTEL public network point records; not unique towers and not geographic coverage percentage
6109,Malloa,6,Libertador General Bernardo O'Higgins,2025-03,Claro,5G,0,SUBTEL public network point records; not unique towers and not geographic coverage percentage
6109,Malloa,6,Libertador General Bernardo O'Higgins,2025-03,Entel,5G,3,SUBTEL public network point records; not unique towers and not geographic coverage percentage
6109,Malloa,6,Libertador General Bernardo O'Higgins,2025-03,Movistar,5G,6,SUBTEL public network point records; not unique towers and not geographic coverage percentage
6109,Malloa,6,Libertador General Bernardo O'Higgins,2025-03,WOM,5G,3,SUBTEL public network point records; not unique towers and not geographic coverage percentage
6110,Mostazal,6,Libertador General Bernardo O'Higgins,2025-03,Claro,4G,4,SUBTEL public network point records; not unique towers and not geographic coverage percentage
6110,Mostazal,6,Libertador General Bernardo O'Higgins,2025-03,Entel,4G,11,SUBTEL public network point records; not unique towers and not geographic coverage percentage
6110,Mostazal,6,Libertador General Bernardo O'Higgins,2025-03,Movistar,4G,9,SUBTEL public network point records; not unique towers and not geographic coverage percentage
6110,Mostazal,6,Libertador General Bernardo O'Higgins,2025-03,WOM,4G,6,SUBTEL public network point records; not unique towers and not geographic coverage percentage
6110,Mostazal,6,Libertador General Bernardo O'Higgins,2025-03,Claro,5G,0,SUBTEL public network point records; not unique towers and not geographic coverage percentage
6110,Mostazal,6,Libertador General Bernardo O'Higgins,2025-03,Entel,5G,4,SUBTEL public network point records; not unique towers and not geographic coverage percentage
6110,Mostazal,6,Libertador General Bernardo O'Higgins,2025-03,Movistar,5G,4,SUBTEL public network point records; not unique towers and not geographic coverage percentage
6110,Mostazal,6,Libertador General Bernardo O'Higgins,2025-03,WOM,5G,4,SUBTEL public network point records; not unique towers and not geographic coverage percentage
6111,Olivar,6,Libertador General Bernardo O'Higgins,2025-03,Claro,4G,2,SUBTEL public network point records; not unique towers and not geographic coverage percentage
6111,Olivar,6,Libertador General Bernardo O'Higgins,2025-03,Entel,4G,6,SUBTEL public network point records; not unique towers and not geographic coverage percentage
6111,Olivar,6,Libertador General Bernardo O'Higgins,2025-03,Movistar,4G,4,SUBTEL public network point records; not unique towers and not geographic coverage percentage
6111,Olivar,6,Libertador General Bernardo O'Higgins,2025-03,WOM,4G,9,SUBTEL public network point records; not unique towers and not geographic coverage percentage
6111,Olivar,6,Libertador General Bernardo O'Higgins,2025-03,Claro,5G,0,SUBTEL public network point records; not unique towers and not geographic coverage percentage
6111,Olivar,6,Libertador General Bernardo O'Higgins,2025-03,Entel,5G,1,SUBTEL public network point records; not unique towers and not geographic coverage percentage
6111,Olivar,6,Libertador General Bernardo O'Higgins,2025-03,Movistar,5G,3,SUBTEL public network point records; not unique towers and not geographic coverage percentage
6111,Olivar,6,Libertador General Bernardo O'Higgins,2025-03,WOM,5G,7,SUBTEL public network point records; not unique towers and not geographic coverage percentage
6112,Peumo,6,Libertador General Bernardo O'Higgins,2025-03,Claro,4G,1,SUBTEL public network point records; not unique towers and not geographic coverage percentage
6112,Peumo,6,Libertador General Bernardo O'Higgins,2025-03,Entel,4G,6,SUBTEL public network point records; not unique towers and not geographic coverage percentage
6112,Peumo,6,Libertador General Bernardo O'Higgins,2025-03,Movistar,4G,3,SUBTEL public network point records; not unique towers and not geographic coverage percentage
6112,Peumo,6,Libertador General Bernardo O'Higgins,2025-03,WOM,4G,5,SUBTEL public network point records; not unique towers and not geographic coverage percentage
6112,Peumo,6,Libertador General Bernardo O'Higgins,2025-03,Claro,5G,0,SUBTEL public network point records; not unique towers and not geographic coverage percentage
6112,Peumo,6,Libertador General Bernardo O'Higgins,2025-03,Entel,5G,3,SUBTEL public network point records; not unique towers and not geographic coverage percentage
6112,Peumo,6,Libertador General Bernardo O'Higgins,2025-03,Movistar,5G,3,SUBTEL public network point records; not unique towers and not geographic coverage percentage
6112,Peumo,6,Libertador General Bernardo O'Higgins,2025-03,WOM,5G,3,SUBTEL public network point records; not unique towers and not geographic coverage percentage
6113,Pichidegua,6,Libertador General Bernardo O'Higgins,2025-03,Claro,4G,2,SUBTEL public network point records; not unique towers and not geographic coverage percentage
6113,Pichidegua,6,Libertador General Bernardo O'Higgins,2025-03,Entel,4G,9,SUBTEL public network point records; not unique towers and not geographic coverage percentage
6113,Pichidegua,6,Libertador General Bernardo O'Higgins,2025-03,Movistar,4G,4,SUBTEL public network point records; not unique towers and not geographic coverage percentage
6113,Pichidegua,6,Libertador General Bernardo O'Higgins,2025-03,WOM,4G,13,SUBTEL public network point records; not unique towers and not geographic coverage percentage
6113,Pichidegua,6,Libertador General Bernardo O'Higgins,2025-03,Claro,5G,0,SUBTEL public network point records; not unique towers and not geographic coverage percentage
6113,Pichidegua,6,Libertador General Bernardo O'Higgins,2025-03,Entel,5G,4,SUBTEL public network point records; not unique towers and not geographic coverage percentage
6113,Pichidegua,6,Libertador General Bernardo O'Higgins,2025-03,Movistar,5G,4,SUBTEL public network point records; not unique towers and not geographic coverage percentage
6113,Pichidegua,6,Libertador General Bernardo O'Higgins,2025-03,WOM,5G,7,SUBTEL public network point records; not unique towers and not geographic coverage percentage
6114,Quinta de Tilcoco,6,Libertador General Bernardo O'Higgins,2025-03,Claro,4G,2,SUBTEL public network point records; not unique towers and not geographic coverage percentage
6114,Quinta de Tilcoco,6,Libertador General Bernardo O'Higgins,2025-03,Entel,4G,5,SUBTEL public network point records; not unique towers and not geographic coverage percentage
6114,Quinta de Tilcoco,6,Libertador General Bernardo O'Higgins,2025-03,Movistar,4G,2,SUBTEL public network point records; not unique towers and not geographic coverage percentage
6114,Quinta de Tilcoco,6,Libertador General Bernardo O'Higgins,2025-03,WOM,4G,6,SUBTEL public network point records; not unique towers and not geographic coverage percentage
6114,Quinta de Tilcoco,6,Libertador General Bernardo O'Higgins,2025-03,Claro,5G,0,SUBTEL public network point records; not unique towers and not geographic coverage percentage
6114,Quinta de Tilcoco,6,Libertador General Bernardo O'Higgins,2025-03,Entel,5G,3,SUBTEL public network point records; not unique towers and not geographic coverage percentage
6114,Quinta de Tilcoco,6,Libertador General Bernardo O'Higgins,2025-03,Movistar,5G,2,SUBTEL public network point records; not unique towers and not geographic coverage percentage
6114,Quinta de Tilcoco,6,Libertador General Bernardo O'Higgins,2025-03,WOM,5G,4,SUBTEL public network point records; not unique towers and not geographic coverage percentage
6115,Rengo,6,Libertador General Bernardo O'Higgins,2025-03,Claro,4G,10,SUBTEL public network point records; not unique towers and not geographic coverage percentage
6115,Rengo,6,Libertador General Bernardo O'Higgins,2025-03,Entel,4G,30,SUBTEL public network point records; not unique towers and not geographic coverage percentage
6115,Rengo,6,Libertador General Bernardo O'Higgins,2025-03,Movistar,4G,8,SUBTEL public network point records; not unique towers and not geographic coverage percentage
6115,Rengo,6,Libertador General Bernardo O'Higgins,2025-03,WOM,4G,22,SUBTEL public network point records; not unique towers and not geographic coverage percentage
6115,Rengo,6,Libertador General Bernardo O'Higgins,2025-03,Claro,5G,0,SUBTEL public network point records; not unique towers and not geographic coverage percentage
6115,Rengo,6,Libertador General Bernardo O'Higgins,2025-03,Entel,5G,3,SUBTEL public network point records; not unique towers and not geographic coverage percentage
6115,Rengo,6,Libertador General Bernardo O'Higgins,2025-03,Movistar,5G,3,SUBTEL public network point records; not unique towers and not geographic coverage percentage
6115,Rengo,6,Libertador General Bernardo O'Higgins,2025-03,WOM,5G,9,SUBTEL public network point records; not unique towers and not geographic coverage percentage
6116,Requínoa,6,Libertador General Bernardo O'Higgins,2025-03,Claro,4G,6,SUBTEL public network point records; not unique towers and not geographic coverage percentage
6116,Requínoa,6,Libertador General Bernardo O'Higgins,2025-03,Entel,4G,16,SUBTEL public network point records; not unique towers and not geographic coverage percentage
6116,Requínoa,6,Libertador General Bernardo O'Higgins,2025-03,Movistar,4G,9,SUBTEL public network point records; not unique towers and not geographic coverage percentage
6116,Requínoa,6,Libertador General Bernardo O'Higgins,2025-03,WOM,4G,8,SUBTEL public network point records; not unique towers and not geographic coverage percentage
6116,Requínoa,6,Libertador General Bernardo O'Higgins,2025-03,Claro,5G,0,SUBTEL public network point records; not unique towers and not geographic coverage percentage
6116,Requínoa,6,Libertador General Bernardo O'Higgins,2025-03,Entel,5G,4,SUBTEL public network point records; not unique towers and not geographic coverage percentage
6116,Requínoa,6,Libertador General Bernardo O'Higgins,2025-03,Movistar,5G,4,SUBTEL public network point records; not unique towers and not geographic coverage percentage
6116,Requínoa,6,Libertador General Bernardo O'Higgins,2025-03,WOM,5G,2,SUBTEL public network point records; not unique towers and not geographic coverage percentage
6117,San Vicente,6,Libertador General Bernardo O'Higgins,2025-03,Claro,4G,2,SUBTEL public network point records; not unique towers and not geographic coverage percentage
6117,San Vicente,6,Libertador General Bernardo O'Higgins,2025-03,Entel,4G,18,SUBTEL public network point records; not unique towers and not geographic coverage percentage
6117,San Vicente,6,Libertador General Bernardo O'Higgins,2025-03,Movistar,4G,10,SUBTEL public network point records; not unique towers and not geographic coverage percentage
6117,San Vicente,6,Libertador General Bernardo O'Higgins,2025-03,WOM,4G,11,SUBTEL public network point records; not unique towers and not geographic coverage percentage
6117,San Vicente,6,Libertador General Bernardo O'Higgins,2025-03,Claro,5G,0,SUBTEL public network point records; not unique towers and not geographic coverage percentage
6117,San Vicente,6,Libertador General Bernardo O'Higgins,2025-03,Entel,5G,3,SUBTEL public network point records; not unique towers and not geographic coverage percentage
6117,San Vicente,6,Libertador General Bernardo O'Higgins,2025-03,Movistar,5G,4,SUBTEL public network point records; not unique towers and not geographic coverage percentage
6117,San Vicente,6,Libertador General Bernardo O'Higgins,2025-03,WOM,5G,2,SUBTEL public network point records; not unique towers and not geographic coverage percentage
6201,Pichilemu,6,Libertador General Bernardo O'Higgins,2025-03,Claro,4G,7,SUBTEL public network point records; not unique towers and not geographic coverage percentage
6201,Pichilemu,6,Libertador General Bernardo O'Higgins,2025-03,Entel,4G,15,SUBTEL public network point records; not unique towers and not geographic coverage percentage
6201,Pichilemu,6,Libertador General Bernardo O'Higgins,2025-03,Movistar,4G,10,SUBTEL public network point records; not unique towers and not geographic coverage percentage
6201,Pichilemu,6,Libertador General Bernardo O'Higgins,2025-03,WOM,4G,20,SUBTEL public network point records; not unique towers and not geographic coverage percentage
6201,Pichilemu,6,Libertador General Bernardo O'Higgins,2025-03,Claro,5G,0,SUBTEL public network point records; not unique towers and not geographic coverage percentage
6201,Pichilemu,6,Libertador General Bernardo O'Higgins,2025-03,Entel,5G,4,SUBTEL public network point records; not unique towers and not geographic coverage percentage
6201,Pichilemu,6,Libertador General Bernardo O'Higgins,2025-03,Movistar,5G,5,SUBTEL public network point records; not unique towers and not geographic coverage percentage
6201,Pichilemu,6,Libertador General Bernardo O'Higgins,2025-03,WOM,5G,9,SUBTEL public network point records; not unique towers and not geographic coverage percentage
6202,La Estrella,6,Libertador General Bernardo O'Higgins,2025-03,Claro,4G,1,SUBTEL public network point records; not unique towers and not geographic coverage percentage
6202,La Estrella,6,Libertador General Bernardo O'Higgins,2025-03,Entel,4G,4,SUBTEL public network point records; not unique towers and not geographic coverage percentage
6202,La Estrella,6,Libertador General Bernardo O'Higgins,2025-03,Movistar,4G,2,SUBTEL public network point records; not unique towers and not geographic coverage percentage
6202,La Estrella,6,Libertador General Bernardo O'Higgins,2025-03,WOM,4G,5,SUBTEL public network point records; not unique towers and not geographic coverage percentage
6202,La Estrella,6,Libertador General Bernardo O'Higgins,2025-03,Claro,5G,0,SUBTEL public network point records; not unique towers and not geographic coverage percentage
6202,La Estrella,6,Libertador General Bernardo O'Higgins,2025-03,Entel,5G,1,SUBTEL public network point records; not unique towers and not geographic coverage percentage
6202,La Estrella,6,Libertador General Bernardo O'Higgins,2025-03,Movistar,5G,2,SUBTEL public network point records; not unique towers and not geographic coverage percentage
6202,La Estrella,6,Libertador General Bernardo O'Higgins,2025-03,WOM,5G,3,SUBTEL public network point records; not unique towers and not geographic coverage percentage
6203,Litueche,6,Libertador General Bernardo O'Higgins,2025-03,Claro,4G,3,SUBTEL public network point records; not unique towers and not geographic coverage percentage
6203,Litueche,6,Libertador General Bernardo O'Higgins,2025-03,Entel,4G,7,SUBTEL public network point records; not unique towers and not geographic coverage percentage
6203,Litueche,6,Libertador General Bernardo O'Higgins,2025-03,Movistar,4G,7,SUBTEL public network point records; not unique towers and not geographic coverage percentage
6203,Litueche,6,Libertador General Bernardo O'Higgins,2025-03,WOM,4G,8,SUBTEL public network point records; not unique towers and not geographic coverage percentage
6203,Litueche,6,Libertador General Bernardo O'Higgins,2025-03,Claro,5G,0,SUBTEL public network point records; not unique towers and not geographic coverage percentage
6203,Litueche,6,Libertador General Bernardo O'Higgins,2025-03,Entel,5G,3,SUBTEL public network point records; not unique towers and not geographic coverage percentage
6203,Litueche,6,Libertador General Bernardo O'Higgins,2025-03,Movistar,5G,5,SUBTEL public network point records; not unique towers and not geographic coverage percentage
6203,Litueche,6,Libertador General Bernardo O'Higgins,2025-03,WOM,5G,4,SUBTEL public network point records; not unique towers and not geographic coverage percentage
6204,Marchihue,6,Libertador General Bernardo O'Higgins,2025-03,Claro,4G,1,SUBTEL public network point records; not unique towers and not geographic coverage percentage
6204,Marchihue,6,Libertador General Bernardo O'Higgins,2025-03,Entel,4G,6,SUBTEL public network point records; not unique towers and not geographic coverage percentage
6204,Marchihue,6,Libertador General Bernardo O'Higgins,2025-03,Movistar,4G,4,SUBTEL public network point records; not unique towers and not geographic coverage percentage
6204,Marchihue,6,Libertador General Bernardo O'Higgins,2025-03,WOM,4G,3,SUBTEL public network point records; not unique towers and not geographic coverage percentage
6204,Marchihue,6,Libertador General Bernardo O'Higgins,2025-03,Claro,5G,0,SUBTEL public network point records; not unique towers and not geographic coverage percentage
6204,Marchihue,6,Libertador General Bernardo O'Higgins,2025-03,Entel,5G,1,SUBTEL public network point records; not unique towers and not geographic coverage percentage
6204,Marchihue,6,Libertador General Bernardo O'Higgins,2025-03,Movistar,5G,2,SUBTEL public network point records; not unique towers and not geographic coverage percentage
6204,Marchihue,6,Libertador General Bernardo O'Higgins,2025-03,WOM,5G,2,SUBTEL public network point records; not unique towers and not geographic coverage percentage
6205,Navidad,6,Libertador General Bernardo O'Higgins,2025-03,Claro,4G,3,SUBTEL public network point records; not unique towers and not geographic coverage percentage
6205,Navidad,6,Libertador General Bernardo O'Higgins,2025-03,Entel,4G,10,SUBTEL public network point records; not unique towers and not geographic coverage percentage
6205,Navidad,6,Libertador General Bernardo O'Higgins,2025-03,Movistar,4G,4,SUBTEL public network point records; not unique towers and not geographic coverage percentage
6205,Navidad,6,Libertador General Bernardo O'Higgins,2025-03,WOM,4G,8,SUBTEL public network point records; not unique towers and not geographic coverage percentage
6205,Navidad,6,Libertador General Bernardo O'Higgins,2025-03,Claro,5G,0,SUBTEL public network point records; not unique towers and not geographic coverage percentage
6205,Navidad,6,Libertador General Bernardo O'Higgins,2025-03,Entel,5G,1,SUBTEL public network point records; not unique towers and not geographic coverage percentage
6205,Navidad,6,Libertador General Bernardo O'Higgins,2025-03,Movistar,5G,4,SUBTEL public network point records; not unique towers and not geographic coverage percentage
6205,Navidad,6,Libertador General Bernardo O'Higgins,2025-03,WOM,5G,4,SUBTEL public network point records; not unique towers and not geographic coverage percentage
6206,Paredones,6,Libertador General Bernardo O'Higgins,2025-03,Claro,4G,2,SUBTEL public network point records; not unique towers and not geographic coverage percentage
6206,Paredones,6,Libertador General Bernardo O'Higgins,2025-03,Entel,4G,7,SUBTEL public network point records; not unique towers and not geographic coverage percentage
6206,Paredones,6,Libertador General Bernardo O'Higgins,2025-03,Movistar,4G,5,SUBTEL public network point records; not unique towers and not geographic coverage percentage
6206,Paredones,6,Libertador General Bernardo O'Higgins,2025-03,WOM,4G,6,SUBTEL public network point records; not unique towers and not geographic coverage percentage
6206,Paredones,6,Libertador General Bernardo O'Higgins,2025-03,Claro,5G,0,SUBTEL public network point records; not unique towers and not geographic coverage percentage
6206,Paredones,6,Libertador General Bernardo O'Higgins,2025-03,Entel,5G,3,SUBTEL public network point records; not unique towers and not geographic coverage percentage
6206,Paredones,6,Libertador General Bernardo O'Higgins,2025-03,Movistar,5G,3,SUBTEL public network point records; not unique towers and not geographic coverage percentage
6206,Paredones,6,Libertador General Bernardo O'Higgins,2025-03,WOM,5G,1,SUBTEL public network point records; not unique towers and not geographic coverage percentage
6301,San Fernando,6,Libertador General Bernardo O'Higgins,2025-03,Claro,4G,11,SUBTEL public network point records; not unique towers and not geographic coverage percentage
6301,San Fernando,6,Libertador General Bernardo O'Higgins,2025-03,Entel,4G,39,SUBTEL public network point records; not unique towers and not geographic coverage percentage
6301,San Fernando,6,Libertador General Bernardo O'Higgins,2025-03,Movistar,4G,19,SUBTEL public network point records; not unique towers and not geographic coverage percentage
6301,San Fernando,6,Libertador General Bernardo O'Higgins,2025-03,WOM,4G,16,SUBTEL public network point records; not unique towers and not geographic coverage percentage
6301,San Fernando,6,Libertador General Bernardo O'Higgins,2025-03,Claro,5G,0,SUBTEL public network point records; not unique towers and not geographic coverage percentage
6301,San Fernando,6,Libertador General Bernardo O'Higgins,2025-03,Entel,5G,6,SUBTEL public network point records; not unique towers and not geographic coverage percentage
6301,San Fernando,6,Libertador General Bernardo O'Higgins,2025-03,Movistar,5G,2,SUBTEL public network point records; not unique towers and not geographic coverage percentage
6301,San Fernando,6,Libertador General Bernardo O'Higgins,2025-03,WOM,5G,7,SUBTEL public network point records; not unique towers and not geographic coverage percentage
6302,Chépica,6,Libertador General Bernardo O'Higgins,2025-03,Claro,4G,3,SUBTEL public network point records; not unique towers and not geographic coverage percentage
6302,Chépica,6,Libertador General Bernardo O'Higgins,2025-03,Entel,4G,8,SUBTEL public network point records; not unique towers and not geographic coverage percentage
6302,Chépica,6,Libertador General Bernardo O'Higgins,2025-03,Movistar,4G,3,SUBTEL public network point records; not unique towers and not geographic coverage percentage
6302,Chépica,6,Libertador General Bernardo O'Higgins,2025-03,WOM,4G,7,SUBTEL public network point records; not unique towers and not geographic coverage percentage
6302,Chépica,6,Libertador General Bernardo O'Higgins,2025-03,Claro,5G,0,SUBTEL public network point records; not unique towers and not geographic coverage percentage
6302,Chépica,6,Libertador General Bernardo O'Higgins,2025-03,Entel,5G,3,SUBTEL public network point records; not unique towers and not geographic coverage percentage
6302,Chépica,6,Libertador General Bernardo O'Higgins,2025-03,Movistar,5G,2,SUBTEL public network point records; not unique towers and not geographic coverage percentage
6302,Chépica,6,Libertador General Bernardo O'Higgins,2025-03,WOM,5G,4,SUBTEL public network point records; not unique towers and not geographic coverage percentage
6303,Chimbarongo,6,Libertador General Bernardo O'Higgins,2025-03,Claro,4G,5,SUBTEL public network point records; not unique towers and not geographic coverage percentage
6303,Chimbarongo,6,Libertador General Bernardo O'Higgins,2025-03,Entel,4G,17,SUBTEL public network point records; not unique towers and not geographic coverage percentage
6303,Chimbarongo,6,Libertador General Bernardo O'Higgins,2025-03,Movistar,4G,9,SUBTEL public network point records; not unique towers and not geographic coverage percentage
6303,Chimbarongo,6,Libertador General Bernardo O'Higgins,2025-03,WOM,4G,22,SUBTEL public network point records; not unique towers and not geographic coverage percentage
6303,Chimbarongo,6,Libertador General Bernardo O'Higgins,2025-03,Claro,5G,0,SUBTEL public network point records; not unique towers and not geographic coverage percentage
6303,Chimbarongo,6,Libertador General Bernardo O'Higgins,2025-03,Entel,5G,2,SUBTEL public network point records; not unique towers and not geographic coverage percentage
6303,Chimbarongo,6,Libertador General Bernardo O'Higgins,2025-03,Movistar,5G,4,SUBTEL public network point records; not unique towers and not geographic coverage percentage
6303,Chimbarongo,6,Libertador General Bernardo O'Higgins,2025-03,WOM,5G,3,SUBTEL public network point records; not unique towers and not geographic coverage percentage
6304,Lolol,6,Libertador General Bernardo O'Higgins,2025-03,Claro,4G,1,SUBTEL public network point records; not unique towers and not geographic coverage percentage
6304,Lolol,6,Libertador General Bernardo O'Higgins,2025-03,Entel,4G,7,SUBTEL public network point records; not unique towers and not geographic coverage percentage
6304,Lolol,6,Libertador General Bernardo O'Higgins,2025-03,Movistar,4G,3,SUBTEL public network point records; not unique towers and not geographic coverage percentage
6304,Lolol,6,Libertador General Bernardo O'Higgins,2025-03,WOM,4G,5,SUBTEL public network point records; not unique towers and not geographic coverage percentage
6304,Lolol,6,Libertador General Bernardo O'Higgins,2025-03,Claro,5G,0,SUBTEL public network point records; not unique towers and not geographic coverage percentage
6304,Lolol,6,Libertador General Bernardo O'Higgins,2025-03,Entel,5G,4,SUBTEL public network point records; not unique towers and not geographic coverage percentage
6304,Lolol,6,Libertador General Bernardo O'Higgins,2025-03,Movistar,5G,3,SUBTEL public network point records; not unique towers and not geographic coverage percentage
6304,Lolol,6,Libertador General Bernardo O'Higgins,2025-03,WOM,5G,3,SUBTEL public network point records; not unique towers and not geographic coverage percentage
6305,Nancagua,6,Libertador General Bernardo O'Higgins,2025-03,Claro,4G,3,SUBTEL public network point records; not unique towers and not geographic coverage percentage
6305,Nancagua,6,Libertador General Bernardo O'Higgins,2025-03,Entel,4G,6,SUBTEL public network point records; not unique towers and not geographic coverage percentage
6305,Nancagua,6,Libertador General Bernardo O'Higgins,2025-03,Movistar,4G,4,SUBTEL public network point records; not unique towers and not geographic coverage percentage
6305,Nancagua,6,Libertador General Bernardo O'Higgins,2025-03,WOM,4G,6,SUBTEL public network point records; not unique towers and not geographic coverage percentage
6305,Nancagua,6,Libertador General Bernardo O'Higgins,2025-03,Claro,5G,0,SUBTEL public network point records; not unique towers and not geographic coverage percentage
6305,Nancagua,6,Libertador General Bernardo O'Higgins,2025-03,Entel,5G,3,SUBTEL public network point records; not unique towers and not geographic coverage percentage
6305,Nancagua,6,Libertador General Bernardo O'Higgins,2025-03,Movistar,5G,4,SUBTEL public network point records; not unique towers and not geographic coverage percentage
6305,Nancagua,6,Libertador General Bernardo O'Higgins,2025-03,WOM,5G,2,SUBTEL public network point records; not unique towers and not geographic coverage percentage
6306,Palmilla,6,Libertador General Bernardo O'Higgins,2025-03,Claro,4G,2,SUBTEL public network point records; not unique towers and not geographic coverage percentage
6306,Palmilla,6,Libertador General Bernardo O'Higgins,2025-03,Entel,4G,4,SUBTEL public network point records; not unique towers and not geographic coverage percentage
6306,Palmilla,6,Libertador General Bernardo O'Higgins,2025-03,Movistar,4G,3,SUBTEL public network point records; not unique towers and not geographic coverage percentage
6306,Palmilla,6,Libertador General Bernardo O'Higgins,2025-03,WOM,4G,6,SUBTEL public network point records; not unique towers and not geographic coverage percentage
6306,Palmilla,6,Libertador General Bernardo O'Higgins,2025-03,Claro,5G,0,SUBTEL public network point records; not unique towers and not geographic coverage percentage
6306,Palmilla,6,Libertador General Bernardo O'Higgins,2025-03,Entel,5G,3,SUBTEL public network point records; not unique towers and not geographic coverage percentage
6306,Palmilla,6,Libertador General Bernardo O'Higgins,2025-03,Movistar,5G,3,SUBTEL public network point records; not unique towers and not geographic coverage percentage
6306,Palmilla,6,Libertador General Bernardo O'Higgins,2025-03,WOM,5G,4,SUBTEL public network point records; not unique towers and not geographic coverage percentage
6307,Peralillo,6,Libertador General Bernardo O'Higgins,2025-03,Claro,4G,3,SUBTEL public network point records; not unique towers and not geographic coverage percentage
6307,Peralillo,6,Libertador General Bernardo O'Higgins,2025-03,Entel,4G,5,SUBTEL public network point records; not unique towers and not geographic coverage percentage
6307,Peralillo,6,Libertador General Bernardo O'Higgins,2025-03,Movistar,4G,3,SUBTEL public network point records; not unique towers and not geographic coverage percentage
6307,Peralillo,6,Libertador General Bernardo O'Higgins,2025-03,WOM,4G,4,SUBTEL public network point records; not unique towers and not geographic coverage percentage
6307,Peralillo,6,Libertador General Bernardo O'Higgins,2025-03,Claro,5G,0,SUBTEL public network point records; not unique towers and not geographic coverage percentage
6307,Peralillo,6,Libertador General Bernardo O'Higgins,2025-03,Entel,5G,2,SUBTEL public network point records; not unique towers and not geographic coverage percentage
6307,Peralillo,6,Libertador General Bernardo O'Higgins,2025-03,Movistar,5G,1,SUBTEL public network point records; not unique towers and not geographic coverage percentage
6307,Peralillo,6,Libertador General Bernardo O'Higgins,2025-03,WOM,5G,2,SUBTEL public network point records; not unique towers and not geographic coverage percentage
6308,Placilla,6,Libertador General Bernardo O'Higgins,2025-03,Claro,4G,0,SUBTEL public network point records; not unique towers and not geographic coverage percentage
6308,Placilla,6,Libertador General Bernardo O'Higgins,2025-03,Entel,4G,3,SUBTEL public network point records; not unique towers and not geographic coverage percentage
6308,Placilla,6,Libertador General Bernardo O'Higgins,2025-03,Movistar,4G,3,SUBTEL public network point records; not unique towers and not geographic coverage percentage
6308,Placilla,6,Libertador General Bernardo O'Higgins,2025-03,WOM,4G,3,SUBTEL public network point records; not unique towers and not geographic coverage percentage
6308,Placilla,6,Libertador General Bernardo O'Higgins,2025-03,Claro,5G,0,SUBTEL public network point records; not unique towers and not geographic coverage percentage
6308,Placilla,6,Libertador General Bernardo O'Higgins,2025-03,Entel,5G,2,SUBTEL public network point records; not unique towers and not geographic coverage percentage
6308,Placilla,6,Libertador General Bernardo O'Higgins,2025-03,Movistar,5G,2,SUBTEL public network point records; not unique towers and not geographic coverage percentage
6308,Placilla,6,Libertador General Bernardo O'Higgins,2025-03,WOM,5G,2,SUBTEL public network point records; not unique towers and not geographic coverage percentage
6309,Pumanque,6,Libertador General Bernardo O'Higgins,2025-03,Claro,4G,3,SUBTEL public network point records; not unique towers and not geographic coverage percentage
6309,Pumanque,6,Libertador General Bernardo O'Higgins,2025-03,Entel,4G,5,SUBTEL public network point records; not unique towers and not geographic coverage percentage
6309,Pumanque,6,Libertador General Bernardo O'Higgins,2025-03,Movistar,4G,3,SUBTEL public network point records; not unique towers and not geographic coverage percentage
6309,Pumanque,6,Libertador General Bernardo O'Higgins,2025-03,WOM,4G,6,SUBTEL public network point records; not unique towers and not geographic coverage percentage
6309,Pumanque,6,Libertador General Bernardo O'Higgins,2025-03,Claro,5G,0,SUBTEL public network point records; not unique towers and not geographic coverage percentage
6309,Pumanque,6,Libertador General Bernardo O'Higgins,2025-03,Entel,5G,0,SUBTEL public network point records; not unique towers and not geographic coverage percentage
6309,Pumanque,6,Libertador General Bernardo O'Higgins,2025-03,Movistar,5G,3,SUBTEL public network point records; not unique towers and not geographic coverage percentage
6309,Pumanque,6,Libertador General Bernardo O'Higgins,2025-03,WOM,5G,3,SUBTEL public network point records; not unique towers and not geographic coverage percentage
6310,Santa Cruz,6,Libertador General Bernardo O'Higgins,2025-03,Claro,4G,6,SUBTEL public network point records; not unique towers and not geographic coverage percentage
6310,Santa Cruz,6,Libertador General Bernardo O'Higgins,2025-03,Entel,4G,24,SUBTEL public network point records; not unique towers and not geographic coverage percentage
6310,Santa Cruz,6,Libertador General Bernardo O'Higgins,2025-03,Movistar,4G,10,SUBTEL public network point records; not unique towers and not geographic coverage percentage
6310,Santa Cruz,6,Libertador General Bernardo O'Higgins,2025-03,WOM,4G,17,SUBTEL public network point records; not unique towers and not geographic coverage percentage
6310,Santa Cruz,6,Libertador General Bernardo O'Higgins,2025-03,Claro,5G,0,SUBTEL public network point records; not unique towers and not geographic coverage percentage
6310,Santa Cruz,6,Libertador General Bernardo O'Higgins,2025-03,Entel,5G,4,SUBTEL public network point records; not unique towers and not geographic coverage percentage
6310,Santa Cruz,6,Libertador General Bernardo O'Higgins,2025-03,Movistar,5G,1,SUBTEL public network point records; not unique towers and not geographic coverage percentage
6310,Santa Cruz,6,Libertador General Bernardo O'Higgins,2025-03,WOM,5G,3,SUBTEL public network point records; not unique towers and not geographic coverage percentage
7101,Talca,7,Maule,2025-03,Claro,4G,33,SUBTEL public network point records; not unique towers and not geographic coverage percentage
7101,Talca,7,Maule,2025-03,Entel,4G,117,SUBTEL public network point records; not unique towers and not geographic coverage percentage
7101,Talca,7,Maule,2025-03,Movistar,4G,47,SUBTEL public network point records; not unique towers and not geographic coverage percentage
7101,Talca,7,Maule,2025-03,WOM,4G,42,SUBTEL public network point records; not unique towers and not geographic coverage percentage
7101,Talca,7,Maule,2025-03,Claro,5G,0,SUBTEL public network point records; not unique towers and not geographic coverage percentage
7101,Talca,7,Maule,2025-03,Entel,5G,5,SUBTEL public network point records; not unique towers and not geographic coverage percentage
7101,Talca,7,Maule,2025-03,Movistar,5G,33,SUBTEL public network point records; not unique towers and not geographic coverage percentage
7101,Talca,7,Maule,2025-03,WOM,5G,6,SUBTEL public network point records; not unique towers and not geographic coverage percentage
7102,Constitución,7,Maule,2025-03,Claro,4G,9,SUBTEL public network point records; not unique towers and not geographic coverage percentage
7102,Constitución,7,Maule,2025-03,Entel,4G,42,SUBTEL public network point records; not unique towers and not geographic coverage percentage
7102,Constitución,7,Maule,2025-03,Movistar,4G,13,SUBTEL public network point records; not unique towers and not geographic coverage percentage
7102,Constitución,7,Maule,2025-03,WOM,4G,21,SUBTEL public network point records; not unique towers and not geographic coverage percentage
7102,Constitución,7,Maule,2025-03,Claro,5G,0,SUBTEL public network point records; not unique towers and not geographic coverage percentage
7102,Constitución,7,Maule,2025-03,Entel,5G,4,SUBTEL public network point records; not unique towers and not geographic coverage percentage
7102,Constitución,7,Maule,2025-03,Movistar,5G,4,SUBTEL public network point records; not unique towers and not geographic coverage percentage
7102,Constitución,7,Maule,2025-03,WOM,5G,1,SUBTEL public network point records; not unique towers and not geographic coverage percentage
7103,Curepto,7,Maule,2025-03,Claro,4G,2,SUBTEL public network point records; not unique towers and not geographic coverage percentage
7103,Curepto,7,Maule,2025-03,Entel,4G,8,SUBTEL public network point records; not unique towers and not geographic coverage percentage
7103,Curepto,7,Maule,2025-03,Movistar,4G,4,SUBTEL public network point records; not unique towers and not geographic coverage percentage
7103,Curepto,7,Maule,2025-03,WOM,4G,8,SUBTEL public network point records; not unique towers and not geographic coverage percentage
7103,Curepto,7,Maule,2025-03,Claro,5G,0,SUBTEL public network point records; not unique towers and not geographic coverage percentage
7103,Curepto,7,Maule,2025-03,Entel,5G,2,SUBTEL public network point records; not unique towers and not geographic coverage percentage
7103,Curepto,7,Maule,2025-03,Movistar,5G,4,SUBTEL public network point records; not unique towers and not geographic coverage percentage
7103,Curepto,7,Maule,2025-03,WOM,5G,4,SUBTEL public network point records; not unique towers and not geographic coverage percentage
7104,Empedrado,7,Maule,2025-03,Claro,4G,2,SUBTEL public network point records; not unique towers and not geographic coverage percentage
7104,Empedrado,7,Maule,2025-03,Entel,4G,5,SUBTEL public network point records; not unique towers and not geographic coverage percentage
7104,Empedrado,7,Maule,2025-03,Movistar,4G,4,SUBTEL public network point records; not unique towers and not geographic coverage percentage
7104,Empedrado,7,Maule,2025-03,WOM,4G,2,SUBTEL public network point records; not unique towers and not geographic coverage percentage
7104,Empedrado,7,Maule,2025-03,Claro,5G,0,SUBTEL public network point records; not unique towers and not geographic coverage percentage
7104,Empedrado,7,Maule,2025-03,Entel,5G,0,SUBTEL public network point records; not unique towers and not geographic coverage percentage
7104,Empedrado,7,Maule,2025-03,Movistar,5G,4,SUBTEL public network point records; not unique towers and not geographic coverage percentage
7104,Empedrado,7,Maule,2025-03,WOM,5G,0,SUBTEL public network point records; not unique towers and not geographic coverage percentage
7105,Maule,7,Maule,2025-03,Claro,4G,2,SUBTEL public network point records; not unique towers and not geographic coverage percentage
7105,Maule,7,Maule,2025-03,Entel,4G,16,SUBTEL public network point records; not unique towers and not geographic coverage percentage
7105,Maule,7,Maule,2025-03,Movistar,4G,10,SUBTEL public network point records; not unique towers and not geographic coverage percentage
7105,Maule,7,Maule,2025-03,WOM,4G,13,SUBTEL public network point records; not unique towers and not geographic coverage percentage
7105,Maule,7,Maule,2025-03,Claro,5G,0,SUBTEL public network point records; not unique towers and not geographic coverage percentage
7105,Maule,7,Maule,2025-03,Entel,5G,3,SUBTEL public network point records; not unique towers and not geographic coverage percentage
7105,Maule,7,Maule,2025-03,Movistar,5G,4,SUBTEL public network point records; not unique towers and not geographic coverage percentage
7105,Maule,7,Maule,2025-03,WOM,5G,2,SUBTEL public network point records; not unique towers and not geographic coverage percentage
7106,Pelarco,7,Maule,2025-03,Claro,4G,2,SUBTEL public network point records; not unique towers and not geographic coverage percentage
7106,Pelarco,7,Maule,2025-03,Entel,4G,4,SUBTEL public network point records; not unique towers and not geographic coverage percentage
7106,Pelarco,7,Maule,2025-03,Movistar,4G,4,SUBTEL public network point records; not unique towers and not geographic coverage percentage
7106,Pelarco,7,Maule,2025-03,WOM,4G,4,SUBTEL public network point records; not unique towers and not geographic coverage percentage
7106,Pelarco,7,Maule,2025-03,Claro,5G,0,SUBTEL public network point records; not unique towers and not geographic coverage percentage
7106,Pelarco,7,Maule,2025-03,Entel,5G,2,SUBTEL public network point records; not unique towers and not geographic coverage percentage
7106,Pelarco,7,Maule,2025-03,Movistar,5G,3,SUBTEL public network point records; not unique towers and not geographic coverage percentage
7106,Pelarco,7,Maule,2025-03,WOM,5G,2,SUBTEL public network point records; not unique towers and not geographic coverage percentage
7107,Pencahue,7,Maule,2025-03,Claro,4G,4,SUBTEL public network point records; not unique towers and not geographic coverage percentage
7107,Pencahue,7,Maule,2025-03,Entel,4G,9,SUBTEL public network point records; not unique towers and not geographic coverage percentage
7107,Pencahue,7,Maule,2025-03,Movistar,4G,7,SUBTEL public network point records; not unique towers and not geographic coverage percentage
7107,Pencahue,7,Maule,2025-03,WOM,4G,7,SUBTEL public network point records; not unique towers and not geographic coverage percentage
7107,Pencahue,7,Maule,2025-03,Claro,5G,0,SUBTEL public network point records; not unique towers and not geographic coverage percentage
7107,Pencahue,7,Maule,2025-03,Entel,5G,3,SUBTEL public network point records; not unique towers and not geographic coverage percentage
7107,Pencahue,7,Maule,2025-03,Movistar,5G,5,SUBTEL public network point records; not unique towers and not geographic coverage percentage
7107,Pencahue,7,Maule,2025-03,WOM,5G,4,SUBTEL public network point records; not unique towers and not geographic coverage percentage
7108,Río Claro,7,Maule,2025-03,Claro,4G,2,SUBTEL public network point records; not unique towers and not geographic coverage percentage
7108,Río Claro,7,Maule,2025-03,Entel,4G,11,SUBTEL public network point records; not unique towers and not geographic coverage percentage
7108,Río Claro,7,Maule,2025-03,Movistar,4G,2,SUBTEL public network point records; not unique towers and not geographic coverage percentage
7108,Río Claro,7,Maule,2025-03,WOM,4G,7,SUBTEL public network point records; not unique towers and not geographic coverage percentage
7108,Río Claro,7,Maule,2025-03,Claro,5G,0,SUBTEL public network point records; not unique towers and not geographic coverage percentage
7108,Río Claro,7,Maule,2025-03,Entel,5G,2,SUBTEL public network point records; not unique towers and not geographic coverage percentage
7108,Río Claro,7,Maule,2025-03,Movistar,5G,2,SUBTEL public network point records; not unique towers and not geographic coverage percentage
7108,Río Claro,7,Maule,2025-03,WOM,5G,3,SUBTEL public network point records; not unique towers and not geographic coverage percentage
7109,San Clemente,7,Maule,2025-03,Claro,4G,7,SUBTEL public network point records; not unique towers and not geographic coverage percentage
7109,San Clemente,7,Maule,2025-03,Entel,4G,26,SUBTEL public network point records; not unique towers and not geographic coverage percentage
7109,San Clemente,7,Maule,2025-03,Movistar,4G,8,SUBTEL public network point records; not unique towers and not geographic coverage percentage
7109,San Clemente,7,Maule,2025-03,WOM,4G,16,SUBTEL public network point records; not unique towers and not geographic coverage percentage
7109,San Clemente,7,Maule,2025-03,Claro,5G,0,SUBTEL public network point records; not unique towers and not geographic coverage percentage
7109,San Clemente,7,Maule,2025-03,Entel,5G,2,SUBTEL public network point records; not unique towers and not geographic coverage percentage
7109,San Clemente,7,Maule,2025-03,Movistar,5G,1,SUBTEL public network point records; not unique towers and not geographic coverage percentage
7109,San Clemente,7,Maule,2025-03,WOM,5G,2,SUBTEL public network point records; not unique towers and not geographic coverage percentage
7110,San Rafael,7,Maule,2025-03,Claro,4G,2,SUBTEL public network point records; not unique towers and not geographic coverage percentage
7110,San Rafael,7,Maule,2025-03,Entel,4G,5,SUBTEL public network point records; not unique towers and not geographic coverage percentage
7110,San Rafael,7,Maule,2025-03,Movistar,4G,1,SUBTEL public network point records; not unique towers and not geographic coverage percentage
7110,San Rafael,7,Maule,2025-03,WOM,4G,4,SUBTEL public network point records; not unique towers and not geographic coverage percentage
7110,San Rafael,7,Maule,2025-03,Claro,5G,0,SUBTEL public network point records; not unique towers and not geographic coverage percentage
7110,San Rafael,7,Maule,2025-03,Entel,5G,2,SUBTEL public network point records; not unique towers and not geographic coverage percentage
7110,San Rafael,7,Maule,2025-03,Movistar,5G,1,SUBTEL public network point records; not unique towers and not geographic coverage percentage
7110,San Rafael,7,Maule,2025-03,WOM,5G,1,SUBTEL public network point records; not unique towers and not geographic coverage percentage
7201,Cauquenes,7,Maule,2025-03,Claro,4G,6,SUBTEL public network point records; not unique towers and not geographic coverage percentage
7201,Cauquenes,7,Maule,2025-03,Entel,4G,26,SUBTEL public network point records; not unique towers and not geographic coverage percentage
7201,Cauquenes,7,Maule,2025-03,Movistar,4G,7,SUBTEL public network point records; not unique towers and not geographic coverage percentage
7201,Cauquenes,7,Maule,2025-03,WOM,4G,17,SUBTEL public network point records; not unique towers and not geographic coverage percentage
7201,Cauquenes,7,Maule,2025-03,Claro,5G,0,SUBTEL public network point records; not unique towers and not geographic coverage percentage
7201,Cauquenes,7,Maule,2025-03,Entel,5G,4,SUBTEL public network point records; not unique towers and not geographic coverage percentage
7201,Cauquenes,7,Maule,2025-03,Movistar,5G,2,SUBTEL public network point records; not unique towers and not geographic coverage percentage
7201,Cauquenes,7,Maule,2025-03,WOM,5G,7,SUBTEL public network point records; not unique towers and not geographic coverage percentage
7202,Chanco,7,Maule,2025-03,Claro,4G,4,SUBTEL public network point records; not unique towers and not geographic coverage percentage
7202,Chanco,7,Maule,2025-03,Entel,4G,11,SUBTEL public network point records; not unique towers and not geographic coverage percentage
7202,Chanco,7,Maule,2025-03,Movistar,4G,3,SUBTEL public network point records; not unique towers and not geographic coverage percentage
7202,Chanco,7,Maule,2025-03,WOM,4G,6,SUBTEL public network point records; not unique towers and not geographic coverage percentage
7202,Chanco,7,Maule,2025-03,Claro,5G,0,SUBTEL public network point records; not unique towers and not geographic coverage percentage
7202,Chanco,7,Maule,2025-03,Entel,5G,3,SUBTEL public network point records; not unique towers and not geographic coverage percentage
7202,Chanco,7,Maule,2025-03,Movistar,5G,3,SUBTEL public network point records; not unique towers and not geographic coverage percentage
7202,Chanco,7,Maule,2025-03,WOM,5G,3,SUBTEL public network point records; not unique towers and not geographic coverage percentage
7203,Pelluhue,7,Maule,2025-03,Claro,4G,3,SUBTEL public network point records; not unique towers and not geographic coverage percentage
7203,Pelluhue,7,Maule,2025-03,Entel,4G,12,SUBTEL public network point records; not unique towers and not geographic coverage percentage
7203,Pelluhue,7,Maule,2025-03,Movistar,4G,5,SUBTEL public network point records; not unique towers and not geographic coverage percentage
7203,Pelluhue,7,Maule,2025-03,WOM,4G,16,SUBTEL public network point records; not unique towers and not geographic coverage percentage
7203,Pelluhue,7,Maule,2025-03,Claro,5G,0,SUBTEL public network point records; not unique towers and not geographic coverage percentage
7203,Pelluhue,7,Maule,2025-03,Entel,5G,2,SUBTEL public network point records; not unique towers and not geographic coverage percentage
7203,Pelluhue,7,Maule,2025-03,Movistar,5G,4,SUBTEL public network point records; not unique towers and not geographic coverage percentage
7203,Pelluhue,7,Maule,2025-03,WOM,5G,6,SUBTEL public network point records; not unique towers and not geographic coverage percentage
7301,Curicó,7,Maule,2025-03,Claro,4G,18,SUBTEL public network point records; not unique towers and not geographic coverage percentage
7301,Curicó,7,Maule,2025-03,Entel,4G,78,SUBTEL public network point records; not unique towers and not geographic coverage percentage
7301,Curicó,7,Maule,2025-03,Movistar,4G,27,SUBTEL public network point records; not unique towers and not geographic coverage percentage
7301,Curicó,7,Maule,2025-03,WOM,4G,30,SUBTEL public network point records; not unique towers and not geographic coverage percentage
7301,Curicó,7,Maule,2025-03,Claro,5G,0,SUBTEL public network point records; not unique towers and not geographic coverage percentage
7301,Curicó,7,Maule,2025-03,Entel,5G,7,SUBTEL public network point records; not unique towers and not geographic coverage percentage
7301,Curicó,7,Maule,2025-03,Movistar,5G,8,SUBTEL public network point records; not unique towers and not geographic coverage percentage
7301,Curicó,7,Maule,2025-03,WOM,5G,6,SUBTEL public network point records; not unique towers and not geographic coverage percentage
7302,Hualañé,7,Maule,2025-03,Claro,4G,7,SUBTEL public network point records; not unique towers and not geographic coverage percentage
7302,Hualañé,7,Maule,2025-03,Entel,4G,6,SUBTEL public network point records; not unique towers and not geographic coverage percentage
7302,Hualañé,7,Maule,2025-03,Movistar,4G,5,SUBTEL public network point records; not unique towers and not geographic coverage percentage
7302,Hualañé,7,Maule,2025-03,WOM,4G,10,SUBTEL public network point records; not unique towers and not geographic coverage percentage
7302,Hualañé,7,Maule,2025-03,Claro,5G,0,SUBTEL public network point records; not unique towers and not geographic coverage percentage
7302,Hualañé,7,Maule,2025-03,Entel,5G,3,SUBTEL public network point records; not unique towers and not geographic coverage percentage
7302,Hualañé,7,Maule,2025-03,Movistar,5G,4,SUBTEL public network point records; not unique towers and not geographic coverage percentage
7302,Hualañé,7,Maule,2025-03,WOM,5G,4,SUBTEL public network point records; not unique towers and not geographic coverage percentage
7303,Licantén,7,Maule,2025-03,Claro,4G,3,SUBTEL public network point records; not unique towers and not geographic coverage percentage
7303,Licantén,7,Maule,2025-03,Entel,4G,13,SUBTEL public network point records; not unique towers and not geographic coverage percentage
7303,Licantén,7,Maule,2025-03,Movistar,4G,5,SUBTEL public network point records; not unique towers and not geographic coverage percentage
7303,Licantén,7,Maule,2025-03,WOM,4G,13,SUBTEL public network point records; not unique towers and not geographic coverage percentage
7303,Licantén,7,Maule,2025-03,Claro,5G,0,SUBTEL public network point records; not unique towers and not geographic coverage percentage
7303,Licantén,7,Maule,2025-03,Entel,5G,2,SUBTEL public network point records; not unique towers and not geographic coverage percentage
7303,Licantén,7,Maule,2025-03,Movistar,5G,5,SUBTEL public network point records; not unique towers and not geographic coverage percentage
7303,Licantén,7,Maule,2025-03,WOM,5G,5,SUBTEL public network point records; not unique towers and not geographic coverage percentage
7304,Molina,7,Maule,2025-03,Claro,4G,6,SUBTEL public network point records; not unique towers and not geographic coverage percentage
7304,Molina,7,Maule,2025-03,Entel,4G,13,SUBTEL public network point records; not unique towers and not geographic coverage percentage
7304,Molina,7,Maule,2025-03,Movistar,4G,6,SUBTEL public network point records; not unique towers and not geographic coverage percentage
7304,Molina,7,Maule,2025-03,WOM,4G,25,SUBTEL public network point records; not unique towers and not geographic coverage percentage
7304,Molina,7,Maule,2025-03,Claro,5G,0,SUBTEL public network point records; not unique towers and not geographic coverage percentage
7304,Molina,7,Maule,2025-03,Entel,5G,4,SUBTEL public network point records; not unique towers and not geographic coverage percentage
7304,Molina,7,Maule,2025-03,Movistar,5G,5,SUBTEL public network point records; not unique towers and not geographic coverage percentage
7304,Molina,7,Maule,2025-03,WOM,5G,4,SUBTEL public network point records; not unique towers and not geographic coverage percentage
7305,Rauco,7,Maule,2025-03,Claro,4G,3,SUBTEL public network point records; not unique towers and not geographic coverage percentage
7305,Rauco,7,Maule,2025-03,Entel,4G,5,SUBTEL public network point records; not unique towers and not geographic coverage percentage
7305,Rauco,7,Maule,2025-03,Movistar,4G,4,SUBTEL public network point records; not unique towers and not geographic coverage percentage
7305,Rauco,7,Maule,2025-03,WOM,4G,6,SUBTEL public network point records; not unique towers and not geographic coverage percentage
7305,Rauco,7,Maule,2025-03,Claro,5G,0,SUBTEL public network point records; not unique towers and not geographic coverage percentage
7305,Rauco,7,Maule,2025-03,Entel,5G,2,SUBTEL public network point records; not unique towers and not geographic coverage percentage
7305,Rauco,7,Maule,2025-03,Movistar,5G,4,SUBTEL public network point records; not unique towers and not geographic coverage percentage
7305,Rauco,7,Maule,2025-03,WOM,5G,2,SUBTEL public network point records; not unique towers and not geographic coverage percentage
7306,Romeral,7,Maule,2025-03,Claro,4G,2,SUBTEL public network point records; not unique towers and not geographic coverage percentage
7306,Romeral,7,Maule,2025-03,Entel,4G,9,SUBTEL public network point records; not unique towers and not geographic coverage percentage
7306,Romeral,7,Maule,2025-03,Movistar,4G,2,SUBTEL public network point records; not unique towers and not geographic coverage percentage
7306,Romeral,7,Maule,2025-03,WOM,4G,8,SUBTEL public network point records; not unique towers and not geographic coverage percentage
7306,Romeral,7,Maule,2025-03,Claro,5G,0,SUBTEL public network point records; not unique towers and not geographic coverage percentage
7306,Romeral,7,Maule,2025-03,Entel,5G,3,SUBTEL public network point records; not unique towers and not geographic coverage percentage
7306,Romeral,7,Maule,2025-03,Movistar,5G,1,SUBTEL public network point records; not unique towers and not geographic coverage percentage
7306,Romeral,7,Maule,2025-03,WOM,5G,3,SUBTEL public network point records; not unique towers and not geographic coverage percentage
7307,Sagrada Familia,7,Maule,2025-03,Claro,4G,2,SUBTEL public network point records; not unique towers and not geographic coverage percentage
7307,Sagrada Familia,7,Maule,2025-03,Entel,4G,8,SUBTEL public network point records; not unique towers and not geographic coverage percentage
7307,Sagrada Familia,7,Maule,2025-03,Movistar,4G,3,SUBTEL public network point records; not unique towers and not geographic coverage percentage
7307,Sagrada Familia,7,Maule,2025-03,WOM,4G,7,SUBTEL public network point records; not unique towers and not geographic coverage percentage
7307,Sagrada Familia,7,Maule,2025-03,Claro,5G,0,SUBTEL public network point records; not unique towers and not geographic coverage percentage
7307,Sagrada Familia,7,Maule,2025-03,Entel,5G,2,SUBTEL public network point records; not unique towers and not geographic coverage percentage
7307,Sagrada Familia,7,Maule,2025-03,Movistar,5G,2,SUBTEL public network point records; not unique towers and not geographic coverage percentage
7307,Sagrada Familia,7,Maule,2025-03,WOM,5G,2,SUBTEL public network point records; not unique towers and not geographic coverage percentage
7308,Teno,7,Maule,2025-03,Claro,4G,3,SUBTEL public network point records; not unique towers and not geographic coverage percentage
7308,Teno,7,Maule,2025-03,Entel,4G,12,SUBTEL public network point records; not unique towers and not geographic coverage percentage
7308,Teno,7,Maule,2025-03,Movistar,4G,2,SUBTEL public network point records; not unique towers and not geographic coverage percentage
7308,Teno,7,Maule,2025-03,WOM,4G,7,SUBTEL public network point records; not unique towers and not geographic coverage percentage
7308,Teno,7,Maule,2025-03,Claro,5G,0,SUBTEL public network point records; not unique towers and not geographic coverage percentage
7308,Teno,7,Maule,2025-03,Entel,5G,3,SUBTEL public network point records; not unique towers and not geographic coverage percentage
7308,Teno,7,Maule,2025-03,Movistar,5G,1,SUBTEL public network point records; not unique towers and not geographic coverage percentage
7308,Teno,7,Maule,2025-03,WOM,5G,3,SUBTEL public network point records; not unique towers and not geographic coverage percentage
7309,Vichuquén,7,Maule,2025-03,Claro,4G,3,SUBTEL public network point records; not unique towers and not geographic coverage percentage
7309,Vichuquén,7,Maule,2025-03,Entel,4G,5,SUBTEL public network point records; not unique towers and not geographic coverage percentage
7309,Vichuquén,7,Maule,2025-03,Movistar,4G,6,SUBTEL public network point records; not unique towers and not geographic coverage percentage
7309,Vichuquén,7,Maule,2025-03,WOM,4G,7,SUBTEL public network point records; not unique towers and not geographic coverage percentage
7309,Vichuquén,7,Maule,2025-03,Claro,5G,0,SUBTEL public network point records; not unique towers and not geographic coverage percentage
7309,Vichuquén,7,Maule,2025-03,Entel,5G,3,SUBTEL public network point records; not unique towers and not geographic coverage percentage
7309,Vichuquén,7,Maule,2025-03,Movistar,5G,4,SUBTEL public network point records; not unique towers and not geographic coverage percentage
7309,Vichuquén,7,Maule,2025-03,WOM,5G,2,SUBTEL public network point records; not unique towers and not geographic coverage percentage
7401,Linares,7,Maule,2025-03,Claro,4G,12,SUBTEL public network point records; not unique towers and not geographic coverage percentage
7401,Linares,7,Maule,2025-03,Entel,4G,30,SUBTEL public network point records; not unique towers and not geographic coverage percentage
7401,Linares,7,Maule,2025-03,Movistar,4G,15,SUBTEL public network point records; not unique towers and not geographic coverage percentage
7401,Linares,7,Maule,2025-03,WOM,4G,26,SUBTEL public network point records; not unique towers and not geographic coverage percentage
7401,Linares,7,Maule,2025-03,Claro,5G,0,SUBTEL public network point records; not unique towers and not geographic coverage percentage
7401,Linares,7,Maule,2025-03,Entel,5G,4,SUBTEL public network point records; not unique towers and not geographic coverage percentage
7401,Linares,7,Maule,2025-03,Movistar,5G,6,SUBTEL public network point records; not unique towers and not geographic coverage percentage
7401,Linares,7,Maule,2025-03,WOM,5G,6,SUBTEL public network point records; not unique towers and not geographic coverage percentage
7402,Colbún,7,Maule,2025-03,Claro,4G,5,SUBTEL public network point records; not unique towers and not geographic coverage percentage
7402,Colbún,7,Maule,2025-03,Entel,4G,13,SUBTEL public network point records; not unique towers and not geographic coverage percentage
7402,Colbún,7,Maule,2025-03,Movistar,4G,4,SUBTEL public network point records; not unique towers and not geographic coverage percentage
7402,Colbún,7,Maule,2025-03,WOM,4G,9,SUBTEL public network point records; not unique towers and not geographic coverage percentage
7402,Colbún,7,Maule,2025-03,Claro,5G,0,SUBTEL public network point records; not unique towers and not geographic coverage percentage
7402,Colbún,7,Maule,2025-03,Entel,5G,3,SUBTEL public network point records; not unique towers and not geographic coverage percentage
7402,Colbún,7,Maule,2025-03,Movistar,5G,2,SUBTEL public network point records; not unique towers and not geographic coverage percentage
7402,Colbún,7,Maule,2025-03,WOM,5G,3,SUBTEL public network point records; not unique towers and not geographic coverage percentage
7403,Longaví,7,Maule,2025-03,Claro,4G,8,SUBTEL public network point records; not unique towers and not geographic coverage percentage
7403,Longaví,7,Maule,2025-03,Entel,4G,21,SUBTEL public network point records; not unique towers and not geographic coverage percentage
7403,Longaví,7,Maule,2025-03,Movistar,4G,3,SUBTEL public network point records; not unique towers and not geographic coverage percentage
7403,Longaví,7,Maule,2025-03,WOM,4G,8,SUBTEL public network point records; not unique towers and not geographic coverage percentage
7403,Longaví,7,Maule,2025-03,Claro,5G,0,SUBTEL public network point records; not unique towers and not geographic coverage percentage
7403,Longaví,7,Maule,2025-03,Entel,5G,3,SUBTEL public network point records; not unique towers and not geographic coverage percentage
7403,Longaví,7,Maule,2025-03,Movistar,5G,2,SUBTEL public network point records; not unique towers and not geographic coverage percentage
7403,Longaví,7,Maule,2025-03,WOM,5G,1,SUBTEL public network point records; not unique towers and not geographic coverage percentage
7404,Parral,7,Maule,2025-03,Claro,4G,10,SUBTEL public network point records; not unique towers and not geographic coverage percentage
7404,Parral,7,Maule,2025-03,Entel,4G,19,SUBTEL public network point records; not unique towers and not geographic coverage percentage
7404,Parral,7,Maule,2025-03,Movistar,4G,8,SUBTEL public network point records; not unique towers and not geographic coverage percentage
7404,Parral,7,Maule,2025-03,WOM,4G,14,SUBTEL public network point records; not unique towers and not geographic coverage percentage
7404,Parral,7,Maule,2025-03,Claro,5G,0,SUBTEL public network point records; not unique towers and not geographic coverage percentage
7404,Parral,7,Maule,2025-03,Entel,5G,3,SUBTEL public network point records; not unique towers and not geographic coverage percentage
7404,Parral,7,Maule,2025-03,Movistar,5G,3,SUBTEL public network point records; not unique towers and not geographic coverage percentage
7404,Parral,7,Maule,2025-03,WOM,5G,2,SUBTEL public network point records; not unique towers and not geographic coverage percentage
7405,Retiro,7,Maule,2025-03,Claro,4G,4,SUBTEL public network point records; not unique towers and not geographic coverage percentage
7405,Retiro,7,Maule,2025-03,Entel,4G,13,SUBTEL public network point records; not unique towers and not geographic coverage percentage
7405,Retiro,7,Maule,2025-03,Movistar,4G,5,SUBTEL public network point records; not unique towers and not geographic coverage percentage
7405,Retiro,7,Maule,2025-03,WOM,4G,16,SUBTEL public network point records; not unique towers and not geographic coverage percentage
7405,Retiro,7,Maule,2025-03,Claro,5G,0,SUBTEL public network point records; not unique towers and not geographic coverage percentage
7405,Retiro,7,Maule,2025-03,Entel,5G,3,SUBTEL public network point records; not unique towers and not geographic coverage percentage
7405,Retiro,7,Maule,2025-03,Movistar,5G,4,SUBTEL public network point records; not unique towers and not geographic coverage percentage
7405,Retiro,7,Maule,2025-03,WOM,5G,1,SUBTEL public network point records; not unique towers and not geographic coverage percentage
7406,San Javier,7,Maule,2025-03,Claro,4G,8,SUBTEL public network point records; not unique towers and not geographic coverage percentage
7406,San Javier,7,Maule,2025-03,Entel,4G,25,SUBTEL public network point records; not unique towers and not geographic coverage percentage
7406,San Javier,7,Maule,2025-03,Movistar,4G,14,SUBTEL public network point records; not unique towers and not geographic coverage percentage
7406,San Javier,7,Maule,2025-03,WOM,4G,24,SUBTEL public network point records; not unique towers and not geographic coverage percentage
7406,San Javier,7,Maule,2025-03,Claro,5G,0,SUBTEL public network point records; not unique towers and not geographic coverage percentage
7406,San Javier,7,Maule,2025-03,Entel,5G,3,SUBTEL public network point records; not unique towers and not geographic coverage percentage
7406,San Javier,7,Maule,2025-03,Movistar,5G,4,SUBTEL public network point records; not unique towers and not geographic coverage percentage
7406,San Javier,7,Maule,2025-03,WOM,5G,6,SUBTEL public network point records; not unique towers and not geographic coverage percentage
7407,Villa Alegre,7,Maule,2025-03,Claro,4G,4,SUBTEL public network point records; not unique towers and not geographic coverage percentage
7407,Villa Alegre,7,Maule,2025-03,Entel,4G,8,SUBTEL public network point records; not unique towers and not geographic coverage percentage
7407,Villa Alegre,7,Maule,2025-03,Movistar,4G,4,SUBTEL public network point records; not unique towers and not geographic coverage percentage
7407,Villa Alegre,7,Maule,2025-03,WOM,4G,7,SUBTEL public network point records; not unique towers and not geographic coverage percentage
7407,Villa Alegre,7,Maule,2025-03,Claro,5G,0,SUBTEL public network point records; not unique towers and not geographic coverage percentage
7407,Villa Alegre,7,Maule,2025-03,Entel,5G,2,SUBTEL public network point records; not unique towers and not geographic coverage percentage
7407,Villa Alegre,7,Maule,2025-03,Movistar,5G,2,SUBTEL public network point records; not unique towers and not geographic coverage percentage
7407,Villa Alegre,7,Maule,2025-03,WOM,5G,4,SUBTEL public network point records; not unique towers and not geographic coverage percentage
7408,Yerbas Buenas,7,Maule,2025-03,Claro,4G,3,SUBTEL public network point records; not unique towers and not geographic coverage percentage
7408,Yerbas Buenas,7,Maule,2025-03,Entel,4G,8,SUBTEL public network point records; not unique towers and not geographic coverage percentage
7408,Yerbas Buenas,7,Maule,2025-03,Movistar,4G,3,SUBTEL public network point records; not unique towers and not geographic coverage percentage
7408,Yerbas Buenas,7,Maule,2025-03,WOM,4G,7,SUBTEL public network point records; not unique towers and not geographic coverage percentage
7408,Yerbas Buenas,7,Maule,2025-03,Claro,5G,0,SUBTEL public network point records; not unique towers and not geographic coverage percentage
7408,Yerbas Buenas,7,Maule,2025-03,Entel,5G,2,SUBTEL public network point records; not unique towers and not geographic coverage percentage
7408,Yerbas Buenas,7,Maule,2025-03,Movistar,5G,3,SUBTEL public network point records; not unique towers and not geographic coverage percentage
7408,Yerbas Buenas,7,Maule,2025-03,WOM,5G,3,SUBTEL public network point records; not unique towers and not geographic coverage percentage
8101,Concepción,8,Biobío,2025-03,Claro,4G,30,SUBTEL public network point records; not unique towers and not geographic coverage percentage
8101,Concepción,8,Biobío,2025-03,Entel,4G,102,SUBTEL public network point records; not unique towers and not geographic coverage percentage
8101,Concepción,8,Biobío,2025-03,Movistar,4G,60,SUBTEL public network point records; not unique towers and not geographic coverage percentage
8101,Concepción,8,Biobío,2025-03,WOM,4G,67,SUBTEL public network point records; not unique towers and not geographic coverage percentage
8101,Concepción,8,Biobío,2025-03,Claro,5G,17,SUBTEL public network point records; not unique towers and not geographic coverage percentage
8101,Concepción,8,Biobío,2025-03,Entel,5G,26,SUBTEL public network point records; not unique towers and not geographic coverage percentage
8101,Concepción,8,Biobío,2025-03,Movistar,5G,15,SUBTEL public network point records; not unique towers and not geographic coverage percentage
8101,Concepción,8,Biobío,2025-03,WOM,5G,9,SUBTEL public network point records; not unique towers and not geographic coverage percentage
8102,Coronel,8,Biobío,2025-03,Claro,4G,14,SUBTEL public network point records; not unique towers and not geographic coverage percentage
8102,Coronel,8,Biobío,2025-03,Entel,4G,45,SUBTEL public network point records; not unique towers and not geographic coverage percentage
8102,Coronel,8,Biobío,2025-03,Movistar,4G,23,SUBTEL public network point records; not unique towers and not geographic coverage percentage
8102,Coronel,8,Biobío,2025-03,WOM,4G,26,SUBTEL public network point records; not unique towers and not geographic coverage percentage
8102,Coronel,8,Biobío,2025-03,Claro,5G,0,SUBTEL public network point records; not unique towers and not geographic coverage percentage
8102,Coronel,8,Biobío,2025-03,Entel,5G,6,SUBTEL public network point records; not unique towers and not geographic coverage percentage
8102,Coronel,8,Biobío,2025-03,Movistar,5G,3,SUBTEL public network point records; not unique towers and not geographic coverage percentage
8102,Coronel,8,Biobío,2025-03,WOM,5G,11,SUBTEL public network point records; not unique towers and not geographic coverage percentage
8103,Chiguayante,8,Biobío,2025-03,Claro,4G,10,SUBTEL public network point records; not unique towers and not geographic coverage percentage
8103,Chiguayante,8,Biobío,2025-03,Entel,4G,13,SUBTEL public network point records; not unique towers and not geographic coverage percentage
8103,Chiguayante,8,Biobío,2025-03,Movistar,4G,17,SUBTEL public network point records; not unique towers and not geographic coverage percentage
8103,Chiguayante,8,Biobío,2025-03,WOM,4G,11,SUBTEL public network point records; not unique towers and not geographic coverage percentage
8103,Chiguayante,8,Biobío,2025-03,Claro,5G,0,SUBTEL public network point records; not unique towers and not geographic coverage percentage
8103,Chiguayante,8,Biobío,2025-03,Entel,5G,6,SUBTEL public network point records; not unique towers and not geographic coverage percentage
8103,Chiguayante,8,Biobío,2025-03,Movistar,5G,6,SUBTEL public network point records; not unique towers and not geographic coverage percentage
8103,Chiguayante,8,Biobío,2025-03,WOM,5G,5,SUBTEL public network point records; not unique towers and not geographic coverage percentage
8104,Florida,8,Biobío,2025-03,Claro,4G,5,SUBTEL public network point records; not unique towers and not geographic coverage percentage
8104,Florida,8,Biobío,2025-03,Entel,4G,10,SUBTEL public network point records; not unique towers and not geographic coverage percentage
8104,Florida,8,Biobío,2025-03,Movistar,4G,7,SUBTEL public network point records; not unique towers and not geographic coverage percentage
8104,Florida,8,Biobío,2025-03,WOM,4G,12,SUBTEL public network point records; not unique towers and not geographic coverage percentage
8104,Florida,8,Biobío,2025-03,Claro,5G,0,SUBTEL public network point records; not unique towers and not geographic coverage percentage
8104,Florida,8,Biobío,2025-03,Entel,5G,3,SUBTEL public network point records; not unique towers and not geographic coverage percentage
8104,Florida,8,Biobío,2025-03,Movistar,5G,4,SUBTEL public network point records; not unique towers and not geographic coverage percentage
8104,Florida,8,Biobío,2025-03,WOM,5G,5,SUBTEL public network point records; not unique towers and not geographic coverage percentage
8105,Hualqui,8,Biobío,2025-03,Claro,4G,3,SUBTEL public network point records; not unique towers and not geographic coverage percentage
8105,Hualqui,8,Biobío,2025-03,Entel,4G,8,SUBTEL public network point records; not unique towers and not geographic coverage percentage
8105,Hualqui,8,Biobío,2025-03,Movistar,4G,4,SUBTEL public network point records; not unique towers and not geographic coverage percentage
8105,Hualqui,8,Biobío,2025-03,WOM,4G,7,SUBTEL public network point records; not unique towers and not geographic coverage percentage
8105,Hualqui,8,Biobío,2025-03,Claro,5G,0,SUBTEL public network point records; not unique towers and not geographic coverage percentage
8105,Hualqui,8,Biobío,2025-03,Entel,5G,3,SUBTEL public network point records; not unique towers and not geographic coverage percentage
8105,Hualqui,8,Biobío,2025-03,Movistar,5G,3,SUBTEL public network point records; not unique towers and not geographic coverage percentage
8105,Hualqui,8,Biobío,2025-03,WOM,5G,3,SUBTEL public network point records; not unique towers and not geographic coverage percentage
8106,Lota,8,Biobío,2025-03,Claro,4G,3,SUBTEL public network point records; not unique towers and not geographic coverage percentage
8106,Lota,8,Biobío,2025-03,Entel,4G,18,SUBTEL public network point records; not unique towers and not geographic coverage percentage
8106,Lota,8,Biobío,2025-03,Movistar,4G,6,SUBTEL public network point records; not unique towers and not geographic coverage percentage
8106,Lota,8,Biobío,2025-03,WOM,4G,21,SUBTEL public network point records; not unique towers and not geographic coverage percentage
8106,Lota,8,Biobío,2025-03,Claro,5G,0,SUBTEL public network point records; not unique towers and not geographic coverage percentage
8106,Lota,8,Biobío,2025-03,Entel,5G,7,SUBTEL public network point records; not unique towers and not geographic coverage percentage
8106,Lota,8,Biobío,2025-03,Movistar,5G,5,SUBTEL public network point records; not unique towers and not geographic coverage percentage
8106,Lota,8,Biobío,2025-03,WOM,5G,5,SUBTEL public network point records; not unique towers and not geographic coverage percentage
8107,Penco,8,Biobío,2025-03,Claro,4G,6,SUBTEL public network point records; not unique towers and not geographic coverage percentage
8107,Penco,8,Biobío,2025-03,Entel,4G,11,SUBTEL public network point records; not unique towers and not geographic coverage percentage
8107,Penco,8,Biobío,2025-03,Movistar,4G,11,SUBTEL public network point records; not unique towers and not geographic coverage percentage
8107,Penco,8,Biobío,2025-03,WOM,4G,17,SUBTEL public network point records; not unique towers and not geographic coverage percentage
8107,Penco,8,Biobío,2025-03,Claro,5G,0,SUBTEL public network point records; not unique towers and not geographic coverage percentage
8107,Penco,8,Biobío,2025-03,Entel,5G,4,SUBTEL public network point records; not unique towers and not geographic coverage percentage
8107,Penco,8,Biobío,2025-03,Movistar,5G,4,SUBTEL public network point records; not unique towers and not geographic coverage percentage
8107,Penco,8,Biobío,2025-03,WOM,5G,6,SUBTEL public network point records; not unique towers and not geographic coverage percentage
8108,San Pedro de La paz,8,Biobío,2025-03,Claro,4G,16,SUBTEL public network point records; not unique towers and not geographic coverage percentage
8108,San Pedro de La paz,8,Biobío,2025-03,Entel,4G,42,SUBTEL public network point records; not unique towers and not geographic coverage percentage
8108,San Pedro de La paz,8,Biobío,2025-03,Movistar,4G,16,SUBTEL public network point records; not unique towers and not geographic coverage percentage
8108,San Pedro de La paz,8,Biobío,2025-03,WOM,4G,35,SUBTEL public network point records; not unique towers and not geographic coverage percentage
8108,San Pedro de La paz,8,Biobío,2025-03,Claro,5G,14,SUBTEL public network point records; not unique towers and not geographic coverage percentage
8108,San Pedro de La paz,8,Biobío,2025-03,Entel,5G,4,SUBTEL public network point records; not unique towers and not geographic coverage percentage
8108,San Pedro de La paz,8,Biobío,2025-03,Movistar,5G,8,SUBTEL public network point records; not unique towers and not geographic coverage percentage
8108,San Pedro de La paz,8,Biobío,2025-03,WOM,5G,7,SUBTEL public network point records; not unique towers and not geographic coverage percentage
8109,Santa Juana,8,Biobío,2025-03,Claro,4G,1,SUBTEL public network point records; not unique towers and not geographic coverage percentage
8109,Santa Juana,8,Biobío,2025-03,Entel,4G,9,SUBTEL public network point records; not unique towers and not geographic coverage percentage
8109,Santa Juana,8,Biobío,2025-03,Movistar,4G,6,SUBTEL public network point records; not unique towers and not geographic coverage percentage
8109,Santa Juana,8,Biobío,2025-03,WOM,4G,13,SUBTEL public network point records; not unique towers and not geographic coverage percentage
8109,Santa Juana,8,Biobío,2025-03,Claro,5G,0,SUBTEL public network point records; not unique towers and not geographic coverage percentage
8109,Santa Juana,8,Biobío,2025-03,Entel,5G,3,SUBTEL public network point records; not unique towers and not geographic coverage percentage
8109,Santa Juana,8,Biobío,2025-03,Movistar,5G,4,SUBTEL public network point records; not unique towers and not geographic coverage percentage
8109,Santa Juana,8,Biobío,2025-03,WOM,5G,3,SUBTEL public network point records; not unique towers and not geographic coverage percentage
8110,Talcahuano,8,Biobío,2025-03,Claro,4G,27,SUBTEL public network point records; not unique towers and not geographic coverage percentage
8110,Talcahuano,8,Biobío,2025-03,Entel,4G,45,SUBTEL public network point records; not unique towers and not geographic coverage percentage
8110,Talcahuano,8,Biobío,2025-03,Movistar,4G,35,SUBTEL public network point records; not unique towers and not geographic coverage percentage
8110,Talcahuano,8,Biobío,2025-03,WOM,4G,48,SUBTEL public network point records; not unique towers and not geographic coverage percentage
8110,Talcahuano,8,Biobío,2025-03,Claro,5G,14,SUBTEL public network point records; not unique towers and not geographic coverage percentage
8110,Talcahuano,8,Biobío,2025-03,Entel,5G,6,SUBTEL public network point records; not unique towers and not geographic coverage percentage
8110,Talcahuano,8,Biobío,2025-03,Movistar,5G,9,SUBTEL public network point records; not unique towers and not geographic coverage percentage
8110,Talcahuano,8,Biobío,2025-03,WOM,5G,7,SUBTEL public network point records; not unique towers and not geographic coverage percentage
8111,Tomé,8,Biobío,2025-03,Claro,4G,16,SUBTEL public network point records; not unique towers and not geographic coverage percentage
8111,Tomé,8,Biobío,2025-03,Entel,4G,32,SUBTEL public network point records; not unique towers and not geographic coverage percentage
8111,Tomé,8,Biobío,2025-03,Movistar,4G,14,SUBTEL public network point records; not unique towers and not geographic coverage percentage
8111,Tomé,8,Biobío,2025-03,WOM,4G,24,SUBTEL public network point records; not unique towers and not geographic coverage percentage
8111,Tomé,8,Biobío,2025-03,Claro,5G,0,SUBTEL public network point records; not unique towers and not geographic coverage percentage
8111,Tomé,8,Biobío,2025-03,Entel,5G,3,SUBTEL public network point records; not unique towers and not geographic coverage percentage
8111,Tomé,8,Biobío,2025-03,Movistar,5G,3,SUBTEL public network point records; not unique towers and not geographic coverage percentage
8111,Tomé,8,Biobío,2025-03,WOM,5G,10,SUBTEL public network point records; not unique towers and not geographic coverage percentage
8112,Hualpén,8,Biobío,2025-03,Claro,4G,13,SUBTEL public network point records; not unique towers and not geographic coverage percentage
8112,Hualpén,8,Biobío,2025-03,Entel,4G,36,SUBTEL public network point records; not unique towers and not geographic coverage percentage
8112,Hualpén,8,Biobío,2025-03,Movistar,4G,10,SUBTEL public network point records; not unique towers and not geographic coverage percentage
8112,Hualpén,8,Biobío,2025-03,WOM,4G,10,SUBTEL public network point records; not unique towers and not geographic coverage percentage
8112,Hualpén,8,Biobío,2025-03,Claro,5G,11,SUBTEL public network point records; not unique towers and not geographic coverage percentage
8112,Hualpén,8,Biobío,2025-03,Entel,5G,5,SUBTEL public network point records; not unique towers and not geographic coverage percentage
8112,Hualpén,8,Biobío,2025-03,Movistar,5G,6,SUBTEL public network point records; not unique towers and not geographic coverage percentage
8112,Hualpén,8,Biobío,2025-03,WOM,5G,1,SUBTEL public network point records; not unique towers and not geographic coverage percentage
8201,Lebu,8,Biobío,2025-03,Claro,4G,5,SUBTEL public network point records; not unique towers and not geographic coverage percentage
8201,Lebu,8,Biobío,2025-03,Entel,4G,11,SUBTEL public network point records; not unique towers and not geographic coverage percentage
8201,Lebu,8,Biobío,2025-03,Movistar,4G,7,SUBTEL public network point records; not unique towers and not geographic coverage percentage
8201,Lebu,8,Biobío,2025-03,WOM,4G,15,SUBTEL public network point records; not unique towers and not geographic coverage percentage
8201,Lebu,8,Biobío,2025-03,Claro,5G,0,SUBTEL public network point records; not unique towers and not geographic coverage percentage
8201,Lebu,8,Biobío,2025-03,Entel,5G,4,SUBTEL public network point records; not unique towers and not geographic coverage percentage
8201,Lebu,8,Biobío,2025-03,Movistar,5G,3,SUBTEL public network point records; not unique towers and not geographic coverage percentage
8201,Lebu,8,Biobío,2025-03,WOM,5G,6,SUBTEL public network point records; not unique towers and not geographic coverage percentage
8202,Arauco,8,Biobío,2025-03,Claro,4G,11,SUBTEL public network point records; not unique towers and not geographic coverage percentage
8202,Arauco,8,Biobío,2025-03,Entel,4G,25,SUBTEL public network point records; not unique towers and not geographic coverage percentage
8202,Arauco,8,Biobío,2025-03,Movistar,4G,12,SUBTEL public network point records; not unique towers and not geographic coverage percentage
8202,Arauco,8,Biobío,2025-03,WOM,4G,12,SUBTEL public network point records; not unique towers and not geographic coverage percentage
8202,Arauco,8,Biobío,2025-03,Claro,5G,0,SUBTEL public network point records; not unique towers and not geographic coverage percentage
8202,Arauco,8,Biobío,2025-03,Entel,5G,4,SUBTEL public network point records; not unique towers and not geographic coverage percentage
8202,Arauco,8,Biobío,2025-03,Movistar,5G,6,SUBTEL public network point records; not unique towers and not geographic coverage percentage
8202,Arauco,8,Biobío,2025-03,WOM,5G,2,SUBTEL public network point records; not unique towers and not geographic coverage percentage
8203,Cañete,8,Biobío,2025-03,Claro,4G,3,SUBTEL public network point records; not unique towers and not geographic coverage percentage
8203,Cañete,8,Biobío,2025-03,Entel,4G,22,SUBTEL public network point records; not unique towers and not geographic coverage percentage
8203,Cañete,8,Biobío,2025-03,Movistar,4G,7,SUBTEL public network point records; not unique towers and not geographic coverage percentage
8203,Cañete,8,Biobío,2025-03,WOM,4G,20,SUBTEL public network point records; not unique towers and not geographic coverage percentage
8203,Cañete,8,Biobío,2025-03,Claro,5G,0,SUBTEL public network point records; not unique towers and not geographic coverage percentage
8203,Cañete,8,Biobío,2025-03,Entel,5G,4,SUBTEL public network point records; not unique towers and not geographic coverage percentage
8203,Cañete,8,Biobío,2025-03,Movistar,5G,4,SUBTEL public network point records; not unique towers and not geographic coverage percentage
8203,Cañete,8,Biobío,2025-03,WOM,5G,1,SUBTEL public network point records; not unique towers and not geographic coverage percentage
8204,Contulmo,8,Biobío,2025-03,Claro,4G,6,SUBTEL public network point records; not unique towers and not geographic coverage percentage
8204,Contulmo,8,Biobío,2025-03,Entel,4G,6,SUBTEL public network point records; not unique towers and not geographic coverage percentage
8204,Contulmo,8,Biobío,2025-03,Movistar,4G,6,SUBTEL public network point records; not unique towers and not geographic coverage percentage
8204,Contulmo,8,Biobío,2025-03,WOM,4G,4,SUBTEL public network point records; not unique towers and not geographic coverage percentage
8204,Contulmo,8,Biobío,2025-03,Claro,5G,0,SUBTEL public network point records; not unique towers and not geographic coverage percentage
8204,Contulmo,8,Biobío,2025-03,Entel,5G,3,SUBTEL public network point records; not unique towers and not geographic coverage percentage
8204,Contulmo,8,Biobío,2025-03,Movistar,5G,5,SUBTEL public network point records; not unique towers and not geographic coverage percentage
8204,Contulmo,8,Biobío,2025-03,WOM,5G,2,SUBTEL public network point records; not unique towers and not geographic coverage percentage
8205,Curanilahue,8,Biobío,2025-03,Claro,4G,2,SUBTEL public network point records; not unique towers and not geographic coverage percentage
8205,Curanilahue,8,Biobío,2025-03,Entel,4G,10,SUBTEL public network point records; not unique towers and not geographic coverage percentage
8205,Curanilahue,8,Biobío,2025-03,Movistar,4G,7,SUBTEL public network point records; not unique towers and not geographic coverage percentage
8205,Curanilahue,8,Biobío,2025-03,WOM,4G,18,SUBTEL public network point records; not unique towers and not geographic coverage percentage
8205,Curanilahue,8,Biobío,2025-03,Claro,5G,0,SUBTEL public network point records; not unique towers and not geographic coverage percentage
8205,Curanilahue,8,Biobío,2025-03,Entel,5G,4,SUBTEL public network point records; not unique towers and not geographic coverage percentage
8205,Curanilahue,8,Biobío,2025-03,Movistar,5G,5,SUBTEL public network point records; not unique towers and not geographic coverage percentage
8205,Curanilahue,8,Biobío,2025-03,WOM,5G,7,SUBTEL public network point records; not unique towers and not geographic coverage percentage
8206,Los Álamos,8,Biobío,2025-03,Claro,4G,3,SUBTEL public network point records; not unique towers and not geographic coverage percentage
8206,Los Álamos,8,Biobío,2025-03,Entel,4G,8,SUBTEL public network point records; not unique towers and not geographic coverage percentage
8206,Los Álamos,8,Biobío,2025-03,Movistar,4G,6,SUBTEL public network point records; not unique towers and not geographic coverage percentage
8206,Los Álamos,8,Biobío,2025-03,WOM,4G,14,SUBTEL public network point records; not unique towers and not geographic coverage percentage
8206,Los Álamos,8,Biobío,2025-03,Claro,5G,0,SUBTEL public network point records; not unique towers and not geographic coverage percentage
8206,Los Álamos,8,Biobío,2025-03,Entel,5G,3,SUBTEL public network point records; not unique towers and not geographic coverage percentage
8206,Los Álamos,8,Biobío,2025-03,Movistar,5G,5,SUBTEL public network point records; not unique towers and not geographic coverage percentage
8206,Los Álamos,8,Biobío,2025-03,WOM,5G,4,SUBTEL public network point records; not unique towers and not geographic coverage percentage
8207,Tirúa,8,Biobío,2025-03,Claro,4G,6,SUBTEL public network point records; not unique towers and not geographic coverage percentage
8207,Tirúa,8,Biobío,2025-03,Entel,4G,6,SUBTEL public network point records; not unique towers and not geographic coverage percentage
8207,Tirúa,8,Biobío,2025-03,Movistar,4G,4,SUBTEL public network point records; not unique towers and not geographic coverage percentage
8207,Tirúa,8,Biobío,2025-03,WOM,4G,6,SUBTEL public network point records; not unique towers and not geographic coverage percentage
8207,Tirúa,8,Biobío,2025-03,Claro,5G,0,SUBTEL public network point records; not unique towers and not geographic coverage percentage
8207,Tirúa,8,Biobío,2025-03,Entel,5G,2,SUBTEL public network point records; not unique towers and not geographic coverage percentage
8207,Tirúa,8,Biobío,2025-03,Movistar,5G,4,SUBTEL public network point records; not unique towers and not geographic coverage percentage
8207,Tirúa,8,Biobío,2025-03,WOM,5G,1,SUBTEL public network point records; not unique towers and not geographic coverage percentage
8301,Los Ángeles,8,Biobío,2025-03,Claro,4G,30,SUBTEL public network point records; not unique towers and not geographic coverage percentage
8301,Los Ángeles,8,Biobío,2025-03,Entel,4G,103,SUBTEL public network point records; not unique towers and not geographic coverage percentage
8301,Los Ángeles,8,Biobío,2025-03,Movistar,4G,43,SUBTEL public network point records; not unique towers and not geographic coverage percentage
8301,Los Ángeles,8,Biobío,2025-03,WOM,4G,64,SUBTEL public network point records; not unique towers and not geographic coverage percentage
8301,Los Ángeles,8,Biobío,2025-03,Claro,5G,0,SUBTEL public network point records; not unique towers and not geographic coverage percentage
8301,Los Ángeles,8,Biobío,2025-03,Entel,5G,4,SUBTEL public network point records; not unique towers and not geographic coverage percentage
8301,Los Ángeles,8,Biobío,2025-03,Movistar,5G,5,SUBTEL public network point records; not unique towers and not geographic coverage percentage
8301,Los Ángeles,8,Biobío,2025-03,WOM,5G,5,SUBTEL public network point records; not unique towers and not geographic coverage percentage
8302,Antuco,8,Biobío,2025-03,Claro,4G,3,SUBTEL public network point records; not unique towers and not geographic coverage percentage
8302,Antuco,8,Biobío,2025-03,Entel,4G,4,SUBTEL public network point records; not unique towers and not geographic coverage percentage
8302,Antuco,8,Biobío,2025-03,Movistar,4G,4,SUBTEL public network point records; not unique towers and not geographic coverage percentage
8302,Antuco,8,Biobío,2025-03,WOM,4G,4,SUBTEL public network point records; not unique towers and not geographic coverage percentage
8302,Antuco,8,Biobío,2025-03,Claro,5G,0,SUBTEL public network point records; not unique towers and not geographic coverage percentage
8302,Antuco,8,Biobío,2025-03,Entel,5G,0,SUBTEL public network point records; not unique towers and not geographic coverage percentage
8302,Antuco,8,Biobío,2025-03,Movistar,5G,2,SUBTEL public network point records; not unique towers and not geographic coverage percentage
8302,Antuco,8,Biobío,2025-03,WOM,5G,1,SUBTEL public network point records; not unique towers and not geographic coverage percentage
8303,Cabrero,8,Biobío,2025-03,Claro,4G,5,SUBTEL public network point records; not unique towers and not geographic coverage percentage
8303,Cabrero,8,Biobío,2025-03,Entel,4G,21,SUBTEL public network point records; not unique towers and not geographic coverage percentage
8303,Cabrero,8,Biobío,2025-03,Movistar,4G,6,SUBTEL public network point records; not unique towers and not geographic coverage percentage
8303,Cabrero,8,Biobío,2025-03,WOM,4G,20,SUBTEL public network point records; not unique towers and not geographic coverage percentage
8303,Cabrero,8,Biobío,2025-03,Claro,5G,0,SUBTEL public network point records; not unique towers and not geographic coverage percentage
8303,Cabrero,8,Biobío,2025-03,Entel,5G,3,SUBTEL public network point records; not unique towers and not geographic coverage percentage
8303,Cabrero,8,Biobío,2025-03,Movistar,5G,2,SUBTEL public network point records; not unique towers and not geographic coverage percentage
8303,Cabrero,8,Biobío,2025-03,WOM,5G,1,SUBTEL public network point records; not unique towers and not geographic coverage percentage
8304,Laja,8,Biobío,2025-03,Claro,4G,2,SUBTEL public network point records; not unique towers and not geographic coverage percentage
8304,Laja,8,Biobío,2025-03,Entel,4G,14,SUBTEL public network point records; not unique towers and not geographic coverage percentage
8304,Laja,8,Biobío,2025-03,Movistar,4G,4,SUBTEL public network point records; not unique towers and not geographic coverage percentage
8304,Laja,8,Biobío,2025-03,WOM,4G,12,SUBTEL public network point records; not unique towers and not geographic coverage percentage
8304,Laja,8,Biobío,2025-03,Claro,5G,0,SUBTEL public network point records; not unique towers and not geographic coverage percentage
8304,Laja,8,Biobío,2025-03,Entel,5G,4,SUBTEL public network point records; not unique towers and not geographic coverage percentage
8304,Laja,8,Biobío,2025-03,Movistar,5G,3,SUBTEL public network point records; not unique towers and not geographic coverage percentage
8304,Laja,8,Biobío,2025-03,WOM,5G,6,SUBTEL public network point records; not unique towers and not geographic coverage percentage
8305,Mulchén,8,Biobío,2025-03,Claro,4G,4,SUBTEL public network point records; not unique towers and not geographic coverage percentage
8305,Mulchén,8,Biobío,2025-03,Entel,4G,15,SUBTEL public network point records; not unique towers and not geographic coverage percentage
8305,Mulchén,8,Biobío,2025-03,Movistar,4G,8,SUBTEL public network point records; not unique towers and not geographic coverage percentage
8305,Mulchén,8,Biobío,2025-03,WOM,4G,12,SUBTEL public network point records; not unique towers and not geographic coverage percentage
8305,Mulchén,8,Biobío,2025-03,Claro,5G,0,SUBTEL public network point records; not unique towers and not geographic coverage percentage
8305,Mulchén,8,Biobío,2025-03,Entel,5G,3,SUBTEL public network point records; not unique towers and not geographic coverage percentage
8305,Mulchén,8,Biobío,2025-03,Movistar,5G,5,SUBTEL public network point records; not unique towers and not geographic coverage percentage
8305,Mulchén,8,Biobío,2025-03,WOM,5G,2,SUBTEL public network point records; not unique towers and not geographic coverage percentage
8306,Nacimiento,8,Biobío,2025-03,Claro,4G,1,SUBTEL public network point records; not unique towers and not geographic coverage percentage
8306,Nacimiento,8,Biobío,2025-03,Entel,4G,14,SUBTEL public network point records; not unique towers and not geographic coverage percentage
8306,Nacimiento,8,Biobío,2025-03,Movistar,4G,6,SUBTEL public network point records; not unique towers and not geographic coverage percentage
8306,Nacimiento,8,Biobío,2025-03,WOM,4G,12,SUBTEL public network point records; not unique towers and not geographic coverage percentage
8306,Nacimiento,8,Biobío,2025-03,Claro,5G,0,SUBTEL public network point records; not unique towers and not geographic coverage percentage
8306,Nacimiento,8,Biobío,2025-03,Entel,5G,4,SUBTEL public network point records; not unique towers and not geographic coverage percentage
8306,Nacimiento,8,Biobío,2025-03,Movistar,5G,3,SUBTEL public network point records; not unique towers and not geographic coverage percentage
8306,Nacimiento,8,Biobío,2025-03,WOM,5G,2,SUBTEL public network point records; not unique towers and not geographic coverage percentage
8307,Negrete,8,Biobío,2025-03,Claro,4G,3,SUBTEL public network point records; not unique towers and not geographic coverage percentage
8307,Negrete,8,Biobío,2025-03,Entel,4G,6,SUBTEL public network point records; not unique towers and not geographic coverage percentage
8307,Negrete,8,Biobío,2025-03,Movistar,4G,2,SUBTEL public network point records; not unique towers and not geographic coverage percentage
8307,Negrete,8,Biobío,2025-03,WOM,4G,6,SUBTEL public network point records; not unique towers and not geographic coverage percentage
8307,Negrete,8,Biobío,2025-03,Claro,5G,0,SUBTEL public network point records; not unique towers and not geographic coverage percentage
8307,Negrete,8,Biobío,2025-03,Entel,5G,3,SUBTEL public network point records; not unique towers and not geographic coverage percentage
8307,Negrete,8,Biobío,2025-03,Movistar,5G,2,SUBTEL public network point records; not unique towers and not geographic coverage percentage
8307,Negrete,8,Biobío,2025-03,WOM,5G,2,SUBTEL public network point records; not unique towers and not geographic coverage percentage
8308,Quilaco,8,Biobío,2025-03,Claro,4G,2,SUBTEL public network point records; not unique towers and not geographic coverage percentage
8308,Quilaco,8,Biobío,2025-03,Entel,4G,4,SUBTEL public network point records; not unique towers and not geographic coverage percentage
8308,Quilaco,8,Biobío,2025-03,Movistar,4G,4,SUBTEL public network point records; not unique towers and not geographic coverage percentage
8308,Quilaco,8,Biobío,2025-03,WOM,4G,6,SUBTEL public network point records; not unique towers and not geographic coverage percentage
8308,Quilaco,8,Biobío,2025-03,Claro,5G,0,SUBTEL public network point records; not unique towers and not geographic coverage percentage
8308,Quilaco,8,Biobío,2025-03,Entel,5G,2,SUBTEL public network point records; not unique towers and not geographic coverage percentage
8308,Quilaco,8,Biobío,2025-03,Movistar,5G,3,SUBTEL public network point records; not unique towers and not geographic coverage percentage
8308,Quilaco,8,Biobío,2025-03,WOM,5G,2,SUBTEL public network point records; not unique towers and not geographic coverage percentage
8309,Quilleco,8,Biobío,2025-03,Claro,4G,2,SUBTEL public network point records; not unique towers and not geographic coverage percentage
8309,Quilleco,8,Biobío,2025-03,Entel,4G,4,SUBTEL public network point records; not unique towers and not geographic coverage percentage
8309,Quilleco,8,Biobío,2025-03,Movistar,4G,3,SUBTEL public network point records; not unique towers and not geographic coverage percentage
8309,Quilleco,8,Biobío,2025-03,WOM,4G,6,SUBTEL public network point records; not unique towers and not geographic coverage percentage
8309,Quilleco,8,Biobío,2025-03,Claro,5G,0,SUBTEL public network point records; not unique towers and not geographic coverage percentage
8309,Quilleco,8,Biobío,2025-03,Entel,5G,2,SUBTEL public network point records; not unique towers and not geographic coverage percentage
8309,Quilleco,8,Biobío,2025-03,Movistar,5G,3,SUBTEL public network point records; not unique towers and not geographic coverage percentage
8309,Quilleco,8,Biobío,2025-03,WOM,5G,2,SUBTEL public network point records; not unique towers and not geographic coverage percentage
8310,San Rosendo,8,Biobío,2025-03,Claro,4G,1,SUBTEL public network point records; not unique towers and not geographic coverage percentage
8310,San Rosendo,8,Biobío,2025-03,Entel,4G,1,SUBTEL public network point records; not unique towers and not geographic coverage percentage
8310,San Rosendo,8,Biobío,2025-03,Movistar,4G,2,SUBTEL public network point records; not unique towers and not geographic coverage percentage
8310,San Rosendo,8,Biobío,2025-03,WOM,4G,7,SUBTEL public network point records; not unique towers and not geographic coverage percentage
8310,San Rosendo,8,Biobío,2025-03,Claro,5G,0,SUBTEL public network point records; not unique towers and not geographic coverage percentage
8310,San Rosendo,8,Biobío,2025-03,Entel,5G,0,SUBTEL public network point records; not unique towers and not geographic coverage percentage
8310,San Rosendo,8,Biobío,2025-03,Movistar,5G,1,SUBTEL public network point records; not unique towers and not geographic coverage percentage
8310,San Rosendo,8,Biobío,2025-03,WOM,5G,2,SUBTEL public network point records; not unique towers and not geographic coverage percentage
8311,Santa Bárbara,8,Biobío,2025-03,Claro,4G,0,SUBTEL public network point records; not unique towers and not geographic coverage percentage
8311,Santa Bárbara,8,Biobío,2025-03,Entel,4G,12,SUBTEL public network point records; not unique towers and not geographic coverage percentage
8311,Santa Bárbara,8,Biobío,2025-03,Movistar,4G,2,SUBTEL public network point records; not unique towers and not geographic coverage percentage
8311,Santa Bárbara,8,Biobío,2025-03,WOM,4G,7,SUBTEL public network point records; not unique towers and not geographic coverage percentage
8311,Santa Bárbara,8,Biobío,2025-03,Claro,5G,0,SUBTEL public network point records; not unique towers and not geographic coverage percentage
8311,Santa Bárbara,8,Biobío,2025-03,Entel,5G,4,SUBTEL public network point records; not unique towers and not geographic coverage percentage
8311,Santa Bárbara,8,Biobío,2025-03,Movistar,5G,2,SUBTEL public network point records; not unique towers and not geographic coverage percentage
8311,Santa Bárbara,8,Biobío,2025-03,WOM,5G,4,SUBTEL public network point records; not unique towers and not geographic coverage percentage
8312,Tucapel,8,Biobío,2025-03,Claro,4G,3,SUBTEL public network point records; not unique towers and not geographic coverage percentage
8312,Tucapel,8,Biobío,2025-03,Entel,4G,8,SUBTEL public network point records; not unique towers and not geographic coverage percentage
8312,Tucapel,8,Biobío,2025-03,Movistar,4G,6,SUBTEL public network point records; not unique towers and not geographic coverage percentage
8312,Tucapel,8,Biobío,2025-03,WOM,4G,8,SUBTEL public network point records; not unique towers and not geographic coverage percentage
8312,Tucapel,8,Biobío,2025-03,Claro,5G,0,SUBTEL public network point records; not unique towers and not geographic coverage percentage
8312,Tucapel,8,Biobío,2025-03,Entel,5G,4,SUBTEL public network point records; not unique towers and not geographic coverage percentage
8312,Tucapel,8,Biobío,2025-03,Movistar,5G,3,SUBTEL public network point records; not unique towers and not geographic coverage percentage
8312,Tucapel,8,Biobío,2025-03,WOM,5G,2,SUBTEL public network point records; not unique towers and not geographic coverage percentage
8313,Yumbel,8,Biobío,2025-03,Claro,4G,2,SUBTEL public network point records; not unique towers and not geographic coverage percentage
8313,Yumbel,8,Biobío,2025-03,Entel,4G,17,SUBTEL public network point records; not unique towers and not geographic coverage percentage
8313,Yumbel,8,Biobío,2025-03,Movistar,4G,6,SUBTEL public network point records; not unique towers and not geographic coverage percentage
8313,Yumbel,8,Biobío,2025-03,WOM,4G,13,SUBTEL public network point records; not unique towers and not geographic coverage percentage
8313,Yumbel,8,Biobío,2025-03,Claro,5G,0,SUBTEL public network point records; not unique towers and not geographic coverage percentage
8313,Yumbel,8,Biobío,2025-03,Entel,5G,2,SUBTEL public network point records; not unique towers and not geographic coverage percentage
8313,Yumbel,8,Biobío,2025-03,Movistar,5G,3,SUBTEL public network point records; not unique towers and not geographic coverage percentage
8313,Yumbel,8,Biobío,2025-03,WOM,5G,5,SUBTEL public network point records; not unique towers and not geographic coverage percentage
8314,Alto Biobío,8,Biobío,2025-03,Claro,4G,1,SUBTEL public network point records; not unique towers and not geographic coverage percentage
8314,Alto Biobío,8,Biobío,2025-03,Entel,4G,3,SUBTEL public network point records; not unique towers and not geographic coverage percentage
8314,Alto Biobío,8,Biobío,2025-03,Movistar,4G,4,SUBTEL public network point records; not unique towers and not geographic coverage percentage
8314,Alto Biobío,8,Biobío,2025-03,WOM,4G,2,SUBTEL public network point records; not unique towers and not geographic coverage percentage
8314,Alto Biobío,8,Biobío,2025-03,Claro,5G,0,SUBTEL public network point records; not unique towers and not geographic coverage percentage
8314,Alto Biobío,8,Biobío,2025-03,Entel,5G,0,SUBTEL public network point records; not unique towers and not geographic coverage percentage
8314,Alto Biobío,8,Biobío,2025-03,Movistar,5G,2,SUBTEL public network point records; not unique towers and not geographic coverage percentage
8314,Alto Biobío,8,Biobío,2025-03,WOM,5G,0,SUBTEL public network point records; not unique towers and not geographic coverage percentage
9101,Temuco,9,La Araucanía,2025-03,Claro,4G,36,SUBTEL public network point records; not unique towers and not geographic coverage percentage
9101,Temuco,9,La Araucanía,2025-03,Entel,4G,79,SUBTEL public network point records; not unique towers and not geographic coverage percentage
9101,Temuco,9,La Araucanía,2025-03,Movistar,4G,56,SUBTEL public network point records; not unique towers and not geographic coverage percentage
9101,Temuco,9,La Araucanía,2025-03,WOM,4G,124,SUBTEL public network point records; not unique towers and not geographic coverage percentage
9101,Temuco,9,La Araucanía,2025-03,Claro,5G,0,SUBTEL public network point records; not unique towers and not geographic coverage percentage
9101,Temuco,9,La Araucanía,2025-03,Entel,5G,12,SUBTEL public network point records; not unique towers and not geographic coverage percentage
9101,Temuco,9,La Araucanía,2025-03,Movistar,5G,32,SUBTEL public network point records; not unique towers and not geographic coverage percentage
9101,Temuco,9,La Araucanía,2025-03,WOM,5G,9,SUBTEL public network point records; not unique towers and not geographic coverage percentage
9102,Carahue,9,La Araucanía,2025-03,Claro,4G,3,SUBTEL public network point records; not unique towers and not geographic coverage percentage
9102,Carahue,9,La Araucanía,2025-03,Entel,4G,15,SUBTEL public network point records; not unique towers and not geographic coverage percentage
9102,Carahue,9,La Araucanía,2025-03,Movistar,4G,11,SUBTEL public network point records; not unique towers and not geographic coverage percentage
9102,Carahue,9,La Araucanía,2025-03,WOM,4G,9,SUBTEL public network point records; not unique towers and not geographic coverage percentage
9102,Carahue,9,La Araucanía,2025-03,Claro,5G,0,SUBTEL public network point records; not unique towers and not geographic coverage percentage
9102,Carahue,9,La Araucanía,2025-03,Entel,5G,4,SUBTEL public network point records; not unique towers and not geographic coverage percentage
9102,Carahue,9,La Araucanía,2025-03,Movistar,5G,7,SUBTEL public network point records; not unique towers and not geographic coverage percentage
9102,Carahue,9,La Araucanía,2025-03,WOM,5G,2,SUBTEL public network point records; not unique towers and not geographic coverage percentage
9103,Cunco,9,La Araucanía,2025-03,Claro,4G,6,SUBTEL public network point records; not unique towers and not geographic coverage percentage
9103,Cunco,9,La Araucanía,2025-03,Entel,4G,6,SUBTEL public network point records; not unique towers and not geographic coverage percentage
9103,Cunco,9,La Araucanía,2025-03,Movistar,4G,7,SUBTEL public network point records; not unique towers and not geographic coverage percentage
9103,Cunco,9,La Araucanía,2025-03,WOM,4G,15,SUBTEL public network point records; not unique towers and not geographic coverage percentage
9103,Cunco,9,La Araucanía,2025-03,Claro,5G,0,SUBTEL public network point records; not unique towers and not geographic coverage percentage
9103,Cunco,9,La Araucanía,2025-03,Entel,5G,3,SUBTEL public network point records; not unique towers and not geographic coverage percentage
9103,Cunco,9,La Araucanía,2025-03,Movistar,5G,3,SUBTEL public network point records; not unique towers and not geographic coverage percentage
9103,Cunco,9,La Araucanía,2025-03,WOM,5G,4,SUBTEL public network point records; not unique towers and not geographic coverage percentage
9104,Curarrehue,9,La Araucanía,2025-03,Claro,4G,4,SUBTEL public network point records; not unique towers and not geographic coverage percentage
9104,Curarrehue,9,La Araucanía,2025-03,Entel,4G,4,SUBTEL public network point records; not unique towers and not geographic coverage percentage
9104,Curarrehue,9,La Araucanía,2025-03,Movistar,4G,3,SUBTEL public network point records; not unique towers and not geographic coverage percentage
9104,Curarrehue,9,La Araucanía,2025-03,WOM,4G,2,SUBTEL public network point records; not unique towers and not geographic coverage percentage
9104,Curarrehue,9,La Araucanía,2025-03,Claro,5G,0,SUBTEL public network point records; not unique towers and not geographic coverage percentage
9104,Curarrehue,9,La Araucanía,2025-03,Entel,5G,1,SUBTEL public network point records; not unique towers and not geographic coverage percentage
9104,Curarrehue,9,La Araucanía,2025-03,Movistar,5G,0,SUBTEL public network point records; not unique towers and not geographic coverage percentage
9104,Curarrehue,9,La Araucanía,2025-03,WOM,5G,1,SUBTEL public network point records; not unique towers and not geographic coverage percentage
9105,Freire,9,La Araucanía,2025-03,Claro,4G,4,SUBTEL public network point records; not unique towers and not geographic coverage percentage
9105,Freire,9,La Araucanía,2025-03,Entel,4G,7,SUBTEL public network point records; not unique towers and not geographic coverage percentage
9105,Freire,9,La Araucanía,2025-03,Movistar,4G,6,SUBTEL public network point records; not unique towers and not geographic coverage percentage
9105,Freire,9,La Araucanía,2025-03,WOM,4G,14,SUBTEL public network point records; not unique towers and not geographic coverage percentage
9105,Freire,9,La Araucanía,2025-03,Claro,5G,0,SUBTEL public network point records; not unique towers and not geographic coverage percentage
9105,Freire,9,La Araucanía,2025-03,Entel,5G,2,SUBTEL public network point records; not unique towers and not geographic coverage percentage
9105,Freire,9,La Araucanía,2025-03,Movistar,5G,4,SUBTEL public network point records; not unique towers and not geographic coverage percentage
9105,Freire,9,La Araucanía,2025-03,WOM,5G,2,SUBTEL public network point records; not unique towers and not geographic coverage percentage
9106,Galvarino,9,La Araucanía,2025-03,Claro,4G,2,SUBTEL public network point records; not unique towers and not geographic coverage percentage
9106,Galvarino,9,La Araucanía,2025-03,Entel,4G,8,SUBTEL public network point records; not unique towers and not geographic coverage percentage
9106,Galvarino,9,La Araucanía,2025-03,Movistar,4G,5,SUBTEL public network point records; not unique towers and not geographic coverage percentage
9106,Galvarino,9,La Araucanía,2025-03,WOM,4G,14,SUBTEL public network point records; not unique towers and not geographic coverage percentage
9106,Galvarino,9,La Araucanía,2025-03,Claro,5G,0,SUBTEL public network point records; not unique towers and not geographic coverage percentage
9106,Galvarino,9,La Araucanía,2025-03,Entel,5G,3,SUBTEL public network point records; not unique towers and not geographic coverage percentage
9106,Galvarino,9,La Araucanía,2025-03,Movistar,5G,4,SUBTEL public network point records; not unique towers and not geographic coverage percentage
9106,Galvarino,9,La Araucanía,2025-03,WOM,5G,1,SUBTEL public network point records; not unique towers and not geographic coverage percentage
9107,Gorbea,9,La Araucanía,2025-03,Claro,4G,5,SUBTEL public network point records; not unique towers and not geographic coverage percentage
9107,Gorbea,9,La Araucanía,2025-03,Entel,4G,16,SUBTEL public network point records; not unique towers and not geographic coverage percentage
9107,Gorbea,9,La Araucanía,2025-03,Movistar,4G,5,SUBTEL public network point records; not unique towers and not geographic coverage percentage
9107,Gorbea,9,La Araucanía,2025-03,WOM,4G,7,SUBTEL public network point records; not unique towers and not geographic coverage percentage
9107,Gorbea,9,La Araucanía,2025-03,Claro,5G,0,SUBTEL public network point records; not unique towers and not geographic coverage percentage
9107,Gorbea,9,La Araucanía,2025-03,Entel,5G,3,SUBTEL public network point records; not unique towers and not geographic coverage percentage
9107,Gorbea,9,La Araucanía,2025-03,Movistar,5G,5,SUBTEL public network point records; not unique towers and not geographic coverage percentage
9107,Gorbea,9,La Araucanía,2025-03,WOM,5G,3,SUBTEL public network point records; not unique towers and not geographic coverage percentage
9108,Lautaro,9,La Araucanía,2025-03,Claro,4G,5,SUBTEL public network point records; not unique towers and not geographic coverage percentage
9108,Lautaro,9,La Araucanía,2025-03,Entel,4G,14,SUBTEL public network point records; not unique towers and not geographic coverage percentage
9108,Lautaro,9,La Araucanía,2025-03,Movistar,4G,6,SUBTEL public network point records; not unique towers and not geographic coverage percentage
9108,Lautaro,9,La Araucanía,2025-03,WOM,4G,18,SUBTEL public network point records; not unique towers and not geographic coverage percentage
9108,Lautaro,9,La Araucanía,2025-03,Claro,5G,0,SUBTEL public network point records; not unique towers and not geographic coverage percentage
9108,Lautaro,9,La Araucanía,2025-03,Entel,5G,4,SUBTEL public network point records; not unique towers and not geographic coverage percentage
9108,Lautaro,9,La Araucanía,2025-03,Movistar,5G,4,SUBTEL public network point records; not unique towers and not geographic coverage percentage
9108,Lautaro,9,La Araucanía,2025-03,WOM,5G,2,SUBTEL public network point records; not unique towers and not geographic coverage percentage
9109,Loncoche,9,La Araucanía,2025-03,Claro,4G,5,SUBTEL public network point records; not unique towers and not geographic coverage percentage
9109,Loncoche,9,La Araucanía,2025-03,Entel,4G,12,SUBTEL public network point records; not unique towers and not geographic coverage percentage
9109,Loncoche,9,La Araucanía,2025-03,Movistar,4G,6,SUBTEL public network point records; not unique towers and not geographic coverage percentage
9109,Loncoche,9,La Araucanía,2025-03,WOM,4G,15,SUBTEL public network point records; not unique towers and not geographic coverage percentage
9109,Loncoche,9,La Araucanía,2025-03,Claro,5G,0,SUBTEL public network point records; not unique towers and not geographic coverage percentage
9109,Loncoche,9,La Araucanía,2025-03,Entel,5G,3,SUBTEL public network point records; not unique towers and not geographic coverage percentage
9109,Loncoche,9,La Araucanía,2025-03,Movistar,5G,5,SUBTEL public network point records; not unique towers and not geographic coverage percentage
9109,Loncoche,9,La Araucanía,2025-03,WOM,5G,2,SUBTEL public network point records; not unique towers and not geographic coverage percentage
9110,Melipeuco,9,La Araucanía,2025-03,Claro,4G,3,SUBTEL public network point records; not unique towers and not geographic coverage percentage
9110,Melipeuco,9,La Araucanía,2025-03,Entel,4G,5,SUBTEL public network point records; not unique towers and not geographic coverage percentage
9110,Melipeuco,9,La Araucanía,2025-03,Movistar,4G,2,SUBTEL public network point records; not unique towers and not geographic coverage percentage
9110,Melipeuco,9,La Araucanía,2025-03,WOM,4G,2,SUBTEL public network point records; not unique towers and not geographic coverage percentage
9110,Melipeuco,9,La Araucanía,2025-03,Claro,5G,0,SUBTEL public network point records; not unique towers and not geographic coverage percentage
9110,Melipeuco,9,La Araucanía,2025-03,Entel,5G,0,SUBTEL public network point records; not unique towers and not geographic coverage percentage
9110,Melipeuco,9,La Araucanía,2025-03,Movistar,5G,2,SUBTEL public network point records; not unique towers and not geographic coverage percentage
9110,Melipeuco,9,La Araucanía,2025-03,WOM,5G,0,SUBTEL public network point records; not unique towers and not geographic coverage percentage
9111,Nueva Imperial,9,La Araucanía,2025-03,Claro,4G,4,SUBTEL public network point records; not unique towers and not geographic coverage percentage
9111,Nueva Imperial,9,La Araucanía,2025-03,Entel,4G,8,SUBTEL public network point records; not unique towers and not geographic coverage percentage
9111,Nueva Imperial,9,La Araucanía,2025-03,Movistar,4G,6,SUBTEL public network point records; not unique towers and not geographic coverage percentage
9111,Nueva Imperial,9,La Araucanía,2025-03,WOM,4G,21,SUBTEL public network point records; not unique towers and not geographic coverage percentage
9111,Nueva Imperial,9,La Araucanía,2025-03,Claro,5G,0,SUBTEL public network point records; not unique towers and not geographic coverage percentage
9111,Nueva Imperial,9,La Araucanía,2025-03,Entel,5G,4,SUBTEL public network point records; not unique towers and not geographic coverage percentage
9111,Nueva Imperial,9,La Araucanía,2025-03,Movistar,5G,5,SUBTEL public network point records; not unique towers and not geographic coverage percentage
9111,Nueva Imperial,9,La Araucanía,2025-03,WOM,5G,1,SUBTEL public network point records; not unique towers and not geographic coverage percentage
9112,Padre Las Casas,9,La Araucanía,2025-03,Claro,4G,9,SUBTEL public network point records; not unique towers and not geographic coverage percentage
9112,Padre Las Casas,9,La Araucanía,2025-03,Entel,4G,35,SUBTEL public network point records; not unique towers and not geographic coverage percentage
9112,Padre Las Casas,9,La Araucanía,2025-03,Movistar,4G,11,SUBTEL public network point records; not unique towers and not geographic coverage percentage
9112,Padre Las Casas,9,La Araucanía,2025-03,WOM,4G,28,SUBTEL public network point records; not unique towers and not geographic coverage percentage
9112,Padre Las Casas,9,La Araucanía,2025-03,Claro,5G,0,SUBTEL public network point records; not unique towers and not geographic coverage percentage
9112,Padre Las Casas,9,La Araucanía,2025-03,Entel,5G,4,SUBTEL public network point records; not unique towers and not geographic coverage percentage
9112,Padre Las Casas,9,La Araucanía,2025-03,Movistar,5G,7,SUBTEL public network point records; not unique towers and not geographic coverage percentage
9112,Padre Las Casas,9,La Araucanía,2025-03,WOM,5G,5,SUBTEL public network point records; not unique towers and not geographic coverage percentage
9113,Perquenco,9,La Araucanía,2025-03,Claro,4G,1,SUBTEL public network point records; not unique towers and not geographic coverage percentage
9113,Perquenco,9,La Araucanía,2025-03,Entel,4G,4,SUBTEL public network point records; not unique towers and not geographic coverage percentage
9113,Perquenco,9,La Araucanía,2025-03,Movistar,4G,3,SUBTEL public network point records; not unique towers and not geographic coverage percentage
9113,Perquenco,9,La Araucanía,2025-03,WOM,4G,5,SUBTEL public network point records; not unique towers and not geographic coverage percentage
9113,Perquenco,9,La Araucanía,2025-03,Claro,5G,0,SUBTEL public network point records; not unique towers and not geographic coverage percentage
9113,Perquenco,9,La Araucanía,2025-03,Entel,5G,3,SUBTEL public network point records; not unique towers and not geographic coverage percentage
9113,Perquenco,9,La Araucanía,2025-03,Movistar,5G,2,SUBTEL public network point records; not unique towers and not geographic coverage percentage
9113,Perquenco,9,La Araucanía,2025-03,WOM,5G,1,SUBTEL public network point records; not unique towers and not geographic coverage percentage
9114,Pitrufquén,9,La Araucanía,2025-03,Claro,4G,5,SUBTEL public network point records; not unique towers and not geographic coverage percentage
9114,Pitrufquén,9,La Araucanía,2025-03,Entel,4G,11,SUBTEL public network point records; not unique towers and not geographic coverage percentage
9114,Pitrufquén,9,La Araucanía,2025-03,Movistar,4G,4,SUBTEL public network point records; not unique towers and not geographic coverage percentage
9114,Pitrufquén,9,La Araucanía,2025-03,WOM,4G,13,SUBTEL public network point records; not unique towers and not geographic coverage percentage
9114,Pitrufquén,9,La Araucanía,2025-03,Claro,5G,0,SUBTEL public network point records; not unique towers and not geographic coverage percentage
9114,Pitrufquén,9,La Araucanía,2025-03,Entel,5G,4,SUBTEL public network point records; not unique towers and not geographic coverage percentage
9114,Pitrufquén,9,La Araucanía,2025-03,Movistar,5G,4,SUBTEL public network point records; not unique towers and not geographic coverage percentage
9114,Pitrufquén,9,La Araucanía,2025-03,WOM,5G,2,SUBTEL public network point records; not unique towers and not geographic coverage percentage
9115,Pucón,9,La Araucanía,2025-03,Claro,4G,9,SUBTEL public network point records; not unique towers and not geographic coverage percentage
9115,Pucón,9,La Araucanía,2025-03,Entel,4G,47,SUBTEL public network point records; not unique towers and not geographic coverage percentage
9115,Pucón,9,La Araucanía,2025-03,Movistar,4G,24,SUBTEL public network point records; not unique towers and not geographic coverage percentage
9115,Pucón,9,La Araucanía,2025-03,WOM,4G,22,SUBTEL public network point records; not unique towers and not geographic coverage percentage
9115,Pucón,9,La Araucanía,2025-03,Claro,5G,0,SUBTEL public network point records; not unique towers and not geographic coverage percentage
9115,Pucón,9,La Araucanía,2025-03,Entel,5G,5,SUBTEL public network point records; not unique towers and not geographic coverage percentage
9115,Pucón,9,La Araucanía,2025-03,Movistar,5G,6,SUBTEL public network point records; not unique towers and not geographic coverage percentage
9115,Pucón,9,La Araucanía,2025-03,WOM,5G,3,SUBTEL public network point records; not unique towers and not geographic coverage percentage
9116,Saavedra,9,La Araucanía,2025-03,Claro,4G,5,SUBTEL public network point records; not unique towers and not geographic coverage percentage
9116,Saavedra,9,La Araucanía,2025-03,Entel,4G,11,SUBTEL public network point records; not unique towers and not geographic coverage percentage
9116,Saavedra,9,La Araucanía,2025-03,Movistar,4G,8,SUBTEL public network point records; not unique towers and not geographic coverage percentage
9116,Saavedra,9,La Araucanía,2025-03,WOM,4G,9,SUBTEL public network point records; not unique towers and not geographic coverage percentage
9116,Saavedra,9,La Araucanía,2025-03,Claro,5G,0,SUBTEL public network point records; not unique towers and not geographic coverage percentage
9116,Saavedra,9,La Araucanía,2025-03,Entel,5G,3,SUBTEL public network point records; not unique towers and not geographic coverage percentage
9116,Saavedra,9,La Araucanía,2025-03,Movistar,5G,4,SUBTEL public network point records; not unique towers and not geographic coverage percentage
9116,Saavedra,9,La Araucanía,2025-03,WOM,5G,3,SUBTEL public network point records; not unique towers and not geographic coverage percentage
9117,Teodoro Schmidt,9,La Araucanía,2025-03,Claro,4G,4,SUBTEL public network point records; not unique towers and not geographic coverage percentage
9117,Teodoro Schmidt,9,La Araucanía,2025-03,Entel,4G,6,SUBTEL public network point records; not unique towers and not geographic coverage percentage
9117,Teodoro Schmidt,9,La Araucanía,2025-03,Movistar,4G,4,SUBTEL public network point records; not unique towers and not geographic coverage percentage
9117,Teodoro Schmidt,9,La Araucanía,2025-03,WOM,4G,9,SUBTEL public network point records; not unique towers and not geographic coverage percentage
9117,Teodoro Schmidt,9,La Araucanía,2025-03,Claro,5G,0,SUBTEL public network point records; not unique towers and not geographic coverage percentage
9117,Teodoro Schmidt,9,La Araucanía,2025-03,Entel,5G,3,SUBTEL public network point records; not unique towers and not geographic coverage percentage
9117,Teodoro Schmidt,9,La Araucanía,2025-03,Movistar,5G,3,SUBTEL public network point records; not unique towers and not geographic coverage percentage
9117,Teodoro Schmidt,9,La Araucanía,2025-03,WOM,5G,2,SUBTEL public network point records; not unique towers and not geographic coverage percentage
9118,Toltén,9,La Araucanía,2025-03,Claro,4G,7,SUBTEL public network point records; not unique towers and not geographic coverage percentage
9118,Toltén,9,La Araucanía,2025-03,Entel,4G,6,SUBTEL public network point records; not unique towers and not geographic coverage percentage
9118,Toltén,9,La Araucanía,2025-03,Movistar,4G,4,SUBTEL public network point records; not unique towers and not geographic coverage percentage
9118,Toltén,9,La Araucanía,2025-03,WOM,4G,3,SUBTEL public network point records; not unique towers and not geographic coverage percentage
9118,Toltén,9,La Araucanía,2025-03,Claro,5G,0,SUBTEL public network point records; not unique towers and not geographic coverage percentage
9118,Toltén,9,La Araucanía,2025-03,Entel,5G,3,SUBTEL public network point records; not unique towers and not geographic coverage percentage
9118,Toltén,9,La Araucanía,2025-03,Movistar,5G,4,SUBTEL public network point records; not unique towers and not geographic coverage percentage
9118,Toltén,9,La Araucanía,2025-03,WOM,5G,1,SUBTEL public network point records; not unique towers and not geographic coverage percentage
9119,Vilcún,9,La Araucanía,2025-03,Claro,4G,5,SUBTEL public network point records; not unique towers and not geographic coverage percentage
9119,Vilcún,9,La Araucanía,2025-03,Entel,4G,14,SUBTEL public network point records; not unique towers and not geographic coverage percentage
9119,Vilcún,9,La Araucanía,2025-03,Movistar,4G,6,SUBTEL public network point records; not unique towers and not geographic coverage percentage
9119,Vilcún,9,La Araucanía,2025-03,WOM,4G,13,SUBTEL public network point records; not unique towers and not geographic coverage percentage
9119,Vilcún,9,La Araucanía,2025-03,Claro,5G,0,SUBTEL public network point records; not unique towers and not geographic coverage percentage
9119,Vilcún,9,La Araucanía,2025-03,Entel,5G,3,SUBTEL public network point records; not unique towers and not geographic coverage percentage
9119,Vilcún,9,La Araucanía,2025-03,Movistar,5G,4,SUBTEL public network point records; not unique towers and not geographic coverage percentage
9119,Vilcún,9,La Araucanía,2025-03,WOM,5G,2,SUBTEL public network point records; not unique towers and not geographic coverage percentage
9120,Villarrica,9,La Araucanía,2025-03,Claro,4G,11,SUBTEL public network point records; not unique towers and not geographic coverage percentage
9120,Villarrica,9,La Araucanía,2025-03,Entel,4G,39,SUBTEL public network point records; not unique towers and not geographic coverage percentage
9120,Villarrica,9,La Araucanía,2025-03,Movistar,4G,23,SUBTEL public network point records; not unique towers and not geographic coverage percentage
9120,Villarrica,9,La Araucanía,2025-03,WOM,4G,27,SUBTEL public network point records; not unique towers and not geographic coverage percentage
9120,Villarrica,9,La Araucanía,2025-03,Claro,5G,0,SUBTEL public network point records; not unique towers and not geographic coverage percentage
9120,Villarrica,9,La Araucanía,2025-03,Entel,5G,3,SUBTEL public network point records; not unique towers and not geographic coverage percentage
9120,Villarrica,9,La Araucanía,2025-03,Movistar,5G,6,SUBTEL public network point records; not unique towers and not geographic coverage percentage
9120,Villarrica,9,La Araucanía,2025-03,WOM,5G,3,SUBTEL public network point records; not unique towers and not geographic coverage percentage
9121,Cholchol,9,La Araucanía,2025-03,Claro,4G,3,SUBTEL public network point records; not unique towers and not geographic coverage percentage
9121,Cholchol,9,La Araucanía,2025-03,Entel,4G,7,SUBTEL public network point records; not unique towers and not geographic coverage percentage
9121,Cholchol,9,La Araucanía,2025-03,Movistar,4G,2,SUBTEL public network point records; not unique towers and not geographic coverage percentage
9121,Cholchol,9,La Araucanía,2025-03,WOM,4G,6,SUBTEL public network point records; not unique towers and not geographic coverage percentage
9121,Cholchol,9,La Araucanía,2025-03,Claro,5G,0,SUBTEL public network point records; not unique towers and not geographic coverage percentage
9121,Cholchol,9,La Araucanía,2025-03,Entel,5G,3,SUBTEL public network point records; not unique towers and not geographic coverage percentage
9121,Cholchol,9,La Araucanía,2025-03,Movistar,5G,2,SUBTEL public network point records; not unique towers and not geographic coverage percentage
9121,Cholchol,9,La Araucanía,2025-03,WOM,5G,2,SUBTEL public network point records; not unique towers and not geographic coverage percentage
9201,Angol,9,La Araucanía,2025-03,Claro,4G,10,SUBTEL public network point records; not unique towers and not geographic coverage percentage
9201,Angol,9,La Araucanía,2025-03,Entel,4G,27,SUBTEL public network point records; not unique towers and not geographic coverage percentage
9201,Angol,9,La Araucanía,2025-03,Movistar,4G,10,SUBTEL public network point records; not unique towers and not geographic coverage percentage
9201,Angol,9,La Araucanía,2025-03,WOM,4G,19,SUBTEL public network point records; not unique towers and not geographic coverage percentage
9201,Angol,9,La Araucanía,2025-03,Claro,5G,0,SUBTEL public network point records; not unique towers and not geographic coverage percentage
9201,Angol,9,La Araucanía,2025-03,Entel,5G,4,SUBTEL public network point records; not unique towers and not geographic coverage percentage
9201,Angol,9,La Araucanía,2025-03,Movistar,5G,7,SUBTEL public network point records; not unique towers and not geographic coverage percentage
9201,Angol,9,La Araucanía,2025-03,WOM,5G,1,SUBTEL public network point records; not unique towers and not geographic coverage percentage
9202,Collipulli,9,La Araucanía,2025-03,Claro,4G,5,SUBTEL public network point records; not unique towers and not geographic coverage percentage
9202,Collipulli,9,La Araucanía,2025-03,Entel,4G,10,SUBTEL public network point records; not unique towers and not geographic coverage percentage
9202,Collipulli,9,La Araucanía,2025-03,Movistar,4G,4,SUBTEL public network point records; not unique towers and not geographic coverage percentage
9202,Collipulli,9,La Araucanía,2025-03,WOM,4G,18,SUBTEL public network point records; not unique towers and not geographic coverage percentage
9202,Collipulli,9,La Araucanía,2025-03,Claro,5G,0,SUBTEL public network point records; not unique towers and not geographic coverage percentage
9202,Collipulli,9,La Araucanía,2025-03,Entel,5G,4,SUBTEL public network point records; not unique towers and not geographic coverage percentage
9202,Collipulli,9,La Araucanía,2025-03,Movistar,5G,4,SUBTEL public network point records; not unique towers and not geographic coverage percentage
9202,Collipulli,9,La Araucanía,2025-03,WOM,5G,3,SUBTEL public network point records; not unique towers and not geographic coverage percentage
9203,Curacautín,9,La Araucanía,2025-03,Claro,4G,7,SUBTEL public network point records; not unique towers and not geographic coverage percentage
9203,Curacautín,9,La Araucanía,2025-03,Entel,4G,8,SUBTEL public network point records; not unique towers and not geographic coverage percentage
9203,Curacautín,9,La Araucanía,2025-03,Movistar,4G,4,SUBTEL public network point records; not unique towers and not geographic coverage percentage
9203,Curacautín,9,La Araucanía,2025-03,WOM,4G,13,SUBTEL public network point records; not unique towers and not geographic coverage percentage
9203,Curacautín,9,La Araucanía,2025-03,Claro,5G,0,SUBTEL public network point records; not unique towers and not geographic coverage percentage
9203,Curacautín,9,La Araucanía,2025-03,Entel,5G,4,SUBTEL public network point records; not unique towers and not geographic coverage percentage
9203,Curacautín,9,La Araucanía,2025-03,Movistar,5G,4,SUBTEL public network point records; not unique towers and not geographic coverage percentage
9203,Curacautín,9,La Araucanía,2025-03,WOM,5G,2,SUBTEL public network point records; not unique towers and not geographic coverage percentage
9204,Ercilla,9,La Araucanía,2025-03,Claro,4G,2,SUBTEL public network point records; not unique towers and not geographic coverage percentage
9204,Ercilla,9,La Araucanía,2025-03,Entel,4G,4,SUBTEL public network point records; not unique towers and not geographic coverage percentage
9204,Ercilla,9,La Araucanía,2025-03,Movistar,4G,2,SUBTEL public network point records; not unique towers and not geographic coverage percentage
9204,Ercilla,9,La Araucanía,2025-03,WOM,4G,7,SUBTEL public network point records; not unique towers and not geographic coverage percentage
9204,Ercilla,9,La Araucanía,2025-03,Claro,5G,0,SUBTEL public network point records; not unique towers and not geographic coverage percentage
9204,Ercilla,9,La Araucanía,2025-03,Entel,5G,2,SUBTEL public network point records; not unique towers and not geographic coverage percentage
9204,Ercilla,9,La Araucanía,2025-03,Movistar,5G,2,SUBTEL public network point records; not unique towers and not geographic coverage percentage
9204,Ercilla,9,La Araucanía,2025-03,WOM,5G,2,SUBTEL public network point records; not unique towers and not geographic coverage percentage
9205,Lonquimay,9,La Araucanía,2025-03,Claro,4G,3,SUBTEL public network point records; not unique towers and not geographic coverage percentage
9205,Lonquimay,9,La Araucanía,2025-03,Entel,4G,12,SUBTEL public network point records; not unique towers and not geographic coverage percentage
9205,Lonquimay,9,La Araucanía,2025-03,Movistar,4G,3,SUBTEL public network point records; not unique towers and not geographic coverage percentage
9205,Lonquimay,9,La Araucanía,2025-03,WOM,4G,3,SUBTEL public network point records; not unique towers and not geographic coverage percentage
9205,Lonquimay,9,La Araucanía,2025-03,Claro,5G,0,SUBTEL public network point records; not unique towers and not geographic coverage percentage
9205,Lonquimay,9,La Araucanía,2025-03,Entel,5G,5,SUBTEL public network point records; not unique towers and not geographic coverage percentage
9205,Lonquimay,9,La Araucanía,2025-03,Movistar,5G,2,SUBTEL public network point records; not unique towers and not geographic coverage percentage
9205,Lonquimay,9,La Araucanía,2025-03,WOM,5G,1,SUBTEL public network point records; not unique towers and not geographic coverage percentage
9206,Los Sauces,9,La Araucanía,2025-03,Claro,4G,4,SUBTEL public network point records; not unique towers and not geographic coverage percentage
9206,Los Sauces,9,La Araucanía,2025-03,Entel,4G,7,SUBTEL public network point records; not unique towers and not geographic coverage percentage
9206,Los Sauces,9,La Araucanía,2025-03,Movistar,4G,5,SUBTEL public network point records; not unique towers and not geographic coverage percentage
9206,Los Sauces,9,La Araucanía,2025-03,WOM,4G,4,SUBTEL public network point records; not unique towers and not geographic coverage percentage
9206,Los Sauces,9,La Araucanía,2025-03,Claro,5G,0,SUBTEL public network point records; not unique towers and not geographic coverage percentage
9206,Los Sauces,9,La Araucanía,2025-03,Entel,5G,2,SUBTEL public network point records; not unique towers and not geographic coverage percentage
9206,Los Sauces,9,La Araucanía,2025-03,Movistar,5G,4,SUBTEL public network point records; not unique towers and not geographic coverage percentage
9206,Los Sauces,9,La Araucanía,2025-03,WOM,5G,0,SUBTEL public network point records; not unique towers and not geographic coverage percentage
9207,Lumaco,9,La Araucanía,2025-03,Claro,4G,3,SUBTEL public network point records; not unique towers and not geographic coverage percentage
9207,Lumaco,9,La Araucanía,2025-03,Entel,4G,7,SUBTEL public network point records; not unique towers and not geographic coverage percentage
9207,Lumaco,9,La Araucanía,2025-03,Movistar,4G,6,SUBTEL public network point records; not unique towers and not geographic coverage percentage
9207,Lumaco,9,La Araucanía,2025-03,WOM,4G,4,SUBTEL public network point records; not unique towers and not geographic coverage percentage
9207,Lumaco,9,La Araucanía,2025-03,Claro,5G,0,SUBTEL public network point records; not unique towers and not geographic coverage percentage
9207,Lumaco,9,La Araucanía,2025-03,Entel,5G,2,SUBTEL public network point records; not unique towers and not geographic coverage percentage
9207,Lumaco,9,La Araucanía,2025-03,Movistar,5G,5,SUBTEL public network point records; not unique towers and not geographic coverage percentage
9207,Lumaco,9,La Araucanía,2025-03,WOM,5G,1,SUBTEL public network point records; not unique towers and not geographic coverage percentage
9208,Purén,9,La Araucanía,2025-03,Claro,4G,3,SUBTEL public network point records; not unique towers and not geographic coverage percentage
9208,Purén,9,La Araucanía,2025-03,Entel,4G,10,SUBTEL public network point records; not unique towers and not geographic coverage percentage
9208,Purén,9,La Araucanía,2025-03,Movistar,4G,4,SUBTEL public network point records; not unique towers and not geographic coverage percentage
9208,Purén,9,La Araucanía,2025-03,WOM,4G,9,SUBTEL public network point records; not unique towers and not geographic coverage percentage
9208,Purén,9,La Araucanía,2025-03,Claro,5G,0,SUBTEL public network point records; not unique towers and not geographic coverage percentage
9208,Purén,9,La Araucanía,2025-03,Entel,5G,4,SUBTEL public network point records; not unique towers and not geographic coverage percentage
9208,Purén,9,La Araucanía,2025-03,Movistar,5G,4,SUBTEL public network point records; not unique towers and not geographic coverage percentage
9208,Purén,9,La Araucanía,2025-03,WOM,5G,3,SUBTEL public network point records; not unique towers and not geographic coverage percentage
9209,Renaico,9,La Araucanía,2025-03,Claro,4G,2,SUBTEL public network point records; not unique towers and not geographic coverage percentage
9209,Renaico,9,La Araucanía,2025-03,Entel,4G,7,SUBTEL public network point records; not unique towers and not geographic coverage percentage
9209,Renaico,9,La Araucanía,2025-03,Movistar,4G,3,SUBTEL public network point records; not unique towers and not geographic coverage percentage
9209,Renaico,9,La Araucanía,2025-03,WOM,4G,6,SUBTEL public network point records; not unique towers and not geographic coverage percentage
9209,Renaico,9,La Araucanía,2025-03,Claro,5G,0,SUBTEL public network point records; not unique towers and not geographic coverage percentage
9209,Renaico,9,La Araucanía,2025-03,Entel,5G,3,SUBTEL public network point records; not unique towers and not geographic coverage percentage
9209,Renaico,9,La Araucanía,2025-03,Movistar,5G,2,SUBTEL public network point records; not unique towers and not geographic coverage percentage
9209,Renaico,9,La Araucanía,2025-03,WOM,5G,2,SUBTEL public network point records; not unique towers and not geographic coverage percentage
9210,Traiguén,9,La Araucanía,2025-03,Claro,4G,6,SUBTEL public network point records; not unique towers and not geographic coverage percentage
9210,Traiguén,9,La Araucanía,2025-03,Entel,4G,9,SUBTEL public network point records; not unique towers and not geographic coverage percentage
9210,Traiguén,9,La Araucanía,2025-03,Movistar,4G,4,SUBTEL public network point records; not unique towers and not geographic coverage percentage
9210,Traiguén,9,La Araucanía,2025-03,WOM,4G,10,SUBTEL public network point records; not unique towers and not geographic coverage percentage
9210,Traiguén,9,La Araucanía,2025-03,Claro,5G,0,SUBTEL public network point records; not unique towers and not geographic coverage percentage
9210,Traiguén,9,La Araucanía,2025-03,Entel,5G,3,SUBTEL public network point records; not unique towers and not geographic coverage percentage
9210,Traiguén,9,La Araucanía,2025-03,Movistar,5G,4,SUBTEL public network point records; not unique towers and not geographic coverage percentage
9210,Traiguén,9,La Araucanía,2025-03,WOM,5G,3,SUBTEL public network point records; not unique towers and not geographic coverage percentage
9211,Victoria,9,La Araucanía,2025-03,Claro,4G,6,SUBTEL public network point records; not unique towers and not geographic coverage percentage
9211,Victoria,9,La Araucanía,2025-03,Entel,4G,23,SUBTEL public network point records; not unique towers and not geographic coverage percentage
9211,Victoria,9,La Araucanía,2025-03,Movistar,4G,8,SUBTEL public network point records; not unique towers and not geographic coverage percentage
9211,Victoria,9,La Araucanía,2025-03,WOM,4G,17,SUBTEL public network point records; not unique towers and not geographic coverage percentage
9211,Victoria,9,La Araucanía,2025-03,Claro,5G,0,SUBTEL public network point records; not unique towers and not geographic coverage percentage
9211,Victoria,9,La Araucanía,2025-03,Entel,5G,4,SUBTEL public network point records; not unique towers and not geographic coverage percentage
9211,Victoria,9,La Araucanía,2025-03,Movistar,5G,4,SUBTEL public network point records; not unique towers and not geographic coverage percentage
9211,Victoria,9,La Araucanía,2025-03,WOM,5G,4,SUBTEL public network point records; not unique towers and not geographic coverage percentage
10101,Puerto Montt,10,Los Lagos,2025-03,Claro,4G,38,SUBTEL public network point records; not unique towers and not geographic coverage percentage
10101,Puerto Montt,10,Los Lagos,2025-03,Entel,4G,116,SUBTEL public network point records; not unique towers and not geographic coverage percentage
10101,Puerto Montt,10,Los Lagos,2025-03,Movistar,4G,55,SUBTEL public network point records; not unique towers and not geographic coverage percentage
10101,Puerto Montt,10,Los Lagos,2025-03,WOM,4G,147,SUBTEL public network point records; not unique towers and not geographic coverage percentage
10101,Puerto Montt,10,Los Lagos,2025-03,Claro,5G,0,SUBTEL public network point records; not unique towers and not geographic coverage percentage
10101,Puerto Montt,10,Los Lagos,2025-03,Entel,5G,29,SUBTEL public network point records; not unique towers and not geographic coverage percentage
10101,Puerto Montt,10,Los Lagos,2025-03,Movistar,5G,24,SUBTEL public network point records; not unique towers and not geographic coverage percentage
10101,Puerto Montt,10,Los Lagos,2025-03,WOM,5G,20,SUBTEL public network point records; not unique towers and not geographic coverage percentage
10102,Calbuco,10,Los Lagos,2025-03,Claro,4G,8,SUBTEL public network point records; not unique towers and not geographic coverage percentage
10102,Calbuco,10,Los Lagos,2025-03,Entel,4G,19,SUBTEL public network point records; not unique towers and not geographic coverage percentage
10102,Calbuco,10,Los Lagos,2025-03,Movistar,4G,9,SUBTEL public network point records; not unique towers and not geographic coverage percentage
10102,Calbuco,10,Los Lagos,2025-03,WOM,4G,25,SUBTEL public network point records; not unique towers and not geographic coverage percentage
10102,Calbuco,10,Los Lagos,2025-03,Claro,5G,0,SUBTEL public network point records; not unique towers and not geographic coverage percentage
10102,Calbuco,10,Los Lagos,2025-03,Entel,5G,6,SUBTEL public network point records; not unique towers and not geographic coverage percentage
10102,Calbuco,10,Los Lagos,2025-03,Movistar,5G,5,SUBTEL public network point records; not unique towers and not geographic coverage percentage
10102,Calbuco,10,Los Lagos,2025-03,WOM,5G,5,SUBTEL public network point records; not unique towers and not geographic coverage percentage
10103,Cochamó,10,Los Lagos,2025-03,Claro,4G,2,SUBTEL public network point records; not unique towers and not geographic coverage percentage
10103,Cochamó,10,Los Lagos,2025-03,Entel,4G,6,SUBTEL public network point records; not unique towers and not geographic coverage percentage
10103,Cochamó,10,Los Lagos,2025-03,Movistar,4G,2,SUBTEL public network point records; not unique towers and not geographic coverage percentage
10103,Cochamó,10,Los Lagos,2025-03,WOM,4G,4,SUBTEL public network point records; not unique towers and not geographic coverage percentage
10103,Cochamó,10,Los Lagos,2025-03,Claro,5G,0,SUBTEL public network point records; not unique towers and not geographic coverage percentage
10103,Cochamó,10,Los Lagos,2025-03,Entel,5G,2,SUBTEL public network point records; not unique towers and not geographic coverage percentage
10103,Cochamó,10,Los Lagos,2025-03,Movistar,5G,2,SUBTEL public network point records; not unique towers and not geographic coverage percentage
10103,Cochamó,10,Los Lagos,2025-03,WOM,5G,1,SUBTEL public network point records; not unique towers and not geographic coverage percentage
10104,Fresia,10,Los Lagos,2025-03,Claro,4G,8,SUBTEL public network point records; not unique towers and not geographic coverage percentage
10104,Fresia,10,Los Lagos,2025-03,Entel,4G,12,SUBTEL public network point records; not unique towers and not geographic coverage percentage
10104,Fresia,10,Los Lagos,2025-03,Movistar,4G,5,SUBTEL public network point records; not unique towers and not geographic coverage percentage
10104,Fresia,10,Los Lagos,2025-03,WOM,4G,6,SUBTEL public network point records; not unique towers and not geographic coverage percentage
10104,Fresia,10,Los Lagos,2025-03,Claro,5G,0,SUBTEL public network point records; not unique towers and not geographic coverage percentage
10104,Fresia,10,Los Lagos,2025-03,Entel,5G,4,SUBTEL public network point records; not unique towers and not geographic coverage percentage
10104,Fresia,10,Los Lagos,2025-03,Movistar,5G,3,SUBTEL public network point records; not unique towers and not geographic coverage percentage
10104,Fresia,10,Los Lagos,2025-03,WOM,5G,2,SUBTEL public network point records; not unique towers and not geographic coverage percentage
10105,Frutillar,10,Los Lagos,2025-03,Claro,4G,5,SUBTEL public network point records; not unique towers and not geographic coverage percentage
10105,Frutillar,10,Los Lagos,2025-03,Entel,4G,13,SUBTEL public network point records; not unique towers and not geographic coverage percentage
10105,Frutillar,10,Los Lagos,2025-03,Movistar,4G,7,SUBTEL public network point records; not unique towers and not geographic coverage percentage
10105,Frutillar,10,Los Lagos,2025-03,WOM,4G,8,SUBTEL public network point records; not unique towers and not geographic coverage percentage
10105,Frutillar,10,Los Lagos,2025-03,Claro,5G,0,SUBTEL public network point records; not unique towers and not geographic coverage percentage
10105,Frutillar,10,Los Lagos,2025-03,Entel,5G,4,SUBTEL public network point records; not unique towers and not geographic coverage percentage
10105,Frutillar,10,Los Lagos,2025-03,Movistar,5G,4,SUBTEL public network point records; not unique towers and not geographic coverage percentage
10105,Frutillar,10,Los Lagos,2025-03,WOM,5G,4,SUBTEL public network point records; not unique towers and not geographic coverage percentage
10106,Los Muermos,10,Los Lagos,2025-03,Claro,4G,7,SUBTEL public network point records; not unique towers and not geographic coverage percentage
10106,Los Muermos,10,Los Lagos,2025-03,Entel,4G,18,SUBTEL public network point records; not unique towers and not geographic coverage percentage
10106,Los Muermos,10,Los Lagos,2025-03,Movistar,4G,5,SUBTEL public network point records; not unique towers and not geographic coverage percentage
10106,Los Muermos,10,Los Lagos,2025-03,WOM,4G,7,SUBTEL public network point records; not unique towers and not geographic coverage percentage
10106,Los Muermos,10,Los Lagos,2025-03,Claro,5G,0,SUBTEL public network point records; not unique towers and not geographic coverage percentage
10106,Los Muermos,10,Los Lagos,2025-03,Entel,5G,3,SUBTEL public network point records; not unique towers and not geographic coverage percentage
10106,Los Muermos,10,Los Lagos,2025-03,Movistar,5G,3,SUBTEL public network point records; not unique towers and not geographic coverage percentage
10106,Los Muermos,10,Los Lagos,2025-03,WOM,5G,1,SUBTEL public network point records; not unique towers and not geographic coverage percentage
10107,Llanquihue,10,Los Lagos,2025-03,Claro,4G,3,SUBTEL public network point records; not unique towers and not geographic coverage percentage
10107,Llanquihue,10,Los Lagos,2025-03,Entel,4G,8,SUBTEL public network point records; not unique towers and not geographic coverage percentage
10107,Llanquihue,10,Los Lagos,2025-03,Movistar,4G,4,SUBTEL public network point records; not unique towers and not geographic coverage percentage
10107,Llanquihue,10,Los Lagos,2025-03,WOM,4G,12,SUBTEL public network point records; not unique towers and not geographic coverage percentage
10107,Llanquihue,10,Los Lagos,2025-03,Claro,5G,0,SUBTEL public network point records; not unique towers and not geographic coverage percentage
10107,Llanquihue,10,Los Lagos,2025-03,Entel,5G,3,SUBTEL public network point records; not unique towers and not geographic coverage percentage
10107,Llanquihue,10,Los Lagos,2025-03,Movistar,5G,2,SUBTEL public network point records; not unique towers and not geographic coverage percentage
10107,Llanquihue,10,Los Lagos,2025-03,WOM,5G,5,SUBTEL public network point records; not unique towers and not geographic coverage percentage
10108,Maullín,10,Los Lagos,2025-03,Claro,4G,2,SUBTEL public network point records; not unique towers and not geographic coverage percentage
10108,Maullín,10,Los Lagos,2025-03,Entel,4G,10,SUBTEL public network point records; not unique towers and not geographic coverage percentage
10108,Maullín,10,Los Lagos,2025-03,Movistar,4G,4,SUBTEL public network point records; not unique towers and not geographic coverage percentage
10108,Maullín,10,Los Lagos,2025-03,WOM,4G,13,SUBTEL public network point records; not unique towers and not geographic coverage percentage
10108,Maullín,10,Los Lagos,2025-03,Claro,5G,0,SUBTEL public network point records; not unique towers and not geographic coverage percentage
10108,Maullín,10,Los Lagos,2025-03,Entel,5G,3,SUBTEL public network point records; not unique towers and not geographic coverage percentage
10108,Maullín,10,Los Lagos,2025-03,Movistar,5G,3,SUBTEL public network point records; not unique towers and not geographic coverage percentage
10108,Maullín,10,Los Lagos,2025-03,WOM,5G,4,SUBTEL public network point records; not unique towers and not geographic coverage percentage
10109,Puerto Varas,10,Los Lagos,2025-03,Claro,4G,12,SUBTEL public network point records; not unique towers and not geographic coverage percentage
10109,Puerto Varas,10,Los Lagos,2025-03,Entel,4G,34,SUBTEL public network point records; not unique towers and not geographic coverage percentage
10109,Puerto Varas,10,Los Lagos,2025-03,Movistar,4G,17,SUBTEL public network point records; not unique towers and not geographic coverage percentage
10109,Puerto Varas,10,Los Lagos,2025-03,WOM,4G,32,SUBTEL public network point records; not unique towers and not geographic coverage percentage
10109,Puerto Varas,10,Los Lagos,2025-03,Claro,5G,0,SUBTEL public network point records; not unique towers and not geographic coverage percentage
10109,Puerto Varas,10,Los Lagos,2025-03,Entel,5G,3,SUBTEL public network point records; not unique towers and not geographic coverage percentage
10109,Puerto Varas,10,Los Lagos,2025-03,Movistar,5G,7,SUBTEL public network point records; not unique towers and not geographic coverage percentage
10109,Puerto Varas,10,Los Lagos,2025-03,WOM,5G,3,SUBTEL public network point records; not unique towers and not geographic coverage percentage
10201,Castro,10,Los Lagos,2025-03,Claro,4G,7,SUBTEL public network point records; not unique towers and not geographic coverage percentage
10201,Castro,10,Los Lagos,2025-03,Entel,4G,24,SUBTEL public network point records; not unique towers and not geographic coverage percentage
10201,Castro,10,Los Lagos,2025-03,Movistar,4G,13,SUBTEL public network point records; not unique towers and not geographic coverage percentage
10201,Castro,10,Los Lagos,2025-03,WOM,4G,26,SUBTEL public network point records; not unique towers and not geographic coverage percentage
10201,Castro,10,Los Lagos,2025-03,Claro,5G,0,SUBTEL public network point records; not unique towers and not geographic coverage percentage
10201,Castro,10,Los Lagos,2025-03,Entel,5G,5,SUBTEL public network point records; not unique towers and not geographic coverage percentage
10201,Castro,10,Los Lagos,2025-03,Movistar,5G,4,SUBTEL public network point records; not unique towers and not geographic coverage percentage
10201,Castro,10,Los Lagos,2025-03,WOM,5G,4,SUBTEL public network point records; not unique towers and not geographic coverage percentage
10202,Ancud,10,Los Lagos,2025-03,Claro,4G,10,SUBTEL public network point records; not unique towers and not geographic coverage percentage
10202,Ancud,10,Los Lagos,2025-03,Entel,4G,19,SUBTEL public network point records; not unique towers and not geographic coverage percentage
10202,Ancud,10,Los Lagos,2025-03,Movistar,4G,13,SUBTEL public network point records; not unique towers and not geographic coverage percentage
10202,Ancud,10,Los Lagos,2025-03,WOM,4G,25,SUBTEL public network point records; not unique towers and not geographic coverage percentage
10202,Ancud,10,Los Lagos,2025-03,Claro,5G,0,SUBTEL public network point records; not unique towers and not geographic coverage percentage
10202,Ancud,10,Los Lagos,2025-03,Entel,5G,3,SUBTEL public network point records; not unique towers and not geographic coverage percentage
10202,Ancud,10,Los Lagos,2025-03,Movistar,5G,4,SUBTEL public network point records; not unique towers and not geographic coverage percentage
10202,Ancud,10,Los Lagos,2025-03,WOM,5G,3,SUBTEL public network point records; not unique towers and not geographic coverage percentage
10203,Chonchi,10,Los Lagos,2025-03,Claro,4G,6,SUBTEL public network point records; not unique towers and not geographic coverage percentage
10203,Chonchi,10,Los Lagos,2025-03,Entel,4G,16,SUBTEL public network point records; not unique towers and not geographic coverage percentage
10203,Chonchi,10,Los Lagos,2025-03,Movistar,4G,7,SUBTEL public network point records; not unique towers and not geographic coverage percentage
10203,Chonchi,10,Los Lagos,2025-03,WOM,4G,16,SUBTEL public network point records; not unique towers and not geographic coverage percentage
10203,Chonchi,10,Los Lagos,2025-03,Claro,5G,0,SUBTEL public network point records; not unique towers and not geographic coverage percentage
10203,Chonchi,10,Los Lagos,2025-03,Entel,5G,3,SUBTEL public network point records; not unique towers and not geographic coverage percentage
10203,Chonchi,10,Los Lagos,2025-03,Movistar,5G,4,SUBTEL public network point records; not unique towers and not geographic coverage percentage
10203,Chonchi,10,Los Lagos,2025-03,WOM,5G,4,SUBTEL public network point records; not unique towers and not geographic coverage percentage
10204,Curaco de Vélez,10,Los Lagos,2025-03,Claro,4G,2,SUBTEL public network point records; not unique towers and not geographic coverage percentage
10204,Curaco de Vélez,10,Los Lagos,2025-03,Entel,4G,2,SUBTEL public network point records; not unique towers and not geographic coverage percentage
10204,Curaco de Vélez,10,Los Lagos,2025-03,Movistar,4G,2,SUBTEL public network point records; not unique towers and not geographic coverage percentage
10204,Curaco de Vélez,10,Los Lagos,2025-03,WOM,4G,4,SUBTEL public network point records; not unique towers and not geographic coverage percentage
10204,Curaco de Vélez,10,Los Lagos,2025-03,Claro,5G,0,SUBTEL public network point records; not unique towers and not geographic coverage percentage
10204,Curaco de Vélez,10,Los Lagos,2025-03,Entel,5G,0,SUBTEL public network point records; not unique towers and not geographic coverage percentage
10204,Curaco de Vélez,10,Los Lagos,2025-03,Movistar,5G,2,SUBTEL public network point records; not unique towers and not geographic coverage percentage
10204,Curaco de Vélez,10,Los Lagos,2025-03,WOM,5G,2,SUBTEL public network point records; not unique towers and not geographic coverage percentage
10205,Dalcahue,10,Los Lagos,2025-03,Claro,4G,4,SUBTEL public network point records; not unique towers and not geographic coverage percentage
10205,Dalcahue,10,Los Lagos,2025-03,Entel,4G,6,SUBTEL public network point records; not unique towers and not geographic coverage percentage
10205,Dalcahue,10,Los Lagos,2025-03,Movistar,4G,6,SUBTEL public network point records; not unique towers and not geographic coverage percentage
10205,Dalcahue,10,Los Lagos,2025-03,WOM,4G,10,SUBTEL public network point records; not unique towers and not geographic coverage percentage
10205,Dalcahue,10,Los Lagos,2025-03,Claro,5G,0,SUBTEL public network point records; not unique towers and not geographic coverage percentage
10205,Dalcahue,10,Los Lagos,2025-03,Entel,5G,3,SUBTEL public network point records; not unique towers and not geographic coverage percentage
10205,Dalcahue,10,Los Lagos,2025-03,Movistar,5G,6,SUBTEL public network point records; not unique towers and not geographic coverage percentage
10205,Dalcahue,10,Los Lagos,2025-03,WOM,5G,5,SUBTEL public network point records; not unique towers and not geographic coverage percentage
10206,Puqueldón,10,Los Lagos,2025-03,Claro,4G,1,SUBTEL public network point records; not unique towers and not geographic coverage percentage
10206,Puqueldón,10,Los Lagos,2025-03,Entel,4G,5,SUBTEL public network point records; not unique towers and not geographic coverage percentage
10206,Puqueldón,10,Los Lagos,2025-03,Movistar,4G,1,SUBTEL public network point records; not unique towers and not geographic coverage percentage
10206,Puqueldón,10,Los Lagos,2025-03,WOM,4G,8,SUBTEL public network point records; not unique towers and not geographic coverage percentage
10206,Puqueldón,10,Los Lagos,2025-03,Claro,5G,0,SUBTEL public network point records; not unique towers and not geographic coverage percentage
10206,Puqueldón,10,Los Lagos,2025-03,Entel,5G,0,SUBTEL public network point records; not unique towers and not geographic coverage percentage
10206,Puqueldón,10,Los Lagos,2025-03,Movistar,5G,0,SUBTEL public network point records; not unique towers and not geographic coverage percentage
10206,Puqueldón,10,Los Lagos,2025-03,WOM,5G,2,SUBTEL public network point records; not unique towers and not geographic coverage percentage
10207,Queilén,10,Los Lagos,2025-03,Claro,4G,2,SUBTEL public network point records; not unique towers and not geographic coverage percentage
10207,Queilén,10,Los Lagos,2025-03,Entel,4G,5,SUBTEL public network point records; not unique towers and not geographic coverage percentage
10207,Queilén,10,Los Lagos,2025-03,Movistar,4G,5,SUBTEL public network point records; not unique towers and not geographic coverage percentage
10207,Queilén,10,Los Lagos,2025-03,WOM,4G,4,SUBTEL public network point records; not unique towers and not geographic coverage percentage
10207,Queilén,10,Los Lagos,2025-03,Claro,5G,0,SUBTEL public network point records; not unique towers and not geographic coverage percentage
10207,Queilén,10,Los Lagos,2025-03,Entel,5G,1,SUBTEL public network point records; not unique towers and not geographic coverage percentage
10207,Queilén,10,Los Lagos,2025-03,Movistar,5G,5,SUBTEL public network point records; not unique towers and not geographic coverage percentage
10207,Queilén,10,Los Lagos,2025-03,WOM,5G,1,SUBTEL public network point records; not unique towers and not geographic coverage percentage
10208,Quellón,10,Los Lagos,2025-03,Claro,4G,5,SUBTEL public network point records; not unique towers and not geographic coverage percentage
10208,Quellón,10,Los Lagos,2025-03,Entel,4G,16,SUBTEL public network point records; not unique towers and not geographic coverage percentage
10208,Quellón,10,Los Lagos,2025-03,Movistar,4G,10,SUBTEL public network point records; not unique towers and not geographic coverage percentage
10208,Quellón,10,Los Lagos,2025-03,WOM,4G,21,SUBTEL public network point records; not unique towers and not geographic coverage percentage
10208,Quellón,10,Los Lagos,2025-03,Claro,5G,0,SUBTEL public network point records; not unique towers and not geographic coverage percentage
10208,Quellón,10,Los Lagos,2025-03,Entel,5G,3,SUBTEL public network point records; not unique towers and not geographic coverage percentage
10208,Quellón,10,Los Lagos,2025-03,Movistar,5G,5,SUBTEL public network point records; not unique towers and not geographic coverage percentage
10208,Quellón,10,Los Lagos,2025-03,WOM,5G,4,SUBTEL public network point records; not unique towers and not geographic coverage percentage
10209,Quemchi,10,Los Lagos,2025-03,Claro,4G,4,SUBTEL public network point records; not unique towers and not geographic coverage percentage
10209,Quemchi,10,Los Lagos,2025-03,Entel,4G,7,SUBTEL public network point records; not unique towers and not geographic coverage percentage
10209,Quemchi,10,Los Lagos,2025-03,Movistar,4G,2,SUBTEL public network point records; not unique towers and not geographic coverage percentage
10209,Quemchi,10,Los Lagos,2025-03,WOM,4G,9,SUBTEL public network point records; not unique towers and not geographic coverage percentage
10209,Quemchi,10,Los Lagos,2025-03,Claro,5G,0,SUBTEL public network point records; not unique towers and not geographic coverage percentage
10209,Quemchi,10,Los Lagos,2025-03,Entel,5G,6,SUBTEL public network point records; not unique towers and not geographic coverage percentage
10209,Quemchi,10,Los Lagos,2025-03,Movistar,5G,2,SUBTEL public network point records; not unique towers and not geographic coverage percentage
10209,Quemchi,10,Los Lagos,2025-03,WOM,5G,3,SUBTEL public network point records; not unique towers and not geographic coverage percentage
10210,Quinchao,10,Los Lagos,2025-03,Claro,4G,2,SUBTEL public network point records; not unique towers and not geographic coverage percentage
10210,Quinchao,10,Los Lagos,2025-03,Entel,4G,4,SUBTEL public network point records; not unique towers and not geographic coverage percentage
10210,Quinchao,10,Los Lagos,2025-03,Movistar,4G,4,SUBTEL public network point records; not unique towers and not geographic coverage percentage
10210,Quinchao,10,Los Lagos,2025-03,WOM,4G,9,SUBTEL public network point records; not unique towers and not geographic coverage percentage
10210,Quinchao,10,Los Lagos,2025-03,Claro,5G,0,SUBTEL public network point records; not unique towers and not geographic coverage percentage
10210,Quinchao,10,Los Lagos,2025-03,Entel,5G,1,SUBTEL public network point records; not unique towers and not geographic coverage percentage
10210,Quinchao,10,Los Lagos,2025-03,Movistar,5G,2,SUBTEL public network point records; not unique towers and not geographic coverage percentage
10210,Quinchao,10,Los Lagos,2025-03,WOM,5G,2,SUBTEL public network point records; not unique towers and not geographic coverage percentage
10301,Osorno,10,Los Lagos,2025-03,Claro,4G,22,SUBTEL public network point records; not unique towers and not geographic coverage percentage
10301,Osorno,10,Los Lagos,2025-03,Entel,4G,67,SUBTEL public network point records; not unique towers and not geographic coverage percentage
10301,Osorno,10,Los Lagos,2025-03,Movistar,4G,32,SUBTEL public network point records; not unique towers and not geographic coverage percentage
10301,Osorno,10,Los Lagos,2025-03,WOM,4G,65,SUBTEL public network point records; not unique towers and not geographic coverage percentage
10301,Osorno,10,Los Lagos,2025-03,Claro,5G,0,SUBTEL public network point records; not unique towers and not geographic coverage percentage
10301,Osorno,10,Los Lagos,2025-03,Entel,5G,4,SUBTEL public network point records; not unique towers and not geographic coverage percentage
10301,Osorno,10,Los Lagos,2025-03,Movistar,5G,3,SUBTEL public network point records; not unique towers and not geographic coverage percentage
10301,Osorno,10,Los Lagos,2025-03,WOM,5G,3,SUBTEL public network point records; not unique towers and not geographic coverage percentage
10302,Puerto Octay,10,Los Lagos,2025-03,Claro,4G,6,SUBTEL public network point records; not unique towers and not geographic coverage percentage
10302,Puerto Octay,10,Los Lagos,2025-03,Entel,4G,9,SUBTEL public network point records; not unique towers and not geographic coverage percentage
10302,Puerto Octay,10,Los Lagos,2025-03,Movistar,4G,7,SUBTEL public network point records; not unique towers and not geographic coverage percentage
10302,Puerto Octay,10,Los Lagos,2025-03,WOM,4G,9,SUBTEL public network point records; not unique towers and not geographic coverage percentage
10302,Puerto Octay,10,Los Lagos,2025-03,Claro,5G,0,SUBTEL public network point records; not unique towers and not geographic coverage percentage
10302,Puerto Octay,10,Los Lagos,2025-03,Entel,5G,3,SUBTEL public network point records; not unique towers and not geographic coverage percentage
10302,Puerto Octay,10,Los Lagos,2025-03,Movistar,5G,3,SUBTEL public network point records; not unique towers and not geographic coverage percentage
10302,Puerto Octay,10,Los Lagos,2025-03,WOM,5G,3,SUBTEL public network point records; not unique towers and not geographic coverage percentage
10303,Purranque,10,Los Lagos,2025-03,Claro,4G,5,SUBTEL public network point records; not unique towers and not geographic coverage percentage
10303,Purranque,10,Los Lagos,2025-03,Entel,4G,11,SUBTEL public network point records; not unique towers and not geographic coverage percentage
10303,Purranque,10,Los Lagos,2025-03,Movistar,4G,9,SUBTEL public network point records; not unique towers and not geographic coverage percentage
10303,Purranque,10,Los Lagos,2025-03,WOM,4G,14,SUBTEL public network point records; not unique towers and not geographic coverage percentage
10303,Purranque,10,Los Lagos,2025-03,Claro,5G,0,SUBTEL public network point records; not unique towers and not geographic coverage percentage
10303,Purranque,10,Los Lagos,2025-03,Entel,5G,3,SUBTEL public network point records; not unique towers and not geographic coverage percentage
10303,Purranque,10,Los Lagos,2025-03,Movistar,5G,4,SUBTEL public network point records; not unique towers and not geographic coverage percentage
10303,Purranque,10,Los Lagos,2025-03,WOM,5G,3,SUBTEL public network point records; not unique towers and not geographic coverage percentage
10304,Puyehue,10,Los Lagos,2025-03,Claro,4G,8,SUBTEL public network point records; not unique towers and not geographic coverage percentage
10304,Puyehue,10,Los Lagos,2025-03,Entel,4G,13,SUBTEL public network point records; not unique towers and not geographic coverage percentage
10304,Puyehue,10,Los Lagos,2025-03,Movistar,4G,10,SUBTEL public network point records; not unique towers and not geographic coverage percentage
10304,Puyehue,10,Los Lagos,2025-03,WOM,4G,8,SUBTEL public network point records; not unique towers and not geographic coverage percentage
10304,Puyehue,10,Los Lagos,2025-03,Claro,5G,0,SUBTEL public network point records; not unique towers and not geographic coverage percentage
10304,Puyehue,10,Los Lagos,2025-03,Entel,5G,3,SUBTEL public network point records; not unique towers and not geographic coverage percentage
10304,Puyehue,10,Los Lagos,2025-03,Movistar,5G,4,SUBTEL public network point records; not unique towers and not geographic coverage percentage
10304,Puyehue,10,Los Lagos,2025-03,WOM,5G,2,SUBTEL public network point records; not unique towers and not geographic coverage percentage
10305,Río Negro,10,Los Lagos,2025-03,Claro,4G,4,SUBTEL public network point records; not unique towers and not geographic coverage percentage
10305,Río Negro,10,Los Lagos,2025-03,Entel,4G,15,SUBTEL public network point records; not unique towers and not geographic coverage percentage
10305,Río Negro,10,Los Lagos,2025-03,Movistar,4G,4,SUBTEL public network point records; not unique towers and not geographic coverage percentage
10305,Río Negro,10,Los Lagos,2025-03,WOM,4G,15,SUBTEL public network point records; not unique towers and not geographic coverage percentage
10305,Río Negro,10,Los Lagos,2025-03,Claro,5G,0,SUBTEL public network point records; not unique towers and not geographic coverage percentage
10305,Río Negro,10,Los Lagos,2025-03,Entel,5G,3,SUBTEL public network point records; not unique towers and not geographic coverage percentage
10305,Río Negro,10,Los Lagos,2025-03,Movistar,5G,3,SUBTEL public network point records; not unique towers and not geographic coverage percentage
10305,Río Negro,10,Los Lagos,2025-03,WOM,5G,3,SUBTEL public network point records; not unique towers and not geographic coverage percentage
10306,San Juan de la Costa,10,Los Lagos,2025-03,Claro,4G,5,SUBTEL public network point records; not unique towers and not geographic coverage percentage
10306,San Juan de la Costa,10,Los Lagos,2025-03,Entel,4G,13,SUBTEL public network point records; not unique towers and not geographic coverage percentage
10306,San Juan de la Costa,10,Los Lagos,2025-03,Movistar,4G,6,SUBTEL public network point records; not unique towers and not geographic coverage percentage
10306,San Juan de la Costa,10,Los Lagos,2025-03,WOM,4G,8,SUBTEL public network point records; not unique towers and not geographic coverage percentage
10306,San Juan de la Costa,10,Los Lagos,2025-03,Claro,5G,0,SUBTEL public network point records; not unique towers and not geographic coverage percentage
10306,San Juan de la Costa,10,Los Lagos,2025-03,Entel,5G,2,SUBTEL public network point records; not unique towers and not geographic coverage percentage
10306,San Juan de la Costa,10,Los Lagos,2025-03,Movistar,5G,4,SUBTEL public network point records; not unique towers and not geographic coverage percentage
10306,San Juan de la Costa,10,Los Lagos,2025-03,WOM,5G,4,SUBTEL public network point records; not unique towers and not geographic coverage percentage
10307,San Pablo,10,Los Lagos,2025-03,Claro,4G,8,SUBTEL public network point records; not unique towers and not geographic coverage percentage
10307,San Pablo,10,Los Lagos,2025-03,Entel,4G,8,SUBTEL public network point records; not unique towers and not geographic coverage percentage
10307,San Pablo,10,Los Lagos,2025-03,Movistar,4G,5,SUBTEL public network point records; not unique towers and not geographic coverage percentage
10307,San Pablo,10,Los Lagos,2025-03,WOM,4G,5,SUBTEL public network point records; not unique towers and not geographic coverage percentage
10307,San Pablo,10,Los Lagos,2025-03,Claro,5G,0,SUBTEL public network point records; not unique towers and not geographic coverage percentage
10307,San Pablo,10,Los Lagos,2025-03,Entel,5G,4,SUBTEL public network point records; not unique towers and not geographic coverage percentage
10307,San Pablo,10,Los Lagos,2025-03,Movistar,5G,3,SUBTEL public network point records; not unique towers and not geographic coverage percentage
10307,San Pablo,10,Los Lagos,2025-03,WOM,5G,3,SUBTEL public network point records; not unique towers and not geographic coverage percentage
10401,Chaitén,10,Los Lagos,2025-03,Claro,4G,7,SUBTEL public network point records; not unique towers and not geographic coverage percentage
10401,Chaitén,10,Los Lagos,2025-03,Entel,4G,4,SUBTEL public network point records; not unique towers and not geographic coverage percentage
10401,Chaitén,10,Los Lagos,2025-03,Movistar,4G,6,SUBTEL public network point records; not unique towers and not geographic coverage percentage
10401,Chaitén,10,Los Lagos,2025-03,WOM,4G,5,SUBTEL public network point records; not unique towers and not geographic coverage percentage
10401,Chaitén,10,Los Lagos,2025-03,Claro,5G,0,SUBTEL public network point records; not unique towers and not geographic coverage percentage
10401,Chaitén,10,Los Lagos,2025-03,Entel,5G,2,SUBTEL public network point records; not unique towers and not geographic coverage percentage
10401,Chaitén,10,Los Lagos,2025-03,Movistar,5G,4,SUBTEL public network point records; not unique towers and not geographic coverage percentage
10401,Chaitén,10,Los Lagos,2025-03,WOM,5G,1,SUBTEL public network point records; not unique towers and not geographic coverage percentage
10402,Futaleufú,10,Los Lagos,2025-03,Claro,4G,2,SUBTEL public network point records; not unique towers and not geographic coverage percentage
10402,Futaleufú,10,Los Lagos,2025-03,Entel,4G,1,SUBTEL public network point records; not unique towers and not geographic coverage percentage
10402,Futaleufú,10,Los Lagos,2025-03,Movistar,4G,2,SUBTEL public network point records; not unique towers and not geographic coverage percentage
10402,Futaleufú,10,Los Lagos,2025-03,WOM,4G,3,SUBTEL public network point records; not unique towers and not geographic coverage percentage
10402,Futaleufú,10,Los Lagos,2025-03,Claro,5G,0,SUBTEL public network point records; not unique towers and not geographic coverage percentage
10402,Futaleufú,10,Los Lagos,2025-03,Entel,5G,2,SUBTEL public network point records; not unique towers and not geographic coverage percentage
10402,Futaleufú,10,Los Lagos,2025-03,Movistar,5G,2,SUBTEL public network point records; not unique towers and not geographic coverage percentage
10402,Futaleufú,10,Los Lagos,2025-03,WOM,5G,1,SUBTEL public network point records; not unique towers and not geographic coverage percentage
10403,Hualaihué,10,Los Lagos,2025-03,Claro,4G,4,SUBTEL public network point records; not unique towers and not geographic coverage percentage
10403,Hualaihué,10,Los Lagos,2025-03,Entel,4G,8,SUBTEL public network point records; not unique towers and not geographic coverage percentage
10403,Hualaihué,10,Los Lagos,2025-03,Movistar,4G,5,SUBTEL public network point records; not unique towers and not geographic coverage percentage
10403,Hualaihué,10,Los Lagos,2025-03,WOM,4G,3,SUBTEL public network point records; not unique towers and not geographic coverage percentage
10403,Hualaihué,10,Los Lagos,2025-03,Claro,5G,0,SUBTEL public network point records; not unique towers and not geographic coverage percentage
10403,Hualaihué,10,Los Lagos,2025-03,Entel,5G,1,SUBTEL public network point records; not unique towers and not geographic coverage percentage
10403,Hualaihué,10,Los Lagos,2025-03,Movistar,5G,5,SUBTEL public network point records; not unique towers and not geographic coverage percentage
10403,Hualaihué,10,Los Lagos,2025-03,WOM,5G,1,SUBTEL public network point records; not unique towers and not geographic coverage percentage
10404,Palena,10,Los Lagos,2025-03,Claro,4G,1,SUBTEL public network point records; not unique towers and not geographic coverage percentage
10404,Palena,10,Los Lagos,2025-03,Entel,4G,1,SUBTEL public network point records; not unique towers and not geographic coverage percentage
10404,Palena,10,Los Lagos,2025-03,Movistar,4G,1,SUBTEL public network point records; not unique towers and not geographic coverage percentage
10404,Palena,10,Los Lagos,2025-03,WOM,4G,4,SUBTEL public network point records; not unique towers and not geographic coverage percentage
10404,Palena,10,Los Lagos,2025-03,Claro,5G,0,SUBTEL public network point records; not unique towers and not geographic coverage percentage
10404,Palena,10,Los Lagos,2025-03,Entel,5G,1,SUBTEL public network point records; not unique towers and not geographic coverage percentage
10404,Palena,10,Los Lagos,2025-03,Movistar,5G,1,SUBTEL public network point records; not unique towers and not geographic coverage percentage
10404,Palena,10,Los Lagos,2025-03,WOM,5G,0,SUBTEL public network point records; not unique towers and not geographic coverage percentage
11101,Coyhaique,11,Aysén del General Carlos Ibáñez del Campo,2025-03,Claro,4G,11,SUBTEL public network point records; not unique towers and not geographic coverage percentage
11101,Coyhaique,11,Aysén del General Carlos Ibáñez del Campo,2025-03,Entel,4G,28,SUBTEL public network point records; not unique towers and not geographic coverage percentage
11101,Coyhaique,11,Aysén del General Carlos Ibáñez del Campo,2025-03,Movistar,4G,15,SUBTEL public network point records; not unique towers and not geographic coverage percentage
11101,Coyhaique,11,Aysén del General Carlos Ibáñez del Campo,2025-03,WOM,4G,20,SUBTEL public network point records; not unique towers and not geographic coverage percentage
11101,Coyhaique,11,Aysén del General Carlos Ibáñez del Campo,2025-03,Claro,5G,0,SUBTEL public network point records; not unique towers and not geographic coverage percentage
11101,Coyhaique,11,Aysén del General Carlos Ibáñez del Campo,2025-03,Entel,5G,6,SUBTEL public network point records; not unique towers and not geographic coverage percentage
11101,Coyhaique,11,Aysén del General Carlos Ibáñez del Campo,2025-03,Movistar,5G,6,SUBTEL public network point records; not unique towers and not geographic coverage percentage
11101,Coyhaique,11,Aysén del General Carlos Ibáñez del Campo,2025-03,WOM,5G,5,SUBTEL public network point records; not unique towers and not geographic coverage percentage
11102,Lago Verde,11,Aysén del General Carlos Ibáñez del Campo,2025-03,Claro,4G,0,SUBTEL public network point records; not unique towers and not geographic coverage percentage
11102,Lago Verde,11,Aysén del General Carlos Ibáñez del Campo,2025-03,Entel,4G,0,SUBTEL public network point records; not unique towers and not geographic coverage percentage
11102,Lago Verde,11,Aysén del General Carlos Ibáñez del Campo,2025-03,Movistar,4G,2,SUBTEL public network point records; not unique towers and not geographic coverage percentage
11102,Lago Verde,11,Aysén del General Carlos Ibáñez del Campo,2025-03,WOM,4G,4,SUBTEL public network point records; not unique towers and not geographic coverage percentage
11102,Lago Verde,11,Aysén del General Carlos Ibáñez del Campo,2025-03,Claro,5G,0,SUBTEL public network point records; not unique towers and not geographic coverage percentage
11102,Lago Verde,11,Aysén del General Carlos Ibáñez del Campo,2025-03,Entel,5G,0,SUBTEL public network point records; not unique towers and not geographic coverage percentage
11102,Lago Verde,11,Aysén del General Carlos Ibáñez del Campo,2025-03,Movistar,5G,2,SUBTEL public network point records; not unique towers and not geographic coverage percentage
11102,Lago Verde,11,Aysén del General Carlos Ibáñez del Campo,2025-03,WOM,5G,0,SUBTEL public network point records; not unique towers and not geographic coverage percentage
11201,Aysén,11,Aysén del General Carlos Ibáñez del Campo,2025-03,Claro,4G,4,SUBTEL public network point records; not unique towers and not geographic coverage percentage
11201,Aysén,11,Aysén del General Carlos Ibáñez del Campo,2025-03,Entel,4G,11,SUBTEL public network point records; not unique towers and not geographic coverage percentage
11201,Aysén,11,Aysén del General Carlos Ibáñez del Campo,2025-03,Movistar,4G,7,SUBTEL public network point records; not unique towers and not geographic coverage percentage
11201,Aysén,11,Aysén del General Carlos Ibáñez del Campo,2025-03,WOM,4G,17,SUBTEL public network point records; not unique towers and not geographic coverage percentage
11201,Aysén,11,Aysén del General Carlos Ibáñez del Campo,2025-03,Claro,5G,0,SUBTEL public network point records; not unique towers and not geographic coverage percentage
11201,Aysén,11,Aysén del General Carlos Ibáñez del Campo,2025-03,Entel,5G,4,SUBTEL public network point records; not unique towers and not geographic coverage percentage
11201,Aysén,11,Aysén del General Carlos Ibáñez del Campo,2025-03,Movistar,5G,5,SUBTEL public network point records; not unique towers and not geographic coverage percentage
11201,Aysén,11,Aysén del General Carlos Ibáñez del Campo,2025-03,WOM,5G,5,SUBTEL public network point records; not unique towers and not geographic coverage percentage
11202,Cisnes,11,Aysén del General Carlos Ibáñez del Campo,2025-03,Claro,4G,2,SUBTEL public network point records; not unique towers and not geographic coverage percentage
11202,Cisnes,11,Aysén del General Carlos Ibáñez del Campo,2025-03,Entel,4G,4,SUBTEL public network point records; not unique towers and not geographic coverage percentage
11202,Cisnes,11,Aysén del General Carlos Ibáñez del Campo,2025-03,Movistar,4G,3,SUBTEL public network point records; not unique towers and not geographic coverage percentage
11202,Cisnes,11,Aysén del General Carlos Ibáñez del Campo,2025-03,WOM,4G,4,SUBTEL public network point records; not unique towers and not geographic coverage percentage
11202,Cisnes,11,Aysén del General Carlos Ibáñez del Campo,2025-03,Claro,5G,0,SUBTEL public network point records; not unique towers and not geographic coverage percentage
11202,Cisnes,11,Aysén del General Carlos Ibáñez del Campo,2025-03,Entel,5G,1,SUBTEL public network point records; not unique towers and not geographic coverage percentage
11202,Cisnes,11,Aysén del General Carlos Ibáñez del Campo,2025-03,Movistar,5G,3,SUBTEL public network point records; not unique towers and not geographic coverage percentage
11202,Cisnes,11,Aysén del General Carlos Ibáñez del Campo,2025-03,WOM,5G,1,SUBTEL public network point records; not unique towers and not geographic coverage percentage
11203,Guaitecas,11,Aysén del General Carlos Ibáñez del Campo,2025-03,Claro,4G,1,SUBTEL public network point records; not unique towers and not geographic coverage percentage
11203,Guaitecas,11,Aysén del General Carlos Ibáñez del Campo,2025-03,Entel,4G,1,SUBTEL public network point records; not unique towers and not geographic coverage percentage
11203,Guaitecas,11,Aysén del General Carlos Ibáñez del Campo,2025-03,Movistar,4G,1,SUBTEL public network point records; not unique towers and not geographic coverage percentage
11203,Guaitecas,11,Aysén del General Carlos Ibáñez del Campo,2025-03,WOM,4G,0,SUBTEL public network point records; not unique towers and not geographic coverage percentage
11203,Guaitecas,11,Aysén del General Carlos Ibáñez del Campo,2025-03,Claro,5G,0,SUBTEL public network point records; not unique towers and not geographic coverage percentage
11203,Guaitecas,11,Aysén del General Carlos Ibáñez del Campo,2025-03,Entel,5G,0,SUBTEL public network point records; not unique towers and not geographic coverage percentage
11203,Guaitecas,11,Aysén del General Carlos Ibáñez del Campo,2025-03,Movistar,5G,0,SUBTEL public network point records; not unique towers and not geographic coverage percentage
11203,Guaitecas,11,Aysén del General Carlos Ibáñez del Campo,2025-03,WOM,5G,0,SUBTEL public network point records; not unique towers and not geographic coverage percentage
11301,Cochrane,11,Aysén del General Carlos Ibáñez del Campo,2025-03,Claro,4G,1,SUBTEL public network point records; not unique towers and not geographic coverage percentage
11301,Cochrane,11,Aysén del General Carlos Ibáñez del Campo,2025-03,Entel,4G,1,SUBTEL public network point records; not unique towers and not geographic coverage percentage
11301,Cochrane,11,Aysén del General Carlos Ibáñez del Campo,2025-03,Movistar,4G,2,SUBTEL public network point records; not unique towers and not geographic coverage percentage
11301,Cochrane,11,Aysén del General Carlos Ibáñez del Campo,2025-03,WOM,4G,0,SUBTEL public network point records; not unique towers and not geographic coverage percentage
11301,Cochrane,11,Aysén del General Carlos Ibáñez del Campo,2025-03,Claro,5G,0,SUBTEL public network point records; not unique towers and not geographic coverage percentage
11301,Cochrane,11,Aysén del General Carlos Ibáñez del Campo,2025-03,Entel,5G,2,SUBTEL public network point records; not unique towers and not geographic coverage percentage
11301,Cochrane,11,Aysén del General Carlos Ibáñez del Campo,2025-03,Movistar,5G,2,SUBTEL public network point records; not unique towers and not geographic coverage percentage
11301,Cochrane,11,Aysén del General Carlos Ibáñez del Campo,2025-03,WOM,5G,0,SUBTEL public network point records; not unique towers and not geographic coverage percentage
11302,O'Higgins,11,Aysén del General Carlos Ibáñez del Campo,2025-03,Claro,4G,0,SUBTEL public network point records; not unique towers and not geographic coverage percentage
11302,O'Higgins,11,Aysén del General Carlos Ibáñez del Campo,2025-03,Entel,4G,0,SUBTEL public network point records; not unique towers and not geographic coverage percentage
11302,O'Higgins,11,Aysén del General Carlos Ibáñez del Campo,2025-03,Movistar,4G,0,SUBTEL public network point records; not unique towers and not geographic coverage percentage
11302,O'Higgins,11,Aysén del General Carlos Ibáñez del Campo,2025-03,WOM,4G,0,SUBTEL public network point records; not unique towers and not geographic coverage percentage
11302,O'Higgins,11,Aysén del General Carlos Ibáñez del Campo,2025-03,Claro,5G,0,SUBTEL public network point records; not unique towers and not geographic coverage percentage
11302,O'Higgins,11,Aysén del General Carlos Ibáñez del Campo,2025-03,Entel,5G,0,SUBTEL public network point records; not unique towers and not geographic coverage percentage
11302,O'Higgins,11,Aysén del General Carlos Ibáñez del Campo,2025-03,Movistar,5G,0,SUBTEL public network point records; not unique towers and not geographic coverage percentage
11302,O'Higgins,11,Aysén del General Carlos Ibáñez del Campo,2025-03,WOM,5G,0,SUBTEL public network point records; not unique towers and not geographic coverage percentage
11303,Tortel,11,Aysén del General Carlos Ibáñez del Campo,2025-03,Claro,4G,0,SUBTEL public network point records; not unique towers and not geographic coverage percentage
11303,Tortel,11,Aysén del General Carlos Ibáñez del Campo,2025-03,Entel,4G,1,SUBTEL public network point records; not unique towers and not geographic coverage percentage
11303,Tortel,11,Aysén del General Carlos Ibáñez del Campo,2025-03,Movistar,4G,0,SUBTEL public network point records; not unique towers and not geographic coverage percentage
11303,Tortel,11,Aysén del General Carlos Ibáñez del Campo,2025-03,WOM,4G,0,SUBTEL public network point records; not unique towers and not geographic coverage percentage
11303,Tortel,11,Aysén del General Carlos Ibáñez del Campo,2025-03,Claro,5G,0,SUBTEL public network point records; not unique towers and not geographic coverage percentage
11303,Tortel,11,Aysén del General Carlos Ibáñez del Campo,2025-03,Entel,5G,0,SUBTEL public network point records; not unique towers and not geographic coverage percentage
11303,Tortel,11,Aysén del General Carlos Ibáñez del Campo,2025-03,Movistar,5G,0,SUBTEL public network point records; not unique towers and not geographic coverage percentage
11303,Tortel,11,Aysén del General Carlos Ibáñez del Campo,2025-03,WOM,5G,0,SUBTEL public network point records; not unique towers and not geographic coverage percentage
11401,Chile Chico,11,Aysén del General Carlos Ibáñez del Campo,2025-03,Claro,4G,3,SUBTEL public network point records; not unique towers and not geographic coverage percentage
11401,Chile Chico,11,Aysén del General Carlos Ibáñez del Campo,2025-03,Entel,4G,7,SUBTEL public network point records; not unique towers and not geographic coverage percentage
11401,Chile Chico,11,Aysén del General Carlos Ibáñez del Campo,2025-03,Movistar,4G,3,SUBTEL public network point records; not unique towers and not geographic coverage percentage
11401,Chile Chico,11,Aysén del General Carlos Ibáñez del Campo,2025-03,WOM,4G,2,SUBTEL public network point records; not unique towers and not geographic coverage percentage
11401,Chile Chico,11,Aysén del General Carlos Ibáñez del Campo,2025-03,Claro,5G,0,SUBTEL public network point records; not unique towers and not geographic coverage percentage
11401,Chile Chico,11,Aysén del General Carlos Ibáñez del Campo,2025-03,Entel,5G,3,SUBTEL public network point records; not unique towers and not geographic coverage percentage
11401,Chile Chico,11,Aysén del General Carlos Ibáñez del Campo,2025-03,Movistar,5G,2,SUBTEL public network point records; not unique towers and not geographic coverage percentage
11401,Chile Chico,11,Aysén del General Carlos Ibáñez del Campo,2025-03,WOM,5G,2,SUBTEL public network point records; not unique towers and not geographic coverage percentage
11402,Río Ibáñez,11,Aysén del General Carlos Ibáñez del Campo,2025-03,Claro,4G,2,SUBTEL public network point records; not unique towers and not geographic coverage percentage
11402,Río Ibáñez,11,Aysén del General Carlos Ibáñez del Campo,2025-03,Entel,4G,6,SUBTEL public network point records; not unique towers and not geographic coverage percentage
11402,Río Ibáñez,11,Aysén del General Carlos Ibáñez del Campo,2025-03,Movistar,4G,2,SUBTEL public network point records; not unique towers and not geographic coverage percentage
11402,Río Ibáñez,11,Aysén del General Carlos Ibáñez del Campo,2025-03,WOM,4G,0,SUBTEL public network point records; not unique towers and not geographic coverage percentage
11402,Río Ibáñez,11,Aysén del General Carlos Ibáñez del Campo,2025-03,Claro,5G,0,SUBTEL public network point records; not unique towers and not geographic coverage percentage
11402,Río Ibáñez,11,Aysén del General Carlos Ibáñez del Campo,2025-03,Entel,5G,0,SUBTEL public network point records; not unique towers and not geographic coverage percentage
11402,Río Ibáñez,11,Aysén del General Carlos Ibáñez del Campo,2025-03,Movistar,5G,1,SUBTEL public network point records; not unique towers and not geographic coverage percentage
11402,Río Ibáñez,11,Aysén del General Carlos Ibáñez del Campo,2025-03,WOM,5G,0,SUBTEL public network point records; not unique towers and not geographic coverage percentage
12101,Punta Arenas,12,Magallanes y de la Antártica Chilena,2025-03,Claro,4G,26,SUBTEL public network point records; not unique towers and not geographic coverage percentage
12101,Punta Arenas,12,Magallanes y de la Antártica Chilena,2025-03,Entel,4G,42,SUBTEL public network point records; not unique towers and not geographic coverage percentage
12101,Punta Arenas,12,Magallanes y de la Antártica Chilena,2025-03,Movistar,4G,47,SUBTEL public network point records; not unique towers and not geographic coverage percentage
12101,Punta Arenas,12,Magallanes y de la Antártica Chilena,2025-03,WOM,4G,37,SUBTEL public network point records; not unique towers and not geographic coverage percentage
12101,Punta Arenas,12,Magallanes y de la Antártica Chilena,2025-03,Claro,5G,0,SUBTEL public network point records; not unique towers and not geographic coverage percentage
12101,Punta Arenas,12,Magallanes y de la Antártica Chilena,2025-03,Entel,5G,7,SUBTEL public network point records; not unique towers and not geographic coverage percentage
12101,Punta Arenas,12,Magallanes y de la Antártica Chilena,2025-03,Movistar,5G,7,SUBTEL public network point records; not unique towers and not geographic coverage percentage
12101,Punta Arenas,12,Magallanes y de la Antártica Chilena,2025-03,WOM,5G,8,SUBTEL public network point records; not unique towers and not geographic coverage percentage
12102,Laguna Blanca,12,Magallanes y de la Antártica Chilena,2025-03,Claro,4G,1,SUBTEL public network point records; not unique towers and not geographic coverage percentage
12102,Laguna Blanca,12,Magallanes y de la Antártica Chilena,2025-03,Entel,4G,1,SUBTEL public network point records; not unique towers and not geographic coverage percentage
12102,Laguna Blanca,12,Magallanes y de la Antártica Chilena,2025-03,Movistar,4G,1,SUBTEL public network point records; not unique towers and not geographic coverage percentage
12102,Laguna Blanca,12,Magallanes y de la Antártica Chilena,2025-03,WOM,4G,0,SUBTEL public network point records; not unique towers and not geographic coverage percentage
12102,Laguna Blanca,12,Magallanes y de la Antártica Chilena,2025-03,Claro,5G,0,SUBTEL public network point records; not unique towers and not geographic coverage percentage
12102,Laguna Blanca,12,Magallanes y de la Antártica Chilena,2025-03,Entel,5G,0,SUBTEL public network point records; not unique towers and not geographic coverage percentage
12102,Laguna Blanca,12,Magallanes y de la Antártica Chilena,2025-03,Movistar,5G,1,SUBTEL public network point records; not unique towers and not geographic coverage percentage
12102,Laguna Blanca,12,Magallanes y de la Antártica Chilena,2025-03,WOM,5G,0,SUBTEL public network point records; not unique towers and not geographic coverage percentage
12103,Río Verde,12,Magallanes y de la Antártica Chilena,2025-03,Claro,4G,0,SUBTEL public network point records; not unique towers and not geographic coverage percentage
12103,Río Verde,12,Magallanes y de la Antártica Chilena,2025-03,Entel,4G,0,SUBTEL public network point records; not unique towers and not geographic coverage percentage
12103,Río Verde,12,Magallanes y de la Antártica Chilena,2025-03,Movistar,4G,2,SUBTEL public network point records; not unique towers and not geographic coverage percentage
12103,Río Verde,12,Magallanes y de la Antártica Chilena,2025-03,WOM,4G,0,SUBTEL public network point records; not unique towers and not geographic coverage percentage
12103,Río Verde,12,Magallanes y de la Antártica Chilena,2025-03,Claro,5G,0,SUBTEL public network point records; not unique towers and not geographic coverage percentage
12103,Río Verde,12,Magallanes y de la Antártica Chilena,2025-03,Entel,5G,0,SUBTEL public network point records; not unique towers and not geographic coverage percentage
12103,Río Verde,12,Magallanes y de la Antártica Chilena,2025-03,Movistar,5G,2,SUBTEL public network point records; not unique towers and not geographic coverage percentage
12103,Río Verde,12,Magallanes y de la Antártica Chilena,2025-03,WOM,5G,0,SUBTEL public network point records; not unique towers and not geographic coverage percentage
12104,San Gregorio,12,Magallanes y de la Antártica Chilena,2025-03,Claro,4G,2,SUBTEL public network point records; not unique towers and not geographic coverage percentage
12104,San Gregorio,12,Magallanes y de la Antártica Chilena,2025-03,Entel,4G,2,SUBTEL public network point records; not unique towers and not geographic coverage percentage
12104,San Gregorio,12,Magallanes y de la Antártica Chilena,2025-03,Movistar,4G,3,SUBTEL public network point records; not unique towers and not geographic coverage percentage
12104,San Gregorio,12,Magallanes y de la Antártica Chilena,2025-03,WOM,4G,0,SUBTEL public network point records; not unique towers and not geographic coverage percentage
12104,San Gregorio,12,Magallanes y de la Antártica Chilena,2025-03,Claro,5G,0,SUBTEL public network point records; not unique towers and not geographic coverage percentage
12104,San Gregorio,12,Magallanes y de la Antártica Chilena,2025-03,Entel,5G,0,SUBTEL public network point records; not unique towers and not geographic coverage percentage
12104,San Gregorio,12,Magallanes y de la Antártica Chilena,2025-03,Movistar,5G,3,SUBTEL public network point records; not unique towers and not geographic coverage percentage
12104,San Gregorio,12,Magallanes y de la Antártica Chilena,2025-03,WOM,5G,0,SUBTEL public network point records; not unique towers and not geographic coverage percentage
12201,Cabo de Hornos,12,Magallanes y de la Antártica Chilena,2025-03,Claro,4G,0,SUBTEL public network point records; not unique towers and not geographic coverage percentage
12201,Cabo de Hornos,12,Magallanes y de la Antártica Chilena,2025-03,Entel,4G,2,SUBTEL public network point records; not unique towers and not geographic coverage percentage
12201,Cabo de Hornos,12,Magallanes y de la Antártica Chilena,2025-03,Movistar,4G,1,SUBTEL public network point records; not unique towers and not geographic coverage percentage
12201,Cabo de Hornos,12,Magallanes y de la Antártica Chilena,2025-03,WOM,4G,0,SUBTEL public network point records; not unique towers and not geographic coverage percentage
12201,Cabo de Hornos,12,Magallanes y de la Antártica Chilena,2025-03,Claro,5G,0,SUBTEL public network point records; not unique towers and not geographic coverage percentage
12201,Cabo de Hornos,12,Magallanes y de la Antártica Chilena,2025-03,Entel,5G,1,SUBTEL public network point records; not unique towers and not geographic coverage percentage
12201,Cabo de Hornos,12,Magallanes y de la Antártica Chilena,2025-03,Movistar,5G,1,SUBTEL public network point records; not unique towers and not geographic coverage percentage
12201,Cabo de Hornos,12,Magallanes y de la Antártica Chilena,2025-03,WOM,5G,0,SUBTEL public network point records; not unique towers and not geographic coverage percentage
12202,Antártica,12,Magallanes y de la Antártica Chilena,2025-03,Claro,4G,0,SUBTEL public network point records; not unique towers and not geographic coverage percentage
12202,Antártica,12,Magallanes y de la Antártica Chilena,2025-03,Entel,4G,0,SUBTEL public network point records; not unique towers and not geographic coverage percentage
12202,Antártica,12,Magallanes y de la Antártica Chilena,2025-03,Movistar,4G,0,SUBTEL public network point records; not unique towers and not geographic coverage percentage
12202,Antártica,12,Magallanes y de la Antártica Chilena,2025-03,WOM,4G,0,SUBTEL public network point records; not unique towers and not geographic coverage percentage
12202,Antártica,12,Magallanes y de la Antártica Chilena,2025-03,Claro,5G,0,SUBTEL public network point records; not unique towers and not geographic coverage percentage
12202,Antártica,12,Magallanes y de la Antártica Chilena,2025-03,Entel,5G,0,SUBTEL public network point records; not unique towers and not geographic coverage percentage
12202,Antártica,12,Magallanes y de la Antártica Chilena,2025-03,Movistar,5G,0,SUBTEL public network point records; not unique towers and not geographic coverage percentage
12202,Antártica,12,Magallanes y de la Antártica Chilena,2025-03,WOM,5G,0,SUBTEL public network point records; not unique towers and not geographic coverage percentage
12301,Porvenir,12,Magallanes y de la Antártica Chilena,2025-03,Claro,4G,1,SUBTEL public network point records; not unique towers and not geographic coverage percentage
12301,Porvenir,12,Magallanes y de la Antártica Chilena,2025-03,Entel,4G,3,SUBTEL public network point records; not unique towers and not geographic coverage percentage
12301,Porvenir,12,Magallanes y de la Antártica Chilena,2025-03,Movistar,4G,4,SUBTEL public network point records; not unique towers and not geographic coverage percentage
12301,Porvenir,12,Magallanes y de la Antártica Chilena,2025-03,WOM,4G,0,SUBTEL public network point records; not unique towers and not geographic coverage percentage
12301,Porvenir,12,Magallanes y de la Antártica Chilena,2025-03,Claro,5G,0,SUBTEL public network point records; not unique towers and not geographic coverage percentage
12301,Porvenir,12,Magallanes y de la Antártica Chilena,2025-03,Entel,5G,3,SUBTEL public network point records; not unique towers and not geographic coverage percentage
12301,Porvenir,12,Magallanes y de la Antártica Chilena,2025-03,Movistar,5G,3,SUBTEL public network point records; not unique towers and not geographic coverage percentage
12301,Porvenir,12,Magallanes y de la Antártica Chilena,2025-03,WOM,5G,0,SUBTEL public network point records; not unique towers and not geographic coverage percentage
12302,Primavera,12,Magallanes y de la Antártica Chilena,2025-03,Claro,4G,1,SUBTEL public network point records; not unique towers and not geographic coverage percentage
12302,Primavera,12,Magallanes y de la Antártica Chilena,2025-03,Entel,4G,2,SUBTEL public network point records; not unique towers and not geographic coverage percentage
12302,Primavera,12,Magallanes y de la Antártica Chilena,2025-03,Movistar,4G,2,SUBTEL public network point records; not unique towers and not geographic coverage percentage
12302,Primavera,12,Magallanes y de la Antártica Chilena,2025-03,WOM,4G,0,SUBTEL public network point records; not unique towers and not geographic coverage percentage
12302,Primavera,12,Magallanes y de la Antártica Chilena,2025-03,Claro,5G,0,SUBTEL public network point records; not unique towers and not geographic coverage percentage
12302,Primavera,12,Magallanes y de la Antártica Chilena,2025-03,Entel,5G,0,SUBTEL public network point records; not unique towers and not geographic coverage percentage
12302,Primavera,12,Magallanes y de la Antártica Chilena,2025-03,Movistar,5G,2,SUBTEL public network point records; not unique towers and not geographic coverage percentage
12302,Primavera,12,Magallanes y de la Antártica Chilena,2025-03,WOM,5G,0,SUBTEL public network point records; not unique towers and not geographic coverage percentage
12303,Timaukel,12,Magallanes y de la Antártica Chilena,2025-03,Claro,4G,0,SUBTEL public network point records; not unique towers and not geographic coverage percentage
12303,Timaukel,12,Magallanes y de la Antártica Chilena,2025-03,Entel,4G,0,SUBTEL public network point records; not unique towers and not geographic coverage percentage
12303,Timaukel,12,Magallanes y de la Antártica Chilena,2025-03,Movistar,4G,1,SUBTEL public network point records; not unique towers and not geographic coverage percentage
12303,Timaukel,12,Magallanes y de la Antártica Chilena,2025-03,WOM,4G,2,SUBTEL public network point records; not unique towers and not geographic coverage percentage
12303,Timaukel,12,Magallanes y de la Antártica Chilena,2025-03,Claro,5G,0,SUBTEL public network point records; not unique towers and not geographic coverage percentage
12303,Timaukel,12,Magallanes y de la Antártica Chilena,2025-03,Entel,5G,0,SUBTEL public network point records; not unique towers and not geographic coverage percentage
12303,Timaukel,12,Magallanes y de la Antártica Chilena,2025-03,Movistar,5G,1,SUBTEL public network point records; not unique towers and not geographic coverage percentage
12303,Timaukel,12,Magallanes y de la Antártica Chilena,2025-03,WOM,5G,0,SUBTEL public network point records; not unique towers and not geographic coverage percentage
12401,Natales,12,Magallanes y de la Antártica Chilena,2025-03,Claro,4G,2,SUBTEL public network point records; not unique towers and not geographic coverage percentage
12401,Natales,12,Magallanes y de la Antártica Chilena,2025-03,Entel,4G,8,SUBTEL public network point records; not unique towers and not geographic coverage percentage
12401,Natales,12,Magallanes y de la Antártica Chilena,2025-03,Movistar,4G,10,SUBTEL public network point records; not unique towers and not geographic coverage percentage
12401,Natales,12,Magallanes y de la Antártica Chilena,2025-03,WOM,4G,7,SUBTEL public network point records; not unique towers and not geographic coverage percentage
12401,Natales,12,Magallanes y de la Antártica Chilena,2025-03,Claro,5G,0,SUBTEL public network point records; not unique towers and not geographic coverage percentage
12401,Natales,12,Magallanes y de la Antártica Chilena,2025-03,Entel,5G,5,SUBTEL public network point records; not unique towers and not geographic coverage percentage
12401,Natales,12,Magallanes y de la Antártica Chilena,2025-03,Movistar,5G,4,SUBTEL public network point records; not unique towers and not geographic coverage percentage
12401,Natales,12,Magallanes y de la Antártica Chilena,2025-03,WOM,5G,3,SUBTEL public network point records; not unique towers and not geographic coverage percentage
12402,Torres del Paine,12,Magallanes y de la Antártica Chilena,2025-03,Claro,4G,0,SUBTEL public network point records; not unique towers and not geographic coverage percentage
12402,Torres del Paine,12,Magallanes y de la Antártica Chilena,2025-03,Entel,4G,2,SUBTEL public network point records; not unique towers and not geographic coverage percentage
12402,Torres del Paine,12,Magallanes y de la Antártica Chilena,2025-03,Movistar,4G,1,SUBTEL public network point records; not unique towers and not geographic coverage percentage
12402,Torres del Paine,12,Magallanes y de la Antártica Chilena,2025-03,WOM,4G,0,SUBTEL public network point records; not unique towers and not geographic coverage percentage
12402,Torres del Paine,12,Magallanes y de la Antártica Chilena,2025-03,Claro,5G,0,SUBTEL public network point records; not unique towers and not geographic coverage percentage
12402,Torres del Paine,12,Magallanes y de la Antártica Chilena,2025-03,Entel,5G,0,SUBTEL public network point records; not unique towers and not geographic coverage percentage
12402,Torres del Paine,12,Magallanes y de la Antártica Chilena,2025-03,Movistar,5G,1,SUBTEL public network point records; not unique towers and not geographic coverage percentage
12402,Torres del Paine,12,Magallanes y de la Antártica Chilena,2025-03,WOM,5G,0,SUBTEL public network point records; not unique towers and not geographic coverage percentage
13101,Santiago,13,Metropolitana de Santiago,2025-03,Claro,4G,132,SUBTEL public network point records; not unique towers and not geographic coverage percentage
13101,Santiago,13,Metropolitana de Santiago,2025-03,Entel,4G,248,SUBTEL public network point records; not unique towers and not geographic coverage percentage
13101,Santiago,13,Metropolitana de Santiago,2025-03,Movistar,4G,262,SUBTEL public network point records; not unique towers and not geographic coverage percentage
13101,Santiago,13,Metropolitana de Santiago,2025-03,WOM,4G,340,SUBTEL public network point records; not unique towers and not geographic coverage percentage
13101,Santiago,13,Metropolitana de Santiago,2025-03,Claro,5G,20,SUBTEL public network point records; not unique towers and not geographic coverage percentage
13101,Santiago,13,Metropolitana de Santiago,2025-03,Entel,5G,112,SUBTEL public network point records; not unique towers and not geographic coverage percentage
13101,Santiago,13,Metropolitana de Santiago,2025-03,Movistar,5G,47,SUBTEL public network point records; not unique towers and not geographic coverage percentage
13101,Santiago,13,Metropolitana de Santiago,2025-03,WOM,5G,67,SUBTEL public network point records; not unique towers and not geographic coverage percentage
13102,Cerrillos,13,Metropolitana de Santiago,2025-03,Claro,4G,13,SUBTEL public network point records; not unique towers and not geographic coverage percentage
13102,Cerrillos,13,Metropolitana de Santiago,2025-03,Entel,4G,49,SUBTEL public network point records; not unique towers and not geographic coverage percentage
13102,Cerrillos,13,Metropolitana de Santiago,2025-03,Movistar,4G,32,SUBTEL public network point records; not unique towers and not geographic coverage percentage
13102,Cerrillos,13,Metropolitana de Santiago,2025-03,WOM,4G,25,SUBTEL public network point records; not unique towers and not geographic coverage percentage
13102,Cerrillos,13,Metropolitana de Santiago,2025-03,Claro,5G,11,SUBTEL public network point records; not unique towers and not geographic coverage percentage
13102,Cerrillos,13,Metropolitana de Santiago,2025-03,Entel,5G,13,SUBTEL public network point records; not unique towers and not geographic coverage percentage
13102,Cerrillos,13,Metropolitana de Santiago,2025-03,Movistar,5G,10,SUBTEL public network point records; not unique towers and not geographic coverage percentage
13102,Cerrillos,13,Metropolitana de Santiago,2025-03,WOM,5G,6,SUBTEL public network point records; not unique towers and not geographic coverage percentage
13103,Cerro Navia,13,Metropolitana de Santiago,2025-03,Claro,4G,9,SUBTEL public network point records; not unique towers and not geographic coverage percentage
13103,Cerro Navia,13,Metropolitana de Santiago,2025-03,Entel,4G,57,SUBTEL public network point records; not unique towers and not geographic coverage percentage
13103,Cerro Navia,13,Metropolitana de Santiago,2025-03,Movistar,4G,14,SUBTEL public network point records; not unique towers and not geographic coverage percentage
13103,Cerro Navia,13,Metropolitana de Santiago,2025-03,WOM,4G,29,SUBTEL public network point records; not unique towers and not geographic coverage percentage
13103,Cerro Navia,13,Metropolitana de Santiago,2025-03,Claro,5G,0,SUBTEL public network point records; not unique towers and not geographic coverage percentage
13103,Cerro Navia,13,Metropolitana de Santiago,2025-03,Entel,5G,5,SUBTEL public network point records; not unique towers and not geographic coverage percentage
13103,Cerro Navia,13,Metropolitana de Santiago,2025-03,Movistar,5G,6,SUBTEL public network point records; not unique towers and not geographic coverage percentage
13103,Cerro Navia,13,Metropolitana de Santiago,2025-03,WOM,5G,3,SUBTEL public network point records; not unique towers and not geographic coverage percentage
13104,Conchalí,13,Metropolitana de Santiago,2025-03,Claro,4G,14,SUBTEL public network point records; not unique towers and not geographic coverage percentage
13104,Conchalí,13,Metropolitana de Santiago,2025-03,Entel,4G,60,SUBTEL public network point records; not unique towers and not geographic coverage percentage
13104,Conchalí,13,Metropolitana de Santiago,2025-03,Movistar,4G,17,SUBTEL public network point records; not unique towers and not geographic coverage percentage
13104,Conchalí,13,Metropolitana de Santiago,2025-03,WOM,4G,42,SUBTEL public network point records; not unique towers and not geographic coverage percentage
13104,Conchalí,13,Metropolitana de Santiago,2025-03,Claro,5G,12,SUBTEL public network point records; not unique towers and not geographic coverage percentage
13104,Conchalí,13,Metropolitana de Santiago,2025-03,Entel,5G,16,SUBTEL public network point records; not unique towers and not geographic coverage percentage
13104,Conchalí,13,Metropolitana de Santiago,2025-03,Movistar,5G,12,SUBTEL public network point records; not unique towers and not geographic coverage percentage
13104,Conchalí,13,Metropolitana de Santiago,2025-03,WOM,5G,8,SUBTEL public network point records; not unique towers and not geographic coverage percentage
13105,El Bosque,13,Metropolitana de Santiago,2025-03,Claro,4G,10,SUBTEL public network point records; not unique towers and not geographic coverage percentage
13105,El Bosque,13,Metropolitana de Santiago,2025-03,Entel,4G,50,SUBTEL public network point records; not unique towers and not geographic coverage percentage
13105,El Bosque,13,Metropolitana de Santiago,2025-03,Movistar,4G,17,SUBTEL public network point records; not unique towers and not geographic coverage percentage
13105,El Bosque,13,Metropolitana de Santiago,2025-03,WOM,4G,27,SUBTEL public network point records; not unique towers and not geographic coverage percentage
13105,El Bosque,13,Metropolitana de Santiago,2025-03,Claro,5G,0,SUBTEL public network point records; not unique towers and not geographic coverage percentage
13105,El Bosque,13,Metropolitana de Santiago,2025-03,Entel,5G,10,SUBTEL public network point records; not unique towers and not geographic coverage percentage
13105,El Bosque,13,Metropolitana de Santiago,2025-03,Movistar,5G,8,SUBTEL public network point records; not unique towers and not geographic coverage percentage
13105,El Bosque,13,Metropolitana de Santiago,2025-03,WOM,5G,6,SUBTEL public network point records; not unique towers and not geographic coverage percentage
13106,Estación Central,13,Metropolitana de Santiago,2025-03,Claro,4G,21,SUBTEL public network point records; not unique towers and not geographic coverage percentage
13106,Estación Central,13,Metropolitana de Santiago,2025-03,Entel,4G,68,SUBTEL public network point records; not unique towers and not geographic coverage percentage
13106,Estación Central,13,Metropolitana de Santiago,2025-03,Movistar,4G,60,SUBTEL public network point records; not unique towers and not geographic coverage percentage
13106,Estación Central,13,Metropolitana de Santiago,2025-03,WOM,4G,62,SUBTEL public network point records; not unique towers and not geographic coverage percentage
13106,Estación Central,13,Metropolitana de Santiago,2025-03,Claro,5G,13,SUBTEL public network point records; not unique towers and not geographic coverage percentage
13106,Estación Central,13,Metropolitana de Santiago,2025-03,Entel,5G,19,SUBTEL public network point records; not unique towers and not geographic coverage percentage
13106,Estación Central,13,Metropolitana de Santiago,2025-03,Movistar,5G,18,SUBTEL public network point records; not unique towers and not geographic coverage percentage
13106,Estación Central,13,Metropolitana de Santiago,2025-03,WOM,5G,2,SUBTEL public network point records; not unique towers and not geographic coverage percentage
13107,Huechuraba,13,Metropolitana de Santiago,2025-03,Claro,4G,19,SUBTEL public network point records; not unique towers and not geographic coverage percentage
13107,Huechuraba,13,Metropolitana de Santiago,2025-03,Entel,4G,31,SUBTEL public network point records; not unique towers and not geographic coverage percentage
13107,Huechuraba,13,Metropolitana de Santiago,2025-03,Movistar,4G,21,SUBTEL public network point records; not unique towers and not geographic coverage percentage
13107,Huechuraba,13,Metropolitana de Santiago,2025-03,WOM,4G,47,SUBTEL public network point records; not unique towers and not geographic coverage percentage
13107,Huechuraba,13,Metropolitana de Santiago,2025-03,Claro,5G,11,SUBTEL public network point records; not unique towers and not geographic coverage percentage
13107,Huechuraba,13,Metropolitana de Santiago,2025-03,Entel,5G,7,SUBTEL public network point records; not unique towers and not geographic coverage percentage
13107,Huechuraba,13,Metropolitana de Santiago,2025-03,Movistar,5G,13,SUBTEL public network point records; not unique towers and not geographic coverage percentage
13107,Huechuraba,13,Metropolitana de Santiago,2025-03,WOM,5G,5,SUBTEL public network point records; not unique towers and not geographic coverage percentage
13108,Independencia,13,Metropolitana de Santiago,2025-03,Claro,4G,14,SUBTEL public network point records; not unique towers and not geographic coverage percentage
13108,Independencia,13,Metropolitana de Santiago,2025-03,Entel,4G,50,SUBTEL public network point records; not unique towers and not geographic coverage percentage
13108,Independencia,13,Metropolitana de Santiago,2025-03,Movistar,4G,40,SUBTEL public network point records; not unique towers and not geographic coverage percentage
13108,Independencia,13,Metropolitana de Santiago,2025-03,WOM,4G,38,SUBTEL public network point records; not unique towers and not geographic coverage percentage
13108,Independencia,13,Metropolitana de Santiago,2025-03,Claro,5G,14,SUBTEL public network point records; not unique towers and not geographic coverage percentage
13108,Independencia,13,Metropolitana de Santiago,2025-03,Entel,5G,7,SUBTEL public network point records; not unique towers and not geographic coverage percentage
13108,Independencia,13,Metropolitana de Santiago,2025-03,Movistar,5G,9,SUBTEL public network point records; not unique towers and not geographic coverage percentage
13108,Independencia,13,Metropolitana de Santiago,2025-03,WOM,5G,3,SUBTEL public network point records; not unique towers and not geographic coverage percentage
13109,La Cisterna,13,Metropolitana de Santiago,2025-03,Claro,4G,15,SUBTEL public network point records; not unique towers and not geographic coverage percentage
13109,La Cisterna,13,Metropolitana de Santiago,2025-03,Entel,4G,46,SUBTEL public network point records; not unique towers and not geographic coverage percentage
13109,La Cisterna,13,Metropolitana de Santiago,2025-03,Movistar,4G,40,SUBTEL public network point records; not unique towers and not geographic coverage percentage
13109,La Cisterna,13,Metropolitana de Santiago,2025-03,WOM,4G,31,SUBTEL public network point records; not unique towers and not geographic coverage percentage
13109,La Cisterna,13,Metropolitana de Santiago,2025-03,Claro,5G,0,SUBTEL public network point records; not unique towers and not geographic coverage percentage
13109,La Cisterna,13,Metropolitana de Santiago,2025-03,Entel,5G,10,SUBTEL public network point records; not unique towers and not geographic coverage percentage
13109,La Cisterna,13,Metropolitana de Santiago,2025-03,Movistar,5G,10,SUBTEL public network point records; not unique towers and not geographic coverage percentage
13109,La Cisterna,13,Metropolitana de Santiago,2025-03,WOM,5G,5,SUBTEL public network point records; not unique towers and not geographic coverage percentage
13110,La Florida,13,Metropolitana de Santiago,2025-03,Claro,4G,49,SUBTEL public network point records; not unique towers and not geographic coverage percentage
13110,La Florida,13,Metropolitana de Santiago,2025-03,Entel,4G,110,SUBTEL public network point records; not unique towers and not geographic coverage percentage
13110,La Florida,13,Metropolitana de Santiago,2025-03,Movistar,4G,79,SUBTEL public network point records; not unique towers and not geographic coverage percentage
13110,La Florida,13,Metropolitana de Santiago,2025-03,WOM,4G,87,SUBTEL public network point records; not unique towers and not geographic coverage percentage
13110,La Florida,13,Metropolitana de Santiago,2025-03,Claro,5G,19,SUBTEL public network point records; not unique towers and not geographic coverage percentage
13110,La Florida,13,Metropolitana de Santiago,2025-03,Entel,5G,33,SUBTEL public network point records; not unique towers and not geographic coverage percentage
13110,La Florida,13,Metropolitana de Santiago,2025-03,Movistar,5G,23,SUBTEL public network point records; not unique towers and not geographic coverage percentage
13110,La Florida,13,Metropolitana de Santiago,2025-03,WOM,5G,12,SUBTEL public network point records; not unique towers and not geographic coverage percentage
13111,La Granja,13,Metropolitana de Santiago,2025-03,Claro,4G,11,SUBTEL public network point records; not unique towers and not geographic coverage percentage
13111,La Granja,13,Metropolitana de Santiago,2025-03,Entel,4G,49,SUBTEL public network point records; not unique towers and not geographic coverage percentage
13111,La Granja,13,Metropolitana de Santiago,2025-03,Movistar,4G,8,SUBTEL public network point records; not unique towers and not geographic coverage percentage
13111,La Granja,13,Metropolitana de Santiago,2025-03,WOM,4G,25,SUBTEL public network point records; not unique towers and not geographic coverage percentage
13111,La Granja,13,Metropolitana de Santiago,2025-03,Claro,5G,0,SUBTEL public network point records; not unique towers and not geographic coverage percentage
13111,La Granja,13,Metropolitana de Santiago,2025-03,Entel,5G,6,SUBTEL public network point records; not unique towers and not geographic coverage percentage
13111,La Granja,13,Metropolitana de Santiago,2025-03,Movistar,5G,5,SUBTEL public network point records; not unique towers and not geographic coverage percentage
13111,La Granja,13,Metropolitana de Santiago,2025-03,WOM,5G,1,SUBTEL public network point records; not unique towers and not geographic coverage percentage
13112,La Pintana,13,Metropolitana de Santiago,2025-03,Claro,4G,17,SUBTEL public network point records; not unique towers and not geographic coverage percentage
13112,La Pintana,13,Metropolitana de Santiago,2025-03,Entel,4G,78,SUBTEL public network point records; not unique towers and not geographic coverage percentage
13112,La Pintana,13,Metropolitana de Santiago,2025-03,Movistar,4G,20,SUBTEL public network point records; not unique towers and not geographic coverage percentage
13112,La Pintana,13,Metropolitana de Santiago,2025-03,WOM,4G,30,SUBTEL public network point records; not unique towers and not geographic coverage percentage
13112,La Pintana,13,Metropolitana de Santiago,2025-03,Claro,5G,0,SUBTEL public network point records; not unique towers and not geographic coverage percentage
13112,La Pintana,13,Metropolitana de Santiago,2025-03,Entel,5G,9,SUBTEL public network point records; not unique towers and not geographic coverage percentage
13112,La Pintana,13,Metropolitana de Santiago,2025-03,Movistar,5G,14,SUBTEL public network point records; not unique towers and not geographic coverage percentage
13112,La Pintana,13,Metropolitana de Santiago,2025-03,WOM,5G,12,SUBTEL public network point records; not unique towers and not geographic coverage percentage
13113,La Reina,13,Metropolitana de Santiago,2025-03,Claro,4G,19,SUBTEL public network point records; not unique towers and not geographic coverage percentage
13113,La Reina,13,Metropolitana de Santiago,2025-03,Entel,4G,48,SUBTEL public network point records; not unique towers and not geographic coverage percentage
13113,La Reina,13,Metropolitana de Santiago,2025-03,Movistar,4G,60,SUBTEL public network point records; not unique towers and not geographic coverage percentage
13113,La Reina,13,Metropolitana de Santiago,2025-03,WOM,4G,36,SUBTEL public network point records; not unique towers and not geographic coverage percentage
13113,La Reina,13,Metropolitana de Santiago,2025-03,Claro,5G,12,SUBTEL public network point records; not unique towers and not geographic coverage percentage
13113,La Reina,13,Metropolitana de Santiago,2025-03,Entel,5G,8,SUBTEL public network point records; not unique towers and not geographic coverage percentage
13113,La Reina,13,Metropolitana de Santiago,2025-03,Movistar,5G,18,SUBTEL public network point records; not unique towers and not geographic coverage percentage
13113,La Reina,13,Metropolitana de Santiago,2025-03,WOM,5G,5,SUBTEL public network point records; not unique towers and not geographic coverage percentage
13114,Las Condes,13,Metropolitana de Santiago,2025-03,Claro,4G,77,SUBTEL public network point records; not unique towers and not geographic coverage percentage
13114,Las Condes,13,Metropolitana de Santiago,2025-03,Entel,4G,177,SUBTEL public network point records; not unique towers and not geographic coverage percentage
13114,Las Condes,13,Metropolitana de Santiago,2025-03,Movistar,4G,260,SUBTEL public network point records; not unique towers and not geographic coverage percentage
13114,Las Condes,13,Metropolitana de Santiago,2025-03,WOM,4G,115,SUBTEL public network point records; not unique towers and not geographic coverage percentage
13114,Las Condes,13,Metropolitana de Santiago,2025-03,Claro,5G,17,SUBTEL public network point records; not unique towers and not geographic coverage percentage
13114,Las Condes,13,Metropolitana de Santiago,2025-03,Entel,5G,66,SUBTEL public network point records; not unique towers and not geographic coverage percentage
13114,Las Condes,13,Metropolitana de Santiago,2025-03,Movistar,5G,32,SUBTEL public network point records; not unique towers and not geographic coverage percentage
13114,Las Condes,13,Metropolitana de Santiago,2025-03,WOM,5G,16,SUBTEL public network point records; not unique towers and not geographic coverage percentage
13115,Lo Barnechea,13,Metropolitana de Santiago,2025-03,Claro,4G,32,SUBTEL public network point records; not unique towers and not geographic coverage percentage
13115,Lo Barnechea,13,Metropolitana de Santiago,2025-03,Entel,4G,61,SUBTEL public network point records; not unique towers and not geographic coverage percentage
13115,Lo Barnechea,13,Metropolitana de Santiago,2025-03,Movistar,4G,53,SUBTEL public network point records; not unique towers and not geographic coverage percentage
13115,Lo Barnechea,13,Metropolitana de Santiago,2025-03,WOM,4G,41,SUBTEL public network point records; not unique towers and not geographic coverage percentage
13115,Lo Barnechea,13,Metropolitana de Santiago,2025-03,Claro,5G,14,SUBTEL public network point records; not unique towers and not geographic coverage percentage
13115,Lo Barnechea,13,Metropolitana de Santiago,2025-03,Entel,5G,5,SUBTEL public network point records; not unique towers and not geographic coverage percentage
13115,Lo Barnechea,13,Metropolitana de Santiago,2025-03,Movistar,5G,8,SUBTEL public network point records; not unique towers and not geographic coverage percentage
13115,Lo Barnechea,13,Metropolitana de Santiago,2025-03,WOM,5G,6,SUBTEL public network point records; not unique towers and not geographic coverage percentage
13116,Lo Espejo,13,Metropolitana de Santiago,2025-03,Claro,4G,9,SUBTEL public network point records; not unique towers and not geographic coverage percentage
13116,Lo Espejo,13,Metropolitana de Santiago,2025-03,Entel,4G,37,SUBTEL public network point records; not unique towers and not geographic coverage percentage
13116,Lo Espejo,13,Metropolitana de Santiago,2025-03,Movistar,4G,9,SUBTEL public network point records; not unique towers and not geographic coverage percentage
13116,Lo Espejo,13,Metropolitana de Santiago,2025-03,WOM,4G,21,SUBTEL public network point records; not unique towers and not geographic coverage percentage
13116,Lo Espejo,13,Metropolitana de Santiago,2025-03,Claro,5G,0,SUBTEL public network point records; not unique towers and not geographic coverage percentage
13116,Lo Espejo,13,Metropolitana de Santiago,2025-03,Entel,5G,8,SUBTEL public network point records; not unique towers and not geographic coverage percentage
13116,Lo Espejo,13,Metropolitana de Santiago,2025-03,Movistar,5G,4,SUBTEL public network point records; not unique towers and not geographic coverage percentage
13116,Lo Espejo,13,Metropolitana de Santiago,2025-03,WOM,5G,3,SUBTEL public network point records; not unique towers and not geographic coverage percentage
13117,Lo Prado,13,Metropolitana de Santiago,2025-03,Claro,4G,5,SUBTEL public network point records; not unique towers and not geographic coverage percentage
13117,Lo Prado,13,Metropolitana de Santiago,2025-03,Entel,4G,26,SUBTEL public network point records; not unique towers and not geographic coverage percentage
13117,Lo Prado,13,Metropolitana de Santiago,2025-03,Movistar,4G,32,SUBTEL public network point records; not unique towers and not geographic coverage percentage
13117,Lo Prado,13,Metropolitana de Santiago,2025-03,WOM,4G,25,SUBTEL public network point records; not unique towers and not geographic coverage percentage
13117,Lo Prado,13,Metropolitana de Santiago,2025-03,Claro,5G,0,SUBTEL public network point records; not unique towers and not geographic coverage percentage
13117,Lo Prado,13,Metropolitana de Santiago,2025-03,Entel,5G,4,SUBTEL public network point records; not unique towers and not geographic coverage percentage
13117,Lo Prado,13,Metropolitana de Santiago,2025-03,Movistar,5G,5,SUBTEL public network point records; not unique towers and not geographic coverage percentage
13117,Lo Prado,13,Metropolitana de Santiago,2025-03,WOM,5G,1,SUBTEL public network point records; not unique towers and not geographic coverage percentage
13118,Macul,13,Metropolitana de Santiago,2025-03,Claro,4G,19,SUBTEL public network point records; not unique towers and not geographic coverage percentage
13118,Macul,13,Metropolitana de Santiago,2025-03,Entel,4G,33,SUBTEL public network point records; not unique towers and not geographic coverage percentage
13118,Macul,13,Metropolitana de Santiago,2025-03,Movistar,4G,25,SUBTEL public network point records; not unique towers and not geographic coverage percentage
13118,Macul,13,Metropolitana de Santiago,2025-03,WOM,4G,41,SUBTEL public network point records; not unique towers and not geographic coverage percentage
13118,Macul,13,Metropolitana de Santiago,2025-03,Claro,5G,14,SUBTEL public network point records; not unique towers and not geographic coverage percentage
13118,Macul,13,Metropolitana de Santiago,2025-03,Entel,5G,6,SUBTEL public network point records; not unique towers and not geographic coverage percentage
13118,Macul,13,Metropolitana de Santiago,2025-03,Movistar,5G,17,SUBTEL public network point records; not unique towers and not geographic coverage percentage
13118,Macul,13,Metropolitana de Santiago,2025-03,WOM,5G,7,SUBTEL public network point records; not unique towers and not geographic coverage percentage
13119,Maipú,13,Metropolitana de Santiago,2025-03,Claro,4G,56,SUBTEL public network point records; not unique towers and not geographic coverage percentage
13119,Maipú,13,Metropolitana de Santiago,2025-03,Entel,4G,159,SUBTEL public network point records; not unique towers and not geographic coverage percentage
13119,Maipú,13,Metropolitana de Santiago,2025-03,Movistar,4G,96,SUBTEL public network point records; not unique towers and not geographic coverage percentage
13119,Maipú,13,Metropolitana de Santiago,2025-03,WOM,4G,132,SUBTEL public network point records; not unique towers and not geographic coverage percentage
13119,Maipú,13,Metropolitana de Santiago,2025-03,Claro,5G,17,SUBTEL public network point records; not unique towers and not geographic coverage percentage
13119,Maipú,13,Metropolitana de Santiago,2025-03,Entel,5G,26,SUBTEL public network point records; not unique towers and not geographic coverage percentage
13119,Maipú,13,Metropolitana de Santiago,2025-03,Movistar,5G,13,SUBTEL public network point records; not unique towers and not geographic coverage percentage
13119,Maipú,13,Metropolitana de Santiago,2025-03,WOM,5G,11,SUBTEL public network point records; not unique towers and not geographic coverage percentage
13120,Ñuñoa,13,Metropolitana de Santiago,2025-03,Claro,4G,31,SUBTEL public network point records; not unique towers and not geographic coverage percentage
13120,Ñuñoa,13,Metropolitana de Santiago,2025-03,Entel,4G,64,SUBTEL public network point records; not unique towers and not geographic coverage percentage
13120,Ñuñoa,13,Metropolitana de Santiago,2025-03,Movistar,4G,47,SUBTEL public network point records; not unique towers and not geographic coverage percentage
13120,Ñuñoa,13,Metropolitana de Santiago,2025-03,WOM,4G,76,SUBTEL public network point records; not unique towers and not geographic coverage percentage
13120,Ñuñoa,13,Metropolitana de Santiago,2025-03,Claro,5G,14,SUBTEL public network point records; not unique towers and not geographic coverage percentage
13120,Ñuñoa,13,Metropolitana de Santiago,2025-03,Entel,5G,39,SUBTEL public network point records; not unique towers and not geographic coverage percentage
13120,Ñuñoa,13,Metropolitana de Santiago,2025-03,Movistar,5G,23,SUBTEL public network point records; not unique towers and not geographic coverage percentage
13120,Ñuñoa,13,Metropolitana de Santiago,2025-03,WOM,5G,9,SUBTEL public network point records; not unique towers and not geographic coverage percentage
13121,Pedro Aguirre Cerda,13,Metropolitana de Santiago,2025-03,Claro,4G,14,SUBTEL public network point records; not unique towers and not geographic coverage percentage
13121,Pedro Aguirre Cerda,13,Metropolitana de Santiago,2025-03,Entel,4G,39,SUBTEL public network point records; not unique towers and not geographic coverage percentage
13121,Pedro Aguirre Cerda,13,Metropolitana de Santiago,2025-03,Movistar,4G,12,SUBTEL public network point records; not unique towers and not geographic coverage percentage
13121,Pedro Aguirre Cerda,13,Metropolitana de Santiago,2025-03,WOM,4G,26,SUBTEL public network point records; not unique towers and not geographic coverage percentage
13121,Pedro Aguirre Cerda,13,Metropolitana de Santiago,2025-03,Claro,5G,14,SUBTEL public network point records; not unique towers and not geographic coverage percentage
13121,Pedro Aguirre Cerda,13,Metropolitana de Santiago,2025-03,Entel,5G,8,SUBTEL public network point records; not unique towers and not geographic coverage percentage
13121,Pedro Aguirre Cerda,13,Metropolitana de Santiago,2025-03,Movistar,5G,5,SUBTEL public network point records; not unique towers and not geographic coverage percentage
13121,Pedro Aguirre Cerda,13,Metropolitana de Santiago,2025-03,WOM,5G,2,SUBTEL public network point records; not unique towers and not geographic coverage percentage
13122,Peñalolén,13,Metropolitana de Santiago,2025-03,Claro,4G,27,SUBTEL public network point records; not unique towers and not geographic coverage percentage
13122,Peñalolén,13,Metropolitana de Santiago,2025-03,Entel,4G,92,SUBTEL public network point records; not unique towers and not geographic coverage percentage
13122,Peñalolén,13,Metropolitana de Santiago,2025-03,Movistar,4G,55,SUBTEL public network point records; not unique towers and not geographic coverage percentage
13122,Peñalolén,13,Metropolitana de Santiago,2025-03,WOM,4G,73,SUBTEL public network point records; not unique towers and not geographic coverage percentage
13122,Peñalolén,13,Metropolitana de Santiago,2025-03,Claro,5G,15,SUBTEL public network point records; not unique towers and not geographic coverage percentage
13122,Peñalolén,13,Metropolitana de Santiago,2025-03,Entel,5G,19,SUBTEL public network point records; not unique towers and not geographic coverage percentage
13122,Peñalolén,13,Metropolitana de Santiago,2025-03,Movistar,5G,18,SUBTEL public network point records; not unique towers and not geographic coverage percentage
13122,Peñalolén,13,Metropolitana de Santiago,2025-03,WOM,5G,18,SUBTEL public network point records; not unique towers and not geographic coverage percentage
13123,Providencia,13,Metropolitana de Santiago,2025-03,Claro,4G,57,SUBTEL public network point records; not unique towers and not geographic coverage percentage
13123,Providencia,13,Metropolitana de Santiago,2025-03,Entel,4G,95,SUBTEL public network point records; not unique towers and not geographic coverage percentage
13123,Providencia,13,Metropolitana de Santiago,2025-03,Movistar,4G,171,SUBTEL public network point records; not unique towers and not geographic coverage percentage
13123,Providencia,13,Metropolitana de Santiago,2025-03,WOM,4G,120,SUBTEL public network point records; not unique towers and not geographic coverage percentage
13123,Providencia,13,Metropolitana de Santiago,2025-03,Claro,5G,15,SUBTEL public network point records; not unique towers and not geographic coverage percentage
13123,Providencia,13,Metropolitana de Santiago,2025-03,Entel,5G,55,SUBTEL public network point records; not unique towers and not geographic coverage percentage
13123,Providencia,13,Metropolitana de Santiago,2025-03,Movistar,5G,26,SUBTEL public network point records; not unique towers and not geographic coverage percentage
13123,Providencia,13,Metropolitana de Santiago,2025-03,WOM,5G,22,SUBTEL public network point records; not unique towers and not geographic coverage percentage
13124,Pudahuel,13,Metropolitana de Santiago,2025-03,Claro,4G,27,SUBTEL public network point records; not unique towers and not geographic coverage percentage
13124,Pudahuel,13,Metropolitana de Santiago,2025-03,Entel,4G,95,SUBTEL public network point records; not unique towers and not geographic coverage percentage
13124,Pudahuel,13,Metropolitana de Santiago,2025-03,Movistar,4G,73,SUBTEL public network point records; not unique towers and not geographic coverage percentage
13124,Pudahuel,13,Metropolitana de Santiago,2025-03,WOM,4G,62,SUBTEL public network point records; not unique towers and not geographic coverage percentage
13124,Pudahuel,13,Metropolitana de Santiago,2025-03,Claro,5G,17,SUBTEL public network point records; not unique towers and not geographic coverage percentage
13124,Pudahuel,13,Metropolitana de Santiago,2025-03,Entel,5G,28,SUBTEL public network point records; not unique towers and not geographic coverage percentage
13124,Pudahuel,13,Metropolitana de Santiago,2025-03,Movistar,5G,10,SUBTEL public network point records; not unique towers and not geographic coverage percentage
13124,Pudahuel,13,Metropolitana de Santiago,2025-03,WOM,5G,6,SUBTEL public network point records; not unique towers and not geographic coverage percentage
13125,Quilicura,13,Metropolitana de Santiago,2025-03,Claro,4G,27,SUBTEL public network point records; not unique towers and not geographic coverage percentage
13125,Quilicura,13,Metropolitana de Santiago,2025-03,Entel,4G,70,SUBTEL public network point records; not unique towers and not geographic coverage percentage
13125,Quilicura,13,Metropolitana de Santiago,2025-03,Movistar,4G,31,SUBTEL public network point records; not unique towers and not geographic coverage percentage
13125,Quilicura,13,Metropolitana de Santiago,2025-03,WOM,4G,67,SUBTEL public network point records; not unique towers and not geographic coverage percentage
13125,Quilicura,13,Metropolitana de Santiago,2025-03,Claro,5G,17,SUBTEL public network point records; not unique towers and not geographic coverage percentage
13125,Quilicura,13,Metropolitana de Santiago,2025-03,Entel,5G,29,SUBTEL public network point records; not unique towers and not geographic coverage percentage
13125,Quilicura,13,Metropolitana de Santiago,2025-03,Movistar,5G,15,SUBTEL public network point records; not unique towers and not geographic coverage percentage
13125,Quilicura,13,Metropolitana de Santiago,2025-03,WOM,5G,4,SUBTEL public network point records; not unique towers and not geographic coverage percentage
13126,Quinta Normal,13,Metropolitana de Santiago,2025-03,Claro,4G,16,SUBTEL public network point records; not unique towers and not geographic coverage percentage
13126,Quinta Normal,13,Metropolitana de Santiago,2025-03,Entel,4G,33,SUBTEL public network point records; not unique towers and not geographic coverage percentage
13126,Quinta Normal,13,Metropolitana de Santiago,2025-03,Movistar,4G,24,SUBTEL public network point records; not unique towers and not geographic coverage percentage
13126,Quinta Normal,13,Metropolitana de Santiago,2025-03,WOM,4G,35,SUBTEL public network point records; not unique towers and not geographic coverage percentage
13126,Quinta Normal,13,Metropolitana de Santiago,2025-03,Claro,5G,14,SUBTEL public network point records; not unique towers and not geographic coverage percentage
13126,Quinta Normal,13,Metropolitana de Santiago,2025-03,Entel,5G,7,SUBTEL public network point records; not unique towers and not geographic coverage percentage
13126,Quinta Normal,13,Metropolitana de Santiago,2025-03,Movistar,5G,13,SUBTEL public network point records; not unique towers and not geographic coverage percentage
13126,Quinta Normal,13,Metropolitana de Santiago,2025-03,WOM,5G,2,SUBTEL public network point records; not unique towers and not geographic coverage percentage
13127,Recoleta,13,Metropolitana de Santiago,2025-03,Claro,4G,23,SUBTEL public network point records; not unique towers and not geographic coverage percentage
13127,Recoleta,13,Metropolitana de Santiago,2025-03,Entel,4G,41,SUBTEL public network point records; not unique towers and not geographic coverage percentage
13127,Recoleta,13,Metropolitana de Santiago,2025-03,Movistar,4G,56,SUBTEL public network point records; not unique towers and not geographic coverage percentage
13127,Recoleta,13,Metropolitana de Santiago,2025-03,WOM,4G,57,SUBTEL public network point records; not unique towers and not geographic coverage percentage
13127,Recoleta,13,Metropolitana de Santiago,2025-03,Claro,5G,14,SUBTEL public network point records; not unique towers and not geographic coverage percentage
13127,Recoleta,13,Metropolitana de Santiago,2025-03,Entel,5G,10,SUBTEL public network point records; not unique towers and not geographic coverage percentage
13127,Recoleta,13,Metropolitana de Santiago,2025-03,Movistar,5G,16,SUBTEL public network point records; not unique towers and not geographic coverage percentage
13127,Recoleta,13,Metropolitana de Santiago,2025-03,WOM,5G,4,SUBTEL public network point records; not unique towers and not geographic coverage percentage
13128,Renca,13,Metropolitana de Santiago,2025-03,Claro,4G,13,SUBTEL public network point records; not unique towers and not geographic coverage percentage
13128,Renca,13,Metropolitana de Santiago,2025-03,Entel,4G,52,SUBTEL public network point records; not unique towers and not geographic coverage percentage
13128,Renca,13,Metropolitana de Santiago,2025-03,Movistar,4G,21,SUBTEL public network point records; not unique towers and not geographic coverage percentage
13128,Renca,13,Metropolitana de Santiago,2025-03,WOM,4G,41,SUBTEL public network point records; not unique towers and not geographic coverage percentage
13128,Renca,13,Metropolitana de Santiago,2025-03,Claro,5G,1,SUBTEL public network point records; not unique towers and not geographic coverage percentage
13128,Renca,13,Metropolitana de Santiago,2025-03,Entel,5G,14,SUBTEL public network point records; not unique towers and not geographic coverage percentage
13128,Renca,13,Metropolitana de Santiago,2025-03,Movistar,5G,14,SUBTEL public network point records; not unique towers and not geographic coverage percentage
13128,Renca,13,Metropolitana de Santiago,2025-03,WOM,5G,6,SUBTEL public network point records; not unique towers and not geographic coverage percentage
13129,San Joaquín,13,Metropolitana de Santiago,2025-03,Claro,4G,12,SUBTEL public network point records; not unique towers and not geographic coverage percentage
13129,San Joaquín,13,Metropolitana de Santiago,2025-03,Entel,4G,29,SUBTEL public network point records; not unique towers and not geographic coverage percentage
13129,San Joaquín,13,Metropolitana de Santiago,2025-03,Movistar,4G,11,SUBTEL public network point records; not unique towers and not geographic coverage percentage
13129,San Joaquín,13,Metropolitana de Santiago,2025-03,WOM,4G,33,SUBTEL public network point records; not unique towers and not geographic coverage percentage
13129,San Joaquín,13,Metropolitana de Santiago,2025-03,Claro,5G,10,SUBTEL public network point records; not unique towers and not geographic coverage percentage
13129,San Joaquín,13,Metropolitana de Santiago,2025-03,Entel,5G,12,SUBTEL public network point records; not unique towers and not geographic coverage percentage
13129,San Joaquín,13,Metropolitana de Santiago,2025-03,Movistar,5G,9,SUBTEL public network point records; not unique towers and not geographic coverage percentage
13129,San Joaquín,13,Metropolitana de Santiago,2025-03,WOM,5G,4,SUBTEL public network point records; not unique towers and not geographic coverage percentage
13130,San Miguel,13,Metropolitana de Santiago,2025-03,Claro,4G,17,SUBTEL public network point records; not unique towers and not geographic coverage percentage
13130,San Miguel,13,Metropolitana de Santiago,2025-03,Entel,4G,34,SUBTEL public network point records; not unique towers and not geographic coverage percentage
13130,San Miguel,13,Metropolitana de Santiago,2025-03,Movistar,4G,42,SUBTEL public network point records; not unique towers and not geographic coverage percentage
13130,San Miguel,13,Metropolitana de Santiago,2025-03,WOM,4G,35,SUBTEL public network point records; not unique towers and not geographic coverage percentage
13130,San Miguel,13,Metropolitana de Santiago,2025-03,Claro,5G,13,SUBTEL public network point records; not unique towers and not geographic coverage percentage
13130,San Miguel,13,Metropolitana de Santiago,2025-03,Entel,5G,11,SUBTEL public network point records; not unique towers and not geographic coverage percentage
13130,San Miguel,13,Metropolitana de Santiago,2025-03,Movistar,5G,11,SUBTEL public network point records; not unique towers and not geographic coverage percentage
13130,San Miguel,13,Metropolitana de Santiago,2025-03,WOM,5G,8,SUBTEL public network point records; not unique towers and not geographic coverage percentage
13131,San Ramón,13,Metropolitana de Santiago,2025-03,Claro,4G,6,SUBTEL public network point records; not unique towers and not geographic coverage percentage
13131,San Ramón,13,Metropolitana de Santiago,2025-03,Entel,4G,30,SUBTEL public network point records; not unique towers and not geographic coverage percentage
13131,San Ramón,13,Metropolitana de Santiago,2025-03,Movistar,4G,15,SUBTEL public network point records; not unique towers and not geographic coverage percentage
13131,San Ramón,13,Metropolitana de Santiago,2025-03,WOM,4G,16,SUBTEL public network point records; not unique towers and not geographic coverage percentage
13131,San Ramón,13,Metropolitana de Santiago,2025-03,Claro,5G,1,SUBTEL public network point records; not unique towers and not geographic coverage percentage
13131,San Ramón,13,Metropolitana de Santiago,2025-03,Entel,5G,7,SUBTEL public network point records; not unique towers and not geographic coverage percentage
13131,San Ramón,13,Metropolitana de Santiago,2025-03,Movistar,5G,7,SUBTEL public network point records; not unique towers and not geographic coverage percentage
13131,San Ramón,13,Metropolitana de Santiago,2025-03,WOM,5G,1,SUBTEL public network point records; not unique towers and not geographic coverage percentage
13132,Vitacura,13,Metropolitana de Santiago,2025-03,Claro,4G,31,SUBTEL public network point records; not unique towers and not geographic coverage percentage
13132,Vitacura,13,Metropolitana de Santiago,2025-03,Entel,4G,73,SUBTEL public network point records; not unique towers and not geographic coverage percentage
13132,Vitacura,13,Metropolitana de Santiago,2025-03,Movistar,4G,35,SUBTEL public network point records; not unique towers and not geographic coverage percentage
13132,Vitacura,13,Metropolitana de Santiago,2025-03,WOM,4G,44,SUBTEL public network point records; not unique towers and not geographic coverage percentage
13132,Vitacura,13,Metropolitana de Santiago,2025-03,Claro,5G,10,SUBTEL public network point records; not unique towers and not geographic coverage percentage
13132,Vitacura,13,Metropolitana de Santiago,2025-03,Entel,5G,14,SUBTEL public network point records; not unique towers and not geographic coverage percentage
13132,Vitacura,13,Metropolitana de Santiago,2025-03,Movistar,5G,16,SUBTEL public network point records; not unique towers and not geographic coverage percentage
13132,Vitacura,13,Metropolitana de Santiago,2025-03,WOM,5G,12,SUBTEL public network point records; not unique towers and not geographic coverage percentage
13201,Puente Alto,13,Metropolitana de Santiago,2025-03,Claro,4G,41,SUBTEL public network point records; not unique towers and not geographic coverage percentage
13201,Puente Alto,13,Metropolitana de Santiago,2025-03,Entel,4G,164,SUBTEL public network point records; not unique towers and not geographic coverage percentage
13201,Puente Alto,13,Metropolitana de Santiago,2025-03,Movistar,4G,55,SUBTEL public network point records; not unique towers and not geographic coverage percentage
13201,Puente Alto,13,Metropolitana de Santiago,2025-03,WOM,4G,92,SUBTEL public network point records; not unique towers and not geographic coverage percentage
13201,Puente Alto,13,Metropolitana de Santiago,2025-03,Claro,5G,17,SUBTEL public network point records; not unique towers and not geographic coverage percentage
13201,Puente Alto,13,Metropolitana de Santiago,2025-03,Entel,5G,29,SUBTEL public network point records; not unique towers and not geographic coverage percentage
13201,Puente Alto,13,Metropolitana de Santiago,2025-03,Movistar,5G,13,SUBTEL public network point records; not unique towers and not geographic coverage percentage
13201,Puente Alto,13,Metropolitana de Santiago,2025-03,WOM,5G,10,SUBTEL public network point records; not unique towers and not geographic coverage percentage
13202,Pirque,13,Metropolitana de Santiago,2025-03,Claro,4G,8,SUBTEL public network point records; not unique towers and not geographic coverage percentage
13202,Pirque,13,Metropolitana de Santiago,2025-03,Entel,4G,15,SUBTEL public network point records; not unique towers and not geographic coverage percentage
13202,Pirque,13,Metropolitana de Santiago,2025-03,Movistar,4G,8,SUBTEL public network point records; not unique towers and not geographic coverage percentage
13202,Pirque,13,Metropolitana de Santiago,2025-03,WOM,4G,10,SUBTEL public network point records; not unique towers and not geographic coverage percentage
13202,Pirque,13,Metropolitana de Santiago,2025-03,Claro,5G,0,SUBTEL public network point records; not unique towers and not geographic coverage percentage
13202,Pirque,13,Metropolitana de Santiago,2025-03,Entel,5G,1,SUBTEL public network point records; not unique towers and not geographic coverage percentage
13202,Pirque,13,Metropolitana de Santiago,2025-03,Movistar,5G,1,SUBTEL public network point records; not unique towers and not geographic coverage percentage
13202,Pirque,13,Metropolitana de Santiago,2025-03,WOM,5G,6,SUBTEL public network point records; not unique towers and not geographic coverage percentage
13203,San José de Maipo,13,Metropolitana de Santiago,2025-03,Claro,4G,8,SUBTEL public network point records; not unique towers and not geographic coverage percentage
13203,San José de Maipo,13,Metropolitana de Santiago,2025-03,Entel,4G,10,SUBTEL public network point records; not unique towers and not geographic coverage percentage
13203,San José de Maipo,13,Metropolitana de Santiago,2025-03,Movistar,4G,7,SUBTEL public network point records; not unique towers and not geographic coverage percentage
13203,San José de Maipo,13,Metropolitana de Santiago,2025-03,WOM,4G,20,SUBTEL public network point records; not unique towers and not geographic coverage percentage
13203,San José de Maipo,13,Metropolitana de Santiago,2025-03,Claro,5G,0,SUBTEL public network point records; not unique towers and not geographic coverage percentage
13203,San José de Maipo,13,Metropolitana de Santiago,2025-03,Entel,5G,4,SUBTEL public network point records; not unique towers and not geographic coverage percentage
13203,San José de Maipo,13,Metropolitana de Santiago,2025-03,Movistar,5G,5,SUBTEL public network point records; not unique towers and not geographic coverage percentage
13203,San José de Maipo,13,Metropolitana de Santiago,2025-03,WOM,5G,8,SUBTEL public network point records; not unique towers and not geographic coverage percentage
13301,Colina,13,Metropolitana de Santiago,2025-03,Claro,4G,41,SUBTEL public network point records; not unique towers and not geographic coverage percentage
13301,Colina,13,Metropolitana de Santiago,2025-03,Entel,4G,51,SUBTEL public network point records; not unique towers and not geographic coverage percentage
13301,Colina,13,Metropolitana de Santiago,2025-03,Movistar,4G,40,SUBTEL public network point records; not unique towers and not geographic coverage percentage
13301,Colina,13,Metropolitana de Santiago,2025-03,WOM,4G,87,SUBTEL public network point records; not unique towers and not geographic coverage percentage
13301,Colina,13,Metropolitana de Santiago,2025-03,Claro,5G,15,SUBTEL public network point records; not unique towers and not geographic coverage percentage
13301,Colina,13,Metropolitana de Santiago,2025-03,Entel,5G,3,SUBTEL public network point records; not unique towers and not geographic coverage percentage
13301,Colina,13,Metropolitana de Santiago,2025-03,Movistar,5G,10,SUBTEL public network point records; not unique towers and not geographic coverage percentage
13301,Colina,13,Metropolitana de Santiago,2025-03,WOM,5G,4,SUBTEL public network point records; not unique towers and not geographic coverage percentage
13302,Lampa,13,Metropolitana de Santiago,2025-03,Claro,4G,11,SUBTEL public network point records; not unique towers and not geographic coverage percentage
13302,Lampa,13,Metropolitana de Santiago,2025-03,Entel,4G,33,SUBTEL public network point records; not unique towers and not geographic coverage percentage
13302,Lampa,13,Metropolitana de Santiago,2025-03,Movistar,4G,18,SUBTEL public network point records; not unique towers and not geographic coverage percentage
13302,Lampa,13,Metropolitana de Santiago,2025-03,WOM,4G,55,SUBTEL public network point records; not unique towers and not geographic coverage percentage
13302,Lampa,13,Metropolitana de Santiago,2025-03,Claro,5G,0,SUBTEL public network point records; not unique towers and not geographic coverage percentage
13302,Lampa,13,Metropolitana de Santiago,2025-03,Entel,5G,2,SUBTEL public network point records; not unique towers and not geographic coverage percentage
13302,Lampa,13,Metropolitana de Santiago,2025-03,Movistar,5G,8,SUBTEL public network point records; not unique towers and not geographic coverage percentage
13302,Lampa,13,Metropolitana de Santiago,2025-03,WOM,5G,3,SUBTEL public network point records; not unique towers and not geographic coverage percentage
13303,Tiltil,13,Metropolitana de Santiago,2025-03,Claro,4G,5,SUBTEL public network point records; not unique towers and not geographic coverage percentage
13303,Tiltil,13,Metropolitana de Santiago,2025-03,Entel,4G,12,SUBTEL public network point records; not unique towers and not geographic coverage percentage
13303,Tiltil,13,Metropolitana de Santiago,2025-03,Movistar,4G,9,SUBTEL public network point records; not unique towers and not geographic coverage percentage
13303,Tiltil,13,Metropolitana de Santiago,2025-03,WOM,4G,15,SUBTEL public network point records; not unique towers and not geographic coverage percentage
13303,Tiltil,13,Metropolitana de Santiago,2025-03,Claro,5G,1,SUBTEL public network point records; not unique towers and not geographic coverage percentage
13303,Tiltil,13,Metropolitana de Santiago,2025-03,Entel,5G,3,SUBTEL public network point records; not unique towers and not geographic coverage percentage
13303,Tiltil,13,Metropolitana de Santiago,2025-03,Movistar,5G,5,SUBTEL public network point records; not unique towers and not geographic coverage percentage
13303,Tiltil,13,Metropolitana de Santiago,2025-03,WOM,5G,5,SUBTEL public network point records; not unique towers and not geographic coverage percentage
13401,San Bernardo,13,Metropolitana de Santiago,2025-03,Claro,4G,37,SUBTEL public network point records; not unique towers and not geographic coverage percentage
13401,San Bernardo,13,Metropolitana de Santiago,2025-03,Entel,4G,119,SUBTEL public network point records; not unique towers and not geographic coverage percentage
13401,San Bernardo,13,Metropolitana de Santiago,2025-03,Movistar,4G,43,SUBTEL public network point records; not unique towers and not geographic coverage percentage
13401,San Bernardo,13,Metropolitana de Santiago,2025-03,WOM,4G,69,SUBTEL public network point records; not unique towers and not geographic coverage percentage
13401,San Bernardo,13,Metropolitana de Santiago,2025-03,Claro,5G,17,SUBTEL public network point records; not unique towers and not geographic coverage percentage
13401,San Bernardo,13,Metropolitana de Santiago,2025-03,Entel,5G,27,SUBTEL public network point records; not unique towers and not geographic coverage percentage
13401,San Bernardo,13,Metropolitana de Santiago,2025-03,Movistar,5G,7,SUBTEL public network point records; not unique towers and not geographic coverage percentage
13401,San Bernardo,13,Metropolitana de Santiago,2025-03,WOM,5G,5,SUBTEL public network point records; not unique towers and not geographic coverage percentage
13402,Buin,13,Metropolitana de Santiago,2025-03,Claro,4G,14,SUBTEL public network point records; not unique towers and not geographic coverage percentage
13402,Buin,13,Metropolitana de Santiago,2025-03,Entel,4G,36,SUBTEL public network point records; not unique towers and not geographic coverage percentage
13402,Buin,13,Metropolitana de Santiago,2025-03,Movistar,4G,18,SUBTEL public network point records; not unique towers and not geographic coverage percentage
13402,Buin,13,Metropolitana de Santiago,2025-03,WOM,4G,35,SUBTEL public network point records; not unique towers and not geographic coverage percentage
13402,Buin,13,Metropolitana de Santiago,2025-03,Claro,5G,0,SUBTEL public network point records; not unique towers and not geographic coverage percentage
13402,Buin,13,Metropolitana de Santiago,2025-03,Entel,5G,4,SUBTEL public network point records; not unique towers and not geographic coverage percentage
13402,Buin,13,Metropolitana de Santiago,2025-03,Movistar,5G,5,SUBTEL public network point records; not unique towers and not geographic coverage percentage
13402,Buin,13,Metropolitana de Santiago,2025-03,WOM,5G,5,SUBTEL public network point records; not unique towers and not geographic coverage percentage
13403,Calera de Tango,13,Metropolitana de Santiago,2025-03,Claro,4G,7,SUBTEL public network point records; not unique towers and not geographic coverage percentage
13403,Calera de Tango,13,Metropolitana de Santiago,2025-03,Entel,4G,14,SUBTEL public network point records; not unique towers and not geographic coverage percentage
13403,Calera de Tango,13,Metropolitana de Santiago,2025-03,Movistar,4G,8,SUBTEL public network point records; not unique towers and not geographic coverage percentage
13403,Calera de Tango,13,Metropolitana de Santiago,2025-03,WOM,4G,14,SUBTEL public network point records; not unique towers and not geographic coverage percentage
13403,Calera de Tango,13,Metropolitana de Santiago,2025-03,Claro,5G,0,SUBTEL public network point records; not unique towers and not geographic coverage percentage
13403,Calera de Tango,13,Metropolitana de Santiago,2025-03,Entel,5G,3,SUBTEL public network point records; not unique towers and not geographic coverage percentage
13403,Calera de Tango,13,Metropolitana de Santiago,2025-03,Movistar,5G,3,SUBTEL public network point records; not unique towers and not geographic coverage percentage
13403,Calera de Tango,13,Metropolitana de Santiago,2025-03,WOM,5G,8,SUBTEL public network point records; not unique towers and not geographic coverage percentage
13404,Paine,13,Metropolitana de Santiago,2025-03,Claro,4G,12,SUBTEL public network point records; not unique towers and not geographic coverage percentage
13404,Paine,13,Metropolitana de Santiago,2025-03,Entel,4G,21,SUBTEL public network point records; not unique towers and not geographic coverage percentage
13404,Paine,13,Metropolitana de Santiago,2025-03,Movistar,4G,14,SUBTEL public network point records; not unique towers and not geographic coverage percentage
13404,Paine,13,Metropolitana de Santiago,2025-03,WOM,4G,24,SUBTEL public network point records; not unique towers and not geographic coverage percentage
13404,Paine,13,Metropolitana de Santiago,2025-03,Claro,5G,0,SUBTEL public network point records; not unique towers and not geographic coverage percentage
13404,Paine,13,Metropolitana de Santiago,2025-03,Entel,5G,3,SUBTEL public network point records; not unique towers and not geographic coverage percentage
13404,Paine,13,Metropolitana de Santiago,2025-03,Movistar,5G,4,SUBTEL public network point records; not unique towers and not geographic coverage percentage
13404,Paine,13,Metropolitana de Santiago,2025-03,WOM,5G,2,SUBTEL public network point records; not unique towers and not geographic coverage percentage
13501,Melipilla,13,Metropolitana de Santiago,2025-03,Claro,4G,13,SUBTEL public network point records; not unique towers and not geographic coverage percentage
13501,Melipilla,13,Metropolitana de Santiago,2025-03,Entel,4G,32,SUBTEL public network point records; not unique towers and not geographic coverage percentage
13501,Melipilla,13,Metropolitana de Santiago,2025-03,Movistar,4G,23,SUBTEL public network point records; not unique towers and not geographic coverage percentage
13501,Melipilla,13,Metropolitana de Santiago,2025-03,WOM,4G,47,SUBTEL public network point records; not unique towers and not geographic coverage percentage
13501,Melipilla,13,Metropolitana de Santiago,2025-03,Claro,5G,0,SUBTEL public network point records; not unique towers and not geographic coverage percentage
13501,Melipilla,13,Metropolitana de Santiago,2025-03,Entel,5G,4,SUBTEL public network point records; not unique towers and not geographic coverage percentage
13501,Melipilla,13,Metropolitana de Santiago,2025-03,Movistar,5G,6,SUBTEL public network point records; not unique towers and not geographic coverage percentage
13501,Melipilla,13,Metropolitana de Santiago,2025-03,WOM,5G,11,SUBTEL public network point records; not unique towers and not geographic coverage percentage
13502,Alhué,13,Metropolitana de Santiago,2025-03,Claro,4G,2,SUBTEL public network point records; not unique towers and not geographic coverage percentage
13502,Alhué,13,Metropolitana de Santiago,2025-03,Entel,4G,7,SUBTEL public network point records; not unique towers and not geographic coverage percentage
13502,Alhué,13,Metropolitana de Santiago,2025-03,Movistar,4G,3,SUBTEL public network point records; not unique towers and not geographic coverage percentage
13502,Alhué,13,Metropolitana de Santiago,2025-03,WOM,4G,13,SUBTEL public network point records; not unique towers and not geographic coverage percentage
13502,Alhué,13,Metropolitana de Santiago,2025-03,Claro,5G,0,SUBTEL public network point records; not unique towers and not geographic coverage percentage
13502,Alhué,13,Metropolitana de Santiago,2025-03,Entel,5G,3,SUBTEL public network point records; not unique towers and not geographic coverage percentage
13502,Alhué,13,Metropolitana de Santiago,2025-03,Movistar,5G,2,SUBTEL public network point records; not unique towers and not geographic coverage percentage
13502,Alhué,13,Metropolitana de Santiago,2025-03,WOM,5G,5,SUBTEL public network point records; not unique towers and not geographic coverage percentage
13503,Curacaví,13,Metropolitana de Santiago,2025-03,Claro,4G,10,SUBTEL public network point records; not unique towers and not geographic coverage percentage
13503,Curacaví,13,Metropolitana de Santiago,2025-03,Entel,4G,13,SUBTEL public network point records; not unique towers and not geographic coverage percentage
13503,Curacaví,13,Metropolitana de Santiago,2025-03,Movistar,4G,9,SUBTEL public network point records; not unique towers and not geographic coverage percentage
13503,Curacaví,13,Metropolitana de Santiago,2025-03,WOM,4G,12,SUBTEL public network point records; not unique towers and not geographic coverage percentage
13503,Curacaví,13,Metropolitana de Santiago,2025-03,Claro,5G,0,SUBTEL public network point records; not unique towers and not geographic coverage percentage
13503,Curacaví,13,Metropolitana de Santiago,2025-03,Entel,5G,4,SUBTEL public network point records; not unique towers and not geographic coverage percentage
13503,Curacaví,13,Metropolitana de Santiago,2025-03,Movistar,5G,4,SUBTEL public network point records; not unique towers and not geographic coverage percentage
13503,Curacaví,13,Metropolitana de Santiago,2025-03,WOM,5G,8,SUBTEL public network point records; not unique towers and not geographic coverage percentage
13504,María Pinto,13,Metropolitana de Santiago,2025-03,Claro,4G,1,SUBTEL public network point records; not unique towers and not geographic coverage percentage
13504,María Pinto,13,Metropolitana de Santiago,2025-03,Entel,4G,2,SUBTEL public network point records; not unique towers and not geographic coverage percentage
13504,María Pinto,13,Metropolitana de Santiago,2025-03,Movistar,4G,1,SUBTEL public network point records; not unique towers and not geographic coverage percentage
13504,María Pinto,13,Metropolitana de Santiago,2025-03,WOM,4G,9,SUBTEL public network point records; not unique towers and not geographic coverage percentage
13504,María Pinto,13,Metropolitana de Santiago,2025-03,Claro,5G,0,SUBTEL public network point records; not unique towers and not geographic coverage percentage
13504,María Pinto,13,Metropolitana de Santiago,2025-03,Entel,5G,1,SUBTEL public network point records; not unique towers and not geographic coverage percentage
13504,María Pinto,13,Metropolitana de Santiago,2025-03,Movistar,5G,1,SUBTEL public network point records; not unique towers and not geographic coverage percentage
13504,María Pinto,13,Metropolitana de Santiago,2025-03,WOM,5G,3,SUBTEL public network point records; not unique towers and not geographic coverage percentage
13505,San Pedro,13,Metropolitana de Santiago,2025-03,Claro,4G,3,SUBTEL public network point records; not unique towers and not geographic coverage percentage
13505,San Pedro,13,Metropolitana de Santiago,2025-03,Entel,4G,5,SUBTEL public network point records; not unique towers and not geographic coverage percentage
13505,San Pedro,13,Metropolitana de Santiago,2025-03,Movistar,4G,3,SUBTEL public network point records; not unique towers and not geographic coverage percentage
13505,San Pedro,13,Metropolitana de Santiago,2025-03,WOM,4G,8,SUBTEL public network point records; not unique towers and not geographic coverage percentage
13505,San Pedro,13,Metropolitana de Santiago,2025-03,Claro,5G,0,SUBTEL public network point records; not unique towers and not geographic coverage percentage
13505,San Pedro,13,Metropolitana de Santiago,2025-03,Entel,5G,2,SUBTEL public network point records; not unique towers and not geographic coverage percentage
13505,San Pedro,13,Metropolitana de Santiago,2025-03,Movistar,5G,3,SUBTEL public network point records; not unique towers and not geographic coverage percentage
13505,San Pedro,13,Metropolitana de Santiago,2025-03,WOM,5G,3,SUBTEL public network point records; not unique towers and not geographic coverage percentage
13601,Talagante,13,Metropolitana de Santiago,2025-03,Claro,4G,8,SUBTEL public network point records; not unique towers and not geographic coverage percentage
13601,Talagante,13,Metropolitana de Santiago,2025-03,Entel,4G,33,SUBTEL public network point records; not unique towers and not geographic coverage percentage
13601,Talagante,13,Metropolitana de Santiago,2025-03,Movistar,4G,13,SUBTEL public network point records; not unique towers and not geographic coverage percentage
13601,Talagante,13,Metropolitana de Santiago,2025-03,WOM,4G,20,SUBTEL public network point records; not unique towers and not geographic coverage percentage
13601,Talagante,13,Metropolitana de Santiago,2025-03,Claro,5G,0,SUBTEL public network point records; not unique towers and not geographic coverage percentage
13601,Talagante,13,Metropolitana de Santiago,2025-03,Entel,5G,4,SUBTEL public network point records; not unique towers and not geographic coverage percentage
13601,Talagante,13,Metropolitana de Santiago,2025-03,Movistar,5G,5,SUBTEL public network point records; not unique towers and not geographic coverage percentage
13601,Talagante,13,Metropolitana de Santiago,2025-03,WOM,5G,7,SUBTEL public network point records; not unique towers and not geographic coverage percentage
13602,El Monte,13,Metropolitana de Santiago,2025-03,Claro,4G,4,SUBTEL public network point records; not unique towers and not geographic coverage percentage
13602,El Monte,13,Metropolitana de Santiago,2025-03,Entel,4G,22,SUBTEL public network point records; not unique towers and not geographic coverage percentage
13602,El Monte,13,Metropolitana de Santiago,2025-03,Movistar,4G,5,SUBTEL public network point records; not unique towers and not geographic coverage percentage
13602,El Monte,13,Metropolitana de Santiago,2025-03,WOM,4G,18,SUBTEL public network point records; not unique towers and not geographic coverage percentage
13602,El Monte,13,Metropolitana de Santiago,2025-03,Claro,5G,0,SUBTEL public network point records; not unique towers and not geographic coverage percentage
13602,El Monte,13,Metropolitana de Santiago,2025-03,Entel,5G,5,SUBTEL public network point records; not unique towers and not geographic coverage percentage
13602,El Monte,13,Metropolitana de Santiago,2025-03,Movistar,5G,3,SUBTEL public network point records; not unique towers and not geographic coverage percentage
13602,El Monte,13,Metropolitana de Santiago,2025-03,WOM,5G,7,SUBTEL public network point records; not unique towers and not geographic coverage percentage
13603,Isla de Maipo,13,Metropolitana de Santiago,2025-03,Claro,4G,3,SUBTEL public network point records; not unique towers and not geographic coverage percentage
13603,Isla de Maipo,13,Metropolitana de Santiago,2025-03,Entel,4G,13,SUBTEL public network point records; not unique towers and not geographic coverage percentage
13603,Isla de Maipo,13,Metropolitana de Santiago,2025-03,Movistar,4G,7,SUBTEL public network point records; not unique towers and not geographic coverage percentage
13603,Isla de Maipo,13,Metropolitana de Santiago,2025-03,WOM,4G,15,SUBTEL public network point records; not unique towers and not geographic coverage percentage
13603,Isla de Maipo,13,Metropolitana de Santiago,2025-03,Claro,5G,0,SUBTEL public network point records; not unique towers and not geographic coverage percentage
13603,Isla de Maipo,13,Metropolitana de Santiago,2025-03,Entel,5G,3,SUBTEL public network point records; not unique towers and not geographic coverage percentage
13603,Isla de Maipo,13,Metropolitana de Santiago,2025-03,Movistar,5G,2,SUBTEL public network point records; not unique towers and not geographic coverage percentage
13603,Isla de Maipo,13,Metropolitana de Santiago,2025-03,WOM,5G,3,SUBTEL public network point records; not unique towers and not geographic coverage percentage
13604,Padre Hurtado,13,Metropolitana de Santiago,2025-03,Claro,4G,7,SUBTEL public network point records; not unique towers and not geographic coverage percentage
13604,Padre Hurtado,13,Metropolitana de Santiago,2025-03,Entel,4G,20,SUBTEL public network point records; not unique towers and not geographic coverage percentage
13604,Padre Hurtado,13,Metropolitana de Santiago,2025-03,Movistar,4G,13,SUBTEL public network point records; not unique towers and not geographic coverage percentage
13604,Padre Hurtado,13,Metropolitana de Santiago,2025-03,WOM,4G,16,SUBTEL public network point records; not unique towers and not geographic coverage percentage
13604,Padre Hurtado,13,Metropolitana de Santiago,2025-03,Claro,5G,0,SUBTEL public network point records; not unique towers and not geographic coverage percentage
13604,Padre Hurtado,13,Metropolitana de Santiago,2025-03,Entel,5G,2,SUBTEL public network point records; not unique towers and not geographic coverage percentage
13604,Padre Hurtado,13,Metropolitana de Santiago,2025-03,Movistar,5G,5,SUBTEL public network point records; not unique towers and not geographic coverage percentage
13604,Padre Hurtado,13,Metropolitana de Santiago,2025-03,WOM,5G,6,SUBTEL public network point records; not unique towers and not geographic coverage percentage
13605,Peñaflor,13,Metropolitana de Santiago,2025-03,Claro,4G,8,SUBTEL public network point records; not unique towers and not geographic coverage percentage
13605,Peñaflor,13,Metropolitana de Santiago,2025-03,Entel,4G,41,SUBTEL public network point records; not unique towers and not geographic coverage percentage
13605,Peñaflor,13,Metropolitana de Santiago,2025-03,Movistar,4G,14,SUBTEL public network point records; not unique towers and not geographic coverage percentage
13605,Peñaflor,13,Metropolitana de Santiago,2025-03,WOM,4G,19,SUBTEL public network point records; not unique towers and not geographic coverage percentage
13605,Peñaflor,13,Metropolitana de Santiago,2025-03,Claro,5G,0,SUBTEL public network point records; not unique towers and not geographic coverage percentage
13605,Peñaflor,13,Metropolitana de Santiago,2025-03,Entel,5G,7,SUBTEL public network point records; not unique towers and not geographic coverage percentage
13605,Peñaflor,13,Metropolitana de Santiago,2025-03,Movistar,5G,7,SUBTEL public network point records; not unique towers and not geographic coverage percentage
13605,Peñaflor,13,Metropolitana de Santiago,2025-03,WOM,5G,5,SUBTEL public network point records; not unique towers and not geographic coverage percentage
14101,Valdivia,14,Los Ríos,2025-03,Claro,4G,27,SUBTEL public network point records; not unique towers and not geographic coverage percentage
14101,Valdivia,14,Los Ríos,2025-03,Entel,4G,73,SUBTEL public network point records; not unique towers and not geographic coverage percentage
14101,Valdivia,14,Los Ríos,2025-03,Movistar,4G,41,SUBTEL public network point records; not unique towers and not geographic coverage percentage
14101,Valdivia,14,Los Ríos,2025-03,WOM,4G,82,SUBTEL public network point records; not unique towers and not geographic coverage percentage
14101,Valdivia,14,Los Ríos,2025-03,Claro,5G,0,SUBTEL public network point records; not unique towers and not geographic coverage percentage
14101,Valdivia,14,Los Ríos,2025-03,Entel,5G,6,SUBTEL public network point records; not unique towers and not geographic coverage percentage
14101,Valdivia,14,Los Ríos,2025-03,Movistar,5G,12,SUBTEL public network point records; not unique towers and not geographic coverage percentage
14101,Valdivia,14,Los Ríos,2025-03,WOM,5G,6,SUBTEL public network point records; not unique towers and not geographic coverage percentage
14102,Corral,14,Los Ríos,2025-03,Claro,4G,2,SUBTEL public network point records; not unique towers and not geographic coverage percentage
14102,Corral,14,Los Ríos,2025-03,Entel,4G,9,SUBTEL public network point records; not unique towers and not geographic coverage percentage
14102,Corral,14,Los Ríos,2025-03,Movistar,4G,8,SUBTEL public network point records; not unique towers and not geographic coverage percentage
14102,Corral,14,Los Ríos,2025-03,WOM,4G,7,SUBTEL public network point records; not unique towers and not geographic coverage percentage
14102,Corral,14,Los Ríos,2025-03,Claro,5G,0,SUBTEL public network point records; not unique towers and not geographic coverage percentage
14102,Corral,14,Los Ríos,2025-03,Entel,5G,3,SUBTEL public network point records; not unique towers and not geographic coverage percentage
14102,Corral,14,Los Ríos,2025-03,Movistar,5G,6,SUBTEL public network point records; not unique towers and not geographic coverage percentage
14102,Corral,14,Los Ríos,2025-03,WOM,5G,3,SUBTEL public network point records; not unique towers and not geographic coverage percentage
14103,Lanco,14,Los Ríos,2025-03,Claro,4G,2,SUBTEL public network point records; not unique towers and not geographic coverage percentage
14103,Lanco,14,Los Ríos,2025-03,Entel,4G,16,SUBTEL public network point records; not unique towers and not geographic coverage percentage
14103,Lanco,14,Los Ríos,2025-03,Movistar,4G,4,SUBTEL public network point records; not unique towers and not geographic coverage percentage
14103,Lanco,14,Los Ríos,2025-03,WOM,4G,8,SUBTEL public network point records; not unique towers and not geographic coverage percentage
14103,Lanco,14,Los Ríos,2025-03,Claro,5G,0,SUBTEL public network point records; not unique towers and not geographic coverage percentage
14103,Lanco,14,Los Ríos,2025-03,Entel,5G,3,SUBTEL public network point records; not unique towers and not geographic coverage percentage
14103,Lanco,14,Los Ríos,2025-03,Movistar,5G,3,SUBTEL public network point records; not unique towers and not geographic coverage percentage
14103,Lanco,14,Los Ríos,2025-03,WOM,5G,2,SUBTEL public network point records; not unique towers and not geographic coverage percentage
14104,Los Lagos,14,Los Ríos,2025-03,Claro,4G,6,SUBTEL public network point records; not unique towers and not geographic coverage percentage
14104,Los Lagos,14,Los Ríos,2025-03,Entel,4G,18,SUBTEL public network point records; not unique towers and not geographic coverage percentage
14104,Los Lagos,14,Los Ríos,2025-03,Movistar,4G,6,SUBTEL public network point records; not unique towers and not geographic coverage percentage
14104,Los Lagos,14,Los Ríos,2025-03,WOM,4G,11,SUBTEL public network point records; not unique towers and not geographic coverage percentage
14104,Los Lagos,14,Los Ríos,2025-03,Claro,5G,0,SUBTEL public network point records; not unique towers and not geographic coverage percentage
14104,Los Lagos,14,Los Ríos,2025-03,Entel,5G,3,SUBTEL public network point records; not unique towers and not geographic coverage percentage
14104,Los Lagos,14,Los Ríos,2025-03,Movistar,5G,3,SUBTEL public network point records; not unique towers and not geographic coverage percentage
14104,Los Lagos,14,Los Ríos,2025-03,WOM,5G,4,SUBTEL public network point records; not unique towers and not geographic coverage percentage
14105,Máfil,14,Los Ríos,2025-03,Claro,4G,2,SUBTEL public network point records; not unique towers and not geographic coverage percentage
14105,Máfil,14,Los Ríos,2025-03,Entel,4G,8,SUBTEL public network point records; not unique towers and not geographic coverage percentage
14105,Máfil,14,Los Ríos,2025-03,Movistar,4G,3,SUBTEL public network point records; not unique towers and not geographic coverage percentage
14105,Máfil,14,Los Ríos,2025-03,WOM,4G,7,SUBTEL public network point records; not unique towers and not geographic coverage percentage
14105,Máfil,14,Los Ríos,2025-03,Claro,5G,0,SUBTEL public network point records; not unique towers and not geographic coverage percentage
14105,Máfil,14,Los Ríos,2025-03,Entel,5G,2,SUBTEL public network point records; not unique towers and not geographic coverage percentage
14105,Máfil,14,Los Ríos,2025-03,Movistar,5G,3,SUBTEL public network point records; not unique towers and not geographic coverage percentage
14105,Máfil,14,Los Ríos,2025-03,WOM,5G,2,SUBTEL public network point records; not unique towers and not geographic coverage percentage
14106,Mariquina,14,Los Ríos,2025-03,Claro,4G,7,SUBTEL public network point records; not unique towers and not geographic coverage percentage
14106,Mariquina,14,Los Ríos,2025-03,Entel,4G,13,SUBTEL public network point records; not unique towers and not geographic coverage percentage
14106,Mariquina,14,Los Ríos,2025-03,Movistar,4G,5,SUBTEL public network point records; not unique towers and not geographic coverage percentage
14106,Mariquina,14,Los Ríos,2025-03,WOM,4G,13,SUBTEL public network point records; not unique towers and not geographic coverage percentage
14106,Mariquina,14,Los Ríos,2025-03,Claro,5G,0,SUBTEL public network point records; not unique towers and not geographic coverage percentage
14106,Mariquina,14,Los Ríos,2025-03,Entel,5G,4,SUBTEL public network point records; not unique towers and not geographic coverage percentage
14106,Mariquina,14,Los Ríos,2025-03,Movistar,5G,4,SUBTEL public network point records; not unique towers and not geographic coverage percentage
14106,Mariquina,14,Los Ríos,2025-03,WOM,5G,4,SUBTEL public network point records; not unique towers and not geographic coverage percentage
14107,Paillaco,14,Los Ríos,2025-03,Claro,4G,2,SUBTEL public network point records; not unique towers and not geographic coverage percentage
14107,Paillaco,14,Los Ríos,2025-03,Entel,4G,10,SUBTEL public network point records; not unique towers and not geographic coverage percentage
14107,Paillaco,14,Los Ríos,2025-03,Movistar,4G,3,SUBTEL public network point records; not unique towers and not geographic coverage percentage
14107,Paillaco,14,Los Ríos,2025-03,WOM,4G,17,SUBTEL public network point records; not unique towers and not geographic coverage percentage
14107,Paillaco,14,Los Ríos,2025-03,Claro,5G,0,SUBTEL public network point records; not unique towers and not geographic coverage percentage
14107,Paillaco,14,Los Ríos,2025-03,Entel,5G,3,SUBTEL public network point records; not unique towers and not geographic coverage percentage
14107,Paillaco,14,Los Ríos,2025-03,Movistar,5G,3,SUBTEL public network point records; not unique towers and not geographic coverage percentage
14107,Paillaco,14,Los Ríos,2025-03,WOM,5G,3,SUBTEL public network point records; not unique towers and not geographic coverage percentage
14108,Panguipulli,14,Los Ríos,2025-03,Claro,4G,6,SUBTEL public network point records; not unique towers and not geographic coverage percentage
14108,Panguipulli,14,Los Ríos,2025-03,Entel,4G,40,SUBTEL public network point records; not unique towers and not geographic coverage percentage
14108,Panguipulli,14,Los Ríos,2025-03,Movistar,4G,10,SUBTEL public network point records; not unique towers and not geographic coverage percentage
14108,Panguipulli,14,Los Ríos,2025-03,WOM,4G,16,SUBTEL public network point records; not unique towers and not geographic coverage percentage
14108,Panguipulli,14,Los Ríos,2025-03,Claro,5G,0,SUBTEL public network point records; not unique towers and not geographic coverage percentage
14108,Panguipulli,14,Los Ríos,2025-03,Entel,5G,5,SUBTEL public network point records; not unique towers and not geographic coverage percentage
14108,Panguipulli,14,Los Ríos,2025-03,Movistar,5G,5,SUBTEL public network point records; not unique towers and not geographic coverage percentage
14108,Panguipulli,14,Los Ríos,2025-03,WOM,5G,2,SUBTEL public network point records; not unique towers and not geographic coverage percentage
14201,La Unión,14,Los Ríos,2025-03,Claro,4G,7,SUBTEL public network point records; not unique towers and not geographic coverage percentage
14201,La Unión,14,Los Ríos,2025-03,Entel,4G,18,SUBTEL public network point records; not unique towers and not geographic coverage percentage
14201,La Unión,14,Los Ríos,2025-03,Movistar,4G,9,SUBTEL public network point records; not unique towers and not geographic coverage percentage
14201,La Unión,14,Los Ríos,2025-03,WOM,4G,23,SUBTEL public network point records; not unique towers and not geographic coverage percentage
14201,La Unión,14,Los Ríos,2025-03,Claro,5G,0,SUBTEL public network point records; not unique towers and not geographic coverage percentage
14201,La Unión,14,Los Ríos,2025-03,Entel,5G,3,SUBTEL public network point records; not unique towers and not geographic coverage percentage
14201,La Unión,14,Los Ríos,2025-03,Movistar,5G,4,SUBTEL public network point records; not unique towers and not geographic coverage percentage
14201,La Unión,14,Los Ríos,2025-03,WOM,5G,4,SUBTEL public network point records; not unique towers and not geographic coverage percentage
14202,Futrono,14,Los Ríos,2025-03,Claro,4G,2,SUBTEL public network point records; not unique towers and not geographic coverage percentage
14202,Futrono,14,Los Ríos,2025-03,Entel,4G,14,SUBTEL public network point records; not unique towers and not geographic coverage percentage
14202,Futrono,14,Los Ríos,2025-03,Movistar,4G,4,SUBTEL public network point records; not unique towers and not geographic coverage percentage
14202,Futrono,14,Los Ríos,2025-03,WOM,4G,3,SUBTEL public network point records; not unique towers and not geographic coverage percentage
14202,Futrono,14,Los Ríos,2025-03,Claro,5G,0,SUBTEL public network point records; not unique towers and not geographic coverage percentage
14202,Futrono,14,Los Ríos,2025-03,Entel,5G,3,SUBTEL public network point records; not unique towers and not geographic coverage percentage
14202,Futrono,14,Los Ríos,2025-03,Movistar,5G,2,SUBTEL public network point records; not unique towers and not geographic coverage percentage
14202,Futrono,14,Los Ríos,2025-03,WOM,5G,2,SUBTEL public network point records; not unique towers and not geographic coverage percentage
14203,Lago Ranco,14,Los Ríos,2025-03,Claro,4G,5,SUBTEL public network point records; not unique towers and not geographic coverage percentage
14203,Lago Ranco,14,Los Ríos,2025-03,Entel,4G,12,SUBTEL public network point records; not unique towers and not geographic coverage percentage
14203,Lago Ranco,14,Los Ríos,2025-03,Movistar,4G,4,SUBTEL public network point records; not unique towers and not geographic coverage percentage
14203,Lago Ranco,14,Los Ríos,2025-03,WOM,4G,8,SUBTEL public network point records; not unique towers and not geographic coverage percentage
14203,Lago Ranco,14,Los Ríos,2025-03,Claro,5G,0,SUBTEL public network point records; not unique towers and not geographic coverage percentage
14203,Lago Ranco,14,Los Ríos,2025-03,Entel,5G,2,SUBTEL public network point records; not unique towers and not geographic coverage percentage
14203,Lago Ranco,14,Los Ríos,2025-03,Movistar,5G,2,SUBTEL public network point records; not unique towers and not geographic coverage percentage
14203,Lago Ranco,14,Los Ríos,2025-03,WOM,5G,2,SUBTEL public network point records; not unique towers and not geographic coverage percentage
14204,Río Bueno,14,Los Ríos,2025-03,Claro,4G,7,SUBTEL public network point records; not unique towers and not geographic coverage percentage
14204,Río Bueno,14,Los Ríos,2025-03,Entel,4G,27,SUBTEL public network point records; not unique towers and not geographic coverage percentage
14204,Río Bueno,14,Los Ríos,2025-03,Movistar,4G,7,SUBTEL public network point records; not unique towers and not geographic coverage percentage
14204,Río Bueno,14,Los Ríos,2025-03,WOM,4G,11,SUBTEL public network point records; not unique towers and not geographic coverage percentage
14204,Río Bueno,14,Los Ríos,2025-03,Claro,5G,0,SUBTEL public network point records; not unique towers and not geographic coverage percentage
14204,Río Bueno,14,Los Ríos,2025-03,Entel,5G,3,SUBTEL public network point records; not unique towers and not geographic coverage percentage
14204,Río Bueno,14,Los Ríos,2025-03,Movistar,5G,4,SUBTEL public network point records; not unique towers and not geographic coverage percentage
14204,Río Bueno,14,Los Ríos,2025-03,WOM,5G,2,SUBTEL public network point records; not unique towers and not geographic coverage percentage
15101,Arica,15,Arica y Parinacota,2025-03,Claro,4G,23,SUBTEL public network point records; not unique towers and not geographic coverage percentage
15101,Arica,15,Arica y Parinacota,2025-03,Entel,4G,96,SUBTEL public network point records; not unique towers and not geographic coverage percentage
15101,Arica,15,Arica y Parinacota,2025-03,Movistar,4G,48,SUBTEL public network point records; not unique towers and not geographic coverage percentage
15101,Arica,15,Arica y Parinacota,2025-03,WOM,4G,54,SUBTEL public network point records; not unique towers and not geographic coverage percentage
15101,Arica,15,Arica y Parinacota,2025-03,Claro,5G,0,SUBTEL public network point records; not unique towers and not geographic coverage percentage
15101,Arica,15,Arica y Parinacota,2025-03,Entel,5G,9,SUBTEL public network point records; not unique towers and not geographic coverage percentage
15101,Arica,15,Arica y Parinacota,2025-03,Movistar,5G,6,SUBTEL public network point records; not unique towers and not geographic coverage percentage
15101,Arica,15,Arica y Parinacota,2025-03,WOM,5G,13,SUBTEL public network point records; not unique towers and not geographic coverage percentage
15102,Camarones,15,Arica y Parinacota,2025-03,Claro,4G,1,SUBTEL public network point records; not unique towers and not geographic coverage percentage
15102,Camarones,15,Arica y Parinacota,2025-03,Entel,4G,2,SUBTEL public network point records; not unique towers and not geographic coverage percentage
15102,Camarones,15,Arica y Parinacota,2025-03,Movistar,4G,2,SUBTEL public network point records; not unique towers and not geographic coverage percentage
15102,Camarones,15,Arica y Parinacota,2025-03,WOM,4G,0,SUBTEL public network point records; not unique towers and not geographic coverage percentage
15102,Camarones,15,Arica y Parinacota,2025-03,Claro,5G,0,SUBTEL public network point records; not unique towers and not geographic coverage percentage
15102,Camarones,15,Arica y Parinacota,2025-03,Entel,5G,0,SUBTEL public network point records; not unique towers and not geographic coverage percentage
15102,Camarones,15,Arica y Parinacota,2025-03,Movistar,5G,2,SUBTEL public network point records; not unique towers and not geographic coverage percentage
15102,Camarones,15,Arica y Parinacota,2025-03,WOM,5G,0,SUBTEL public network point records; not unique towers and not geographic coverage percentage
15201,Putre,15,Arica y Parinacota,2025-03,Claro,4G,1,SUBTEL public network point records; not unique towers and not geographic coverage percentage
15201,Putre,15,Arica y Parinacota,2025-03,Entel,4G,1,SUBTEL public network point records; not unique towers and not geographic coverage percentage
15201,Putre,15,Arica y Parinacota,2025-03,Movistar,4G,2,SUBTEL public network point records; not unique towers and not geographic coverage percentage
15201,Putre,15,Arica y Parinacota,2025-03,WOM,4G,2,SUBTEL public network point records; not unique towers and not geographic coverage percentage
15201,Putre,15,Arica y Parinacota,2025-03,Claro,5G,0,SUBTEL public network point records; not unique towers and not geographic coverage percentage
15201,Putre,15,Arica y Parinacota,2025-03,Entel,5G,1,SUBTEL public network point records; not unique towers and not geographic coverage percentage
15201,Putre,15,Arica y Parinacota,2025-03,Movistar,5G,1,SUBTEL public network point records; not unique towers and not geographic coverage percentage
15201,Putre,15,Arica y Parinacota,2025-03,WOM,5G,0,SUBTEL public network point records; not unique towers and not geographic coverage percentage
15202,General Lagos,15,Arica y Parinacota,2025-03,Claro,4G,0,SUBTEL public network point records; not unique towers and not geographic coverage percentage
15202,General Lagos,15,Arica y Parinacota,2025-03,Entel,4G,0,SUBTEL public network point records; not unique towers and not geographic coverage percentage
15202,General Lagos,15,Arica y Parinacota,2025-03,Movistar,4G,0,SUBTEL public network point records; not unique towers and not geographic coverage percentage
15202,General Lagos,15,Arica y Parinacota,2025-03,WOM,4G,0,SUBTEL public network point records; not unique towers and not geographic coverage percentage
15202,General Lagos,15,Arica y Parinacota,2025-03,Claro,5G,0,SUBTEL public network point records; not unique towers and not geographic coverage percentage
15202,General Lagos,15,Arica y Parinacota,2025-03,Entel,5G,0,SUBTEL public network point records; not unique towers and not geographic coverage percentage
15202,General Lagos,15,Arica y Parinacota,2025-03,Movistar,5G,0,SUBTEL public network point records; not unique towers and not geographic coverage percentage
15202,General Lagos,15,Arica y Parinacota,2025-03,WOM,5G,0,SUBTEL public network point records; not unique towers and not geographic coverage percentage
16101,Chillán,16,Ñuble,2025-03,Claro,4G,22,SUBTEL public network point records; not unique towers and not geographic coverage percentage
16101,Chillán,16,Ñuble,2025-03,Entel,4G,69,SUBTEL public network point records; not unique towers and not geographic coverage percentage
16101,Chillán,16,Ñuble,2025-03,Movistar,4G,41,SUBTEL public network point records; not unique towers and not geographic coverage percentage
16101,Chillán,16,Ñuble,2025-03,WOM,4G,57,SUBTEL public network point records; not unique towers and not geographic coverage percentage
16101,Chillán,16,Ñuble,2025-03,Claro,5G,0,SUBTEL public network point records; not unique towers and not geographic coverage percentage
16101,Chillán,16,Ñuble,2025-03,Entel,5G,5,SUBTEL public network point records; not unique towers and not geographic coverage percentage
16101,Chillán,16,Ñuble,2025-03,Movistar,5G,5,SUBTEL public network point records; not unique towers and not geographic coverage percentage
16101,Chillán,16,Ñuble,2025-03,WOM,5G,7,SUBTEL public network point records; not unique towers and not geographic coverage percentage
16102,Bulnes,16,Ñuble,2025-03,Claro,4G,2,SUBTEL public network point records; not unique towers and not geographic coverage percentage
16102,Bulnes,16,Ñuble,2025-03,Entel,4G,17,SUBTEL public network point records; not unique towers and not geographic coverage percentage
16102,Bulnes,16,Ñuble,2025-03,Movistar,4G,4,SUBTEL public network point records; not unique towers and not geographic coverage percentage
16102,Bulnes,16,Ñuble,2025-03,WOM,4G,9,SUBTEL public network point records; not unique towers and not geographic coverage percentage
16102,Bulnes,16,Ñuble,2025-03,Claro,5G,0,SUBTEL public network point records; not unique towers and not geographic coverage percentage
16102,Bulnes,16,Ñuble,2025-03,Entel,5G,3,SUBTEL public network point records; not unique towers and not geographic coverage percentage
16102,Bulnes,16,Ñuble,2025-03,Movistar,5G,3,SUBTEL public network point records; not unique towers and not geographic coverage percentage
16102,Bulnes,16,Ñuble,2025-03,WOM,5G,0,SUBTEL public network point records; not unique towers and not geographic coverage percentage
16103,Chillán Viejo,16,Ñuble,2025-03,Claro,4G,4,SUBTEL public network point records; not unique towers and not geographic coverage percentage
16103,Chillán Viejo,16,Ñuble,2025-03,Entel,4G,15,SUBTEL public network point records; not unique towers and not geographic coverage percentage
16103,Chillán Viejo,16,Ñuble,2025-03,Movistar,4G,5,SUBTEL public network point records; not unique towers and not geographic coverage percentage
16103,Chillán Viejo,16,Ñuble,2025-03,WOM,4G,6,SUBTEL public network point records; not unique towers and not geographic coverage percentage
16103,Chillán Viejo,16,Ñuble,2025-03,Claro,5G,0,SUBTEL public network point records; not unique towers and not geographic coverage percentage
16103,Chillán Viejo,16,Ñuble,2025-03,Entel,5G,3,SUBTEL public network point records; not unique towers and not geographic coverage percentage
16103,Chillán Viejo,16,Ñuble,2025-03,Movistar,5G,2,SUBTEL public network point records; not unique towers and not geographic coverage percentage
16103,Chillán Viejo,16,Ñuble,2025-03,WOM,5G,0,SUBTEL public network point records; not unique towers and not geographic coverage percentage
16104,El Carmen,16,Ñuble,2025-03,Claro,4G,3,SUBTEL public network point records; not unique towers and not geographic coverage percentage
16104,El Carmen,16,Ñuble,2025-03,Entel,4G,12,SUBTEL public network point records; not unique towers and not geographic coverage percentage
16104,El Carmen,16,Ñuble,2025-03,Movistar,4G,3,SUBTEL public network point records; not unique towers and not geographic coverage percentage
16104,El Carmen,16,Ñuble,2025-03,WOM,4G,13,SUBTEL public network point records; not unique towers and not geographic coverage percentage
16104,El Carmen,16,Ñuble,2025-03,Claro,5G,0,SUBTEL public network point records; not unique towers and not geographic coverage percentage
16104,El Carmen,16,Ñuble,2025-03,Entel,5G,2,SUBTEL public network point records; not unique towers and not geographic coverage percentage
16104,El Carmen,16,Ñuble,2025-03,Movistar,5G,2,SUBTEL public network point records; not unique towers and not geographic coverage percentage
16104,El Carmen,16,Ñuble,2025-03,WOM,5G,1,SUBTEL public network point records; not unique towers and not geographic coverage percentage
16105,Pemuco,16,Ñuble,2025-03,Claro,4G,4,SUBTEL public network point records; not unique towers and not geographic coverage percentage
16105,Pemuco,16,Ñuble,2025-03,Entel,4G,8,SUBTEL public network point records; not unique towers and not geographic coverage percentage
16105,Pemuco,16,Ñuble,2025-03,Movistar,4G,4,SUBTEL public network point records; not unique towers and not geographic coverage percentage
16105,Pemuco,16,Ñuble,2025-03,WOM,4G,8,SUBTEL public network point records; not unique towers and not geographic coverage percentage
16105,Pemuco,16,Ñuble,2025-03,Claro,5G,0,SUBTEL public network point records; not unique towers and not geographic coverage percentage
16105,Pemuco,16,Ñuble,2025-03,Entel,5G,2,SUBTEL public network point records; not unique towers and not geographic coverage percentage
16105,Pemuco,16,Ñuble,2025-03,Movistar,5G,3,SUBTEL public network point records; not unique towers and not geographic coverage percentage
16105,Pemuco,16,Ñuble,2025-03,WOM,5G,3,SUBTEL public network point records; not unique towers and not geographic coverage percentage
16106,Pinto,16,Ñuble,2025-03,Claro,4G,4,SUBTEL public network point records; not unique towers and not geographic coverage percentage
16106,Pinto,16,Ñuble,2025-03,Entel,4G,18,SUBTEL public network point records; not unique towers and not geographic coverage percentage
16106,Pinto,16,Ñuble,2025-03,Movistar,4G,7,SUBTEL public network point records; not unique towers and not geographic coverage percentage
16106,Pinto,16,Ñuble,2025-03,WOM,4G,7,SUBTEL public network point records; not unique towers and not geographic coverage percentage
16106,Pinto,16,Ñuble,2025-03,Claro,5G,0,SUBTEL public network point records; not unique towers and not geographic coverage percentage
16106,Pinto,16,Ñuble,2025-03,Entel,5G,3,SUBTEL public network point records; not unique towers and not geographic coverage percentage
16106,Pinto,16,Ñuble,2025-03,Movistar,5G,4,SUBTEL public network point records; not unique towers and not geographic coverage percentage
16106,Pinto,16,Ñuble,2025-03,WOM,5G,2,SUBTEL public network point records; not unique towers and not geographic coverage percentage
16107,Quillón,16,Ñuble,2025-03,Claro,4G,3,SUBTEL public network point records; not unique towers and not geographic coverage percentage
16107,Quillón,16,Ñuble,2025-03,Entel,4G,13,SUBTEL public network point records; not unique towers and not geographic coverage percentage
16107,Quillón,16,Ñuble,2025-03,Movistar,4G,8,SUBTEL public network point records; not unique towers and not geographic coverage percentage
16107,Quillón,16,Ñuble,2025-03,WOM,4G,9,SUBTEL public network point records; not unique towers and not geographic coverage percentage
16107,Quillón,16,Ñuble,2025-03,Claro,5G,0,SUBTEL public network point records; not unique towers and not geographic coverage percentage
16107,Quillón,16,Ñuble,2025-03,Entel,5G,3,SUBTEL public network point records; not unique towers and not geographic coverage percentage
16107,Quillón,16,Ñuble,2025-03,Movistar,5G,4,SUBTEL public network point records; not unique towers and not geographic coverage percentage
16107,Quillón,16,Ñuble,2025-03,WOM,5G,4,SUBTEL public network point records; not unique towers and not geographic coverage percentage
16108,San Ignacio,16,Ñuble,2025-03,Claro,4G,1,SUBTEL public network point records; not unique towers and not geographic coverage percentage
16108,San Ignacio,16,Ñuble,2025-03,Entel,4G,14,SUBTEL public network point records; not unique towers and not geographic coverage percentage
16108,San Ignacio,16,Ñuble,2025-03,Movistar,4G,5,SUBTEL public network point records; not unique towers and not geographic coverage percentage
16108,San Ignacio,16,Ñuble,2025-03,WOM,4G,4,SUBTEL public network point records; not unique towers and not geographic coverage percentage
16108,San Ignacio,16,Ñuble,2025-03,Claro,5G,0,SUBTEL public network point records; not unique towers and not geographic coverage percentage
16108,San Ignacio,16,Ñuble,2025-03,Entel,5G,3,SUBTEL public network point records; not unique towers and not geographic coverage percentage
16108,San Ignacio,16,Ñuble,2025-03,Movistar,5G,3,SUBTEL public network point records; not unique towers and not geographic coverage percentage
16108,San Ignacio,16,Ñuble,2025-03,WOM,5G,3,SUBTEL public network point records; not unique towers and not geographic coverage percentage
16109,Yungay,16,Ñuble,2025-03,Claro,4G,4,SUBTEL public network point records; not unique towers and not geographic coverage percentage
16109,Yungay,16,Ñuble,2025-03,Entel,4G,13,SUBTEL public network point records; not unique towers and not geographic coverage percentage
16109,Yungay,16,Ñuble,2025-03,Movistar,4G,5,SUBTEL public network point records; not unique towers and not geographic coverage percentage
16109,Yungay,16,Ñuble,2025-03,WOM,4G,15,SUBTEL public network point records; not unique towers and not geographic coverage percentage
16109,Yungay,16,Ñuble,2025-03,Claro,5G,0,SUBTEL public network point records; not unique towers and not geographic coverage percentage
16109,Yungay,16,Ñuble,2025-03,Entel,5G,3,SUBTEL public network point records; not unique towers and not geographic coverage percentage
16109,Yungay,16,Ñuble,2025-03,Movistar,5G,3,SUBTEL public network point records; not unique towers and not geographic coverage percentage
16109,Yungay,16,Ñuble,2025-03,WOM,5G,4,SUBTEL public network point records; not unique towers and not geographic coverage percentage
16201,Quirihue,16,Ñuble,2025-03,Claro,4G,2,SUBTEL public network point records; not unique towers and not geographic coverage percentage
16201,Quirihue,16,Ñuble,2025-03,Entel,4G,7,SUBTEL public network point records; not unique towers and not geographic coverage percentage
16201,Quirihue,16,Ñuble,2025-03,Movistar,4G,6,SUBTEL public network point records; not unique towers and not geographic coverage percentage
16201,Quirihue,16,Ñuble,2025-03,WOM,4G,7,SUBTEL public network point records; not unique towers and not geographic coverage percentage
16201,Quirihue,16,Ñuble,2025-03,Claro,5G,0,SUBTEL public network point records; not unique towers and not geographic coverage percentage
16201,Quirihue,16,Ñuble,2025-03,Entel,5G,3,SUBTEL public network point records; not unique towers and not geographic coverage percentage
16201,Quirihue,16,Ñuble,2025-03,Movistar,5G,4,SUBTEL public network point records; not unique towers and not geographic coverage percentage
16201,Quirihue,16,Ñuble,2025-03,WOM,5G,4,SUBTEL public network point records; not unique towers and not geographic coverage percentage
16202,Cobquecura,16,Ñuble,2025-03,Claro,4G,3,SUBTEL public network point records; not unique towers and not geographic coverage percentage
16202,Cobquecura,16,Ñuble,2025-03,Entel,4G,11,SUBTEL public network point records; not unique towers and not geographic coverage percentage
16202,Cobquecura,16,Ñuble,2025-03,Movistar,4G,4,SUBTEL public network point records; not unique towers and not geographic coverage percentage
16202,Cobquecura,16,Ñuble,2025-03,WOM,4G,7,SUBTEL public network point records; not unique towers and not geographic coverage percentage
16202,Cobquecura,16,Ñuble,2025-03,Claro,5G,0,SUBTEL public network point records; not unique towers and not geographic coverage percentage
16202,Cobquecura,16,Ñuble,2025-03,Entel,5G,4,SUBTEL public network point records; not unique towers and not geographic coverage percentage
16202,Cobquecura,16,Ñuble,2025-03,Movistar,5G,4,SUBTEL public network point records; not unique towers and not geographic coverage percentage
16202,Cobquecura,16,Ñuble,2025-03,WOM,5G,5,SUBTEL public network point records; not unique towers and not geographic coverage percentage
16203,Coelemu,16,Ñuble,2025-03,Claro,4G,4,SUBTEL public network point records; not unique towers and not geographic coverage percentage
16203,Coelemu,16,Ñuble,2025-03,Entel,4G,15,SUBTEL public network point records; not unique towers and not geographic coverage percentage
16203,Coelemu,16,Ñuble,2025-03,Movistar,4G,7,SUBTEL public network point records; not unique towers and not geographic coverage percentage
16203,Coelemu,16,Ñuble,2025-03,WOM,4G,11,SUBTEL public network point records; not unique towers and not geographic coverage percentage
16203,Coelemu,16,Ñuble,2025-03,Claro,5G,0,SUBTEL public network point records; not unique towers and not geographic coverage percentage
16203,Coelemu,16,Ñuble,2025-03,Entel,5G,4,SUBTEL public network point records; not unique towers and not geographic coverage percentage
16203,Coelemu,16,Ñuble,2025-03,Movistar,5G,4,SUBTEL public network point records; not unique towers and not geographic coverage percentage
16203,Coelemu,16,Ñuble,2025-03,WOM,5G,5,SUBTEL public network point records; not unique towers and not geographic coverage percentage
16204,Ninhue,16,Ñuble,2025-03,Claro,4G,2,SUBTEL public network point records; not unique towers and not geographic coverage percentage
16204,Ninhue,16,Ñuble,2025-03,Entel,4G,5,SUBTEL public network point records; not unique towers and not geographic coverage percentage
16204,Ninhue,16,Ñuble,2025-03,Movistar,4G,4,SUBTEL public network point records; not unique towers and not geographic coverage percentage
16204,Ninhue,16,Ñuble,2025-03,WOM,4G,4,SUBTEL public network point records; not unique towers and not geographic coverage percentage
16204,Ninhue,16,Ñuble,2025-03,Claro,5G,0,SUBTEL public network point records; not unique towers and not geographic coverage percentage
16204,Ninhue,16,Ñuble,2025-03,Entel,5G,3,SUBTEL public network point records; not unique towers and not geographic coverage percentage
16204,Ninhue,16,Ñuble,2025-03,Movistar,5G,3,SUBTEL public network point records; not unique towers and not geographic coverage percentage
16204,Ninhue,16,Ñuble,2025-03,WOM,5G,1,SUBTEL public network point records; not unique towers and not geographic coverage percentage
16205,Portezuelo,16,Ñuble,2025-03,Claro,4G,1,SUBTEL public network point records; not unique towers and not geographic coverage percentage
16205,Portezuelo,16,Ñuble,2025-03,Entel,4G,2,SUBTEL public network point records; not unique towers and not geographic coverage percentage
16205,Portezuelo,16,Ñuble,2025-03,Movistar,4G,2,SUBTEL public network point records; not unique towers and not geographic coverage percentage
16205,Portezuelo,16,Ñuble,2025-03,WOM,4G,4,SUBTEL public network point records; not unique towers and not geographic coverage percentage
16205,Portezuelo,16,Ñuble,2025-03,Claro,5G,0,SUBTEL public network point records; not unique towers and not geographic coverage percentage
16205,Portezuelo,16,Ñuble,2025-03,Entel,5G,1,SUBTEL public network point records; not unique towers and not geographic coverage percentage
16205,Portezuelo,16,Ñuble,2025-03,Movistar,5G,2,SUBTEL public network point records; not unique towers and not geographic coverage percentage
16205,Portezuelo,16,Ñuble,2025-03,WOM,5G,1,SUBTEL public network point records; not unique towers and not geographic coverage percentage
16206,Ránquil,16,Ñuble,2025-03,Claro,4G,3,SUBTEL public network point records; not unique towers and not geographic coverage percentage
16206,Ránquil,16,Ñuble,2025-03,Entel,4G,5,SUBTEL public network point records; not unique towers and not geographic coverage percentage
16206,Ránquil,16,Ñuble,2025-03,Movistar,4G,4,SUBTEL public network point records; not unique towers and not geographic coverage percentage
16206,Ránquil,16,Ñuble,2025-03,WOM,4G,3,SUBTEL public network point records; not unique towers and not geographic coverage percentage
16206,Ránquil,16,Ñuble,2025-03,Claro,5G,0,SUBTEL public network point records; not unique towers and not geographic coverage percentage
16206,Ránquil,16,Ñuble,2025-03,Entel,5G,1,SUBTEL public network point records; not unique towers and not geographic coverage percentage
16206,Ránquil,16,Ñuble,2025-03,Movistar,5G,3,SUBTEL public network point records; not unique towers and not geographic coverage percentage
16206,Ránquil,16,Ñuble,2025-03,WOM,5G,1,SUBTEL public network point records; not unique towers and not geographic coverage percentage
16207,Trehuaco,16,Ñuble,2025-03,Claro,4G,3,SUBTEL public network point records; not unique towers and not geographic coverage percentage
16207,Trehuaco,16,Ñuble,2025-03,Entel,4G,8,SUBTEL public network point records; not unique towers and not geographic coverage percentage
16207,Trehuaco,16,Ñuble,2025-03,Movistar,4G,4,SUBTEL public network point records; not unique towers and not geographic coverage percentage
16207,Trehuaco,16,Ñuble,2025-03,WOM,4G,3,SUBTEL public network point records; not unique towers and not geographic coverage percentage
16207,Trehuaco,16,Ñuble,2025-03,Claro,5G,0,SUBTEL public network point records; not unique towers and not geographic coverage percentage
16207,Trehuaco,16,Ñuble,2025-03,Entel,5G,2,SUBTEL public network point records; not unique towers and not geographic coverage percentage
16207,Trehuaco,16,Ñuble,2025-03,Movistar,5G,4,SUBTEL public network point records; not unique towers and not geographic coverage percentage
16207,Trehuaco,16,Ñuble,2025-03,WOM,5G,1,SUBTEL public network point records; not unique towers and not geographic coverage percentage
16301,San Carlos,16,Ñuble,2025-03,Claro,4G,4,SUBTEL public network point records; not unique towers and not geographic coverage percentage
16301,San Carlos,16,Ñuble,2025-03,Entel,4G,31,SUBTEL public network point records; not unique towers and not geographic coverage percentage
16301,San Carlos,16,Ñuble,2025-03,Movistar,4G,8,SUBTEL public network point records; not unique towers and not geographic coverage percentage
16301,San Carlos,16,Ñuble,2025-03,WOM,4G,20,SUBTEL public network point records; not unique towers and not geographic coverage percentage
16301,San Carlos,16,Ñuble,2025-03,Claro,5G,0,SUBTEL public network point records; not unique towers and not geographic coverage percentage
16301,San Carlos,16,Ñuble,2025-03,Entel,5G,3,SUBTEL public network point records; not unique towers and not geographic coverage percentage
16301,San Carlos,16,Ñuble,2025-03,Movistar,5G,3,SUBTEL public network point records; not unique towers and not geographic coverage percentage
16301,San Carlos,16,Ñuble,2025-03,WOM,5G,0,SUBTEL public network point records; not unique towers and not geographic coverage percentage
16302,Coihueco,16,Ñuble,2025-03,Claro,4G,4,SUBTEL public network point records; not unique towers and not geographic coverage percentage
16302,Coihueco,16,Ñuble,2025-03,Entel,4G,14,SUBTEL public network point records; not unique towers and not geographic coverage percentage
16302,Coihueco,16,Ñuble,2025-03,Movistar,4G,6,SUBTEL public network point records; not unique towers and not geographic coverage percentage
16302,Coihueco,16,Ñuble,2025-03,WOM,4G,6,SUBTEL public network point records; not unique towers and not geographic coverage percentage
16302,Coihueco,16,Ñuble,2025-03,Claro,5G,0,SUBTEL public network point records; not unique towers and not geographic coverage percentage
16302,Coihueco,16,Ñuble,2025-03,Entel,5G,2,SUBTEL public network point records; not unique towers and not geographic coverage percentage
16302,Coihueco,16,Ñuble,2025-03,Movistar,5G,1,SUBTEL public network point records; not unique towers and not geographic coverage percentage
16302,Coihueco,16,Ñuble,2025-03,WOM,5G,1,SUBTEL public network point records; not unique towers and not geographic coverage percentage
16303,Ñiquén,16,Ñuble,2025-03,Claro,4G,4,SUBTEL public network point records; not unique towers and not geographic coverage percentage
16303,Ñiquén,16,Ñuble,2025-03,Entel,4G,11,SUBTEL public network point records; not unique towers and not geographic coverage percentage
16303,Ñiquén,16,Ñuble,2025-03,Movistar,4G,3,SUBTEL public network point records; not unique towers and not geographic coverage percentage
16303,Ñiquén,16,Ñuble,2025-03,WOM,4G,5,SUBTEL public network point records; not unique towers and not geographic coverage percentage
16303,Ñiquén,16,Ñuble,2025-03,Claro,5G,0,SUBTEL public network point records; not unique towers and not geographic coverage percentage
16303,Ñiquén,16,Ñuble,2025-03,Entel,5G,2,SUBTEL public network point records; not unique towers and not geographic coverage percentage
16303,Ñiquén,16,Ñuble,2025-03,Movistar,5G,2,SUBTEL public network point records; not unique towers and not geographic coverage percentage
16303,Ñiquén,16,Ñuble,2025-03,WOM,5G,1,SUBTEL public network point records; not unique towers and not geographic coverage percentage
16304,San Fabián,16,Ñuble,2025-03,Claro,4G,2,SUBTEL public network point records; not unique towers and not geographic coverage percentage
16304,San Fabián,16,Ñuble,2025-03,Entel,4G,2,SUBTEL public network point records; not unique towers and not geographic coverage percentage
16304,San Fabián,16,Ñuble,2025-03,Movistar,4G,4,SUBTEL public network point records; not unique towers and not geographic coverage percentage
16304,San Fabián,16,Ñuble,2025-03,WOM,4G,3,SUBTEL public network point records; not unique towers and not geographic coverage percentage
16304,San Fabián,16,Ñuble,2025-03,Claro,5G,0,SUBTEL public network point records; not unique towers and not geographic coverage percentage
16304,San Fabián,16,Ñuble,2025-03,Entel,5G,2,SUBTEL public network point records; not unique towers and not geographic coverage percentage
16304,San Fabián,16,Ñuble,2025-03,Movistar,5G,2,SUBTEL public network point records; not unique towers and not geographic coverage percentage
16304,San Fabián,16,Ñuble,2025-03,WOM,5G,1,SUBTEL public network point records; not unique towers and not geographic coverage percentage
16305,San Nicolás,16,Ñuble,2025-03,Claro,4G,3,SUBTEL public network point records; not unique towers and not geographic coverage percentage
16305,San Nicolás,16,Ñuble,2025-03,Entel,4G,5,SUBTEL public network point records; not unique towers and not geographic coverage percentage
16305,San Nicolás,16,Ñuble,2025-03,Movistar,4G,2,SUBTEL public network point records; not unique towers and not geographic coverage percentage
16305,San Nicolás,16,Ñuble,2025-03,WOM,4G,7,SUBTEL public network point records; not unique towers and not geographic coverage percentage
16305,San Nicolás,16,Ñuble,2025-03,Claro,5G,0,SUBTEL public network point records; not unique towers and not geographic coverage percentage
16305,San Nicolás,16,Ñuble,2025-03,Entel,5G,2,SUBTEL public network point records; not unique towers and not geographic coverage percentage
16305,San Nicolás,16,Ñuble,2025-03,Movistar,5G,2,SUBTEL public network point records; not unique towers and not geographic coverage percentage
16305,San Nicolás,16,Ñuble,2025-03,WOM,5G,3,SUBTEL public network point records; not unique towers and not geographic coverage percentage
