period,year,month,operator,operator_source_label,connections,total_market,share_pct,source_sheet,source_row
2009-12,2009,12,Movistar,Movistar,262770,638787,41.135778,8.3.CO_EMP_TEC_MOVIL,9
2009-12,2009,12,Grupo Claro-VTR,Grupo Claro-VTR,130696,638787,20.460028,8.3.CO_EMP_TEC_MOVIL,9
2009-12,2009,12,Entel,Entel PCS,245321,638787,38.404194,8.3.CO_EMP_TEC_MOVIL,9
2010-01,2010,1,Movistar,Movistar,337122,729958,46.183753,8.3.CO_EMP_TEC_MOVIL,10
2010-01,2010,1,Grupo Claro-VTR,Grupo Claro-VTR,129017,729958,17.674579,8.3.CO_EMP_TEC_MOVIL,10
2010-01,2010,1,Entel,Entel PCS,263819,729958,36.141668,8.3.CO_EMP_TEC_MOVIL,10
2010-02,2010,2,Movistar,Movistar,352516,780957,45.138977,8.3.CO_EMP_TEC_MOVIL,11
2010-02,2010,2,Grupo Claro-VTR,Grupo Claro-VTR,138727,780957,17.763718,8.3.CO_EMP_TEC_MOVIL,11
2010-02,2010,2,Entel,Entel PCS,289714,780957,37.097305,8.3.CO_EMP_TEC_MOVIL,11
2010-03,2010,3,Movistar,Movistar,369838,860017,43.003569,8.3.CO_EMP_TEC_MOVIL,12
2010-03,2010,3,Grupo Claro-VTR,Grupo Claro-VTR,158570,860017,18.438008,8.3.CO_EMP_TEC_MOVIL,12
2010-03,2010,3,Entel,Entel PCS,331609,860017,38.558424,8.3.CO_EMP_TEC_MOVIL,12
2010-04,2010,4,Movistar,Movistar,390359,964118,40.488716,8.3.CO_EMP_TEC_MOVIL,13
2010-04,2010,4,Grupo Claro-VTR,Grupo Claro-VTR,179813,964118,18.650518,8.3.CO_EMP_TEC_MOVIL,13
2010-04,2010,4,Entel,Entel PCS,393946,964118,40.860766,8.3.CO_EMP_TEC_MOVIL,13
2010-05,2010,5,Movistar,Movistar,380872,1015940,37.489616,8.3.CO_EMP_TEC_MOVIL,14
2010-05,2010,5,Grupo Claro-VTR,Grupo Claro-VTR,195030,1015940,19.197,8.3.CO_EMP_TEC_MOVIL,14
2010-05,2010,5,Entel,Entel PCS,440038,1015940,43.313385,8.3.CO_EMP_TEC_MOVIL,14
2010-06,2010,6,Movistar,Movistar,394412,1053617,37.434096,8.3.CO_EMP_TEC_MOVIL,15
2010-06,2010,6,Grupo Claro-VTR,Grupo Claro-VTR,212768,1053617,20.194055,8.3.CO_EMP_TEC_MOVIL,15
2010-06,2010,6,Entel,Entel PCS,446437,1053617,42.371849,8.3.CO_EMP_TEC_MOVIL,15
2010-07,2010,7,Movistar,Movistar,417906,1091122,38.300575,8.3.CO_EMP_TEC_MOVIL,16
2010-07,2010,7,Grupo Claro-VTR,Grupo Claro-VTR,213863,1091122,19.600283,8.3.CO_EMP_TEC_MOVIL,16
2010-07,2010,7,Entel,Entel PCS,459353,1091122,42.099142,8.3.CO_EMP_TEC_MOVIL,16
2010-08,2010,8,Movistar,Movistar,436062,1133410,38.473456,8.3.CO_EMP_TEC_MOVIL,17
2010-08,2010,8,Grupo Claro-VTR,Grupo Claro-VTR,228678,1133410,20.176106,8.3.CO_EMP_TEC_MOVIL,17
2010-08,2010,8,Entel,Entel PCS,468670,1133410,41.350438,8.3.CO_EMP_TEC_MOVIL,17
2010-09,2010,9,Movistar,Movistar,455829,1184896,38.469959,8.3.CO_EMP_TEC_MOVIL,18
2010-09,2010,9,Grupo Claro-VTR,Grupo Claro-VTR,233018,1184896,19.665692,8.3.CO_EMP_TEC_MOVIL,18
2010-09,2010,9,Entel,Entel PCS,496049,1184896,41.864349,8.3.CO_EMP_TEC_MOVIL,18
2010-10,2010,10,Movistar,Movistar,481172,1265877,38.01096,8.3.CO_EMP_TEC_MOVIL,19
2010-10,2010,10,Grupo Claro-VTR,Grupo Claro-VTR,250851,1265877,19.81638,8.3.CO_EMP_TEC_MOVIL,19
2010-10,2010,10,Entel,Entel PCS,533854,1265877,42.17266,8.3.CO_EMP_TEC_MOVIL,19
2010-11,2010,11,Movistar,Movistar,508196,1331159,38.176957,8.3.CO_EMP_TEC_MOVIL,20
2010-11,2010,11,Grupo Claro-VTR,Grupo Claro-VTR,258662,1331159,19.431338,8.3.CO_EMP_TEC_MOVIL,20
2010-11,2010,11,Entel,Entel PCS,564301,1331159,42.391705,8.3.CO_EMP_TEC_MOVIL,20
2010-12,2010,12,Movistar,Movistar,550694,1445675,38.092517,8.3.CO_EMP_TEC_MOVIL,21
2010-12,2010,12,Grupo Claro-VTR,Grupo Claro-VTR,275809,1445675,19.078216,8.3.CO_EMP_TEC_MOVIL,21
2010-12,2010,12,Entel,Entel PCS,619172,1445675,42.829267,8.3.CO_EMP_TEC_MOVIL,21
2011-01,2011,1,Movistar,Movistar,841439,1780975,47.245975,8.3.CO_EMP_TEC_MOVIL,22
2011-01,2011,1,Grupo Claro-VTR,Grupo Claro-VTR,280238,1780975,15.735089,8.3.CO_EMP_TEC_MOVIL,22
2011-01,2011,1,Entel,Entel PCS,659298,1780975,37.018936,8.3.CO_EMP_TEC_MOVIL,22
2011-02,2011,2,Movistar,Movistar,829664,1780671,46.592773,8.3.CO_EMP_TEC_MOVIL,23
2011-02,2011,2,Grupo Claro-VTR,Grupo Claro-VTR,255107,1780671,14.326453,8.3.CO_EMP_TEC_MOVIL,23
2011-02,2011,2,Entel,Entel PCS,695900,1780671,39.080773,8.3.CO_EMP_TEC_MOVIL,23
2011-03,2011,3,Movistar,Movistar,832481,1918215,43.398733,8.3.CO_EMP_TEC_MOVIL,24
2011-03,2011,3,Grupo Claro-VTR,Grupo Claro-VTR,347047,1918215,18.092185,8.3.CO_EMP_TEC_MOVIL,24
2011-03,2011,3,Entel,Entel PCS,738687,1918215,38.509083,8.3.CO_EMP_TEC_MOVIL,24
2011-04,2011,4,Movistar,Movistar,827411,2019619,40.968668,8.3.CO_EMP_TEC_MOVIL,25
2011-04,2011,4,Grupo Claro-VTR,Grupo Claro-VTR,367813,2019619,18.211999,8.3.CO_EMP_TEC_MOVIL,25
2011-04,2011,4,Entel,Entel PCS,824395,2019619,40.819333,8.3.CO_EMP_TEC_MOVIL,25
2011-05,2011,5,Movistar,Movistar,890497,2111901,42.16566,8.3.CO_EMP_TEC_MOVIL,26
2011-05,2011,5,Grupo Claro-VTR,Grupo Claro-VTR,325579,2111901,15.416395,8.3.CO_EMP_TEC_MOVIL,26
2011-05,2011,5,Entel,Entel PCS,895825,2111901,42.417945,8.3.CO_EMP_TEC_MOVIL,26
2011-06,2011,6,Movistar,Movistar,988883,2241188,44.123161,8.3.CO_EMP_TEC_MOVIL,27
2011-06,2011,6,Grupo Claro-VTR,Grupo Claro-VTR,316465,2241188,14.120413,8.3.CO_EMP_TEC_MOVIL,27
2011-06,2011,6,Entel,Entel PCS,935840,2241188,41.756426,8.3.CO_EMP_TEC_MOVIL,27
2011-07,2011,7,Movistar,Movistar,1024601,2444064,41.92202,8.3.CO_EMP_TEC_MOVIL,28
2011-07,2011,7,Grupo Claro-VTR,Grupo Claro-VTR,446910,2444064,18.285528,8.3.CO_EMP_TEC_MOVIL,28
2011-07,2011,7,Entel,Entel PCS,972553,2444064,39.792452,8.3.CO_EMP_TEC_MOVIL,28
2011-08,2011,8,Movistar,Movistar,1105877,2596941,42.583832,8.3.CO_EMP_TEC_MOVIL,29
2011-08,2011,8,Grupo Claro-VTR,Grupo Claro-VTR,480553,2596941,18.504579,8.3.CO_EMP_TEC_MOVIL,29
2011-08,2011,8,Entel,Entel PCS,1010511,2596941,38.911589,8.3.CO_EMP_TEC_MOVIL,29
2011-09,2011,9,Movistar,Movistar,1145118,2679630,42.734183,8.3.CO_EMP_TEC_MOVIL,30
2011-09,2011,9,Grupo Claro-VTR,Grupo Claro-VTR,506128,2679630,18.887981,8.3.CO_EMP_TEC_MOVIL,30
2011-09,2011,9,Entel,Entel PCS,1028384,2679630,38.377836,8.3.CO_EMP_TEC_MOVIL,30
2011-10,2011,10,Movistar,Movistar,1189614,2764399,43.033368,8.3.CO_EMP_TEC_MOVIL,31
2011-10,2011,10,Grupo Claro-VTR,Grupo Claro-VTR,456940,2764399,16.529452,8.3.CO_EMP_TEC_MOVIL,31
2011-10,2011,10,Entel,Entel PCS,1117845,2764399,40.43718,8.3.CO_EMP_TEC_MOVIL,31
2011-11,2011,11,Movistar,Movistar,1172774,2744786,42.727338,8.3.CO_EMP_TEC_MOVIL,32
2011-11,2011,11,Grupo Claro-VTR,Grupo Claro-VTR,447214,2744786,16.293219,8.3.CO_EMP_TEC_MOVIL,32
2011-11,2011,11,Entel,Entel PCS,1124798,2744786,40.979442,8.3.CO_EMP_TEC_MOVIL,32
2011-12,2011,12,Movistar,Movistar,1266875,3154995,40.15458,8.3.CO_EMP_TEC_MOVIL,33
2011-12,2011,12,Grupo Claro-VTR,Grupo Claro-VTR,693521,3154995,21.981683,8.3.CO_EMP_TEC_MOVIL,33
2011-12,2011,12,Entel,Entel PCS,1194599,3154995,37.863737,8.3.CO_EMP_TEC_MOVIL,33
2012-01,2012,1,Movistar,Movistar,1279083,3274151,39.066097,8.3.CO_EMP_TEC_MOVIL,34
2012-01,2012,1,Grupo Claro-VTR,Grupo Claro-VTR,581004,3274151,17.74518,8.3.CO_EMP_TEC_MOVIL,34
2012-01,2012,1,Entel,Entel PCS,1413690,3274151,43.1773,8.3.CO_EMP_TEC_MOVIL,34
2012-01,2012,1,GTD Móvil,GTD Móvil,374,3274151,0.011423,8.3.CO_EMP_TEC_MOVIL,34
2012-02,2012,2,Movistar,Movistar,1295653,3353946,38.630705,8.3.CO_EMP_TEC_MOVIL,35
2012-02,2012,2,Grupo Claro-VTR,Grupo Claro-VTR,607664,3353946,18.117883,8.3.CO_EMP_TEC_MOVIL,35
2012-02,2012,2,Entel,Entel PCS,1450237,3353946,43.239724,8.3.CO_EMP_TEC_MOVIL,35
2012-02,2012,2,GTD Móvil,GTD Móvil,392,3353946,0.011688,8.3.CO_EMP_TEC_MOVIL,35
2012-03,2012,3,Movistar,Movistar,1479713,3619463,40.882114,8.3.CO_EMP_TEC_MOVIL,36
2012-03,2012,3,Grupo Claro-VTR,Grupo Claro-VTR,639753,3619463,17.675357,8.3.CO_EMP_TEC_MOVIL,36
2012-03,2012,3,Entel,Entel PCS,1499997,3619463,41.442529,8.3.CO_EMP_TEC_MOVIL,36
2012-03,2012,3,GTD Móvil,GTD Móvil,0,3619463,0.0,8.3.CO_EMP_TEC_MOVIL,36
2012-04,2012,4,Movistar,Movistar,1457949,3694300,39.464824,8.3.CO_EMP_TEC_MOVIL,37
2012-04,2012,4,Grupo Claro-VTR,Grupo Claro-VTR,640251,3694300,17.33078,8.3.CO_EMP_TEC_MOVIL,37
2012-04,2012,4,Entel,Entel PCS,1593752,3694300,43.140839,8.3.CO_EMP_TEC_MOVIL,37
2012-04,2012,4,Virgin,Virgin,1877,3694300,0.050808,8.3.CO_EMP_TEC_MOVIL,37
2012-04,2012,4,GTD Móvil,GTD Móvil,471,3694300,0.012749,8.3.CO_EMP_TEC_MOVIL,37
2012-05,2012,5,Movistar,Movistar,1506764,3835712,39.282511,8.3.CO_EMP_TEC_MOVIL,38
2012-05,2012,5,Grupo Claro-VTR,Grupo Claro-VTR,672557,3835712,17.534085,8.3.CO_EMP_TEC_MOVIL,38
2012-05,2012,5,Entel,Entel PCS,1648661,3835712,42.981877,8.3.CO_EMP_TEC_MOVIL,38
2012-05,2012,5,Virgin,Virgin,7223,3835712,0.188309,8.3.CO_EMP_TEC_MOVIL,38
2012-05,2012,5,GTD Móvil,GTD Móvil,507,3835712,0.013218,8.3.CO_EMP_TEC_MOVIL,38
2012-06,2012,6,Movistar,Movistar,1546225,3946142,39.183207,8.3.CO_EMP_TEC_MOVIL,39
2012-06,2012,6,Grupo Claro-VTR,Grupo Claro-VTR,686633,3946142,17.400109,8.3.CO_EMP_TEC_MOVIL,39
2012-06,2012,6,Entel,Entel PCS,1683619,3946142,42.664937,8.3.CO_EMP_TEC_MOVIL,39
2012-06,2012,6,Virgin,Virgin,12356,3946142,0.313116,8.3.CO_EMP_TEC_MOVIL,39
2012-06,2012,6,GTD Móvil,GTD Móvil,542,3946142,0.013735,8.3.CO_EMP_TEC_MOVIL,39
2012-06,2012,6,WOM,WOM,16767,3946142,0.424896,8.3.CO_EMP_TEC_MOVIL,39
2012-07,2012,7,Movistar,Movistar,1608843,4139993,38.861008,8.3.CO_EMP_TEC_MOVIL,40
2012-07,2012,7,Grupo Claro-VTR,Grupo Claro-VTR,736261,4139993,17.784112,8.3.CO_EMP_TEC_MOVIL,40
2012-07,2012,7,Entel,Entel PCS,1746563,4139993,42.187583,8.3.CO_EMP_TEC_MOVIL,40
2012-07,2012,7,Virgin,Virgin,17265,4139993,0.41703,8.3.CO_EMP_TEC_MOVIL,40
2012-07,2012,7,GTD Móvil,GTD Móvil,568,4139993,0.01372,8.3.CO_EMP_TEC_MOVIL,40
2012-07,2012,7,WOM,WOM,30493,4139993,0.736547,8.3.CO_EMP_TEC_MOVIL,40
2012-08,2012,8,Movistar,Movistar,1649554,4347399,37.943469,8.3.CO_EMP_TEC_MOVIL,41
2012-08,2012,8,Grupo Claro-VTR,Grupo Claro-VTR,780451,4347399,17.952136,8.3.CO_EMP_TEC_MOVIL,41
2012-08,2012,8,Entel,Entel PCS,1816818,4347399,41.790919,8.3.CO_EMP_TEC_MOVIL,41
2012-08,2012,8,Virgin,Virgin,21982,4347399,0.505636,8.3.CO_EMP_TEC_MOVIL,41
2012-08,2012,8,GTD Móvil,GTD Móvil,645,4347399,0.014836,8.3.CO_EMP_TEC_MOVIL,41
2012-08,2012,8,WOM,WOM,77949,4347399,1.793003,8.3.CO_EMP_TEC_MOVIL,41
2012-09,2012,9,Movistar,Movistar,1646046,4409493,37.329598,8.3.CO_EMP_TEC_MOVIL,42
2012-09,2012,9,Grupo Claro-VTR,Grupo Claro-VTR,800803,4409493,18.160886,8.3.CO_EMP_TEC_MOVIL,42
2012-09,2012,9,Entel,Entel PCS,1854434,4409493,42.055493,8.3.CO_EMP_TEC_MOVIL,42
2012-09,2012,9,Virgin,Virgin,25096,4409493,0.569136,8.3.CO_EMP_TEC_MOVIL,42
2012-09,2012,9,GTD Móvil,GTD Móvil,690,4409493,0.015648,8.3.CO_EMP_TEC_MOVIL,42
2012-09,2012,9,WOM,WOM,82424,4409493,1.86924,8.3.CO_EMP_TEC_MOVIL,42
2012-10,2012,10,Movistar,Movistar,1713606,4494650,38.12546,8.3.CO_EMP_TEC_MOVIL,43
2012-10,2012,10,Grupo Claro-VTR,Grupo Claro-VTR,854347,4494650,19.008087,8.3.CO_EMP_TEC_MOVIL,43
2012-10,2012,10,Entel,Entel PCS,1823870,4494650,40.578688,8.3.CO_EMP_TEC_MOVIL,43
2012-10,2012,10,Virgin,Virgin,28094,4494650,0.625054,8.3.CO_EMP_TEC_MOVIL,43
2012-10,2012,10,GTD Móvil,GTD Móvil,781,4494650,0.017376,8.3.CO_EMP_TEC_MOVIL,43
2012-10,2012,10,WOM,WOM,73952,4494650,1.645334,8.3.CO_EMP_TEC_MOVIL,43
2012-11,2012,11,Movistar,Movistar,1719504,4576134,37.575473,8.3.CO_EMP_TEC_MOVIL,44
2012-11,2012,11,Grupo Claro-VTR,Grupo Claro-VTR,892049,4576134,19.493507,8.3.CO_EMP_TEC_MOVIL,44
2012-11,2012,11,Entel,Entel PCS,1845832,4576134,40.336057,8.3.CO_EMP_TEC_MOVIL,44
2012-11,2012,11,Virgin,Virgin,30705,4576134,0.670981,8.3.CO_EMP_TEC_MOVIL,44
2012-11,2012,11,GTD Móvil,GTD Móvil,860,4576134,0.018793,8.3.CO_EMP_TEC_MOVIL,44
2012-11,2012,11,WOM,WOM,87184,4576134,1.905189,8.3.CO_EMP_TEC_MOVIL,44
2012-12,2012,12,Movistar,Movistar,1905372,4983888,38.230634,8.3.CO_EMP_TEC_MOVIL,45
2012-12,2012,12,Grupo Claro-VTR,Grupo Claro-VTR,1073922,4983888,21.547876,8.3.CO_EMP_TEC_MOVIL,45
2012-12,2012,12,Entel,Entel PCS,1856012,4983888,37.240243,8.3.CO_EMP_TEC_MOVIL,45
2012-12,2012,12,Virgin,Virgin,40466,4983888,0.811936,8.3.CO_EMP_TEC_MOVIL,45
2012-12,2012,12,GTD Móvil,GTD Móvil,0,4983888,0.0,8.3.CO_EMP_TEC_MOVIL,45
2012-12,2012,12,WOM,WOM,108116,4983888,2.16931,8.3.CO_EMP_TEC_MOVIL,45
2013-01,2013,1,Movistar,Movistar,1914548,5048537,37.922828,8.3.CO_EMP_TEC_MOVIL,46
2013-01,2013,1,Grupo Claro-VTR,Grupo Claro-VTR,1063581,5048537,21.067113,8.3.CO_EMP_TEC_MOVIL,46
2013-01,2013,1,Entel,Entel PCS,1930363,5048537,38.236087,8.3.CO_EMP_TEC_MOVIL,46
2013-01,2013,1,Virgin,Virgin,41084,5048537,0.81378,8.3.CO_EMP_TEC_MOVIL,46
2013-01,2013,1,GTD Móvil,GTD Móvil,952,5048537,0.018857,8.3.CO_EMP_TEC_MOVIL,46
2013-01,2013,1,WOM,WOM,98009,5048537,1.941335,8.3.CO_EMP_TEC_MOVIL,46
2013-02,2013,2,Movistar,Movistar,1921873,5090041,37.757515,8.3.CO_EMP_TEC_MOVIL,47
2013-02,2013,2,Grupo Claro-VTR,Grupo Claro-VTR,1034621,5090041,20.326379,8.3.CO_EMP_TEC_MOVIL,47
2013-02,2013,2,Entel,Entel PCS,1997444,5090041,39.242199,8.3.CO_EMP_TEC_MOVIL,47
2013-02,2013,2,Virgin,Virgin,43126,5090041,0.847262,8.3.CO_EMP_TEC_MOVIL,47
2013-02,2013,2,GTD Móvil,GTD Móvil,987,5090041,0.019391,8.3.CO_EMP_TEC_MOVIL,47
2013-02,2013,2,WOM,WOM,91990,5090041,1.807255,8.3.CO_EMP_TEC_MOVIL,47
2013-03,2013,3,Movistar,Movistar,2082027,5268103,39.52138,8.3.CO_EMP_TEC_MOVIL,48
2013-03,2013,3,Grupo Claro-VTR,Grupo Claro-VTR,1047752,5268103,19.888601,8.3.CO_EMP_TEC_MOVIL,48
2013-03,2013,3,Entel,Entel PCS,1980744,5268103,37.598809,8.3.CO_EMP_TEC_MOVIL,48
2013-03,2013,3,Virgin,Virgin,44706,5268103,0.848617,8.3.CO_EMP_TEC_MOVIL,48
2013-03,2013,3,GTD Móvil,GTD Móvil,1711,5268103,0.032478,8.3.CO_EMP_TEC_MOVIL,48
2013-03,2013,3,WOM,WOM,111163,5268103,2.110114,8.3.CO_EMP_TEC_MOVIL,48
2013-04,2013,4,Movistar,Movistar,2117286,5370918,39.421306,8.3.CO_EMP_TEC_MOVIL,49
2013-04,2013,4,Grupo Claro-VTR,Grupo Claro-VTR,1056604,5370918,19.672689,8.3.CO_EMP_TEC_MOVIL,49
2013-04,2013,4,Entel,Entel PCS,2036982,5370918,37.926142,8.3.CO_EMP_TEC_MOVIL,49
2013-04,2013,4,Virgin,Virgin,44986,5370918,0.837585,8.3.CO_EMP_TEC_MOVIL,49
2013-04,2013,4,GTD Móvil,GTD Móvil,1840,5370918,0.034259,8.3.CO_EMP_TEC_MOVIL,49
2013-04,2013,4,WOM,WOM,113220,5370918,2.10802,8.3.CO_EMP_TEC_MOVIL,49
2013-05,2013,5,Movistar,Movistar,2185443,5469374,39.957827,8.3.CO_EMP_TEC_MOVIL,50
2013-05,2013,5,Grupo Claro-VTR,Grupo Claro-VTR,1047624,5469374,19.154368,8.3.CO_EMP_TEC_MOVIL,50
2013-05,2013,5,Entel,Entel PCS,2069614,5469374,37.840053,8.3.CO_EMP_TEC_MOVIL,50
2013-05,2013,5,Virgin,Virgin,47687,5469374,0.871891,8.3.CO_EMP_TEC_MOVIL,50
2013-05,2013,5,GTD Móvil,GTD Móvil,1903,5469374,0.034794,8.3.CO_EMP_TEC_MOVIL,50
2013-05,2013,5,WOM,WOM,117103,5469374,2.141068,8.3.CO_EMP_TEC_MOVIL,50
2013-06,2013,6,Movistar,Movistar,2188373,5447665,40.170844,8.3.CO_EMP_TEC_MOVIL,51
2013-06,2013,6,Grupo Claro-VTR,Grupo Claro-VTR,984929,5447665,18.079838,8.3.CO_EMP_TEC_MOVIL,51
2013-06,2013,6,Entel,Entel PCS,2099301,5447665,38.535795,8.3.CO_EMP_TEC_MOVIL,51
2013-06,2013,6,Virgin,Virgin,50470,5447665,0.926452,8.3.CO_EMP_TEC_MOVIL,51
2013-06,2013,6,GTD Móvil,GTD Móvil,2029,5447665,0.037245,8.3.CO_EMP_TEC_MOVIL,51
2013-06,2013,6,WOM,WOM,122563,5447665,2.249826,8.3.CO_EMP_TEC_MOVIL,51
2013-07,2013,7,Movistar,Movistar,2260223,5614971,40.253512,8.3.CO_EMP_TEC_MOVIL,52
2013-07,2013,7,Grupo Claro-VTR,Grupo Claro-VTR,1053336,5614971,18.75942,8.3.CO_EMP_TEC_MOVIL,52
2013-07,2013,7,Entel,Entel PCS,2123497,5614971,37.818486,8.3.CO_EMP_TEC_MOVIL,52
2013-07,2013,7,Virgin,Virgin,55914,5614971,0.995802,8.3.CO_EMP_TEC_MOVIL,52
2013-07,2013,7,GTD Móvil,GTD Móvil,2187,5614971,0.038949,8.3.CO_EMP_TEC_MOVIL,52
2013-07,2013,7,WOM,WOM,119814,5614971,2.133831,8.3.CO_EMP_TEC_MOVIL,52
2013-08,2013,8,Movistar,Movistar,2254564,5679494,39.696565,8.3.CO_EMP_TEC_MOVIL,53
2013-08,2013,8,Grupo Claro-VTR,Grupo Claro-VTR,1085269,5679494,19.108551,8.3.CO_EMP_TEC_MOVIL,53
2013-08,2013,8,Entel,Entel PCS,2151682,5679494,37.8851,8.3.CO_EMP_TEC_MOVIL,53
2013-08,2013,8,Virgin,Virgin,61210,5679494,1.077737,8.3.CO_EMP_TEC_MOVIL,53
2013-08,2013,8,GTD Móvil,GTD Móvil,2318,5679494,0.040813,8.3.CO_EMP_TEC_MOVIL,53
2013-08,2013,8,WOM,WOM,124451,5679494,2.191234,8.3.CO_EMP_TEC_MOVIL,53
2013-09,2013,9,Movistar,Movistar,2200772,5645778,38.980846,8.3.CO_EMP_TEC_MOVIL,54
2013-09,2013,9,Grupo Claro-VTR,Grupo Claro-VTR,1094981,5645778,19.394687,8.3.CO_EMP_TEC_MOVIL,54
2013-09,2013,9,Entel,Entel PCS,2164434,5645778,38.337214,8.3.CO_EMP_TEC_MOVIL,54
2013-09,2013,9,Virgin,Virgin,65368,5645778,1.157821,8.3.CO_EMP_TEC_MOVIL,54
2013-09,2013,9,GTD Móvil,GTD Móvil,2328,5645778,0.041234,8.3.CO_EMP_TEC_MOVIL,54
2013-09,2013,9,WOM,WOM,117895,5645778,2.088198,8.3.CO_EMP_TEC_MOVIL,54
2013-10,2013,10,Movistar,Movistar,2414420,5876547,41.085692,8.3.CO_EMP_TEC_MOVIL,55
2013-10,2013,10,Grupo Claro-VTR,Grupo Claro-VTR,1114451,5876547,18.964385,8.3.CO_EMP_TEC_MOVIL,55
2013-10,2013,10,Entel,Entel PCS,2150896,5876547,36.601358,8.3.CO_EMP_TEC_MOVIL,55
2013-10,2013,10,Virgin,Virgin,68750,5876547,1.169905,8.3.CO_EMP_TEC_MOVIL,55
2013-10,2013,10,GTD Móvil,GTD Móvil,2482,5876547,0.042236,8.3.CO_EMP_TEC_MOVIL,55
2013-10,2013,10,WOM,WOM,121082,5876547,2.060428,8.3.CO_EMP_TEC_MOVIL,55
2013-10,2013,10,Falabella,Falabella,4466,5876547,0.075997,8.3.CO_EMP_TEC_MOVIL,55
2013-11,2013,11,Movistar,Movistar,2414667,5880360,41.063251,8.3.CO_EMP_TEC_MOVIL,56
2013-11,2013,11,Grupo Claro-VTR,Grupo Claro-VTR,1133154,5880360,19.270147,8.3.CO_EMP_TEC_MOVIL,56
2013-11,2013,11,Entel,Entel PCS,2126003,5880360,36.1543,8.3.CO_EMP_TEC_MOVIL,56
2013-11,2013,11,Virgin,Virgin,68970,5880360,1.172887,8.3.CO_EMP_TEC_MOVIL,56
2013-11,2013,11,GTD Móvil,GTD Móvil,3128,5880360,0.053194,8.3.CO_EMP_TEC_MOVIL,56
2013-11,2013,11,WOM,WOM,126489,5880360,2.151042,8.3.CO_EMP_TEC_MOVIL,56
2013-11,2013,11,Falabella,Falabella,7949,5880360,0.135179,8.3.CO_EMP_TEC_MOVIL,56
2013-12,2013,12,Movistar,Movistar,2721623,6366120,42.751676,8.3.CO_EMP_TEC_MOVIL,57
2013-12,2013,12,Grupo Claro-VTR,Grupo Claro-VTR,1253089,6366120,19.683716,8.3.CO_EMP_TEC_MOVIL,57
2013-12,2013,12,Entel,Entel PCS,2126923,6366120,33.410036,8.3.CO_EMP_TEC_MOVIL,57
2013-12,2013,12,Virgin,Virgin,75784,6366120,1.190427,8.3.CO_EMP_TEC_MOVIL,57
2013-12,2013,12,GTD Móvil,GTD Móvil,3689,6366120,0.057947,8.3.CO_EMP_TEC_MOVIL,57
2013-12,2013,12,WOM,WOM,128611,6366120,2.020242,8.3.CO_EMP_TEC_MOVIL,57
2013-12,2013,12,Falabella,Falabella,40670,6366120,0.638851,8.3.CO_EMP_TEC_MOVIL,57
2013-12,2013,12,Entelphone,Entelphone,15731,6366120,0.247105,8.3.CO_EMP_TEC_MOVIL,57
2014-01,2014,1,Movistar,Movistar,2769261,6642721,41.688654,8.3.CO_EMP_TEC_MOVIL,58
2014-01,2014,1,Grupo Claro-VTR,Grupo Claro-VTR,1279879,6642721,19.267391,8.3.CO_EMP_TEC_MOVIL,58
2014-01,2014,1,Entel,Entel PCS,2311909,6642721,34.803644,8.3.CO_EMP_TEC_MOVIL,58
2014-01,2014,1,Virgin,Virgin,78202,6642721,1.177259,8.3.CO_EMP_TEC_MOVIL,58
2014-01,2014,1,GTD Móvil,GTD Móvil,4009,6642721,0.060352,8.3.CO_EMP_TEC_MOVIL,58
2014-01,2014,1,WOM,WOM,143773,6642721,2.164369,8.3.CO_EMP_TEC_MOVIL,58
2014-01,2014,1,Netline,Netline,1400,6642721,0.021076,8.3.CO_EMP_TEC_MOVIL,58
2014-01,2014,1,Falabella,Falabella,39051,6642721,0.587877,8.3.CO_EMP_TEC_MOVIL,58
2014-01,2014,1,Entelphone,Entelphone,15237,6642721,0.229379,8.3.CO_EMP_TEC_MOVIL,58
2014-02,2014,2,Movistar,Movistar,2800659,6683179,41.90609,8.3.CO_EMP_TEC_MOVIL,59
2014-02,2014,2,Grupo Claro-VTR,Grupo Claro-VTR,1259134,6683179,18.840345,8.3.CO_EMP_TEC_MOVIL,59
2014-02,2014,2,Entel,Entel PCS,2331591,6683179,34.887454,8.3.CO_EMP_TEC_MOVIL,59
2014-02,2014,2,Virgin,Virgin,89190,6683179,1.334545,8.3.CO_EMP_TEC_MOVIL,59
2014-02,2014,2,GTD Móvil,GTD Móvil,4085,6683179,0.061124,8.3.CO_EMP_TEC_MOVIL,59
2014-02,2014,2,WOM,WOM,144953,6683179,2.168923,8.3.CO_EMP_TEC_MOVIL,59
2014-02,2014,2,Netline,Netline,1305,6683179,0.019527,8.3.CO_EMP_TEC_MOVIL,59
2014-02,2014,2,Falabella,Falabella,37011,6683179,0.553793,8.3.CO_EMP_TEC_MOVIL,59
2014-02,2014,2,Entelphone,Entelphone,15251,6683179,0.2282,8.3.CO_EMP_TEC_MOVIL,59
2014-03,2014,3,Movistar,Movistar,2914200,7021482,41.504059,8.3.CO_EMP_TEC_MOVIL,60
2014-03,2014,3,Grupo Claro-VTR,Grupo Claro-VTR,1352280,7021482,19.259182,8.3.CO_EMP_TEC_MOVIL,60
2014-03,2014,3,Entel,Entel PCS,2461788,7021482,35.060803,8.3.CO_EMP_TEC_MOVIL,60
2014-03,2014,3,Virgin,Virgin,88067,7021482,1.254251,8.3.CO_EMP_TEC_MOVIL,60
2014-03,2014,3,GTD Móvil,GTD Móvil,4337,7021482,0.061768,8.3.CO_EMP_TEC_MOVIL,60
2014-03,2014,3,WOM,WOM,147596,7021482,2.102063,8.3.CO_EMP_TEC_MOVIL,60
2014-03,2014,3,Netline,Netline,1278,7021482,0.018201,8.3.CO_EMP_TEC_MOVIL,60
2014-03,2014,3,Falabella,Falabella,35632,7021482,0.507471,8.3.CO_EMP_TEC_MOVIL,60
2014-03,2014,3,Entelphone,Entelphone,16304,7021482,0.232202,8.3.CO_EMP_TEC_MOVIL,60
2014-04,2014,4,Movistar,Movistar,2928618,7208541,40.627056,8.3.CO_EMP_TEC_MOVIL,61
2014-04,2014,4,Grupo Claro-VTR,Grupo Claro-VTR,1432893,7208541,19.877712,8.3.CO_EMP_TEC_MOVIL,61
2014-04,2014,4,Entel,Entel PCS,2561991,7208541,35.541048,8.3.CO_EMP_TEC_MOVIL,61
2014-04,2014,4,Virgin,Virgin,82143,7208541,1.139523,8.3.CO_EMP_TEC_MOVIL,61
2014-04,2014,4,GTD Móvil,GTD Móvil,4545,7208541,0.06305,8.3.CO_EMP_TEC_MOVIL,61
2014-04,2014,4,WOM,WOM,149596,7208541,2.07526,8.3.CO_EMP_TEC_MOVIL,61
2014-04,2014,4,Netline,Netline,1261,7208541,0.017493,8.3.CO_EMP_TEC_MOVIL,61
2014-04,2014,4,Falabella,Falabella,29787,7208541,0.413218,8.3.CO_EMP_TEC_MOVIL,61
2014-04,2014,4,Telestar,Telestar,523,7208541,0.007255,8.3.CO_EMP_TEC_MOVIL,61
2014-04,2014,4,Entelphone,Entelphone,17184,7208541,0.238384,8.3.CO_EMP_TEC_MOVIL,61
2014-05,2014,5,Movistar,Movistar,3011935,7607646,39.590893,8.3.CO_EMP_TEC_MOVIL,62
2014-05,2014,5,Grupo Claro-VTR,Grupo Claro-VTR,1647988,7607646,21.662259,8.3.CO_EMP_TEC_MOVIL,62
2014-05,2014,5,Entel,Entel PCS,2652658,7607646,34.868315,8.3.CO_EMP_TEC_MOVIL,62
2014-05,2014,5,Virgin,Virgin,84285,7607646,1.107899,8.3.CO_EMP_TEC_MOVIL,62
2014-05,2014,5,GTD Móvil,GTD Móvil,4722,7607646,0.062069,8.3.CO_EMP_TEC_MOVIL,62
2014-05,2014,5,WOM,WOM,153007,7607646,2.011227,8.3.CO_EMP_TEC_MOVIL,62
2014-05,2014,5,Netline,Netline,1330,7607646,0.017482,8.3.CO_EMP_TEC_MOVIL,62
2014-05,2014,5,Falabella,Falabella,34135,7607646,0.448693,8.3.CO_EMP_TEC_MOVIL,62
2014-05,2014,5,Telestar,Telestar,518,7607646,0.006809,8.3.CO_EMP_TEC_MOVIL,62
2014-05,2014,5,Entelphone,Entelphone,17068,7607646,0.224353,8.3.CO_EMP_TEC_MOVIL,62
2014-06,2014,6,Movistar,Movistar,3072170,7821910,39.276468,8.3.CO_EMP_TEC_MOVIL,63
2014-06,2014,6,Grupo Claro-VTR,Grupo Claro-VTR,1692396,7821910,21.636608,8.3.CO_EMP_TEC_MOVIL,63
2014-06,2014,6,Entel,Entel PCS,2760554,7821910,35.292582,8.3.CO_EMP_TEC_MOVIL,63
2014-06,2014,6,Virgin,Virgin,84105,7821910,1.075249,8.3.CO_EMP_TEC_MOVIL,63
2014-06,2014,6,GTD Móvil,GTD Móvil,4883,7821910,0.062427,8.3.CO_EMP_TEC_MOVIL,63
2014-06,2014,6,WOM,WOM,157482,7821910,2.013345,8.3.CO_EMP_TEC_MOVIL,63
2014-06,2014,6,Netline,Netline,1328,7821910,0.016978,8.3.CO_EMP_TEC_MOVIL,63
2014-06,2014,6,Falabella,Falabella,34185,7821910,0.437042,8.3.CO_EMP_TEC_MOVIL,63
2014-06,2014,6,Telestar,Telestar,420,7821910,0.00537,8.3.CO_EMP_TEC_MOVIL,63
2014-06,2014,6,Entelphone,Entelphone,14387,7821910,0.183932,8.3.CO_EMP_TEC_MOVIL,63
2014-07,2014,7,Movistar,Movistar,2841593,7793891,36.459235,8.3.CO_EMP_TEC_MOVIL,64
2014-07,2014,7,Grupo Claro-VTR,Grupo Claro-VTR,1827960,7793891,23.453754,8.3.CO_EMP_TEC_MOVIL,64
2014-07,2014,7,Entel,Entel PCS,2817517,7793891,36.150326,8.3.CO_EMP_TEC_MOVIL,64
2014-07,2014,7,Virgin,Virgin,86854,7793891,1.114386,8.3.CO_EMP_TEC_MOVIL,64
2014-07,2014,7,GTD Móvil,GTD Móvil,5121,7793891,0.065705,8.3.CO_EMP_TEC_MOVIL,64
2014-07,2014,7,WOM,WOM,164169,7793891,2.10638,8.3.CO_EMP_TEC_MOVIL,64
2014-07,2014,7,Netline,Netline,1514,7793891,0.019425,8.3.CO_EMP_TEC_MOVIL,64
2014-07,2014,7,Falabella,Falabella,34574,7793891,0.443604,8.3.CO_EMP_TEC_MOVIL,64
2014-07,2014,7,Telestar,Telestar,481,7793891,0.006172,8.3.CO_EMP_TEC_MOVIL,64
2014-07,2014,7,Entelphone,Entelphone,14108,7793891,0.181014,8.3.CO_EMP_TEC_MOVIL,64
2014-08,2014,8,Movistar,Movistar,2952494,7945561,37.159038,8.3.CO_EMP_TEC_MOVIL,65
2014-08,2014,8,Grupo Claro-VTR,Grupo Claro-VTR,1798370,7945561,22.633644,8.3.CO_EMP_TEC_MOVIL,65
2014-08,2014,8,Entel,Entel PCS,2881962,7945561,36.271347,8.3.CO_EMP_TEC_MOVIL,65
2014-08,2014,8,Virgin,Virgin,89540,7945561,1.126919,8.3.CO_EMP_TEC_MOVIL,65
2014-08,2014,8,GTD Móvil,GTD Móvil,5296,7945561,0.066654,8.3.CO_EMP_TEC_MOVIL,65
2014-08,2014,8,WOM,WOM,165126,7945561,2.078217,8.3.CO_EMP_TEC_MOVIL,65
2014-08,2014,8,Netline,Netline,1888,7945561,0.023762,8.3.CO_EMP_TEC_MOVIL,65
2014-08,2014,8,Falabella,Falabella,35423,7945561,0.445821,8.3.CO_EMP_TEC_MOVIL,65
2014-08,2014,8,Telestar,Telestar,707,7945561,0.008898,8.3.CO_EMP_TEC_MOVIL,65
2014-08,2014,8,Entelphone,Entelphone,14755,7945561,0.185701,8.3.CO_EMP_TEC_MOVIL,65
2014-09,2014,9,Movistar,Movistar,3206729,8451128,37.94439,8.3.CO_EMP_TEC_MOVIL,66
2014-09,2014,9,Grupo Claro-VTR,Grupo Claro-VTR,1948943,8451128,23.061336,8.3.CO_EMP_TEC_MOVIL,66
2014-09,2014,9,Entel,Entel PCS,2982159,8451128,35.287112,8.3.CO_EMP_TEC_MOVIL,66
2014-09,2014,9,Virgin,Virgin,91662,8451128,1.084613,8.3.CO_EMP_TEC_MOVIL,66
2014-09,2014,9,GTD Móvil,GTD Móvil,5387,8451128,0.063743,8.3.CO_EMP_TEC_MOVIL,66
2014-09,2014,9,WOM,WOM,166249,8451128,1.967181,8.3.CO_EMP_TEC_MOVIL,66
2014-09,2014,9,Netline,Netline,2322,8451128,0.027476,8.3.CO_EMP_TEC_MOVIL,66
2014-09,2014,9,Falabella,Falabella,32545,8451128,0.385097,8.3.CO_EMP_TEC_MOVIL,66
2014-09,2014,9,Telestar,Telestar,670,8451128,0.007928,8.3.CO_EMP_TEC_MOVIL,66
2014-09,2014,9,Entelphone,Entelphone,14462,8451128,0.171125,8.3.CO_EMP_TEC_MOVIL,66
2014-10,2014,10,Movistar,Movistar,3286512,8647957,38.003334,8.3.CO_EMP_TEC_MOVIL,67
2014-10,2014,10,Grupo Claro-VTR,Grupo Claro-VTR,1965519,8647957,22.728131,8.3.CO_EMP_TEC_MOVIL,67
2014-10,2014,10,Entel,Entel PCS,3069221,8647957,35.490706,8.3.CO_EMP_TEC_MOVIL,67
2014-10,2014,10,Virgin,Virgin,99434,8647957,1.149798,8.3.CO_EMP_TEC_MOVIL,67
2014-10,2014,10,GTD Móvil,GTD Móvil,5781,8647957,0.066848,8.3.CO_EMP_TEC_MOVIL,67
2014-10,2014,10,WOM,WOM,167860,8647957,1.941036,8.3.CO_EMP_TEC_MOVIL,67
2014-10,2014,10,Netline,Netline,2726,8647957,0.031522,8.3.CO_EMP_TEC_MOVIL,67
2014-10,2014,10,Falabella,Falabella,35429,8647957,0.409681,8.3.CO_EMP_TEC_MOVIL,67
2014-10,2014,10,Telestar,Telestar,603,8647957,0.006973,8.3.CO_EMP_TEC_MOVIL,67
2014-10,2014,10,Entelphone,Entelphone,14872,8647957,0.171971,8.3.CO_EMP_TEC_MOVIL,67
2014-11,2014,11,Movistar,Movistar,3266793,8787530,37.175327,8.3.CO_EMP_TEC_MOVIL,68
2014-11,2014,11,Grupo Claro-VTR,Grupo Claro-VTR,2118631,8787530,24.109517,8.3.CO_EMP_TEC_MOVIL,68
2014-11,2014,11,Entel,Entel PCS,3073976,8787530,34.981115,8.3.CO_EMP_TEC_MOVIL,68
2014-11,2014,11,Virgin,Virgin,107567,8787530,1.224087,8.3.CO_EMP_TEC_MOVIL,68
2014-11,2014,11,GTD Móvil,GTD Móvil,5877,8787530,0.066879,8.3.CO_EMP_TEC_MOVIL,68
2014-11,2014,11,WOM,WOM,161437,8787530,1.837115,8.3.CO_EMP_TEC_MOVIL,68
2014-11,2014,11,Netline,Netline,2875,8787530,0.032717,8.3.CO_EMP_TEC_MOVIL,68
2014-11,2014,11,Falabella,Falabella,34893,8787530,0.397074,8.3.CO_EMP_TEC_MOVIL,68
2014-11,2014,11,Telestar,Telestar,527,8787530,0.005997,8.3.CO_EMP_TEC_MOVIL,68
2014-11,2014,11,Entelphone,Entelphone,14954,8787530,0.170173,8.3.CO_EMP_TEC_MOVIL,68
2014-12,2014,12,Movistar,Movistar,3467268,9155723,37.869953,8.3.CO_EMP_TEC_MOVIL,69
2014-12,2014,12,Grupo Claro-VTR,Grupo Claro-VTR,2236199,9155723,24.424057,8.3.CO_EMP_TEC_MOVIL,69
2014-12,2014,12,Entel,Entel PCS,3105828,9155723,33.922258,8.3.CO_EMP_TEC_MOVIL,69
2014-12,2014,12,Virgin,Virgin,116163,9155723,1.268747,8.3.CO_EMP_TEC_MOVIL,69
2014-12,2014,12,GTD Móvil,GTD Móvil,6216,9155723,0.067892,8.3.CO_EMP_TEC_MOVIL,69
2014-12,2014,12,WOM,WOM,156848,9155723,1.713114,8.3.CO_EMP_TEC_MOVIL,69
2014-12,2014,12,Netline,Netline,3439,9155723,0.037561,8.3.CO_EMP_TEC_MOVIL,69
2014-12,2014,12,Falabella,Falabella,48431,9155723,0.52897,8.3.CO_EMP_TEC_MOVIL,69
2014-12,2014,12,Telestar,Telestar,434,9155723,0.00474,8.3.CO_EMP_TEC_MOVIL,69
2014-12,2014,12,Entelphone,Entelphone,14897,9155723,0.162707,8.3.CO_EMP_TEC_MOVIL,69
2015-01,2015,1,Movistar,Movistar,3365168,9110858,36.935797,8.3.CO_EMP_TEC_MOVIL,70
2015-01,2015,1,Grupo Claro-VTR,Grupo Claro-VTR,2337884,9110858,25.660415,8.3.CO_EMP_TEC_MOVIL,70
2015-01,2015,1,Entel,Entel PCS,3085191,9110858,33.862793,8.3.CO_EMP_TEC_MOVIL,70
2015-01,2015,1,Virgin,Virgin,118420,9110858,1.299768,8.3.CO_EMP_TEC_MOVIL,70
2015-01,2015,1,GTD Móvil,GTD Móvil,6438,9110858,0.070663,8.3.CO_EMP_TEC_MOVIL,70
2015-01,2015,1,WOM,WOM,133763,9110858,1.468171,8.3.CO_EMP_TEC_MOVIL,70
2015-01,2015,1,Netline,Netline,2917,9110858,0.032017,8.3.CO_EMP_TEC_MOVIL,70
2015-01,2015,1,Falabella,Falabella,45780,9110858,0.502477,8.3.CO_EMP_TEC_MOVIL,70
2015-01,2015,1,Telestar,Telestar,400,9110858,0.00439,8.3.CO_EMP_TEC_MOVIL,70
2015-01,2015,1,Entelphone,Entelphone,14897,9110858,0.163508,8.3.CO_EMP_TEC_MOVIL,70
2015-02,2015,2,Movistar,Movistar,3340105,9247855,36.117619,8.3.CO_EMP_TEC_MOVIL,71
2015-02,2015,2,Grupo Claro-VTR,Grupo Claro-VTR,2371614,9247855,25.645017,8.3.CO_EMP_TEC_MOVIL,71
2015-02,2015,2,Entel,Entel PCS,3210102,9247855,34.711855,8.3.CO_EMP_TEC_MOVIL,71
2015-02,2015,2,Virgin,Virgin,121987,9247855,1.319084,8.3.CO_EMP_TEC_MOVIL,71
2015-02,2015,2,GTD Móvil,GTD Móvil,6609,9247855,0.071465,8.3.CO_EMP_TEC_MOVIL,71
2015-02,2015,2,WOM,WOM,131010,9247855,1.416653,8.3.CO_EMP_TEC_MOVIL,71
2015-02,2015,2,Netline,Netline,2915,9247855,0.031521,8.3.CO_EMP_TEC_MOVIL,71
2015-02,2015,2,Falabella,Falabella,46663,9247855,0.504582,8.3.CO_EMP_TEC_MOVIL,71
2015-02,2015,2,Telestar,Telestar,520,9247855,0.005623,8.3.CO_EMP_TEC_MOVIL,71
2015-02,2015,2,Entelphone,Entelphone,16330,9247855,0.176581,8.3.CO_EMP_TEC_MOVIL,71
2015-03,2015,3,Movistar,Movistar,3432269,9483870,36.190595,8.3.CO_EMP_TEC_MOVIL,72
2015-03,2015,3,Grupo Claro-VTR,Grupo Claro-VTR,2526079,9483870,26.63553,8.3.CO_EMP_TEC_MOVIL,72
2015-03,2015,3,Entel,Entel PCS,3192698,9483870,33.664506,8.3.CO_EMP_TEC_MOVIL,72
2015-03,2015,3,Virgin,Virgin,125370,9483870,1.321929,8.3.CO_EMP_TEC_MOVIL,72
2015-03,2015,3,GTD Móvil,GTD Móvil,6742,9483870,0.071089,8.3.CO_EMP_TEC_MOVIL,72
2015-03,2015,3,WOM,WOM,131296,9483870,1.384414,8.3.CO_EMP_TEC_MOVIL,72
2015-03,2015,3,Netline,Netline,2717,9483870,0.028649,8.3.CO_EMP_TEC_MOVIL,72
2015-03,2015,3,Falabella,Falabella,47166,9483870,0.497329,8.3.CO_EMP_TEC_MOVIL,72
2015-03,2015,3,Telestar,Telestar,486,9483870,0.005124,8.3.CO_EMP_TEC_MOVIL,72
2015-03,2015,3,Entelphone,Entelphone,19047,9483870,0.200836,8.3.CO_EMP_TEC_MOVIL,72
2015-04,2015,4,Movistar,Movistar,3512243,9638292,36.440512,8.3.CO_EMP_TEC_MOVIL,73
2015-04,2015,4,Grupo Claro-VTR,Grupo Claro-VTR,2619068,9638292,27.17357,8.3.CO_EMP_TEC_MOVIL,73
2015-04,2015,4,Entel,Entel PCS,3171559,9638292,32.90582,8.3.CO_EMP_TEC_MOVIL,73
2015-04,2015,4,Virgin,Virgin,127192,9638292,1.319653,8.3.CO_EMP_TEC_MOVIL,73
2015-04,2015,4,GTD Móvil,GTD Móvil,6798,9638292,0.070531,8.3.CO_EMP_TEC_MOVIL,73
2015-04,2015,4,WOM,WOM,133465,9638292,1.384737,8.3.CO_EMP_TEC_MOVIL,73
2015-04,2015,4,Netline,Netline,1946,9638292,0.02019,8.3.CO_EMP_TEC_MOVIL,73
2015-04,2015,4,Falabella,Falabella,44282,9638292,0.459438,8.3.CO_EMP_TEC_MOVIL,73
2015-04,2015,4,Telestar,Telestar,453,9638292,0.0047,8.3.CO_EMP_TEC_MOVIL,73
2015-04,2015,4,Entelphone,Entelphone,21286,9638292,0.220848,8.3.CO_EMP_TEC_MOVIL,73
2015-05,2015,5,Movistar,Movistar,3612214,9753806,37.033892,8.3.CO_EMP_TEC_MOVIL,74
2015-05,2015,5,Grupo Claro-VTR,Grupo Claro-VTR,2627453,9753806,26.937721,8.3.CO_EMP_TEC_MOVIL,74
2015-05,2015,5,Entel,Entel PCS,3157020,9753806,32.367058,8.3.CO_EMP_TEC_MOVIL,74
2015-05,2015,5,Virgin,Virgin,128789,9753806,1.320397,8.3.CO_EMP_TEC_MOVIL,74
2015-05,2015,5,GTD Móvil,GTD Móvil,6891,9753806,0.070649,8.3.CO_EMP_TEC_MOVIL,74
2015-05,2015,5,WOM,WOM,142596,9753806,1.461952,8.3.CO_EMP_TEC_MOVIL,74
2015-05,2015,5,Netline,Netline,2098,9753806,0.02151,8.3.CO_EMP_TEC_MOVIL,74
2015-05,2015,5,Falabella,Falabella,54101,9753806,0.554666,8.3.CO_EMP_TEC_MOVIL,74
2015-05,2015,5,Telestar,Telestar,426,9753806,0.004368,8.3.CO_EMP_TEC_MOVIL,74
2015-05,2015,5,Entelphone,Entelphone,22218,9753806,0.227788,8.3.CO_EMP_TEC_MOVIL,74
2015-06,2015,6,Movistar,Movistar,3535953,9604466,36.815717,8.3.CO_EMP_TEC_MOVIL,75
2015-06,2015,6,Grupo Claro-VTR,Grupo Claro-VTR,2586562,9604466,26.930826,8.3.CO_EMP_TEC_MOVIL,75
2015-06,2015,6,Entel,Entel PCS,3125514,9604466,32.542299,8.3.CO_EMP_TEC_MOVIL,75
2015-06,2015,6,Virgin,Virgin,132759,9604466,1.382263,8.3.CO_EMP_TEC_MOVIL,75
2015-06,2015,6,GTD Móvil,GTD Móvil,7191,9604466,0.074871,8.3.CO_EMP_TEC_MOVIL,75
2015-06,2015,6,WOM,WOM,146658,9604466,1.526977,8.3.CO_EMP_TEC_MOVIL,75
2015-06,2015,6,Netline,Netline,1881,9604466,0.019585,8.3.CO_EMP_TEC_MOVIL,75
2015-06,2015,6,Falabella,Falabella,44334,9604466,0.461598,8.3.CO_EMP_TEC_MOVIL,75
2015-06,2015,6,Telestar,Telestar,373,9604466,0.003884,8.3.CO_EMP_TEC_MOVIL,75
2015-06,2015,6,Entelphone,Entelphone,23241,9604466,0.241981,8.3.CO_EMP_TEC_MOVIL,75
2015-07,2015,7,Movistar,Movistar,3533986,9952962,35.506877,8.3.CO_EMP_TEC_MOVIL,76
2015-07,2015,7,Grupo Claro-VTR,Grupo Claro-VTR,2749612,9952962,27.626067,8.3.CO_EMP_TEC_MOVIL,76
2015-07,2015,7,Entel,Entel PCS,3261746,9952962,32.771611,8.3.CO_EMP_TEC_MOVIL,76
2015-07,2015,7,Virgin,Virgin,140009,9952962,1.406707,8.3.CO_EMP_TEC_MOVIL,76
2015-07,2015,7,GTD Móvil,GTD Móvil,7471,9952962,0.075063,8.3.CO_EMP_TEC_MOVIL,76
2015-07,2015,7,WOM,WOM,186172,9952962,1.870519,8.3.CO_EMP_TEC_MOVIL,76
2015-07,2015,7,Netline,Netline,1741,9952962,0.017492,8.3.CO_EMP_TEC_MOVIL,76
2015-07,2015,7,Falabella,Falabella,45464,9952962,0.456789,8.3.CO_EMP_TEC_MOVIL,76
2015-07,2015,7,Telestar,Telestar,348,9952962,0.003496,8.3.CO_EMP_TEC_MOVIL,76
2015-07,2015,7,Simple,Simple,2753,9952962,0.02766,8.3.CO_EMP_TEC_MOVIL,76
2015-07,2015,7,Entelphone,Entelphone,23660,9952962,0.237718,8.3.CO_EMP_TEC_MOVIL,76
2015-08,2015,8,Movistar,Movistar,3398902,9934069,34.2146,8.3.CO_EMP_TEC_MOVIL,77
2015-08,2015,8,Grupo Claro-VTR,Grupo Claro-VTR,2793453,9934069,28.119927,8.3.CO_EMP_TEC_MOVIL,77
2015-08,2015,8,Entel,Entel PCS,3288359,9934069,33.101834,8.3.CO_EMP_TEC_MOVIL,77
2015-08,2015,8,Virgin,Virgin,150154,9934069,1.511506,8.3.CO_EMP_TEC_MOVIL,77
2015-08,2015,8,GTD Móvil,GTD Móvil,7635,9934069,0.076857,8.3.CO_EMP_TEC_MOVIL,77
2015-08,2015,8,WOM,WOM,219768,9934069,2.212266,8.3.CO_EMP_TEC_MOVIL,77
2015-08,2015,8,Netline,Netline,1421,9934069,0.014304,8.3.CO_EMP_TEC_MOVIL,77
2015-08,2015,8,Falabella,Falabella,47471,9934069,0.477861,8.3.CO_EMP_TEC_MOVIL,77
2015-08,2015,8,Telestar,Telestar,325,9934069,0.003272,8.3.CO_EMP_TEC_MOVIL,77
2015-08,2015,8,Simple,Simple,3504,9934069,0.035273,8.3.CO_EMP_TEC_MOVIL,77
2015-08,2015,8,Entelphone,Entelphone,23077,9934069,0.232302,8.3.CO_EMP_TEC_MOVIL,77
2015-09,2015,9,Movistar,Movistar,3553765,10171877,34.937161,8.3.CO_EMP_TEC_MOVIL,78
2015-09,2015,9,Grupo Claro-VTR,Grupo Claro-VTR,2806301,10171877,27.588822,8.3.CO_EMP_TEC_MOVIL,78
2015-09,2015,9,Entel,Entel PCS,3342941,10171877,32.864544,8.3.CO_EMP_TEC_MOVIL,78
2015-09,2015,9,Virgin,Virgin,156723,10171877,1.540748,8.3.CO_EMP_TEC_MOVIL,78
2015-09,2015,9,GTD Móvil,GTD Móvil,7690,10171877,0.075601,8.3.CO_EMP_TEC_MOVIL,78
2015-09,2015,9,WOM,WOM,226966,10171877,2.231309,8.3.CO_EMP_TEC_MOVIL,78
2015-09,2015,9,Netline,Netline,1272,10171877,0.012505,8.3.CO_EMP_TEC_MOVIL,78
2015-09,2015,9,Falabella,Falabella,48201,10171877,0.473865,8.3.CO_EMP_TEC_MOVIL,78
2015-09,2015,9,Telestar,Telestar,290,10171877,0.002851,8.3.CO_EMP_TEC_MOVIL,78
2015-09,2015,9,Simple,Simple,4142,10171877,0.04072,8.3.CO_EMP_TEC_MOVIL,78
2015-09,2015,9,Entelphone,Entelphone,23586,10171877,0.231875,8.3.CO_EMP_TEC_MOVIL,78
2015-10,2015,10,Movistar,Movistar,3578414,10286672,34.786897,8.3.CO_EMP_TEC_MOVIL,79
2015-10,2015,10,Grupo Claro-VTR,Grupo Claro-VTR,2850071,10286672,27.706444,8.3.CO_EMP_TEC_MOVIL,79
2015-10,2015,10,Entel,Entel PCS,3316597,10286672,32.241691,8.3.CO_EMP_TEC_MOVIL,79
2015-10,2015,10,Virgin,Virgin,159177,10286672,1.54741,8.3.CO_EMP_TEC_MOVIL,79
2015-10,2015,10,GTD Móvil,GTD Móvil,7926,10286672,0.077051,8.3.CO_EMP_TEC_MOVIL,79
2015-10,2015,10,WOM,WOM,294139,10286672,2.859418,8.3.CO_EMP_TEC_MOVIL,79
2015-10,2015,10,Netline,Netline,1272,10286672,0.012366,8.3.CO_EMP_TEC_MOVIL,79
2015-10,2015,10,Falabella,Falabella,48270,10286672,0.469248,8.3.CO_EMP_TEC_MOVIL,79
2015-10,2015,10,Telestar,Telestar,274,10286672,0.002664,8.3.CO_EMP_TEC_MOVIL,79
2015-10,2015,10,Simple,Simple,5647,10286672,0.054896,8.3.CO_EMP_TEC_MOVIL,79
2015-10,2015,10,Entelphone,Entelphone,24885,10286672,0.241915,8.3.CO_EMP_TEC_MOVIL,79
2015-11,2015,11,Movistar,Movistar,3570080,10285337,34.710384,8.3.CO_EMP_TEC_MOVIL,80
2015-11,2015,11,Grupo Claro-VTR,Grupo Claro-VTR,2771717,10285337,26.948237,8.3.CO_EMP_TEC_MOVIL,80
2015-11,2015,11,Entel,Entel PCS,3264413,10285337,31.738513,8.3.CO_EMP_TEC_MOVIL,80
2015-11,2015,11,Virgin,Virgin,159570,10285337,1.551432,8.3.CO_EMP_TEC_MOVIL,80
2015-11,2015,11,GTD Móvil,GTD Móvil,7914,10285337,0.076944,8.3.CO_EMP_TEC_MOVIL,80
2015-11,2015,11,WOM,WOM,430303,10285337,4.183655,8.3.CO_EMP_TEC_MOVIL,80
2015-11,2015,11,Netline,Netline,1097,10285337,0.010666,8.3.CO_EMP_TEC_MOVIL,80
2015-11,2015,11,Falabella,Falabella,46838,10285337,0.455386,8.3.CO_EMP_TEC_MOVIL,80
2015-11,2015,11,Simple,Simple,6840,10285337,0.066502,8.3.CO_EMP_TEC_MOVIL,80
2015-11,2015,11,Entelphone,Entelphone,26565,10285337,0.25828,8.3.CO_EMP_TEC_MOVIL,80
2015-12,2015,12,Movistar,Movistar,3118983,10283244,30.33073,8.3.CO_EMP_TEC_MOVIL,81
2015-12,2015,12,Grupo Claro-VTR,Grupo Claro-VTR,3006738,10283244,29.239197,8.3.CO_EMP_TEC_MOVIL,81
2015-12,2015,12,Entel,Entel PCS,3378128,10283244,32.850801,8.3.CO_EMP_TEC_MOVIL,81
2015-12,2015,12,Virgin,Virgin,164445,10283244,1.599155,8.3.CO_EMP_TEC_MOVIL,81
2015-12,2015,12,GTD Móvil,GTD Móvil,8036,10283244,0.078147,8.3.CO_EMP_TEC_MOVIL,81
2015-12,2015,12,WOM,WOM,523450,10283244,5.09032,8.3.CO_EMP_TEC_MOVIL,81
2015-12,2015,12,Netline,Netline,1093,10283244,0.010629,8.3.CO_EMP_TEC_MOVIL,81
2015-12,2015,12,Falabella,Falabella,47455,10283244,0.461479,8.3.CO_EMP_TEC_MOVIL,81
2015-12,2015,12,Simple,Simple,8089,10283244,0.078662,8.3.CO_EMP_TEC_MOVIL,81
2015-12,2015,12,Entelphone,Entelphone,26827,10283244,0.260881,8.3.CO_EMP_TEC_MOVIL,81
2016-01,2016,1,Movistar,Movistar,3066666,10422043,29.424807,8.3.CO_EMP_TEC_MOVIL,82
2016-01,2016,1,Grupo Claro-VTR,Grupo Claro-VTR,3035326,10422043,29.124098,8.3.CO_EMP_TEC_MOVIL,82
2016-01,2016,1,Entel,Entel PCS,3462777,10422043,33.225511,8.3.CO_EMP_TEC_MOVIL,82
2016-01,2016,1,Virgin,Virgin,171074,10422043,1.641463,8.3.CO_EMP_TEC_MOVIL,82
2016-01,2016,1,GTD Móvil,GTD Móvil,8161,10422043,0.078305,8.3.CO_EMP_TEC_MOVIL,82
2016-01,2016,1,WOM,WOM,593462,10422043,5.694296,8.3.CO_EMP_TEC_MOVIL,82
2016-01,2016,1,Netline,Netline,1244,10422043,0.011936,8.3.CO_EMP_TEC_MOVIL,82
2016-01,2016,1,Falabella,Falabella,46546,10422043,0.446611,8.3.CO_EMP_TEC_MOVIL,82
2016-01,2016,1,Simple,Simple,9890,10422043,0.094895,8.3.CO_EMP_TEC_MOVIL,82
2016-01,2016,1,Entelphone,Entelphone,26897,10422043,0.258078,8.3.CO_EMP_TEC_MOVIL,82
2016-02,2016,2,Movistar,Movistar,3040924,10458480,29.076156,8.3.CO_EMP_TEC_MOVIL,83
2016-02,2016,2,Grupo Claro-VTR,Grupo Claro-VTR,2966577,10458480,28.365279,8.3.CO_EMP_TEC_MOVIL,83
2016-02,2016,2,Entel,Entel PCS,3544503,10458480,33.891187,8.3.CO_EMP_TEC_MOVIL,83
2016-02,2016,2,Virgin,Virgin,179026,10458480,1.711778,8.3.CO_EMP_TEC_MOVIL,83
2016-02,2016,2,GTD Móvil,GTD Móvil,8001,10458480,0.076503,8.3.CO_EMP_TEC_MOVIL,83
2016-02,2016,2,WOM,WOM,633615,10458480,6.058385,8.3.CO_EMP_TEC_MOVIL,83
2016-02,2016,2,Netline,Netline,1209,10458480,0.01156,8.3.CO_EMP_TEC_MOVIL,83
2016-02,2016,2,Falabella,Falabella,46755,10458480,0.447053,8.3.CO_EMP_TEC_MOVIL,83
2016-02,2016,2,Simple,Simple,10302,10458480,0.098504,8.3.CO_EMP_TEC_MOVIL,83
2016-02,2016,2,Entelphone,Entelphone,27568,10458480,0.263595,8.3.CO_EMP_TEC_MOVIL,83
2016-03,2016,3,Movistar,Movistar,3080037,10649568,28.921708,8.3.CO_EMP_TEC_MOVIL,84
2016-03,2016,3,Grupo Claro-VTR,Grupo Claro-VTR,3032303,10649568,28.473484,8.3.CO_EMP_TEC_MOVIL,84
2016-03,2016,3,Entel,Entel PCS,3566490,10649568,33.489527,8.3.CO_EMP_TEC_MOVIL,84
2016-03,2016,3,Virgin,Virgin,183821,10649568,1.726089,8.3.CO_EMP_TEC_MOVIL,84
2016-03,2016,3,GTD Móvil,GTD Móvil,8031,10649568,0.075412,8.3.CO_EMP_TEC_MOVIL,84
2016-03,2016,3,WOM,WOM,689473,10649568,6.474187,8.3.CO_EMP_TEC_MOVIL,84
2016-03,2016,3,Netline,Netline,1198,10649568,0.011249,8.3.CO_EMP_TEC_MOVIL,84
2016-03,2016,3,Falabella,Falabella,47634,10649568,0.447286,8.3.CO_EMP_TEC_MOVIL,84
2016-03,2016,3,Simple,Simple,11301,10649568,0.106117,8.3.CO_EMP_TEC_MOVIL,84
2016-03,2016,3,Entelphone,Entelphone,29280,10649568,0.274941,8.3.CO_EMP_TEC_MOVIL,84
2016-04,2016,4,Movistar,Movistar,3115555,10709829,29.090614,8.3.CO_EMP_TEC_MOVIL,85
2016-04,2016,4,Grupo Claro-VTR,Grupo Claro-VTR,2973749,10709829,27.76654,8.3.CO_EMP_TEC_MOVIL,85
2016-04,2016,4,Entel,Entel PCS,3589064,10709829,33.51187,8.3.CO_EMP_TEC_MOVIL,85
2016-04,2016,4,Virgin,Virgin,181743,10709829,1.696974,8.3.CO_EMP_TEC_MOVIL,85
2016-04,2016,4,GTD Móvil,GTD Móvil,8039,10709829,0.075062,8.3.CO_EMP_TEC_MOVIL,85
2016-04,2016,4,WOM,WOM,749534,10709829,6.998562,8.3.CO_EMP_TEC_MOVIL,85
2016-04,2016,4,Netline,Netline,1186,10709829,0.011074,8.3.CO_EMP_TEC_MOVIL,85
2016-04,2016,4,Falabella,Falabella,47538,10709829,0.443873,8.3.CO_EMP_TEC_MOVIL,85
2016-04,2016,4,Simple,Simple,12998,10709829,0.121365,8.3.CO_EMP_TEC_MOVIL,85
2016-04,2016,4,Entelphone,Entelphone,30423,10709829,0.284066,8.3.CO_EMP_TEC_MOVIL,85
2016-05,2016,5,Movistar,Movistar,3241333,11041847,29.354989,8.3.CO_EMP_TEC_MOVIL,86
2016-05,2016,5,Grupo Claro-VTR,Grupo Claro-VTR,3058721,11041847,27.701172,8.3.CO_EMP_TEC_MOVIL,86
2016-05,2016,5,Entel,Entel PCS,3631140,11041847,32.885259,8.3.CO_EMP_TEC_MOVIL,86
2016-05,2016,5,Virgin,Virgin,183522,11041847,1.662059,8.3.CO_EMP_TEC_MOVIL,86
2016-05,2016,5,GTD Móvil,GTD Móvil,8041,11041847,0.072823,8.3.CO_EMP_TEC_MOVIL,86
2016-05,2016,5,WOM,WOM,825240,11041847,7.47375,8.3.CO_EMP_TEC_MOVIL,86
2016-05,2016,5,Netline,Netline,1229,11041847,0.01113,8.3.CO_EMP_TEC_MOVIL,86
2016-05,2016,5,Falabella,Falabella,48343,11041847,0.437816,8.3.CO_EMP_TEC_MOVIL,86
2016-05,2016,5,Simple,Simple,13900,11041847,0.125885,8.3.CO_EMP_TEC_MOVIL,86
2016-05,2016,5,Entelphone,Entelphone,30378,11041847,0.275117,8.3.CO_EMP_TEC_MOVIL,86
2016-06,2016,6,Movistar,Movistar,3335863,11382948,29.305791,8.3.CO_EMP_TEC_MOVIL,87
2016-06,2016,6,Grupo Claro-VTR,Grupo Claro-VTR,3000196,11382948,26.356933,8.3.CO_EMP_TEC_MOVIL,87
2016-06,2016,6,Entel,Entel PCS,3856286,11382948,33.877744,8.3.CO_EMP_TEC_MOVIL,87
2016-06,2016,6,Virgin,Virgin,181953,11382948,1.59847,8.3.CO_EMP_TEC_MOVIL,87
2016-06,2016,6,GTD Móvil,GTD Móvil,7930,11382948,0.069666,8.3.CO_EMP_TEC_MOVIL,87
2016-06,2016,6,WOM,WOM,903961,11382948,7.941361,8.3.CO_EMP_TEC_MOVIL,87
2016-06,2016,6,Netline,Netline,1229,11382948,0.010797,8.3.CO_EMP_TEC_MOVIL,87
2016-06,2016,6,Falabella,Falabella,49942,11382948,0.438744,8.3.CO_EMP_TEC_MOVIL,87
2016-06,2016,6,Simple,Simple,14201,11382948,0.124757,8.3.CO_EMP_TEC_MOVIL,87
2016-06,2016,6,Entelphone,Entelphone,31387,11382948,0.275737,8.3.CO_EMP_TEC_MOVIL,87
2016-07,2016,7,Movistar,Movistar,3461281,11821952,29.278422,8.3.CO_EMP_TEC_MOVIL,88
2016-07,2016,7,Grupo Claro-VTR,Grupo Claro-VTR,3045349,11821952,25.76012,8.3.CO_EMP_TEC_MOVIL,88
2016-07,2016,7,Entel,Entel PCS,4024740,11821952,34.044632,8.3.CO_EMP_TEC_MOVIL,88
2016-07,2016,7,Virgin,Virgin,180135,11821952,1.523733,8.3.CO_EMP_TEC_MOVIL,88
2016-07,2016,7,GTD Móvil,GTD Móvil,8139,11821952,0.068846,8.3.CO_EMP_TEC_MOVIL,88
2016-07,2016,7,WOM,WOM,1001845,11821952,8.474447,8.3.CO_EMP_TEC_MOVIL,88
2016-07,2016,7,Netline,Netline,1222,11821952,0.010337,8.3.CO_EMP_TEC_MOVIL,88
2016-07,2016,7,Falabella,Falabella,51485,11821952,0.435503,8.3.CO_EMP_TEC_MOVIL,88
2016-07,2016,7,Simple,Simple,15204,11821952,0.128608,8.3.CO_EMP_TEC_MOVIL,88
2016-07,2016,7,Entelphone,Entelphone,32552,11821952,0.275352,8.3.CO_EMP_TEC_MOVIL,88
2016-08,2016,8,Movistar,Movistar,3601805,12258023,29.383246,8.3.CO_EMP_TEC_MOVIL,89
2016-08,2016,8,Grupo Claro-VTR,Grupo Claro-VTR,3118860,12258023,25.443418,8.3.CO_EMP_TEC_MOVIL,89
2016-08,2016,8,Entel,Entel PCS,4125507,12258023,33.655566,8.3.CO_EMP_TEC_MOVIL,89
2016-08,2016,8,Virgin,Virgin,187244,12258023,1.527522,8.3.CO_EMP_TEC_MOVIL,89
2016-08,2016,8,GTD Móvil,GTD Móvil,8332,12258023,0.067972,8.3.CO_EMP_TEC_MOVIL,89
2016-08,2016,8,WOM,WOM,1112342,12258023,9.0744,8.3.CO_EMP_TEC_MOVIL,89
2016-08,2016,8,Netline,Netline,1900,12258023,0.0155,8.3.CO_EMP_TEC_MOVIL,89
2016-08,2016,8,Falabella,Falabella,52262,12258023,0.426349,8.3.CO_EMP_TEC_MOVIL,89
2016-08,2016,8,Simple,Simple,15998,12258023,0.13051,8.3.CO_EMP_TEC_MOVIL,89
2016-08,2016,8,Entelphone,Entelphone,33773,12258023,0.275518,8.3.CO_EMP_TEC_MOVIL,89
2016-09,2016,9,Movistar,Movistar,3660893,12449270,29.406487,8.3.CO_EMP_TEC_MOVIL,90
2016-09,2016,9,Grupo Claro-VTR,Grupo Claro-VTR,3117546,12449270,25.041998,8.3.CO_EMP_TEC_MOVIL,90
2016-09,2016,9,Entel,Entel PCS,4197267,12449270,33.714965,8.3.CO_EMP_TEC_MOVIL,90
2016-09,2016,9,Virgin,Virgin,184564,12449270,1.482529,8.3.CO_EMP_TEC_MOVIL,90
2016-09,2016,9,GTD Móvil,GTD Móvil,8330,12449270,0.066912,8.3.CO_EMP_TEC_MOVIL,90
2016-09,2016,9,WOM,WOM,1175104,12449270,9.43914,8.3.CO_EMP_TEC_MOVIL,90
2016-09,2016,9,Netline,Netline,1864,12449270,0.014973,8.3.CO_EMP_TEC_MOVIL,90
2016-09,2016,9,Falabella,Falabella,51316,12449270,0.412201,8.3.CO_EMP_TEC_MOVIL,90
2016-09,2016,9,Simple,Simple,16200,12449270,0.130128,8.3.CO_EMP_TEC_MOVIL,90
2016-09,2016,9,Entelphone,Entelphone,36186,12449270,0.290668,8.3.CO_EMP_TEC_MOVIL,90
2016-10,2016,10,Movistar,Movistar,3728000,12511230,29.79723,8.3.CO_EMP_TEC_MOVIL,91
2016-10,2016,10,Grupo Claro-VTR,Grupo Claro-VTR,3100845,12511230,24.784494,8.3.CO_EMP_TEC_MOVIL,91
2016-10,2016,10,Entel,Entel PCS,4140347,12511230,33.093045,8.3.CO_EMP_TEC_MOVIL,91
2016-10,2016,10,Virgin,Virgin,182723,12511230,1.460472,8.3.CO_EMP_TEC_MOVIL,91
2016-10,2016,10,GTD Móvil,GTD Móvil,8406,12511230,0.067188,8.3.CO_EMP_TEC_MOVIL,91
2016-10,2016,10,WOM,WOM,1241647,12511230,9.92426,8.3.CO_EMP_TEC_MOVIL,91
2016-10,2016,10,Netline,Netline,2278,12511230,0.018208,8.3.CO_EMP_TEC_MOVIL,91
2016-10,2016,10,Falabella,Falabella,51421,12511230,0.410999,8.3.CO_EMP_TEC_MOVIL,91
2016-10,2016,10,Simple,Simple,16901,12511230,0.135087,8.3.CO_EMP_TEC_MOVIL,91
2016-10,2016,10,Entelphone,Entelphone,38662,12511230,0.309018,8.3.CO_EMP_TEC_MOVIL,91
2016-11,2016,11,Movistar,Movistar,3787026,12872080,29.420467,8.3.CO_EMP_TEC_MOVIL,92
2016-11,2016,11,Grupo Claro-VTR,Grupo Claro-VTR,3372561,12872080,26.200591,8.3.CO_EMP_TEC_MOVIL,92
2016-11,2016,11,Entel,Entel PCS,4100723,12872080,31.857501,8.3.CO_EMP_TEC_MOVIL,92
2016-11,2016,11,Virgin,Virgin,180844,12872080,1.404932,8.3.CO_EMP_TEC_MOVIL,92
2016-11,2016,11,GTD Móvil,GTD Móvil,8386,12872080,0.065149,8.3.CO_EMP_TEC_MOVIL,92
2016-11,2016,11,WOM,WOM,1309686,12872080,10.174626,8.3.CO_EMP_TEC_MOVIL,92
2016-11,2016,11,Netline,Netline,1983,12872080,0.015405,8.3.CO_EMP_TEC_MOVIL,92
2016-11,2016,11,Falabella,Falabella,51300,12872080,0.398537,8.3.CO_EMP_TEC_MOVIL,92
2016-11,2016,11,Simple,Simple,17001,12872080,0.132077,8.3.CO_EMP_TEC_MOVIL,92
2016-11,2016,11,Entelphone,Entelphone,42570,12872080,0.330716,8.3.CO_EMP_TEC_MOVIL,92
2016-12,2016,12,Movistar,Movistar,3953949,13215139,29.919844,8.3.CO_EMP_TEC_MOVIL,93
2016-12,2016,12,Grupo Claro-VTR,Grupo Claro-VTR,3339782,13215139,25.272394,8.3.CO_EMP_TEC_MOVIL,93
2016-12,2016,12,Entel,Entel PCS,4158537,13215139,31.467978,8.3.CO_EMP_TEC_MOVIL,93
2016-12,2016,12,Virgin,Virgin,182102,13215139,1.37798,8.3.CO_EMP_TEC_MOVIL,93
2016-12,2016,12,GTD Móvil,GTD Móvil,8519,13215139,0.064464,8.3.CO_EMP_TEC_MOVIL,93
2016-12,2016,12,WOM,WOM,1455701,13215139,11.015404,8.3.CO_EMP_TEC_MOVIL,93
2016-12,2016,12,Netline,Netline,1946,13215139,0.014726,8.3.CO_EMP_TEC_MOVIL,93
2016-12,2016,12,Falabella,Falabella,51986,13215139,0.393382,8.3.CO_EMP_TEC_MOVIL,93
2016-12,2016,12,Simple,Simple,20100,13215139,0.152098,8.3.CO_EMP_TEC_MOVIL,93
2016-12,2016,12,Entelphone,Entelphone,42517,13215139,0.321729,8.3.CO_EMP_TEC_MOVIL,93
2017-01,2017,1,Movistar,Movistar,3951926,13312714,29.685352,8.3.CO_EMP_TEC_MOVIL,94
2017-01,2017,1,Grupo Claro-VTR,Grupo Claro-VTR,3332464,13312714,25.032191,8.3.CO_EMP_TEC_MOVIL,94
2017-01,2017,1,Entel,Entel PCS,4219741,13312714,31.697075,8.3.CO_EMP_TEC_MOVIL,94
2017-01,2017,1,Virgin,Virgin,173550,13312714,1.303641,8.3.CO_EMP_TEC_MOVIL,94
2017-01,2017,1,GTD Móvil,GTD Móvil,8329,13312714,0.062564,8.3.CO_EMP_TEC_MOVIL,94
2017-01,2017,1,WOM,WOM,1510612,13312714,11.347138,8.3.CO_EMP_TEC_MOVIL,94
2017-01,2017,1,Netline,Netline,2001,13312714,0.015031,8.3.CO_EMP_TEC_MOVIL,94
2017-01,2017,1,Falabella,Falabella,51318,13312714,0.385481,8.3.CO_EMP_TEC_MOVIL,94
2017-01,2017,1,Simple,Simple,20502,13312714,0.154003,8.3.CO_EMP_TEC_MOVIL,94
2017-01,2017,1,Entelphone,Entelphone,42271,13312714,0.317524,8.3.CO_EMP_TEC_MOVIL,94
2017-02,2017,2,Movistar,Movistar,4011285,13460316,29.800823,8.3.CO_EMP_TEC_MOVIL,95
2017-02,2017,2,Grupo Claro-VTR,Grupo Claro-VTR,3253193,13460316,24.168771,8.3.CO_EMP_TEC_MOVIL,95
2017-02,2017,2,Entel,Entel PCS,4351796,13460316,32.330563,8.3.CO_EMP_TEC_MOVIL,95
2017-02,2017,2,Virgin,Virgin,165122,13460316,1.226732,8.3.CO_EMP_TEC_MOVIL,95
2017-02,2017,2,GTD Móvil,GTD Móvil,8254,13460316,0.061321,8.3.CO_EMP_TEC_MOVIL,95
2017-02,2017,2,WOM,WOM,1552427,13460316,11.533362,8.3.CO_EMP_TEC_MOVIL,95
2017-02,2017,2,Netline,Netline,1988,13460316,0.014769,8.3.CO_EMP_TEC_MOVIL,95
2017-02,2017,2,Falabella,Falabella,49877,13460316,0.370549,8.3.CO_EMP_TEC_MOVIL,95
2017-02,2017,2,Simple,Simple,20905,13460316,0.155308,8.3.CO_EMP_TEC_MOVIL,95
2017-02,2017,2,Entelphone,Entelphone,45469,13460316,0.3378,8.3.CO_EMP_TEC_MOVIL,95
2017-03,2017,3,Movistar,Movistar,4078473,13739566,29.684147,8.3.CO_EMP_TEC_MOVIL,96
2017-03,2017,3,Grupo Claro-VTR,Grupo Claro-VTR,3292852,13739566,23.966201,8.3.CO_EMP_TEC_MOVIL,96
2017-03,2017,3,Entel,Entel PCS,4407198,13739566,32.07669,8.3.CO_EMP_TEC_MOVIL,96
2017-03,2017,3,Virgin,Virgin,163092,13739566,1.187024,8.3.CO_EMP_TEC_MOVIL,96
2017-03,2017,3,GTD Móvil,GTD Móvil,8390,13739566,0.061065,8.3.CO_EMP_TEC_MOVIL,96
2017-03,2017,3,WOM,WOM,1664537,13739566,12.114917,8.3.CO_EMP_TEC_MOVIL,96
2017-03,2017,3,Netline,Netline,2004,13739566,0.014586,8.3.CO_EMP_TEC_MOVIL,96
2017-03,2017,3,Falabella,Falabella,50474,13739566,0.367362,8.3.CO_EMP_TEC_MOVIL,96
2017-03,2017,3,Simple,Simple,21005,13739566,0.15288,8.3.CO_EMP_TEC_MOVIL,96
2017-03,2017,3,Entelphone,Entelphone,51541,13739566,0.375128,8.3.CO_EMP_TEC_MOVIL,96
2017-04,2017,4,Movistar,Movistar,4044070,13801354,29.30198,8.3.CO_EMP_TEC_MOVIL,97
2017-04,2017,4,Grupo Claro-VTR,Grupo Claro-VTR,3288593,13801354,23.828046,8.3.CO_EMP_TEC_MOVIL,97
2017-04,2017,4,Entel,Entel PCS,4443181,13801354,32.193805,8.3.CO_EMP_TEC_MOVIL,97
2017-04,2017,4,Virgin,Virgin,161026,13801354,1.166741,8.3.CO_EMP_TEC_MOVIL,97
2017-04,2017,4,GTD Móvil,GTD Móvil,8438,13801354,0.061139,8.3.CO_EMP_TEC_MOVIL,97
2017-04,2017,4,WOM,WOM,1725431,13801354,12.501897,8.3.CO_EMP_TEC_MOVIL,97
2017-04,2017,4,Netline,Netline,2156,13801354,0.015622,8.3.CO_EMP_TEC_MOVIL,97
2017-04,2017,4,Falabella,Falabella,50692,13801354,0.367297,8.3.CO_EMP_TEC_MOVIL,97
2017-04,2017,4,Simple,Simple,21010,13801354,0.152231,8.3.CO_EMP_TEC_MOVIL,97
2017-04,2017,4,Entelphone,Entelphone,56757,13801354,0.411242,8.3.CO_EMP_TEC_MOVIL,97
2017-05,2017,5,Movistar,Movistar,4067055,13969047,29.114764,8.3.CO_EMP_TEC_MOVIL,98
2017-05,2017,5,Grupo Claro-VTR,Grupo Claro-VTR,3310454,13969047,23.698496,8.3.CO_EMP_TEC_MOVIL,98
2017-05,2017,5,Entel,Entel PCS,4461901,13969047,31.941341,8.3.CO_EMP_TEC_MOVIL,98
2017-05,2017,5,Virgin,Virgin,159032,13969047,1.13846,8.3.CO_EMP_TEC_MOVIL,98
2017-05,2017,5,GTD Móvil,GTD Móvil,8618,13969047,0.061694,8.3.CO_EMP_TEC_MOVIL,98
2017-05,2017,5,WOM,WOM,1826594,13969047,13.07601,8.3.CO_EMP_TEC_MOVIL,98
2017-05,2017,5,Netline,Netline,2126,13969047,0.015219,8.3.CO_EMP_TEC_MOVIL,98
2017-05,2017,5,Falabella,Falabella,50965,13969047,0.364842,8.3.CO_EMP_TEC_MOVIL,98
2017-05,2017,5,Simple,Simple,21129,13969047,0.151256,8.3.CO_EMP_TEC_MOVIL,98
2017-05,2017,5,Entelphone,Entelphone,61173,13969047,0.437918,8.3.CO_EMP_TEC_MOVIL,98
2017-06,2017,6,Movistar,Movistar,4149713,14067081,29.49946,8.3.CO_EMP_TEC_MOVIL,99
2017-06,2017,6,Grupo Claro-VTR,Grupo Claro-VTR,3240005,14067081,23.032532,8.3.CO_EMP_TEC_MOVIL,99
2017-06,2017,6,Entel,Entel PCS,4471477,14067081,31.786815,8.3.CO_EMP_TEC_MOVIL,99
2017-06,2017,6,Virgin,Virgin,153340,14067081,1.090063,8.3.CO_EMP_TEC_MOVIL,99
2017-06,2017,6,GTD Móvil,GTD Móvil,8579,14067081,0.060986,8.3.CO_EMP_TEC_MOVIL,99
2017-06,2017,6,WOM,WOM,1906912,14067081,13.555847,8.3.CO_EMP_TEC_MOVIL,99
2017-06,2017,6,Netline,Netline,1684,14067081,0.011971,8.3.CO_EMP_TEC_MOVIL,99
2017-06,2017,6,Falabella,Falabella,49758,14067081,0.353719,8.3.CO_EMP_TEC_MOVIL,99
2017-06,2017,6,Simple,Simple,21251,14067081,0.151069,8.3.CO_EMP_TEC_MOVIL,99
2017-06,2017,6,Entelphone,Entelphone,64362,14067081,0.457536,8.3.CO_EMP_TEC_MOVIL,99
2017-07,2017,7,Movistar,Movistar,4237025,14378137,29.468526,8.3.CO_EMP_TEC_MOVIL,100
2017-07,2017,7,Grupo Claro-VTR,Grupo Claro-VTR,3232279,14378137,22.480513,8.3.CO_EMP_TEC_MOVIL,100
2017-07,2017,7,Entel,Entel PCS,4589663,14378137,31.921124,8.3.CO_EMP_TEC_MOVIL,100
2017-07,2017,7,Virgin,Virgin,167575,14378137,1.165485,8.3.CO_EMP_TEC_MOVIL,100
2017-07,2017,7,GTD Móvil,GTD Móvil,8697,14378137,0.060488,8.3.CO_EMP_TEC_MOVIL,100
2017-07,2017,7,WOM,WOM,2002608,14378137,13.928147,8.3.CO_EMP_TEC_MOVIL,100
2017-07,2017,7,Netline,Netline,1544,14378137,0.010739,8.3.CO_EMP_TEC_MOVIL,100
2017-07,2017,7,Falabella,Falabella,49312,14378137,0.342965,8.3.CO_EMP_TEC_MOVIL,100
2017-07,2017,7,Simple,Simple,21301,14378137,0.148149,8.3.CO_EMP_TEC_MOVIL,100
2017-07,2017,7,Entelphone,Entelphone,68133,14378137,0.473865,8.3.CO_EMP_TEC_MOVIL,100
2017-08,2017,8,Movistar,Movistar,4289999,14766471,29.052297,8.3.CO_EMP_TEC_MOVIL,101
2017-08,2017,8,Grupo Claro-VTR,Grupo Claro-VTR,3431846,14766471,23.2408,8.3.CO_EMP_TEC_MOVIL,101
2017-08,2017,8,Entel,Entel PCS,4720882,14766471,31.970279,8.3.CO_EMP_TEC_MOVIL,101
2017-08,2017,8,Virgin,Virgin,162798,14766471,1.102484,8.3.CO_EMP_TEC_MOVIL,101
2017-08,2017,8,GTD Móvil,GTD Móvil,8746,14766471,0.059229,8.3.CO_EMP_TEC_MOVIL,101
2017-08,2017,8,WOM,WOM,2010041,14766471,13.612196,8.3.CO_EMP_TEC_MOVIL,101
2017-08,2017,8,Netline,Netline,1544,14766471,0.010456,8.3.CO_EMP_TEC_MOVIL,101
2017-08,2017,8,Falabella,Falabella,52100,14766471,0.352826,8.3.CO_EMP_TEC_MOVIL,101
2017-08,2017,8,Simple,Simple,21405,14766471,0.144957,8.3.CO_EMP_TEC_MOVIL,101
2017-08,2017,8,Entelphone,Entelphone,67110,14766471,0.454476,8.3.CO_EMP_TEC_MOVIL,101
2017-09,2017,9,Movistar,Movistar,4255495,14886129,28.586982,8.3.CO_EMP_TEC_MOVIL,102
2017-09,2017,9,Grupo Claro-VTR,Grupo Claro-VTR,3383276,14886129,22.727708,8.3.CO_EMP_TEC_MOVIL,102
2017-09,2017,9,Entel,Entel PCS,4813520,14886129,32.335606,8.3.CO_EMP_TEC_MOVIL,102
2017-09,2017,9,Virgin,Virgin,156478,14886129,1.051166,8.3.CO_EMP_TEC_MOVIL,102
2017-09,2017,9,GTD Móvil,GTD Móvil,8661,14886129,0.058182,8.3.CO_EMP_TEC_MOVIL,102
2017-09,2017,9,WOM,WOM,2132237,14886129,14.32365,8.3.CO_EMP_TEC_MOVIL,102
2017-09,2017,9,Netline,Netline,1444,14886129,0.0097,8.3.CO_EMP_TEC_MOVIL,102
2017-09,2017,9,Falabella,Falabella,49138,14886129,0.330093,8.3.CO_EMP_TEC_MOVIL,102
2017-09,2017,9,Simple,Simple,21100,14886129,0.141743,8.3.CO_EMP_TEC_MOVIL,102
2017-09,2017,9,Entelphone,Entelphone,64780,14886129,0.43517,8.3.CO_EMP_TEC_MOVIL,102
2017-10,2017,10,Movistar,Movistar,4479293,15372443,29.138459,8.3.CO_EMP_TEC_MOVIL,103
2017-10,2017,10,Grupo Claro-VTR,Grupo Claro-VTR,3445463,15372443,22.413243,8.3.CO_EMP_TEC_MOVIL,103
2017-10,2017,10,Entel,Entel PCS,4961420,15372443,32.274766,8.3.CO_EMP_TEC_MOVIL,103
2017-10,2017,10,Virgin,Virgin,156033,15372443,1.015018,8.3.CO_EMP_TEC_MOVIL,103
2017-10,2017,10,GTD Móvil,GTD Móvil,8815,15372443,0.057343,8.3.CO_EMP_TEC_MOVIL,103
2017-10,2017,10,WOM,WOM,2193126,15372443,14.266607,8.3.CO_EMP_TEC_MOVIL,103
2017-10,2017,10,Netline,Netline,1371,15372443,0.008919,8.3.CO_EMP_TEC_MOVIL,103
2017-10,2017,10,Falabella,Falabella,41955,15372443,0.272923,8.3.CO_EMP_TEC_MOVIL,103
2017-10,2017,10,Simple,Simple,21487,15372443,0.139776,8.3.CO_EMP_TEC_MOVIL,103
2017-10,2017,10,Entelphone,Entelphone,63480,15372443,0.412947,8.3.CO_EMP_TEC_MOVIL,103
2017-11,2017,11,Movistar,Movistar,4505318,15824969,28.46968,8.3.CO_EMP_TEC_MOVIL,104
2017-11,2017,11,Grupo Claro-VTR,Grupo Claro-VTR,3522282,15824969,22.25775,8.3.CO_EMP_TEC_MOVIL,104
2017-11,2017,11,Entel,Entel PCS,5259842,15824969,33.237613,8.3.CO_EMP_TEC_MOVIL,104
2017-11,2017,11,Virgin,Virgin,154758,15824969,0.977936,8.3.CO_EMP_TEC_MOVIL,104
2017-11,2017,11,GTD Móvil,GTD Móvil,8894,15824969,0.056202,8.3.CO_EMP_TEC_MOVIL,104
2017-11,2017,11,WOM,WOM,2250213,15824969,14.219383,8.3.CO_EMP_TEC_MOVIL,104
2017-11,2017,11,Netline,Netline,1407,15824969,0.008891,8.3.CO_EMP_TEC_MOVIL,104
2017-11,2017,11,Falabella,Falabella,39345,15824969,0.248626,8.3.CO_EMP_TEC_MOVIL,104
2017-11,2017,11,Simple,Simple,21510,15824969,0.135924,8.3.CO_EMP_TEC_MOVIL,104
2017-11,2017,11,Entelphone,Entelphone,61400,15824969,0.387994,8.3.CO_EMP_TEC_MOVIL,104
2017-12,2017,12,Movistar,Movistar,4661805,16322988,28.559753,8.3.CO_EMP_TEC_MOVIL,105
2017-12,2017,12,Grupo Claro-VTR,Grupo Claro-VTR,3684605,16322988,22.573104,8.3.CO_EMP_TEC_MOVIL,105
2017-12,2017,12,Entel,Entel PCS,5267694,16322988,32.271628,8.3.CO_EMP_TEC_MOVIL,105
2017-12,2017,12,Virgin,Virgin,156859,16322988,0.96097,8.3.CO_EMP_TEC_MOVIL,105
2017-12,2017,12,GTD Móvil,GTD Móvil,8988,16322988,0.055063,8.3.CO_EMP_TEC_MOVIL,105
2017-12,2017,12,WOM,WOM,2422927,16322988,14.843649,8.3.CO_EMP_TEC_MOVIL,105
2017-12,2017,12,Netline,Netline,1452,16322988,0.008895,8.3.CO_EMP_TEC_MOVIL,105
2017-12,2017,12,Falabella,Falabella,36942,16322988,0.226319,8.3.CO_EMP_TEC_MOVIL,105
2017-12,2017,12,Simple,Simple,21190,16322988,0.129817,8.3.CO_EMP_TEC_MOVIL,105
2017-12,2017,12,Entelphone,Entelphone,60526,16322988,0.370802,8.3.CO_EMP_TEC_MOVIL,105
2018-01,2018,1,Movistar,Movistar,4549683,16222761,28.04506,8.3.CO_EMP_TEC_MOVIL,106
2018-01,2018,1,Grupo Claro-VTR,Grupo Claro-VTR,3640284,16222761,22.439362,8.3.CO_EMP_TEC_MOVIL,106
2018-01,2018,1,Entel,Entel PCS,5271681,16222761,32.495584,8.3.CO_EMP_TEC_MOVIL,106
2018-01,2018,1,Virgin,Virgin,156058,16222761,0.961969,8.3.CO_EMP_TEC_MOVIL,106
2018-01,2018,1,GTD Móvil,GTD Móvil,9387,16222761,0.057863,8.3.CO_EMP_TEC_MOVIL,106
2018-01,2018,1,WOM,WOM,2483438,16222761,15.308356,8.3.CO_EMP_TEC_MOVIL,106
2018-01,2018,1,Netline,Netline,1400,16222761,0.00863,8.3.CO_EMP_TEC_MOVIL,106
2018-01,2018,1,Falabella,Falabella,34116,16222761,0.210297,8.3.CO_EMP_TEC_MOVIL,106
2018-01,2018,1,Simple,Simple,19100,16222761,0.117736,8.3.CO_EMP_TEC_MOVIL,106
2018-01,2018,1,Entelphone,Entelphone,57614,16222761,0.355143,8.3.CO_EMP_TEC_MOVIL,106
2018-02,2018,2,Movistar,Movistar,4633760,16567750,27.968553,8.3.CO_EMP_TEC_MOVIL,107
2018-02,2018,2,Grupo Claro-VTR,Grupo Claro-VTR,3871431,16567750,23.367271,8.3.CO_EMP_TEC_MOVIL,107
2018-02,2018,2,Entel,Entel PCS,5285116,16567750,31.900023,8.3.CO_EMP_TEC_MOVIL,107
2018-02,2018,2,Virgin,Virgin,155906,16567750,0.941021,8.3.CO_EMP_TEC_MOVIL,107
2018-02,2018,2,GTD Móvil,GTD Móvil,9015,16567750,0.054413,8.3.CO_EMP_TEC_MOVIL,107
2018-02,2018,2,WOM,WOM,2508052,16567750,15.138157,8.3.CO_EMP_TEC_MOVIL,107
2018-02,2018,2,Netline,Netline,1317,16567750,0.007949,8.3.CO_EMP_TEC_MOVIL,107
2018-02,2018,2,Falabella,Falabella,29577,16567750,0.178522,8.3.CO_EMP_TEC_MOVIL,107
2018-02,2018,2,Simple,Simple,17790,16567750,0.107377,8.3.CO_EMP_TEC_MOVIL,107
2018-02,2018,2,Entelphone,Entelphone,55786,16567750,0.336714,8.3.CO_EMP_TEC_MOVIL,107
2018-03,2018,3,Movistar,Movistar,4746697,16931953,28.03396,8.3.CO_EMP_TEC_MOVIL,108
2018-03,2018,3,Grupo Claro-VTR,Grupo Claro-VTR,3927304,16931953,23.194631,8.3.CO_EMP_TEC_MOVIL,108
2018-03,2018,3,Entel,Entel PCS,5380513,16931953,31.777273,8.3.CO_EMP_TEC_MOVIL,108
2018-03,2018,3,Virgin,Virgin,154637,16931953,0.913285,8.3.CO_EMP_TEC_MOVIL,108
2018-03,2018,3,GTD Móvil,GTD Móvil,9520,16931953,0.056225,8.3.CO_EMP_TEC_MOVIL,108
2018-03,2018,3,WOM,WOM,2610094,16931953,15.415198,8.3.CO_EMP_TEC_MOVIL,108
2018-03,2018,3,Netline,Netline,1371,16931953,0.008097,8.3.CO_EMP_TEC_MOVIL,108
2018-03,2018,3,Falabella,Falabella,25292,16931953,0.149374,8.3.CO_EMP_TEC_MOVIL,108
2018-03,2018,3,Simple,Simple,17995,16931953,0.106278,8.3.CO_EMP_TEC_MOVIL,108
2018-03,2018,3,Entelphone,Entelphone,58530,16931953,0.345678,8.3.CO_EMP_TEC_MOVIL,108
2018-04,2018,4,Movistar,Movistar,4744351,17154604,27.65643,8.3.CO_EMP_TEC_MOVIL,109
2018-04,2018,4,Grupo Claro-VTR,Grupo Claro-VTR,3929155,17154604,22.904376,8.3.CO_EMP_TEC_MOVIL,109
2018-04,2018,4,Entel,Entel PCS,5525314,17154604,32.208928,8.3.CO_EMP_TEC_MOVIL,109
2018-04,2018,4,Virgin,Virgin,153955,17154604,0.897456,8.3.CO_EMP_TEC_MOVIL,109
2018-04,2018,4,GTD Móvil,GTD Móvil,9666,17154604,0.056346,8.3.CO_EMP_TEC_MOVIL,109
2018-04,2018,4,WOM,WOM,2695863,17154604,15.715099,8.3.CO_EMP_TEC_MOVIL,109
2018-04,2018,4,Netline,Netline,1291,17154604,0.007526,8.3.CO_EMP_TEC_MOVIL,109
2018-04,2018,4,Falabella,Falabella,17113,17154604,0.099757,8.3.CO_EMP_TEC_MOVIL,109
2018-04,2018,4,Simple,Simple,18090,17154604,0.105453,8.3.CO_EMP_TEC_MOVIL,109
2018-04,2018,4,Entelphone,Entelphone,59806,17154604,0.348629,8.3.CO_EMP_TEC_MOVIL,109
2018-05,2018,5,Movistar,Movistar,4746034,17337184,27.374884,8.3.CO_EMP_TEC_MOVIL,110
2018-05,2018,5,Grupo Claro-VTR,Grupo Claro-VTR,3896737,17337184,22.476182,8.3.CO_EMP_TEC_MOVIL,110
2018-05,2018,5,Entel,Entel PCS,5673795,17337184,32.726162,8.3.CO_EMP_TEC_MOVIL,110
2018-05,2018,5,Virgin,Virgin,150195,17337184,0.866317,8.3.CO_EMP_TEC_MOVIL,110
2018-05,2018,5,GTD Móvil,GTD Móvil,9562,17337184,0.055153,8.3.CO_EMP_TEC_MOVIL,110
2018-05,2018,5,WOM,WOM,2778073,17337184,16.023784,8.3.CO_EMP_TEC_MOVIL,110
2018-05,2018,5,Netline,Netline,1292,17337184,0.007452,8.3.CO_EMP_TEC_MOVIL,110
2018-05,2018,5,Falabella,Falabella,2641,17337184,0.015233,8.3.CO_EMP_TEC_MOVIL,110
2018-05,2018,5,Simple,Simple,16052,17337184,0.092587,8.3.CO_EMP_TEC_MOVIL,110
2018-05,2018,5,Entelphone,Entelphone,62803,17337184,0.362245,8.3.CO_EMP_TEC_MOVIL,110
2018-06,2018,6,Movistar,Movistar,4735307,17407926,27.202017,8.3.CO_EMP_TEC_MOVIL,111
2018-06,2018,6,Grupo Claro-VTR,Grupo Claro-VTR,3852892,17407926,22.132976,8.3.CO_EMP_TEC_MOVIL,111
2018-06,2018,6,Entel,Entel PCS,5689938,17407926,32.685904,8.3.CO_EMP_TEC_MOVIL,111
2018-06,2018,6,Virgin,Virgin,148625,17407926,0.853778,8.3.CO_EMP_TEC_MOVIL,111
2018-06,2018,6,GTD Móvil,GTD Móvil,9292,17407926,0.053378,8.3.CO_EMP_TEC_MOVIL,111
2018-06,2018,6,WOM,WOM,2885845,17407926,16.577765,8.3.CO_EMP_TEC_MOVIL,111
2018-06,2018,6,Netline,Netline,1303,17407926,0.007485,8.3.CO_EMP_TEC_MOVIL,111
2018-06,2018,6,Falabella,Falabella,1713,17407926,0.00984,8.3.CO_EMP_TEC_MOVIL,111
2018-06,2018,6,Simple,Simple,16010,17407926,0.09197,8.3.CO_EMP_TEC_MOVIL,111
2018-06,2018,6,Entelphone,Entelphone,67001,17407926,0.384888,8.3.CO_EMP_TEC_MOVIL,111
2018-07,2018,7,Movistar,Movistar,4738539,17472601,27.119826,8.3.CO_EMP_TEC_MOVIL,112
2018-07,2018,7,Grupo Claro-VTR,Grupo Claro-VTR,3835266,17472601,21.950172,8.3.CO_EMP_TEC_MOVIL,112
2018-07,2018,7,Entel,Entel PCS,5728958,17472601,32.788238,8.3.CO_EMP_TEC_MOVIL,112
2018-07,2018,7,Virgin,Virgin,146602,17472601,0.839039,8.3.CO_EMP_TEC_MOVIL,112
2018-07,2018,7,GTD Móvil,GTD Móvil,9182,17472601,0.052551,8.3.CO_EMP_TEC_MOVIL,112
2018-07,2018,7,WOM,WOM,2929383,17472601,16.765581,8.3.CO_EMP_TEC_MOVIL,112
2018-07,2018,7,Netline,Netline,1222,17472601,0.006994,8.3.CO_EMP_TEC_MOVIL,112
2018-07,2018,7,Falabella,Falabella,417,17472601,0.002387,8.3.CO_EMP_TEC_MOVIL,112
2018-07,2018,7,Simple,Simple,16221,17472601,0.092837,8.3.CO_EMP_TEC_MOVIL,112
2018-07,2018,7,Entelphone,Entelphone,66811,17472601,0.382376,8.3.CO_EMP_TEC_MOVIL,112
2018-08,2018,8,Movistar,Movistar,4738619,17670370,26.81675,8.3.CO_EMP_TEC_MOVIL,113
2018-08,2018,8,Grupo Claro-VTR,Grupo Claro-VTR,3888169,17670370,22.003891,8.3.CO_EMP_TEC_MOVIL,113
2018-08,2018,8,Entel,Entel PCS,5711578,17670370,32.322911,8.3.CO_EMP_TEC_MOVIL,113
2018-08,2018,8,Virgin,Virgin,153010,17670370,0.865913,8.3.CO_EMP_TEC_MOVIL,113
2018-08,2018,8,GTD Móvil,GTD Móvil,9302,17670370,0.052642,8.3.CO_EMP_TEC_MOVIL,113
2018-08,2018,8,WOM,WOM,3088074,17670370,17.476001,8.3.CO_EMP_TEC_MOVIL,113
2018-08,2018,8,Netline,Netline,1371,17670370,0.007759,8.3.CO_EMP_TEC_MOVIL,113
2018-08,2018,8,Falabella,Falabella,161,17670370,0.000911,8.3.CO_EMP_TEC_MOVIL,113
2018-08,2018,8,Simple,Simple,18111,17670370,0.102494,8.3.CO_EMP_TEC_MOVIL,113
2018-08,2018,8,Entelphone,Entelphone,61975,17670370,0.350728,8.3.CO_EMP_TEC_MOVIL,113
2018-09,2018,9,Movistar,Movistar,4737127,17908788,26.45141,8.3.CO_EMP_TEC_MOVIL,114
2018-09,2018,9,Grupo Claro-VTR,Grupo Claro-VTR,3988891,17908788,22.273372,8.3.CO_EMP_TEC_MOVIL,114
2018-09,2018,9,Entel,Entel PCS,5780548,17908788,32.277718,8.3.CO_EMP_TEC_MOVIL,114
2018-09,2018,9,Virgin,Virgin,156052,17908788,0.871371,8.3.CO_EMP_TEC_MOVIL,114
2018-09,2018,9,GTD Móvil,GTD Móvil,9236,17908788,0.051572,8.3.CO_EMP_TEC_MOVIL,114
2018-09,2018,9,WOM,WOM,3159443,17908788,17.641858,8.3.CO_EMP_TEC_MOVIL,114
2018-09,2018,9,Netline,Netline,1175,17908788,0.006561,8.3.CO_EMP_TEC_MOVIL,114
2018-09,2018,9,Falabella,Falabella,78,17908788,0.000436,8.3.CO_EMP_TEC_MOVIL,114
2018-09,2018,9,Simple,Simple,18320,17908788,0.102296,8.3.CO_EMP_TEC_MOVIL,114
2018-09,2018,9,Entelphone,Entelphone,57918,17908788,0.323405,8.3.CO_EMP_TEC_MOVIL,114
2018-10,2018,10,Movistar,Movistar,4658592,17984113,25.90393,8.3.CO_EMP_TEC_MOVIL,115
2018-10,2018,10,Grupo Claro-VTR,Grupo Claro-VTR,3942533,17984113,21.92231,8.3.CO_EMP_TEC_MOVIL,115
2018-10,2018,10,Entel,Entel PCS,5865636,17984113,32.615654,8.3.CO_EMP_TEC_MOVIL,115
2018-10,2018,10,Virgin,Virgin,160843,17984113,0.894362,8.3.CO_EMP_TEC_MOVIL,115
2018-10,2018,10,GTD Móvil,GTD Móvil,9432,17984113,0.052446,8.3.CO_EMP_TEC_MOVIL,115
2018-10,2018,10,WOM,WOM,3268305,17984113,18.17329,8.3.CO_EMP_TEC_MOVIL,115
2018-10,2018,10,Netline,Netline,1174,17984113,0.006528,8.3.CO_EMP_TEC_MOVIL,115
2018-10,2018,10,Simple,Simple,18700,17984113,0.103981,8.3.CO_EMP_TEC_MOVIL,115
2018-10,2018,10,Entelphone,Entelphone,58898,17984113,0.3275,8.3.CO_EMP_TEC_MOVIL,115
2018-11,2018,11,Movistar,Movistar,4839251,18204845,26.582215,8.3.CO_EMP_TEC_MOVIL,116
2018-11,2018,11,Grupo Claro-VTR,Grupo Claro-VTR,3983391,18204845,21.880939,8.3.CO_EMP_TEC_MOVIL,116
2018-11,2018,11,Entel,Entel PCS,5801004,18204845,31.865166,8.3.CO_EMP_TEC_MOVIL,116
2018-11,2018,11,Virgin,Virgin,166624,18204845,0.915273,8.3.CO_EMP_TEC_MOVIL,116
2018-11,2018,11,GTD Móvil,GTD Móvil,9432,18204845,0.05181,8.3.CO_EMP_TEC_MOVIL,116
2018-11,2018,11,WOM,WOM,3326101,18204845,18.270416,8.3.CO_EMP_TEC_MOVIL,116
2018-11,2018,11,Netline,Netline,1170,18204845,0.006427,8.3.CO_EMP_TEC_MOVIL,116
2018-11,2018,11,Simple,Simple,17403,18204845,0.095595,8.3.CO_EMP_TEC_MOVIL,116
2018-11,2018,11,Entelphone,Entelphone,60469,18204845,0.332159,8.3.CO_EMP_TEC_MOVIL,116
2018-12,2018,12,Movistar,Movistar,4299868,18108905,23.744495,8.3.CO_EMP_TEC_MOVIL,117
2018-12,2018,12,Grupo Claro-VTR,Grupo Claro-VTR,4080855,18108905,22.535073,8.3.CO_EMP_TEC_MOVIL,117
2018-12,2018,12,Entel,Entel PCS,5941994,18108905,32.812553,8.3.CO_EMP_TEC_MOVIL,117
2018-12,2018,12,Virgin,Virgin,174303,18108905,0.962526,8.3.CO_EMP_TEC_MOVIL,117
2018-12,2018,12,GTD Móvil,GTD Móvil,9786,18108905,0.05404,8.3.CO_EMP_TEC_MOVIL,117
2018-12,2018,12,WOM,WOM,3517900,18108905,19.426354,8.3.CO_EMP_TEC_MOVIL,117
2018-12,2018,12,Netline,Netline,1132,18108905,0.006251,8.3.CO_EMP_TEC_MOVIL,117
2018-12,2018,12,Simple,Simple,20713,18108905,0.11438,8.3.CO_EMP_TEC_MOVIL,117
2018-12,2018,12,Entelphone,Entelphone,62354,18108905,0.344328,8.3.CO_EMP_TEC_MOVIL,117
2019-01,2019,1,Movistar,Movistar,4269763,18222392,23.431408,8.3.CO_EMP_TEC_MOVIL,118
2019-01,2019,1,Grupo Claro-VTR,Grupo Claro-VTR,4205214,18222392,23.077179,8.3.CO_EMP_TEC_MOVIL,118
2019-01,2019,1,Entel,Entel PCS,5969619,18222392,32.759799,8.3.CO_EMP_TEC_MOVIL,118
2019-01,2019,1,Virgin,Virgin,174488,18222392,0.957547,8.3.CO_EMP_TEC_MOVIL,118
2019-01,2019,1,GTD Móvil,GTD Móvil,9949,18222392,0.054598,8.3.CO_EMP_TEC_MOVIL,118
2019-01,2019,1,WOM,WOM,3570965,18222392,19.596577,8.3.CO_EMP_TEC_MOVIL,118
2019-01,2019,1,Netline,Netline,1146,18222392,0.006289,8.3.CO_EMP_TEC_MOVIL,118
2019-01,2019,1,Simple,Simple,21248,18222392,0.116604,8.3.CO_EMP_TEC_MOVIL,118
2019-02,2019,2,Movistar,Movistar,4230085,18302307,23.112305,8.3.CO_EMP_TEC_MOVIL,119
2019-02,2019,2,Grupo Claro-VTR,Grupo Claro-VTR,4342655,18302307,23.727364,8.3.CO_EMP_TEC_MOVIL,119
2019-02,2019,2,Entel,Entel PCS,5921603,18302307,32.354408,8.3.CO_EMP_TEC_MOVIL,119
2019-02,2019,2,Virgin,Virgin,173288,18302307,0.94681,8.3.CO_EMP_TEC_MOVIL,119
2019-02,2019,2,GTD Móvil,GTD Móvil,9815,18302307,0.053627,8.3.CO_EMP_TEC_MOVIL,119
2019-02,2019,2,WOM,WOM,3606397,18302307,19.704603,8.3.CO_EMP_TEC_MOVIL,119
2019-02,2019,2,Netline,Netline,1061,18302307,0.005797,8.3.CO_EMP_TEC_MOVIL,119
2019-02,2019,2,Simple,Simple,17403,18302307,0.095086,8.3.CO_EMP_TEC_MOVIL,119
2019-03,2019,3,Movistar,Movistar,4272519,18539051,23.04605,8.3.CO_EMP_TEC_MOVIL,120
2019-03,2019,3,Grupo Claro-VTR,Grupo Claro-VTR,4370012,18539051,23.571929,8.3.CO_EMP_TEC_MOVIL,120
2019-03,2019,3,Entel,Entel PCS,5965916,18539051,32.180266,8.3.CO_EMP_TEC_MOVIL,120
2019-03,2019,3,Virgin,Virgin,177004,18539051,0.954763,8.3.CO_EMP_TEC_MOVIL,120
2019-03,2019,3,GTD Móvil,GTD Móvil,9924,18539051,0.05353,8.3.CO_EMP_TEC_MOVIL,120
2019-03,2019,3,WOM,WOM,3718285,18539051,20.056501,8.3.CO_EMP_TEC_MOVIL,120
2019-03,2019,3,Netline,Netline,1046,18539051,0.005642,8.3.CO_EMP_TEC_MOVIL,120
2019-03,2019,3,Simple,Simple,24345,18539051,0.131317,8.3.CO_EMP_TEC_MOVIL,120
2019-04,2019,4,Movistar,Movistar,4227077,18575920,22.75568,8.3.CO_EMP_TEC_MOVIL,121
2019-04,2019,4,Grupo Claro-VTR,Grupo Claro-VTR,4407996,18575920,23.729624,8.3.CO_EMP_TEC_MOVIL,121
2019-04,2019,4,Entel,Entel PCS,5970706,18575920,32.142182,8.3.CO_EMP_TEC_MOVIL,121
2019-04,2019,4,Virgin,Virgin,177869,18575920,0.957525,8.3.CO_EMP_TEC_MOVIL,121
2019-04,2019,4,GTD Móvil,GTD Móvil,9778,18575920,0.052638,8.3.CO_EMP_TEC_MOVIL,121
2019-04,2019,4,WOM,WOM,3762417,18575920,20.25427,8.3.CO_EMP_TEC_MOVIL,121
2019-04,2019,4,Netline,Netline,1017,18575920,0.005475,8.3.CO_EMP_TEC_MOVIL,121
2019-04,2019,4,Simple,Simple,19060,18575920,0.102606,8.3.CO_EMP_TEC_MOVIL,121
2019-05,2019,5,Movistar,Movistar,4235957,18620222,22.749229,8.3.CO_EMP_TEC_MOVIL,122
2019-05,2019,5,Grupo Claro-VTR,Grupo Claro-VTR,4371982,18620222,23.479752,8.3.CO_EMP_TEC_MOVIL,122
2019-05,2019,5,Entel,Entel PCS,5993006,18620222,32.18547,8.3.CO_EMP_TEC_MOVIL,122
2019-05,2019,5,Virgin,Virgin,179009,18620222,0.961369,8.3.CO_EMP_TEC_MOVIL,122
2019-05,2019,5,GTD Móvil,GTD Móvil,9724,18620222,0.052223,8.3.CO_EMP_TEC_MOVIL,122
2019-05,2019,5,WOM,WOM,3813259,18620222,20.479127,8.3.CO_EMP_TEC_MOVIL,122
2019-05,2019,5,Netline,Netline,957,18620222,0.00514,8.3.CO_EMP_TEC_MOVIL,122
2019-05,2019,5,Simple,Simple,16328,18620222,0.08769,8.3.CO_EMP_TEC_MOVIL,122
2019-06,2019,6,Movistar,Movistar,4218187,18623813,22.649427,8.3.CO_EMP_TEC_MOVIL,123
2019-06,2019,6,Grupo Claro-VTR,Grupo Claro-VTR,4323839,18623813,23.216723,8.3.CO_EMP_TEC_MOVIL,123
2019-06,2019,6,Entel,Entel PCS,5990261,18623813,32.164525,8.3.CO_EMP_TEC_MOVIL,123
2019-06,2019,6,Virgin,Virgin,179001,18623813,0.96114,8.3.CO_EMP_TEC_MOVIL,123
2019-06,2019,6,GTD Móvil,GTD Móvil,9541,18623813,0.05123,8.3.CO_EMP_TEC_MOVIL,123
2019-06,2019,6,WOM,WOM,3886657,18623813,20.869287,8.3.CO_EMP_TEC_MOVIL,123
2019-06,2019,6,Netline,Netline,807,18623813,0.004333,8.3.CO_EMP_TEC_MOVIL,123
2019-06,2019,6,Simple,Simple,15520,18623813,0.083334,8.3.CO_EMP_TEC_MOVIL,123
2019-07,2019,7,Movistar,Movistar,4198720,18582307,22.595257,8.3.CO_EMP_TEC_MOVIL,124
2019-07,2019,7,Grupo Claro-VTR,Grupo Claro-VTR,4278735,18582307,23.025855,8.3.CO_EMP_TEC_MOVIL,124
2019-07,2019,7,Entel,Entel PCS,5952249,18582307,32.031809,8.3.CO_EMP_TEC_MOVIL,124
2019-07,2019,7,Virgin,Virgin,178395,18582307,0.960026,8.3.CO_EMP_TEC_MOVIL,124
2019-07,2019,7,GTD Móvil,GTD Móvil,9475,18582307,0.050989,8.3.CO_EMP_TEC_MOVIL,124
2019-07,2019,7,WOM,WOM,3949183,18582307,21.252383,8.3.CO_EMP_TEC_MOVIL,124
2019-07,2019,7,Netline,Netline,800,18582307,0.004305,8.3.CO_EMP_TEC_MOVIL,124
2019-07,2019,7,Simple,Simple,14750,18582307,0.079377,8.3.CO_EMP_TEC_MOVIL,124
2019-08,2019,8,Movistar,Movistar,4244996,18555989,22.87669,8.3.CO_EMP_TEC_MOVIL,125
2019-08,2019,8,Grupo Claro-VTR,Grupo Claro-VTR,4237524,18555989,22.836422,8.3.CO_EMP_TEC_MOVIL,125
2019-08,2019,8,Entel,Entel PCS,5867753,18555989,31.621882,8.3.CO_EMP_TEC_MOVIL,125
2019-08,2019,8,Virgin,Virgin,168107,18555989,0.905945,8.3.CO_EMP_TEC_MOVIL,125
2019-08,2019,8,GTD Móvil,GTD Móvil,9379,18555989,0.050544,8.3.CO_EMP_TEC_MOVIL,125
2019-08,2019,8,WOM,WOM,4012469,18555989,21.623579,8.3.CO_EMP_TEC_MOVIL,125
2019-08,2019,8,Netline,Netline,804,18555989,0.004333,8.3.CO_EMP_TEC_MOVIL,125
2019-08,2019,8,Simple,Simple,14957,18555989,0.080605,8.3.CO_EMP_TEC_MOVIL,125
2019-09,2019,9,Movistar,Movistar,4202282,18464155,22.759135,8.3.CO_EMP_TEC_MOVIL,126
2019-09,2019,9,Grupo Claro-VTR,Grupo Claro-VTR,4192537,18464155,22.706357,8.3.CO_EMP_TEC_MOVIL,126
2019-09,2019,9,Entel,Entel PCS,5853728,18464155,31.7032,8.3.CO_EMP_TEC_MOVIL,126
2019-09,2019,9,Virgin,Virgin,153143,18464155,0.829407,8.3.CO_EMP_TEC_MOVIL,126
2019-09,2019,9,GTD Móvil,GTD Móvil,9143,18464155,0.049518,8.3.CO_EMP_TEC_MOVIL,126
2019-09,2019,9,WOM,WOM,4038040,18464155,21.869617,8.3.CO_EMP_TEC_MOVIL,126
2019-09,2019,9,Netline,Netline,796,18464155,0.004311,8.3.CO_EMP_TEC_MOVIL,126
2019-09,2019,9,Simple,Simple,14486,18464155,0.078455,8.3.CO_EMP_TEC_MOVIL,126
2019-10,2019,10,Movistar,Movistar,4203163,18425481,22.811687,8.3.CO_EMP_TEC_MOVIL,127
2019-10,2019,10,Grupo Claro-VTR,Grupo Claro-VTR,4150188,18425481,22.524177,8.3.CO_EMP_TEC_MOVIL,127
2019-10,2019,10,Entel,Entel PCS,5778136,18425481,31.359485,8.3.CO_EMP_TEC_MOVIL,127
2019-10,2019,10,Virgin,Virgin,162849,18425481,0.883825,8.3.CO_EMP_TEC_MOVIL,127
2019-10,2019,10,GTD Móvil,GTD Móvil,9080,18425481,0.04928,8.3.CO_EMP_TEC_MOVIL,127
2019-10,2019,10,WOM,WOM,4106815,18425481,22.28878,8.3.CO_EMP_TEC_MOVIL,127
2019-10,2019,10,Netline,Netline,802,18425481,0.004353,8.3.CO_EMP_TEC_MOVIL,127
2019-10,2019,10,Simple,Simple,14448,18425481,0.078413,8.3.CO_EMP_TEC_MOVIL,127
2019-11,2019,11,Movistar,Movistar,4188430,18645429,22.463575,8.3.CO_EMP_TEC_MOVIL,128
2019-11,2019,11,Grupo Claro-VTR,Grupo Claro-VTR,4149483,18645429,22.254693,8.3.CO_EMP_TEC_MOVIL,128
2019-11,2019,11,Entel,Entel PCS,5952817,18645429,31.926415,8.3.CO_EMP_TEC_MOVIL,128
2019-11,2019,11,Virgin,Virgin,173012,18645429,0.927906,8.3.CO_EMP_TEC_MOVIL,128
2019-11,2019,11,GTD Móvil,GTD Móvil,8811,18645429,0.047256,8.3.CO_EMP_TEC_MOVIL,128
2019-11,2019,11,WOM,WOM,4155215,18645429,22.285435,8.3.CO_EMP_TEC_MOVIL,128
2019-11,2019,11,Netline,Netline,771,18645429,0.004135,8.3.CO_EMP_TEC_MOVIL,128
2019-11,2019,11,Simple,Simple,16890,18645429,0.090585,8.3.CO_EMP_TEC_MOVIL,128
2019-12,2019,12,Movistar,Movistar,4241135,18961082,22.367579,8.3.CO_EMP_TEC_MOVIL,129
2019-12,2019,12,Grupo Claro-VTR,Grupo Claro-VTR,4127217,18961082,21.76678,8.3.CO_EMP_TEC_MOVIL,129
2019-12,2019,12,Entel,Entel PCS,6077961,18961082,32.054927,8.3.CO_EMP_TEC_MOVIL,129
2019-12,2019,12,Virgin,Virgin,171047,18961082,0.902095,8.3.CO_EMP_TEC_MOVIL,129
2019-12,2019,12,GTD Móvil,GTD Móvil,8858,18961082,0.046717,8.3.CO_EMP_TEC_MOVIL,129
2019-12,2019,12,WOM,WOM,4315567,18961082,22.76013,8.3.CO_EMP_TEC_MOVIL,129
2019-12,2019,12,Netline,Netline,807,18961082,0.004256,8.3.CO_EMP_TEC_MOVIL,129
2019-12,2019,12,Simple,Simple,18490,18961082,0.097516,8.3.CO_EMP_TEC_MOVIL,129
2020-01,2020,1,Movistar,Movistar,4213688,18937832,22.250108,8.3.CO_EMP_TEC_MOVIL,130
2020-01,2020,1,Grupo Claro-VTR,Grupo Claro-VTR,4080686,18937832,21.547799,8.3.CO_EMP_TEC_MOVIL,130
2020-01,2020,1,Entel,Entel PCS,6091585,18937832,32.166222,8.3.CO_EMP_TEC_MOVIL,130
2020-01,2020,1,Virgin,Virgin,169885,18937832,0.897067,8.3.CO_EMP_TEC_MOVIL,130
2020-01,2020,1,GTD Móvil,GTD Móvil,8677,18937832,0.045818,8.3.CO_EMP_TEC_MOVIL,130
2020-01,2020,1,WOM,WOM,4356590,18937832,23.004692,8.3.CO_EMP_TEC_MOVIL,130
2020-01,2020,1,Netline,Netline,794,18937832,0.004193,8.3.CO_EMP_TEC_MOVIL,130
2020-01,2020,1,Simple,Simple,15927,18937832,0.084101,8.3.CO_EMP_TEC_MOVIL,130
2020-02,2020,2,Movistar,Movistar,4163223,18863970,22.069707,8.3.CO_EMP_TEC_MOVIL,131
2020-02,2020,2,Grupo Claro-VTR,Grupo Claro-VTR,4060652,18863970,21.525967,8.3.CO_EMP_TEC_MOVIL,131
2020-02,2020,2,Entel,Entel PCS,6051280,18863970,32.078507,8.3.CO_EMP_TEC_MOVIL,131
2020-02,2020,2,Virgin,Virgin,155162,18863970,0.822531,8.3.CO_EMP_TEC_MOVIL,131
2020-02,2020,2,GTD Móvil,GTD Móvil,8442,18863970,0.044752,8.3.CO_EMP_TEC_MOVIL,131
2020-02,2020,2,WOM,WOM,4409379,18863970,23.374608,8.3.CO_EMP_TEC_MOVIL,131
2020-02,2020,2,Netline,Netline,766,18863970,0.004061,8.3.CO_EMP_TEC_MOVIL,131
2020-02,2020,2,Simple,Simple,15066,18863970,0.079867,8.3.CO_EMP_TEC_MOVIL,131
2020-03,2020,3,Movistar,Movistar,4136151,18946128,21.831115,8.3.CO_EMP_TEC_MOVIL,132
2020-03,2020,3,Grupo Claro-VTR,Grupo Claro-VTR,4032483,18946128,21.283943,8.3.CO_EMP_TEC_MOVIL,132
2020-03,2020,3,Entel,Entel PCS,6109486,18946128,32.246621,8.3.CO_EMP_TEC_MOVIL,132
2020-03,2020,3,Virgin,Virgin,160698,18946128,0.848184,8.3.CO_EMP_TEC_MOVIL,132
2020-03,2020,3,GTD Móvil,GTD Móvil,8769,18946128,0.046284,8.3.CO_EMP_TEC_MOVIL,132
2020-03,2020,3,WOM,WOM,4474607,18946128,23.617528,8.3.CO_EMP_TEC_MOVIL,132
2020-03,2020,3,Netline,Netline,834,18946128,0.004402,8.3.CO_EMP_TEC_MOVIL,132
2020-03,2020,3,Simple,Simple,23100,18946128,0.121925,8.3.CO_EMP_TEC_MOVIL,132
2020-04,2020,4,Movistar,Movistar,4034748,18877578,21.373229,8.3.CO_EMP_TEC_MOVIL,133
2020-04,2020,4,Grupo Claro-VTR,Grupo Claro-VTR,3973534,18877578,21.048961,8.3.CO_EMP_TEC_MOVIL,133
2020-04,2020,4,Entel,Entel PCS,6163756,18877578,32.651201,8.3.CO_EMP_TEC_MOVIL,133
2020-04,2020,4,Virgin,Virgin,155869,18877578,0.825683,8.3.CO_EMP_TEC_MOVIL,133
2020-04,2020,4,GTD Móvil,GTD Móvil,8678,18877578,0.04597,8.3.CO_EMP_TEC_MOVIL,133
2020-04,2020,4,WOM,WOM,4524001,18877578,23.964944,8.3.CO_EMP_TEC_MOVIL,133
2020-04,2020,4,Netline,Netline,792,18877578,0.004195,8.3.CO_EMP_TEC_MOVIL,133
2020-04,2020,4,Simple,Simple,16200,18877578,0.085816,8.3.CO_EMP_TEC_MOVIL,133
2020-05,2020,5,Movistar,Movistar,4060044,18975319,21.396447,8.3.CO_EMP_TEC_MOVIL,134
2020-05,2020,5,Grupo Claro-VTR,Grupo Claro-VTR,3916606,18975319,20.640528,8.3.CO_EMP_TEC_MOVIL,134
2020-05,2020,5,Entel,Entel PCS,6253812,18975319,32.957612,8.3.CO_EMP_TEC_MOVIL,134
2020-05,2020,5,Virgin,Virgin,152692,18975319,0.804687,8.3.CO_EMP_TEC_MOVIL,134
2020-05,2020,5,GTD Móvil,GTD Móvil,8648,18975319,0.045575,8.3.CO_EMP_TEC_MOVIL,134
2020-05,2020,5,WOM,WOM,4569211,18975319,24.079759,8.3.CO_EMP_TEC_MOVIL,134
2020-05,2020,5,Netline,Netline,774,18975319,0.004079,8.3.CO_EMP_TEC_MOVIL,134
2020-05,2020,5,Simple,Simple,13532,18975319,0.071314,8.3.CO_EMP_TEC_MOVIL,134
2020-06,2020,6,Movistar,Movistar,4086149,19123338,21.367342,8.3.CO_EMP_TEC_MOVIL,135
2020-06,2020,6,Grupo Claro-VTR,Grupo Claro-VTR,3840645,19123338,20.083549,8.3.CO_EMP_TEC_MOVIL,135
2020-06,2020,6,Entel,Entel PCS,6383400,19123338,33.380156,8.3.CO_EMP_TEC_MOVIL,135
2020-06,2020,6,Virgin,Virgin,147480,19123338,0.771204,8.3.CO_EMP_TEC_MOVIL,135
2020-06,2020,6,GTD Móvil,GTD Móvil,8584,19123338,0.044888,8.3.CO_EMP_TEC_MOVIL,135
2020-06,2020,6,WOM,WOM,4641803,19123338,24.272975,8.3.CO_EMP_TEC_MOVIL,135
2020-06,2020,6,Netline,Netline,775,19123338,0.004053,8.3.CO_EMP_TEC_MOVIL,135
2020-06,2020,6,Simple,Simple,14502,19123338,0.075834,8.3.CO_EMP_TEC_MOVIL,135
2020-07,2020,7,Movistar,Movistar,4133663,19305141,21.412239,8.3.CO_EMP_TEC_MOVIL,136
2020-07,2020,7,Grupo Claro-VTR,Grupo Claro-VTR,3800127,19305141,19.684534,8.3.CO_EMP_TEC_MOVIL,136
2020-07,2020,7,Entel,Entel PCS,6463733,19305141,33.481926,8.3.CO_EMP_TEC_MOVIL,136
2020-07,2020,7,Virgin,Virgin,145873,19305141,0.755617,8.3.CO_EMP_TEC_MOVIL,136
2020-07,2020,7,GTD Móvil,GTD Móvil,8646,19305141,0.044786,8.3.CO_EMP_TEC_MOVIL,136
2020-07,2020,7,WOM,WOM,4737117,19305141,24.538111,8.3.CO_EMP_TEC_MOVIL,136
2020-07,2020,7,Netline,Netline,781,19305141,0.004046,8.3.CO_EMP_TEC_MOVIL,136
2020-07,2020,7,Simple,Simple,15201,19305141,0.078741,8.3.CO_EMP_TEC_MOVIL,136
2020-08,2020,8,Movistar,Movistar,4244858,19601460,21.655826,8.3.CO_EMP_TEC_MOVIL,137
2020-08,2020,8,Grupo Claro-VTR,Grupo Claro-VTR,3754350,19601460,19.15342,8.3.CO_EMP_TEC_MOVIL,137
2020-08,2020,8,Entel,Entel PCS,6597518,19601460,33.658299,8.3.CO_EMP_TEC_MOVIL,137
2020-08,2020,8,Virgin,Virgin,143266,19601460,0.730895,8.3.CO_EMP_TEC_MOVIL,137
2020-08,2020,8,GTD Móvil,GTD Móvil,8745,19601460,0.044614,8.3.CO_EMP_TEC_MOVIL,137
2020-08,2020,8,WOM,WOM,4832976,19601460,24.656204,8.3.CO_EMP_TEC_MOVIL,137
2020-08,2020,8,Netline,Netline,792,19601460,0.004041,8.3.CO_EMP_TEC_MOVIL,137
2020-08,2020,8,Simple,Simple,18955,19601460,0.096702,8.3.CO_EMP_TEC_MOVIL,137
2020-09,2020,9,Movistar,Movistar,4292803,19794943,21.686362,8.3.CO_EMP_TEC_MOVIL,138
2020-09,2020,9,Grupo Claro-VTR,Grupo Claro-VTR,3755646,19794943,18.972755,8.3.CO_EMP_TEC_MOVIL,138
2020-09,2020,9,Entel,Entel PCS,6685888,19794943,33.775738,8.3.CO_EMP_TEC_MOVIL,138
2020-09,2020,9,Virgin,Virgin,133708,19794943,0.675465,8.3.CO_EMP_TEC_MOVIL,138
2020-09,2020,9,GTD Móvil,GTD Móvil,8687,19794943,0.043885,8.3.CO_EMP_TEC_MOVIL,138
2020-09,2020,9,WOM,WOM,4897715,19794943,24.742254,8.3.CO_EMP_TEC_MOVIL,138
2020-09,2020,9,Netline,Netline,774,19794943,0.00391,8.3.CO_EMP_TEC_MOVIL,138
2020-09,2020,9,Simple,Simple,19722,19794943,0.099632,8.3.CO_EMP_TEC_MOVIL,138
2020-10,2020,10,Movistar,Movistar,4359373,19972675,21.826686,8.3.CO_EMP_TEC_MOVIL,139
2020-10,2020,10,Grupo Claro-VTR,Grupo Claro-VTR,3729488,19972675,18.672952,8.3.CO_EMP_TEC_MOVIL,139
2020-10,2020,10,Entel,Entel PCS,6802560,19972675,34.059334,8.3.CO_EMP_TEC_MOVIL,139
2020-10,2020,10,Virgin,Virgin,136017,19972675,0.681015,8.3.CO_EMP_TEC_MOVIL,139
2020-10,2020,10,GTD Móvil,GTD Móvil,8891,19972675,0.044516,8.3.CO_EMP_TEC_MOVIL,139
2020-10,2020,10,WOM,WOM,4915267,19972675,24.609958,8.3.CO_EMP_TEC_MOVIL,139
2020-10,2020,10,Netline,Netline,752,19972675,0.003765,8.3.CO_EMP_TEC_MOVIL,139
2020-10,2020,10,Simple,Simple,19833,19972675,0.099301,8.3.CO_EMP_TEC_MOVIL,139
2020-10,2020,10,Mundo Pacífico,Mundo Pacífico,494,19972675,0.002473,8.3.CO_EMP_TEC_MOVIL,139
2020-11,2020,11,Movistar,Movistar,4395112,20148029,21.814104,8.3.CO_EMP_TEC_MOVIL,140
2020-11,2020,11,Grupo Claro-VTR,Grupo Claro-VTR,3739300,20148029,18.559135,8.3.CO_EMP_TEC_MOVIL,140
2020-11,2020,11,Entel,Entel PCS,6838417,20148029,33.940873,8.3.CO_EMP_TEC_MOVIL,140
2020-11,2020,11,Virgin,Virgin,137405,20148029,0.681977,8.3.CO_EMP_TEC_MOVIL,140
2020-11,2020,11,GTD Móvil,GTD Móvil,9007,20148029,0.044704,8.3.CO_EMP_TEC_MOVIL,140
2020-11,2020,11,WOM,WOM,5005099,20148029,24.841631,8.3.CO_EMP_TEC_MOVIL,140
2020-11,2020,11,Netline,Netline,742,20148029,0.003683,8.3.CO_EMP_TEC_MOVIL,140
2020-11,2020,11,Simple,Simple,20998,20148029,0.104219,8.3.CO_EMP_TEC_MOVIL,140
2020-11,2020,11,Mundo Pacífico,Mundo Pacífico,1949,20148029,0.009673,8.3.CO_EMP_TEC_MOVIL,140
2020-12,2020,12,Movistar,Movistar,4431650,20542850,21.572713,8.3.CO_EMP_TEC_MOVIL,141
2020-12,2020,12,Grupo Claro-VTR,Grupo Claro-VTR,3693474,20542850,17.979365,8.3.CO_EMP_TEC_MOVIL,141
2020-12,2020,12,Entel,Entel PCS,7124435,20542850,34.68085,8.3.CO_EMP_TEC_MOVIL,141
2020-12,2020,12,Virgin,Virgin,134860,20542850,0.656481,8.3.CO_EMP_TEC_MOVIL,141
2020-12,2020,12,GTD Móvil,GTD Móvil,8827,20542850,0.042969,8.3.CO_EMP_TEC_MOVIL,141
2020-12,2020,12,WOM,WOM,5125473,20542850,24.950155,8.3.CO_EMP_TEC_MOVIL,141
2020-12,2020,12,Netline,Netline,734,20542850,0.003573,8.3.CO_EMP_TEC_MOVIL,141
2020-12,2020,12,Simple,Simple,19530,20542850,0.09507,8.3.CO_EMP_TEC_MOVIL,141
2020-12,2020,12,Mundo Pacífico,Mundo Pacífico,3867,20542850,0.018824,8.3.CO_EMP_TEC_MOVIL,141
2021-01,2021,1,Movistar,Movistar,4438729,20415670,21.741775,8.3.CO_EMP_TEC_MOVIL,142
2021-01,2021,1,Grupo Claro-VTR,Grupo Claro-VTR,3663109,20415670,17.942634,8.3.CO_EMP_TEC_MOVIL,142
2021-01,2021,1,Entel,Entel PCS,7084219,20415670,34.699909,8.3.CO_EMP_TEC_MOVIL,142
2021-01,2021,1,Virgin,Virgin,131315,20415670,0.643207,8.3.CO_EMP_TEC_MOVIL,142
2021-01,2021,1,GTD Móvil,GTD Móvil,8385,20415670,0.041071,8.3.CO_EMP_TEC_MOVIL,142
2021-01,2021,1,WOM,WOM,5062370,20415670,24.796492,8.3.CO_EMP_TEC_MOVIL,142
2021-01,2021,1,Netline,Netline,725,20415670,0.003551,8.3.CO_EMP_TEC_MOVIL,142
2021-01,2021,1,Simple,Simple,21350,20415670,0.104577,8.3.CO_EMP_TEC_MOVIL,142
2021-01,2021,1,Mundo Pacífico,Mundo Pacífico,5468,20415670,0.026783,8.3.CO_EMP_TEC_MOVIL,142
2021-02,2021,2,Movistar,Movistar,4472153,20585865,21.724387,8.3.CO_EMP_TEC_MOVIL,143
2021-02,2021,2,Grupo Claro-VTR,Grupo Claro-VTR,3842667,20585865,18.666532,8.3.CO_EMP_TEC_MOVIL,143
2021-02,2021,2,Entel,Entel PCS,7151787,20585865,34.741251,8.3.CO_EMP_TEC_MOVIL,143
2021-02,2021,2,Virgin,Virgin,131712,20585865,0.639818,8.3.CO_EMP_TEC_MOVIL,143
2021-02,2021,2,GTD Móvil,GTD Móvil,8033,20585865,0.039022,8.3.CO_EMP_TEC_MOVIL,143
2021-02,2021,2,WOM,WOM,4952422,20585865,24.057391,8.3.CO_EMP_TEC_MOVIL,143
2021-02,2021,2,Netline,Netline,691,20585865,0.003357,8.3.CO_EMP_TEC_MOVIL,143
2021-02,2021,2,Simple,Simple,19250,20585865,0.093511,8.3.CO_EMP_TEC_MOVIL,143
2021-02,2021,2,Mundo Pacífico,Mundo Pacífico,7150,20585865,0.034733,8.3.CO_EMP_TEC_MOVIL,143
2021-03,2021,3,Movistar,Movistar,4607750,21166596,21.76897,8.3.CO_EMP_TEC_MOVIL,144
2021-03,2021,3,Grupo Claro-VTR,Grupo Claro-VTR,4124133,21166596,19.484158,8.3.CO_EMP_TEC_MOVIL,144
2021-03,2021,3,Entel,Entel PCS,7305219,21166596,34.512961,8.3.CO_EMP_TEC_MOVIL,144
2021-03,2021,3,Virgin,Virgin,128996,21166596,0.609432,8.3.CO_EMP_TEC_MOVIL,144
2021-03,2021,3,GTD Móvil,GTD Móvil,8377,21166596,0.039577,8.3.CO_EMP_TEC_MOVIL,144
2021-03,2021,3,WOM,WOM,4957938,21166596,23.423407,8.3.CO_EMP_TEC_MOVIL,144
2021-03,2021,3,Netline,Netline,703,21166596,0.003321,8.3.CO_EMP_TEC_MOVIL,144
2021-03,2021,3,Simple,Simple,23200,21166596,0.109607,8.3.CO_EMP_TEC_MOVIL,144
2021-03,2021,3,Mundo Pacífico,Mundo Pacífico,10280,21166596,0.048567,8.3.CO_EMP_TEC_MOVIL,144
2021-04,2021,4,Movistar,Movistar,4615394,21191325,21.779639,8.3.CO_EMP_TEC_MOVIL,145
2021-04,2021,4,Grupo Claro-VTR,Grupo Claro-VTR,4084324,21191325,19.273566,8.3.CO_EMP_TEC_MOVIL,145
2021-04,2021,4,Entel,Entel PCS,7295788,21191325,34.428182,8.3.CO_EMP_TEC_MOVIL,145
2021-04,2021,4,Virgin,Virgin,125665,21191325,0.593002,8.3.CO_EMP_TEC_MOVIL,145
2021-04,2021,4,GTD Móvil,GTD Móvil,7718,21191325,0.036421,8.3.CO_EMP_TEC_MOVIL,145
2021-04,2021,4,WOM,WOM,5028787,21191325,23.730404,8.3.CO_EMP_TEC_MOVIL,145
2021-04,2021,4,Netline,Netline,658,21191325,0.003105,8.3.CO_EMP_TEC_MOVIL,145
2021-04,2021,4,Simple,Simple,21270,21191325,0.100371,8.3.CO_EMP_TEC_MOVIL,145
2021-04,2021,4,Mundo Pacífico,Mundo Pacífico,11721,21191325,0.05531,8.3.CO_EMP_TEC_MOVIL,145
2021-05,2021,5,Movistar,Movistar,4655097,21536065,21.615355,8.3.CO_EMP_TEC_MOVIL,146
2021-05,2021,5,Grupo Claro-VTR,Grupo Claro-VTR,4172925,21536065,19.376451,8.3.CO_EMP_TEC_MOVIL,146
2021-05,2021,5,Entel,Entel PCS,7455614,21536065,34.619203,8.3.CO_EMP_TEC_MOVIL,146
2021-05,2021,5,Virgin,Virgin,123375,21536065,0.572876,8.3.CO_EMP_TEC_MOVIL,146
2021-05,2021,5,GTD Móvil,GTD Móvil,7724,21536065,0.035865,8.3.CO_EMP_TEC_MOVIL,146
2021-05,2021,5,WOM,WOM,5085534,21536065,23.614035,8.3.CO_EMP_TEC_MOVIL,146
2021-05,2021,5,Netline,Netline,639,21536065,0.002967,8.3.CO_EMP_TEC_MOVIL,146
2021-05,2021,5,Simple,Simple,20995,21536065,0.097488,8.3.CO_EMP_TEC_MOVIL,146
2021-05,2021,5,Mundo Pacífico,Mundo Pacífico,14162,21536065,0.065759,8.3.CO_EMP_TEC_MOVIL,146
2021-06,2021,6,Movistar,Movistar,4665615,21722392,21.478367,8.3.CO_EMP_TEC_MOVIL,147
2021-06,2021,6,Grupo Claro-VTR,Grupo Claro-VTR,4239789,21722392,19.518058,8.3.CO_EMP_TEC_MOVIL,147
2021-06,2021,6,Entel,Entel PCS,7530862,21722392,34.668659,8.3.CO_EMP_TEC_MOVIL,147
2021-06,2021,6,Virgin,Virgin,120497,21722392,0.554713,8.3.CO_EMP_TEC_MOVIL,147
2021-06,2021,6,GTD Móvil,GTD Móvil,7584,21722392,0.034913,8.3.CO_EMP_TEC_MOVIL,147
2021-06,2021,6,WOM,WOM,5118890,21722392,23.565038,8.3.CO_EMP_TEC_MOVIL,147
2021-06,2021,6,Netline,Netline,624,21722392,0.002873,8.3.CO_EMP_TEC_MOVIL,147
2021-06,2021,6,Simple,Simple,21550,21722392,0.099206,8.3.CO_EMP_TEC_MOVIL,147
2021-06,2021,6,Mundo Pacífico,Mundo Pacífico,16981,21722392,0.078173,8.3.CO_EMP_TEC_MOVIL,147
2021-07,2021,7,Movistar,Movistar,4722724,21987905,21.478736,8.3.CO_EMP_TEC_MOVIL,148
2021-07,2021,7,Grupo Claro-VTR,Grupo Claro-VTR,4285893,21987905,19.492048,8.3.CO_EMP_TEC_MOVIL,148
2021-07,2021,7,Entel,Entel PCS,7621231,21987905,34.661015,8.3.CO_EMP_TEC_MOVIL,148
2021-07,2021,7,Virgin,Virgin,117874,21987905,0.536086,8.3.CO_EMP_TEC_MOVIL,148
2021-07,2021,7,GTD Móvil,GTD Móvil,7458,21987905,0.033919,8.3.CO_EMP_TEC_MOVIL,148
2021-07,2021,7,WOM,WOM,5189256,21987905,23.600502,8.3.CO_EMP_TEC_MOVIL,148
2021-07,2021,7,Netline,Netline,654,21987905,0.002974,8.3.CO_EMP_TEC_MOVIL,148
2021-07,2021,7,Simple,Simple,21100,21987905,0.095962,8.3.CO_EMP_TEC_MOVIL,148
2021-07,2021,7,Mundo Pacífico,Mundo Pacífico,21715,21987905,0.098759,8.3.CO_EMP_TEC_MOVIL,148
2021-08,2021,8,Movistar,Movistar,4754186,22197874,21.417303,8.3.CO_EMP_TEC_MOVIL,149
2021-08,2021,8,Grupo Claro-VTR,Grupo Claro-VTR,4314663,22197874,19.43728,8.3.CO_EMP_TEC_MOVIL,149
2021-08,2021,8,Entel,Entel PCS,7700974,22197874,34.692394,8.3.CO_EMP_TEC_MOVIL,149
2021-08,2021,8,Virgin,Virgin,114759,22197874,0.516982,8.3.CO_EMP_TEC_MOVIL,149
2021-08,2021,8,GTD Móvil,GTD Móvil,7428,22197874,0.033463,8.3.CO_EMP_TEC_MOVIL,149
2021-08,2021,8,WOM,WOM,5258350,22197874,23.68853,8.3.CO_EMP_TEC_MOVIL,149
2021-08,2021,8,Netline,Netline,643,22197874,0.002897,8.3.CO_EMP_TEC_MOVIL,149
2021-08,2021,8,Simple,Simple,21500,22197874,0.096856,8.3.CO_EMP_TEC_MOVIL,149
2021-08,2021,8,Mundo Pacífico,Mundo Pacífico,25371,22197874,0.114295,8.3.CO_EMP_TEC_MOVIL,149
2021-09,2021,9,Movistar,Movistar,4736347,22250774,21.286212,8.3.CO_EMP_TEC_MOVIL,150
2021-09,2021,9,Grupo Claro-VTR,Grupo Claro-VTR,4358430,22250774,19.587768,8.3.CO_EMP_TEC_MOVIL,150
2021-09,2021,9,Entel,Entel PCS,7694373,22250774,34.580249,8.3.CO_EMP_TEC_MOVIL,150
2021-09,2021,9,Virgin,Virgin,111704,22250774,0.502023,8.3.CO_EMP_TEC_MOVIL,150
2021-09,2021,9,GTD Móvil,GTD Móvil,7314,22250774,0.032871,8.3.CO_EMP_TEC_MOVIL,150
2021-09,2021,9,WOM,WOM,5293570,22250774,23.790498,8.3.CO_EMP_TEC_MOVIL,150
2021-09,2021,9,Netline,Netline,0,22250774,0.0,8.3.CO_EMP_TEC_MOVIL,150
2021-09,2021,9,Simple,Simple,21351,22250774,0.095956,8.3.CO_EMP_TEC_MOVIL,150
2021-09,2021,9,Mundo Pacífico,Mundo Pacífico,27685,22250774,0.124423,8.3.CO_EMP_TEC_MOVIL,150
2021-10,2021,10,Movistar,Movistar,4751770,22402228,21.211149,8.3.CO_EMP_TEC_MOVIL,151
2021-10,2021,10,Grupo Claro-VTR,Grupo Claro-VTR,4404767,22402228,19.662183,8.3.CO_EMP_TEC_MOVIL,151
2021-10,2021,10,Entel,Entel PCS,7777333,22402228,34.716784,8.3.CO_EMP_TEC_MOVIL,151
2021-10,2021,10,Virgin,Virgin,107900,22402228,0.481649,8.3.CO_EMP_TEC_MOVIL,151
2021-10,2021,10,GTD Móvil,GTD Móvil,7219,22402228,0.032224,8.3.CO_EMP_TEC_MOVIL,151
2021-10,2021,10,WOM,WOM,5301536,22402228,23.665218,8.3.CO_EMP_TEC_MOVIL,151
2021-10,2021,10,Netline,Netline,0,22402228,0.0,8.3.CO_EMP_TEC_MOVIL,151
2021-10,2021,10,Simple,Simple,21995,22402228,0.098182,8.3.CO_EMP_TEC_MOVIL,151
2021-10,2021,10,Mundo Pacífico,Mundo Pacífico,29708,22402228,0.132612,8.3.CO_EMP_TEC_MOVIL,151
2021-11,2021,11,Movistar,Movistar,4773003,22490885,21.221944,8.3.CO_EMP_TEC_MOVIL,152
2021-11,2021,11,Grupo Claro-VTR,Grupo Claro-VTR,4403857,22490885,19.58063,8.3.CO_EMP_TEC_MOVIL,152
2021-11,2021,11,Entel,Entel PCS,7775838,22490885,34.573286,8.3.CO_EMP_TEC_MOVIL,152
2021-11,2021,11,Virgin,Virgin,108233,22490885,0.481231,8.3.CO_EMP_TEC_MOVIL,152
2021-11,2021,11,GTD Móvil,GTD Móvil,7054,22490885,0.031364,8.3.CO_EMP_TEC_MOVIL,152
2021-11,2021,11,WOM,WOM,5370952,22490885,23.880572,8.3.CO_EMP_TEC_MOVIL,152
2021-11,2021,11,Netline,Netline,0,22490885,0.0,8.3.CO_EMP_TEC_MOVIL,152
2021-11,2021,11,Simple,Simple,21110,22490885,0.09386,8.3.CO_EMP_TEC_MOVIL,152
2021-11,2021,11,Mundo Pacífico,Mundo Pacífico,30838,22490885,0.137113,8.3.CO_EMP_TEC_MOVIL,152
2021-12,2021,12,Movistar,Movistar,4814754,22598823,21.305331,8.3.CO_EMP_TEC_MOVIL,153
2021-12,2021,12,Grupo Claro-VTR,Grupo Claro-VTR,4361722,22598823,19.30066,8.3.CO_EMP_TEC_MOVIL,153
2021-12,2021,12,Entel,Entel PCS,7839958,22598823,34.691886,8.3.CO_EMP_TEC_MOVIL,153
2021-12,2021,12,Virgin,Virgin,101981,22598823,0.451267,8.3.CO_EMP_TEC_MOVIL,153
2021-12,2021,12,GTD Móvil,GTD Móvil,6831,22598823,0.030227,8.3.CO_EMP_TEC_MOVIL,153
2021-12,2021,12,WOM,WOM,5419227,22598823,23.980129,8.3.CO_EMP_TEC_MOVIL,153
2021-12,2021,12,Netline,Netline,0,22598823,0.0,8.3.CO_EMP_TEC_MOVIL,153
2021-12,2021,12,Simple,Simple,21050,22598823,0.093146,8.3.CO_EMP_TEC_MOVIL,153
2021-12,2021,12,Mundo Pacífico,Mundo Pacífico,33300,22598823,0.147353,8.3.CO_EMP_TEC_MOVIL,153
2022-01,2022,1,Movistar,Movistar,4737534,22437473,21.114383,8.3.CO_EMP_TEC_MOVIL,154
2022-01,2022,1,Grupo Claro-VTR,Grupo Claro-VTR,4259675,22437473,18.984647,8.3.CO_EMP_TEC_MOVIL,154
2022-01,2022,1,Entel,Entel PCS,7852732,22437473,34.998291,8.3.CO_EMP_TEC_MOVIL,154
2022-01,2022,1,Virgin,Virgin,99035,22437473,0.441382,8.3.CO_EMP_TEC_MOVIL,154
2022-01,2022,1,GTD Móvil,GTD Móvil,6772,22437473,0.030182,8.3.CO_EMP_TEC_MOVIL,154
2022-01,2022,1,WOM,WOM,5427003,22437473,24.187229,8.3.CO_EMP_TEC_MOVIL,154
2022-01,2022,1,Netline,Netline,0,22437473,0.0,8.3.CO_EMP_TEC_MOVIL,154
2022-01,2022,1,Simple,Simple,19555,22437473,0.087153,8.3.CO_EMP_TEC_MOVIL,154
2022-01,2022,1,Mundo Pacífico,Mundo Pacífico,35167,22437473,0.156733,8.3.CO_EMP_TEC_MOVIL,154
2022-02,2022,2,Movistar,Movistar,4668903,22131750,21.09595,8.3.CO_EMP_TEC_MOVIL,155
2022-02,2022,2,Grupo Claro-VTR,Grupo Claro-VTR,4120657,22131750,18.618758,8.3.CO_EMP_TEC_MOVIL,155
2022-02,2022,2,Entel,Entel PCS,7749342,22131750,35.014592,8.3.CO_EMP_TEC_MOVIL,155
2022-02,2022,2,Virgin,Virgin,96406,22131750,0.4356,8.3.CO_EMP_TEC_MOVIL,155
2022-02,2022,2,GTD Móvil,GTD Móvil,6574,22131750,0.029704,8.3.CO_EMP_TEC_MOVIL,155
2022-02,2022,2,WOM,WOM,5433318,22131750,24.54988,8.3.CO_EMP_TEC_MOVIL,155
2022-02,2022,2,Netline,Netline,0,22131750,0.0,8.3.CO_EMP_TEC_MOVIL,155
2022-02,2022,2,Simple,Simple,19352,22131750,0.08744,8.3.CO_EMP_TEC_MOVIL,155
2022-02,2022,2,Mundo Pacífico,Mundo Pacífico,37198,22131750,0.168075,8.3.CO_EMP_TEC_MOVIL,155
2022-03,2022,3,Movistar,Movistar,4565642,22162640,20.600623,8.3.CO_EMP_TEC_MOVIL,156
2022-03,2022,3,Grupo Claro-VTR,Grupo Claro-VTR,4049779,22162640,18.272999,8.3.CO_EMP_TEC_MOVIL,156
2022-03,2022,3,Entel,Entel PCS,7852914,22162640,35.433116,8.3.CO_EMP_TEC_MOVIL,156
2022-03,2022,3,Virgin,Virgin,93428,22162640,0.421556,8.3.CO_EMP_TEC_MOVIL,156
2022-03,2022,3,GTD Móvil,GTD Móvil,6502,22162640,0.029338,8.3.CO_EMP_TEC_MOVIL,156
2022-03,2022,3,WOM,WOM,5547543,22162640,25.031057,8.3.CO_EMP_TEC_MOVIL,156
2022-03,2022,3,Netline,Netline,0,22162640,0.0,8.3.CO_EMP_TEC_MOVIL,156
2022-03,2022,3,Simple,Simple,20109,22162640,0.090734,8.3.CO_EMP_TEC_MOVIL,156
2022-03,2022,3,Mundo Pacífico,Mundo Pacífico,26723,22162640,0.120577,8.3.CO_EMP_TEC_MOVIL,156
2022-04,2022,4,Movistar,Movistar,4687846,22331136,20.992421,8.3.CO_EMP_TEC_MOVIL,157
2022-04,2022,4,Grupo Claro-VTR,Grupo Claro-VTR,4133956,22331136,18.512072,8.3.CO_EMP_TEC_MOVIL,157
2022-04,2022,4,Entel,Entel PCS,7818166,22331136,35.010158,8.3.CO_EMP_TEC_MOVIL,157
2022-04,2022,4,Virgin,Virgin,90572,22331136,0.405586,8.3.CO_EMP_TEC_MOVIL,157
2022-04,2022,4,GTD Móvil,GTD Móvil,6310,22331136,0.028257,8.3.CO_EMP_TEC_MOVIL,157
2022-04,2022,4,WOM,WOM,5550952,22331136,24.857455,8.3.CO_EMP_TEC_MOVIL,157
2022-04,2022,4,Netline,Netline,0,22331136,0.0,8.3.CO_EMP_TEC_MOVIL,157
2022-04,2022,4,Simple,Simple,0,22331136,0.0,8.3.CO_EMP_TEC_MOVIL,157
2022-04,2022,4,Mundo Pacífico,Mundo Pacífico,43334,22331136,0.194052,8.3.CO_EMP_TEC_MOVIL,157
2022-05,2022,5,Movistar,Movistar,4706693,22551901,20.870493,8.3.CO_EMP_TEC_MOVIL,158
2022-05,2022,5,Grupo Claro-VTR,Grupo Claro-VTR,4260763,22551901,18.893143,8.3.CO_EMP_TEC_MOVIL,158
2022-05,2022,5,Entel,Entel PCS,7900754,22551901,35.03365,8.3.CO_EMP_TEC_MOVIL,158
2022-05,2022,5,Virgin,Virgin,86822,22551901,0.384988,8.3.CO_EMP_TEC_MOVIL,158
2022-05,2022,5,GTD Móvil,GTD Móvil,6108,22551901,0.027084,8.3.CO_EMP_TEC_MOVIL,158
2022-05,2022,5,WOM,WOM,5548675,22551901,24.604023,8.3.CO_EMP_TEC_MOVIL,158
2022-05,2022,5,Netline,Netline,0,22551901,0.0,8.3.CO_EMP_TEC_MOVIL,158
2022-05,2022,5,Simple,Simple,0,22551901,0.0,8.3.CO_EMP_TEC_MOVIL,158
2022-05,2022,5,Mundo Pacífico,Mundo Pacífico,42086,22551901,0.186618,8.3.CO_EMP_TEC_MOVIL,158
2022-06,2022,6,Movistar,Movistar,4706465,22483298,20.933161,8.3.CO_EMP_TEC_MOVIL,159
2022-06,2022,6,Grupo Claro-VTR,Grupo Claro-VTR,4209571,22483298,18.723103,8.3.CO_EMP_TEC_MOVIL,159
2022-06,2022,6,Entel,Entel PCS,7832477,22483298,34.836869,8.3.CO_EMP_TEC_MOVIL,159
2022-06,2022,6,Virgin,Virgin,84072,22483298,0.373931,8.3.CO_EMP_TEC_MOVIL,159
2022-06,2022,6,GTD Móvil,GTD Móvil,5947,22483298,0.026451,8.3.CO_EMP_TEC_MOVIL,159
2022-06,2022,6,WOM,WOM,5592599,22483298,24.87446,8.3.CO_EMP_TEC_MOVIL,159
2022-06,2022,6,Netline,Netline,0,22483298,0.0,8.3.CO_EMP_TEC_MOVIL,159
2022-06,2022,6,Simple,Simple,0,22483298,0.0,8.3.CO_EMP_TEC_MOVIL,159
2022-06,2022,6,Mundo Pacífico,Mundo Pacífico,52167,22483298,0.232026,8.3.CO_EMP_TEC_MOVIL,159
2022-07,2022,7,Movistar,Movistar,4727769,22539556,20.975431,8.3.CO_EMP_TEC_MOVIL,160
2022-07,2022,7,Grupo Claro-VTR,Grupo Claro-VTR,4204098,22539556,18.652089,8.3.CO_EMP_TEC_MOVIL,160
2022-07,2022,7,Entel,Entel PCS,7887913,22539556,34.995867,8.3.CO_EMP_TEC_MOVIL,160
2022-07,2022,7,Virgin,Virgin,81716,22539556,0.362545,8.3.CO_EMP_TEC_MOVIL,160
2022-07,2022,7,GTD Móvil,GTD Móvil,5847,22539556,0.025941,8.3.CO_EMP_TEC_MOVIL,160
2022-07,2022,7,WOM,WOM,5576575,22539556,24.741282,8.3.CO_EMP_TEC_MOVIL,160
2022-07,2022,7,Netline,Netline,0,22539556,0.0,8.3.CO_EMP_TEC_MOVIL,160
2022-07,2022,7,Simple,Simple,0,22539556,0.0,8.3.CO_EMP_TEC_MOVIL,160
2022-07,2022,7,Mundo Pacífico,Mundo Pacífico,55638,22539556,0.246846,8.3.CO_EMP_TEC_MOVIL,160
2022-08,2022,8,Movistar,Movistar,4779741,22553935,21.192493,8.3.CO_EMP_TEC_MOVIL,161
2022-08,2022,8,Grupo Claro-VTR,Grupo Claro-VTR,4136833,22553935,18.341957,8.3.CO_EMP_TEC_MOVIL,161
2022-08,2022,8,Entel,Entel PCS,7821443,22553935,34.67884,8.3.CO_EMP_TEC_MOVIL,161
2022-08,2022,8,Virgin,Virgin,78896,22553935,0.34981,8.3.CO_EMP_TEC_MOVIL,161
2022-08,2022,8,GTD Móvil,GTD Móvil,5811,22553935,0.025765,8.3.CO_EMP_TEC_MOVIL,161
2022-08,2022,8,WOM,WOM,5671511,22553935,25.146437,8.3.CO_EMP_TEC_MOVIL,161
2022-08,2022,8,Netline,Netline,0,22553935,0.0,8.3.CO_EMP_TEC_MOVIL,161
2022-08,2022,8,Simple,Simple,0,22553935,0.0,8.3.CO_EMP_TEC_MOVIL,161
2022-08,2022,8,Mundo Pacífico,Mundo Pacífico,59700,22553935,0.264699,8.3.CO_EMP_TEC_MOVIL,161
2022-09,2022,9,Movistar,Movistar,4770361,22429405,21.268335,8.3.CO_EMP_TEC_MOVIL,162
2022-09,2022,9,Grupo Claro-VTR,Grupo Claro-VTR,4125552,22429405,18.393497,8.3.CO_EMP_TEC_MOVIL,162
2022-09,2022,9,Entel,Entel PCS,7766098,22429405,34.624628,8.3.CO_EMP_TEC_MOVIL,162
2022-09,2022,9,Virgin,Virgin,75604,22429405,0.337075,8.3.CO_EMP_TEC_MOVIL,162
2022-09,2022,9,GTD Móvil,GTD Móvil,5583,22429405,0.024891,8.3.CO_EMP_TEC_MOVIL,162
2022-09,2022,9,WOM,WOM,5622280,22429405,25.066559,8.3.CO_EMP_TEC_MOVIL,162
2022-09,2022,9,Netline,Netline,0,22429405,0.0,8.3.CO_EMP_TEC_MOVIL,162
2022-09,2022,9,Simple,Simple,0,22429405,0.0,8.3.CO_EMP_TEC_MOVIL,162
2022-09,2022,9,Mundo Pacífico,Mundo Pacífico,63927,22429405,0.285014,8.3.CO_EMP_TEC_MOVIL,162
2022-10,2022,10,Movistar,Movistar,4740025,22373554,21.185838,8.3.CO_EMP_TEC_MOVIL,163
2022-10,2022,10,Grupo Claro-VTR,Grupo Claro-VTR,4084290,22373554,18.25499,8.3.CO_EMP_TEC_MOVIL,163
2022-10,2022,10,Entel,Entel PCS,7758842,22373554,34.67863,8.3.CO_EMP_TEC_MOVIL,163
2022-10,2022,10,Virgin,Virgin,72826,22373554,0.3255,8.3.CO_EMP_TEC_MOVIL,163
2022-10,2022,10,GTD Móvil,GTD Móvil,5530,22373554,0.024717,8.3.CO_EMP_TEC_MOVIL,163
2022-10,2022,10,WOM,WOM,5643194,22373554,25.222609,8.3.CO_EMP_TEC_MOVIL,163
2022-10,2022,10,Netline,Netline,0,22373554,0.0,8.3.CO_EMP_TEC_MOVIL,163
2022-10,2022,10,Simple,Simple,0,22373554,0.0,8.3.CO_EMP_TEC_MOVIL,163
2022-10,2022,10,Mundo Pacífico,Mundo Pacífico,68847,22373554,0.307716,8.3.CO_EMP_TEC_MOVIL,163
2022-11,2022,11,Movistar,Movistar,4715608,22193366,21.247827,8.3.CO_EMP_TEC_MOVIL,164
2022-11,2022,11,Grupo Claro-VTR,Grupo Claro-VTR,4028468,22193366,18.151676,8.3.CO_EMP_TEC_MOVIL,164
2022-11,2022,11,Entel,Entel PCS,7675823,22193366,34.586115,8.3.CO_EMP_TEC_MOVIL,164
2022-11,2022,11,Virgin,Virgin,70164,22193366,0.316149,8.3.CO_EMP_TEC_MOVIL,164
2022-11,2022,11,GTD Móvil,GTD Móvil,6165,22193366,0.027779,8.3.CO_EMP_TEC_MOVIL,164
2022-11,2022,11,WOM,WOM,5624523,22193366,25.343262,8.3.CO_EMP_TEC_MOVIL,164
2022-11,2022,11,Netline,Netline,0,22193366,0.0,8.3.CO_EMP_TEC_MOVIL,164
2022-11,2022,11,Simple,Simple,0,22193366,0.0,8.3.CO_EMP_TEC_MOVIL,164
2022-11,2022,11,Mundo Pacífico,Mundo Pacífico,72615,22193366,0.327192,8.3.CO_EMP_TEC_MOVIL,164
2022-12,2022,12,Movistar,Movistar,4747962,22406826,21.189802,8.3.CO_EMP_TEC_MOVIL,165
2022-12,2022,12,Grupo Claro-VTR,Grupo Claro-VTR,4052495,22406826,18.085984,8.3.CO_EMP_TEC_MOVIL,165
2022-12,2022,12,Entel,Entel PCS,7768759,22406826,34.671394,8.3.CO_EMP_TEC_MOVIL,165
2022-12,2022,12,Virgin,Virgin,67295,22406826,0.300333,8.3.CO_EMP_TEC_MOVIL,165
2022-12,2022,12,GTD Móvil,GTD Móvil,6148,22406826,0.027438,8.3.CO_EMP_TEC_MOVIL,165
2022-12,2022,12,WOM,WOM,5688618,22406826,25.38788,8.3.CO_EMP_TEC_MOVIL,165
2022-12,2022,12,Netline,Netline,0,22406826,0.0,8.3.CO_EMP_TEC_MOVIL,165
2022-12,2022,12,Simple,Simple,0,22406826,0.0,8.3.CO_EMP_TEC_MOVIL,165
2022-12,2022,12,Mundo Pacífico,Mundo Pacífico,75549,22406826,0.33717,8.3.CO_EMP_TEC_MOVIL,165
2023-01,2023,1,Movistar,Movistar,4719427,22357453,21.108965,8.3.CO_EMP_TEC_MOVIL,166
2023-01,2023,1,Grupo Claro-VTR,Grupo Claro-VTR,4038820,22357453,18.064759,8.3.CO_EMP_TEC_MOVIL,166
2023-01,2023,1,Entel,Entel PCS,7712200,22357453,34.494985,8.3.CO_EMP_TEC_MOVIL,166
2023-01,2023,1,Virgin,Virgin,64698,22357453,0.28938,8.3.CO_EMP_TEC_MOVIL,166
2023-01,2023,1,GTD Móvil,GTD Móvil,5738,22357453,0.025665,8.3.CO_EMP_TEC_MOVIL,166
2023-01,2023,1,WOM,WOM,5740452,22357453,25.675787,8.3.CO_EMP_TEC_MOVIL,166
2023-01,2023,1,Netline,Netline,0,22357453,0.0,8.3.CO_EMP_TEC_MOVIL,166
2023-01,2023,1,Simple,Simple,0,22357453,0.0,8.3.CO_EMP_TEC_MOVIL,166
2023-01,2023,1,Mundo Pacífico,Mundo Pacífico,76118,22357453,0.340459,8.3.CO_EMP_TEC_MOVIL,166
2023-02,2023,2,Movistar,Movistar,4669947,22192514,21.042893,8.3.CO_EMP_TEC_MOVIL,167
2023-02,2023,2,Grupo Claro-VTR,Grupo Claro-VTR,3987309,22192514,17.96691,8.3.CO_EMP_TEC_MOVIL,167
2023-02,2023,2,Entel,Entel PCS,7636040,22192514,34.408179,8.3.CO_EMP_TEC_MOVIL,167
2023-02,2023,2,Virgin,Virgin,62612,22192514,0.282131,8.3.CO_EMP_TEC_MOVIL,167
2023-02,2023,2,GTD Móvil,GTD Móvil,5498,22192514,0.024774,8.3.CO_EMP_TEC_MOVIL,167
2023-02,2023,2,WOM,WOM,5747117,22192514,25.896647,8.3.CO_EMP_TEC_MOVIL,167
2023-02,2023,2,Netline,Netline,0,22192514,0.0,8.3.CO_EMP_TEC_MOVIL,167
2023-02,2023,2,Simple,Simple,0,22192514,0.0,8.3.CO_EMP_TEC_MOVIL,167
2023-02,2023,2,Mundo Pacífico,Mundo Pacífico,83991,22192514,0.378465,8.3.CO_EMP_TEC_MOVIL,167
2023-03,2023,3,Movistar,Movistar,4699910,22412879,20.969684,8.3.CO_EMP_TEC_MOVIL,168
2023-03,2023,3,Grupo Claro-VTR,Grupo Claro-VTR,4080348,22412879,18.205372,8.3.CO_EMP_TEC_MOVIL,168
2023-03,2023,3,Entel,Entel PCS,7730112,22412879,34.489599,8.3.CO_EMP_TEC_MOVIL,168
2023-03,2023,3,Virgin,Virgin,60568,22412879,0.270237,8.3.CO_EMP_TEC_MOVIL,168
2023-03,2023,3,GTD Móvil,GTD Móvil,6191,22412879,0.027623,8.3.CO_EMP_TEC_MOVIL,168
2023-03,2023,3,WOM,WOM,5743712,22412879,25.626837,8.3.CO_EMP_TEC_MOVIL,168
2023-03,2023,3,Netline,Netline,0,22412879,0.0,8.3.CO_EMP_TEC_MOVIL,168
2023-03,2023,3,Simple,Simple,0,22412879,0.0,8.3.CO_EMP_TEC_MOVIL,168
2023-03,2023,3,Mundo Pacífico,Mundo Pacífico,92038,22412879,0.410648,8.3.CO_EMP_TEC_MOVIL,168
2023-04,2023,4,Movistar,Movistar,4660334,22235129,20.95933,8.3.CO_EMP_TEC_MOVIL,169
2023-04,2023,4,Grupo Claro-VTR,Grupo Claro-VTR,4061753,22235129,18.267279,8.3.CO_EMP_TEC_MOVIL,169
2023-04,2023,4,Entel,Entel PCS,7657530,22235129,34.438883,8.3.CO_EMP_TEC_MOVIL,169
2023-04,2023,4,Virgin,Virgin,58400,22235129,0.262647,8.3.CO_EMP_TEC_MOVIL,169
2023-04,2023,4,GTD Móvil,GTD Móvil,5596,22235129,0.025167,8.3.CO_EMP_TEC_MOVIL,169
2023-04,2023,4,WOM,WOM,5692160,22235129,25.599851,8.3.CO_EMP_TEC_MOVIL,169
2023-04,2023,4,Netline,Netline,0,22235129,0.0,8.3.CO_EMP_TEC_MOVIL,169
2023-04,2023,4,Simple,Simple,0,22235129,0.0,8.3.CO_EMP_TEC_MOVIL,169
2023-04,2023,4,Mundo Pacífico,Mundo Pacífico,99356,22235129,0.446842,8.3.CO_EMP_TEC_MOVIL,169
2023-05,2023,5,Movistar,Movistar,4673573,22169759,21.080847,8.3.CO_EMP_TEC_MOVIL,170
2023-05,2023,5,Grupo Claro-VTR,Grupo Claro-VTR,4086147,22169759,18.431175,8.3.CO_EMP_TEC_MOVIL,170
2023-05,2023,5,Entel,Entel PCS,7637185,22169759,34.44866,8.3.CO_EMP_TEC_MOVIL,170
2023-05,2023,5,Virgin,Virgin,56919,22169759,0.256742,8.3.CO_EMP_TEC_MOVIL,170
2023-05,2023,5,GTD Móvil,GTD Móvil,5314,22169759,0.02397,8.3.CO_EMP_TEC_MOVIL,170
2023-05,2023,5,WOM,WOM,5610093,22169759,25.30516,8.3.CO_EMP_TEC_MOVIL,170
2023-05,2023,5,Netline,Netline,0,22169759,0.0,8.3.CO_EMP_TEC_MOVIL,170
2023-05,2023,5,Simple,Simple,0,22169759,0.0,8.3.CO_EMP_TEC_MOVIL,170
2023-05,2023,5,Mundo Pacífico,Mundo Pacífico,100528,22169759,0.453447,8.3.CO_EMP_TEC_MOVIL,170
2023-06,2023,6,Movistar,Movistar,4672639,22266899,20.984687,8.3.CO_EMP_TEC_MOVIL,171
2023-06,2023,6,Grupo Claro-VTR,Grupo Claro-VTR,4140396,22266899,18.594399,8.3.CO_EMP_TEC_MOVIL,171
2023-06,2023,6,Entel,Entel PCS,7592299,22266899,34.096795,8.3.CO_EMP_TEC_MOVIL,171
2023-06,2023,6,Virgin,Virgin,56141,22266899,0.252128,8.3.CO_EMP_TEC_MOVIL,171
2023-06,2023,6,GTD Móvil,GTD Móvil,4945,22266899,0.022208,8.3.CO_EMP_TEC_MOVIL,171
2023-06,2023,6,WOM,WOM,5690801,22266899,25.557223,8.3.CO_EMP_TEC_MOVIL,171
2023-06,2023,6,Netline,Netline,0,22266899,0.0,8.3.CO_EMP_TEC_MOVIL,171
2023-06,2023,6,Simple,Simple,0,22266899,0.0,8.3.CO_EMP_TEC_MOVIL,171
2023-06,2023,6,Mundo Pacífico,Mundo Pacífico,106429,22266899,0.47797,8.3.CO_EMP_TEC_MOVIL,171
2023-06,2023,6,Suma Móvil Chile,Suma Móvil Chile,3249,22266899,0.014591,8.3.CO_EMP_TEC_MOVIL,171
2023-07,2023,7,Movistar,Movistar,4697113,22510543,20.86628,8.3.CO_EMP_TEC_MOVIL,172
2023-07,2023,7,Grupo Claro-VTR,Grupo Claro-VTR,4178970,22510543,18.564501,8.3.CO_EMP_TEC_MOVIL,172
2023-07,2023,7,Entel,Entel PCS,7629449,22510543,33.892781,8.3.CO_EMP_TEC_MOVIL,172
2023-07,2023,7,Virgin,Virgin,55102,22510543,0.244783,8.3.CO_EMP_TEC_MOVIL,172
2023-07,2023,7,GTD Móvil,GTD Móvil,5004,22510543,0.02223,8.3.CO_EMP_TEC_MOVIL,172
2023-07,2023,7,WOM,WOM,5832083,22510543,25.908229,8.3.CO_EMP_TEC_MOVIL,172
2023-07,2023,7,Netline,Netline,0,22510543,0.0,8.3.CO_EMP_TEC_MOVIL,172
2023-07,2023,7,Simple,Simple,0,22510543,0.0,8.3.CO_EMP_TEC_MOVIL,172
2023-07,2023,7,Mundo Pacífico,Mundo Pacífico,109275,22510543,0.485439,8.3.CO_EMP_TEC_MOVIL,172
2023-07,2023,7,Suma Móvil Chile,Suma Móvil Chile,3547,22510543,0.015757,8.3.CO_EMP_TEC_MOVIL,172
2023-08,2023,8,Movistar,Movistar,4715516,22515190,20.94371,8.3.CO_EMP_TEC_MOVIL,173
2023-08,2023,8,Grupo Claro-VTR,Grupo Claro-VTR,4170163,22515190,18.521554,8.3.CO_EMP_TEC_MOVIL,173
2023-08,2023,8,Entel,Entel PCS,7617689,22515190,33.833554,8.3.CO_EMP_TEC_MOVIL,173
2023-08,2023,8,Virgin,Virgin,54415,22515190,0.241681,8.3.CO_EMP_TEC_MOVIL,173
2023-08,2023,8,GTD Móvil,GTD Móvil,5063,22515190,0.022487,8.3.CO_EMP_TEC_MOVIL,173
2023-08,2023,8,WOM,WOM,5833586,22515190,25.909557,8.3.CO_EMP_TEC_MOVIL,173
2023-08,2023,8,Netline,Netline,0,22515190,0.0,8.3.CO_EMP_TEC_MOVIL,173
2023-08,2023,8,Simple,Simple,0,22515190,0.0,8.3.CO_EMP_TEC_MOVIL,173
2023-08,2023,8,Mundo Pacífico,Mundo Pacífico,114536,22515190,0.508705,8.3.CO_EMP_TEC_MOVIL,173
2023-08,2023,8,Suma Móvil Chile,Suma Móvil Chile,4222,22515190,0.018752,8.3.CO_EMP_TEC_MOVIL,173
2023-09,2023,9,Movistar,Movistar,4678610,22553810,20.744211,8.3.CO_EMP_TEC_MOVIL,174
2023-09,2023,9,Grupo Claro-VTR,Grupo Claro-VTR,4224477,22553810,18.730658,8.3.CO_EMP_TEC_MOVIL,174
2023-09,2023,9,Entel,Entel PCS,7639674,22553810,33.873097,8.3.CO_EMP_TEC_MOVIL,174
2023-09,2023,9,Virgin,Virgin,53199,22553810,0.235876,8.3.CO_EMP_TEC_MOVIL,174
2023-09,2023,9,GTD Móvil,GTD Móvil,5024,22553810,0.022276,8.3.CO_EMP_TEC_MOVIL,174
2023-09,2023,9,WOM,WOM,5830146,22553810,25.849938,8.3.CO_EMP_TEC_MOVIL,174
2023-09,2023,9,Netline,Netline,0,22553810,0.0,8.3.CO_EMP_TEC_MOVIL,174
2023-09,2023,9,Simple,Simple,0,22553810,0.0,8.3.CO_EMP_TEC_MOVIL,174
2023-09,2023,9,Mundo Pacífico,Mundo Pacífico,118471,22553810,0.525282,8.3.CO_EMP_TEC_MOVIL,174
2023-09,2023,9,Suma Móvil Chile,Suma Móvil Chile,4209,22553810,0.018662,8.3.CO_EMP_TEC_MOVIL,174
2023-10,2023,10,Movistar,Movistar,4717221,22653563,20.823307,8.3.CO_EMP_TEC_MOVIL,175
2023-10,2023,10,Grupo Claro-VTR,Grupo Claro-VTR,4187270,22653563,18.483936,8.3.CO_EMP_TEC_MOVIL,175
2023-10,2023,10,Entel,Entel PCS,7738526,22653563,34.160304,8.3.CO_EMP_TEC_MOVIL,175
2023-10,2023,10,Virgin,Virgin,51995,22653563,0.229522,8.3.CO_EMP_TEC_MOVIL,175
2023-10,2023,10,GTD Móvil,GTD Móvil,5063,22653563,0.02235,8.3.CO_EMP_TEC_MOVIL,175
2023-10,2023,10,WOM,WOM,5816688,22653563,25.676703,8.3.CO_EMP_TEC_MOVIL,175
2023-10,2023,10,Netline,Netline,0,22653563,0.0,8.3.CO_EMP_TEC_MOVIL,175
2023-10,2023,10,Simple,Simple,0,22653563,0.0,8.3.CO_EMP_TEC_MOVIL,175
2023-10,2023,10,Mundo Pacífico,Mundo Pacífico,132553,22653563,0.585131,8.3.CO_EMP_TEC_MOVIL,175
2023-10,2023,10,Suma Móvil Chile,Suma Móvil Chile,4247,22653563,0.018748,8.3.CO_EMP_TEC_MOVIL,175
2023-11,2023,11,Movistar,Movistar,4678568,22570250,20.728915,8.3.CO_EMP_TEC_MOVIL,176
2023-11,2023,11,Grupo Claro-VTR,Grupo Claro-VTR,4192017,22570250,18.573197,8.3.CO_EMP_TEC_MOVIL,176
2023-11,2023,11,Entel,Entel PCS,7710266,22570250,34.16119,8.3.CO_EMP_TEC_MOVIL,176
2023-11,2023,11,Virgin,Virgin,50548,22570250,0.223959,8.3.CO_EMP_TEC_MOVIL,176
2023-11,2023,11,GTD Móvil,GTD Móvil,4763,22570250,0.021103,8.3.CO_EMP_TEC_MOVIL,176
2023-11,2023,11,WOM,WOM,5815031,22570250,25.764141,8.3.CO_EMP_TEC_MOVIL,176
2023-11,2023,11,Netline,Netline,0,22570250,0.0,8.3.CO_EMP_TEC_MOVIL,176
2023-11,2023,11,Simple,Simple,0,22570250,0.0,8.3.CO_EMP_TEC_MOVIL,176
2023-11,2023,11,Mundo Pacífico,Mundo Pacífico,114893,22570250,0.509046,8.3.CO_EMP_TEC_MOVIL,176
2023-11,2023,11,Suma Móvil Chile,Suma Móvil Chile,4164,22570250,0.018449,8.3.CO_EMP_TEC_MOVIL,176
2023-12,2023,12,Movistar,Movistar,4696207,22473390,20.896745,8.3.CO_EMP_TEC_MOVIL,177
2023-12,2023,12,Grupo Claro-VTR,Grupo Claro-VTR,4041516,22473390,17.983562,8.3.CO_EMP_TEC_MOVIL,177
2023-12,2023,12,Entel,Entel PCS,7776676,22473390,34.603929,8.3.CO_EMP_TEC_MOVIL,177
2023-12,2023,12,Virgin,Virgin,49352,22473390,0.219602,8.3.CO_EMP_TEC_MOVIL,177
2023-12,2023,12,GTD Móvil,GTD Móvil,4744,22473390,0.021109,8.3.CO_EMP_TEC_MOVIL,177
2023-12,2023,12,WOM,WOM,5771104,22473390,25.679722,8.3.CO_EMP_TEC_MOVIL,177
2023-12,2023,12,Netline,Netline,0,22473390,0.0,8.3.CO_EMP_TEC_MOVIL,177
2023-12,2023,12,Simple,Simple,0,22473390,0.0,8.3.CO_EMP_TEC_MOVIL,177
2023-12,2023,12,Mundo Pacífico,Mundo Pacífico,129577,22473390,0.57658,8.3.CO_EMP_TEC_MOVIL,177
2023-12,2023,12,Suma Móvil Chile,Suma Móvil Chile,4214,22473390,0.018751,8.3.CO_EMP_TEC_MOVIL,177
2024-01,2024,1,Movistar,Movistar,4655021,22617901,20.581136,8.3.CO_EMP_TEC_MOVIL,178
2024-01,2024,1,Grupo Claro-VTR,Grupo Claro-VTR,4197811,22617901,18.559684,8.3.CO_EMP_TEC_MOVIL,178
2024-01,2024,1,Entel,Entel PCS,7780157,22617901,34.398227,8.3.CO_EMP_TEC_MOVIL,178
2024-01,2024,1,Virgin,Virgin,48425,22617901,0.2141,8.3.CO_EMP_TEC_MOVIL,178
2024-01,2024,1,GTD Móvil,GTD Móvil,4603,22617901,0.020351,8.3.CO_EMP_TEC_MOVIL,178
2024-01,2024,1,WOM,WOM,5812568,22617901,25.698972,8.3.CO_EMP_TEC_MOVIL,178
2024-01,2024,1,Netline,Netline,0,22617901,0.0,8.3.CO_EMP_TEC_MOVIL,178
2024-01,2024,1,Simple,Simple,0,22617901,0.0,8.3.CO_EMP_TEC_MOVIL,178
2024-01,2024,1,Mundo Pacífico,Mundo Pacífico,114893,22617901,0.507974,8.3.CO_EMP_TEC_MOVIL,178
2024-01,2024,1,Suma Móvil Chile,Suma Móvil Chile,4423,22617901,0.019555,8.3.CO_EMP_TEC_MOVIL,178
2024-02,2024,2,Movistar,Movistar,4615996,22614899,20.411305,8.3.CO_EMP_TEC_MOVIL,179
2024-02,2024,2,Grupo Claro-VTR,Grupo Claro-VTR,4221996,22614899,18.669091,8.3.CO_EMP_TEC_MOVIL,179
2024-02,2024,2,Entel,Entel PCS,7773886,22614899,34.375064,8.3.CO_EMP_TEC_MOVIL,179
2024-02,2024,2,Virgin,Virgin,47474,22614899,0.209924,8.3.CO_EMP_TEC_MOVIL,179
2024-02,2024,2,GTD Móvil,GTD Móvil,4432,22614899,0.019598,8.3.CO_EMP_TEC_MOVIL,179
2024-02,2024,2,WOM,WOM,5823241,22614899,25.749578,8.3.CO_EMP_TEC_MOVIL,179
2024-02,2024,2,Netline,Netline,0,22614899,0.0,8.3.CO_EMP_TEC_MOVIL,179
2024-02,2024,2,Simple,Simple,0,22614899,0.0,8.3.CO_EMP_TEC_MOVIL,179
2024-02,2024,2,Mundo Pacífico,Mundo Pacífico,122807,22614899,0.543036,8.3.CO_EMP_TEC_MOVIL,179
2024-02,2024,2,Suma Móvil Chile,Suma Móvil Chile,5067,22614899,0.022406,8.3.CO_EMP_TEC_MOVIL,179
2024-03,2024,3,Movistar,Movistar,4645211,22796136,20.377186,8.3.CO_EMP_TEC_MOVIL,180
2024-03,2024,3,Grupo Claro-VTR,Grupo Claro-VTR,4273197,22796136,18.745269,8.3.CO_EMP_TEC_MOVIL,180
2024-03,2024,3,Entel,Entel PCS,7918458,22796136,34.735966,8.3.CO_EMP_TEC_MOVIL,180
2024-03,2024,3,Virgin,Virgin,46747,22796136,0.205065,8.3.CO_EMP_TEC_MOVIL,180
2024-03,2024,3,GTD Móvil,GTD Móvil,4483,22796136,0.019666,8.3.CO_EMP_TEC_MOVIL,180
2024-03,2024,3,WOM,WOM,5782572,22796136,25.366457,8.3.CO_EMP_TEC_MOVIL,180
2024-03,2024,3,Netline,Netline,0,22796136,0.0,8.3.CO_EMP_TEC_MOVIL,180
2024-03,2024,3,Simple,Simple,0,22796136,0.0,8.3.CO_EMP_TEC_MOVIL,180
2024-03,2024,3,Mundo Pacífico,Mundo Pacífico,120378,22796136,0.528063,8.3.CO_EMP_TEC_MOVIL,180
2024-03,2024,3,Suma Móvil Chile,Suma Móvil Chile,5090,22796136,0.022328,8.3.CO_EMP_TEC_MOVIL,180
2024-04,2024,4,Movistar,Movistar,4612557,22725436,20.296891,8.3.CO_EMP_TEC_MOVIL,181
2024-04,2024,4,Grupo Claro-VTR,Grupo Claro-VTR,4310213,22725436,18.96647,8.3.CO_EMP_TEC_MOVIL,181
2024-04,2024,4,Entel,Entel PCS,7842179,22725436,34.508376,8.3.CO_EMP_TEC_MOVIL,181
2024-04,2024,4,Virgin,Virgin,46134,22725436,0.203006,8.3.CO_EMP_TEC_MOVIL,181
2024-04,2024,4,GTD Móvil,GTD Móvil,4417,22725436,0.019436,8.3.CO_EMP_TEC_MOVIL,181
2024-04,2024,4,WOM,WOM,5751821,22725436,25.310058,8.3.CO_EMP_TEC_MOVIL,181
2024-04,2024,4,Netline,Netline,0,22725436,0.0,8.3.CO_EMP_TEC_MOVIL,181
2024-04,2024,4,Simple,Simple,0,22725436,0.0,8.3.CO_EMP_TEC_MOVIL,181
2024-04,2024,4,Mundo Pacífico,Mundo Pacífico,152867,22725436,0.672669,8.3.CO_EMP_TEC_MOVIL,181
2024-04,2024,4,Suma Móvil Chile,Suma Móvil Chile,5248,22725436,0.023093,8.3.CO_EMP_TEC_MOVIL,181
2024-05,2024,5,Movistar,Movistar,4574565,22613617,20.229249,8.3.CO_EMP_TEC_MOVIL,182
2024-05,2024,5,Grupo Claro-VTR,Grupo Claro-VTR,4304964,22613617,19.037043,8.3.CO_EMP_TEC_MOVIL,182
2024-05,2024,5,Entel,Entel PCS,7857417,22613617,34.746396,8.3.CO_EMP_TEC_MOVIL,182
2024-05,2024,5,Virgin,Virgin,46366,22613617,0.205036,8.3.CO_EMP_TEC_MOVIL,182
2024-05,2024,5,GTD Móvil,GTD Móvil,4491,22613617,0.01986,8.3.CO_EMP_TEC_MOVIL,182
2024-05,2024,5,WOM,WOM,5707063,22613617,25.237285,8.3.CO_EMP_TEC_MOVIL,182
2024-05,2024,5,Netline,Netline,0,22613617,0.0,8.3.CO_EMP_TEC_MOVIL,182
2024-05,2024,5,Simple,Simple,0,22613617,0.0,8.3.CO_EMP_TEC_MOVIL,182
2024-05,2024,5,Mundo Pacífico,Mundo Pacífico,113027,22613617,0.499818,8.3.CO_EMP_TEC_MOVIL,182
2024-05,2024,5,Suma Móvil Chile,Suma Móvil Chile,5724,22613617,0.025312,8.3.CO_EMP_TEC_MOVIL,182
2024-06,2024,6,Movistar,Movistar,4547918,22642058,20.086151,8.3.CO_EMP_TEC_MOVIL,183
2024-06,2024,6,Grupo Claro-VTR,Grupo Claro-VTR,4259207,22642058,18.811042,8.3.CO_EMP_TEC_MOVIL,183
2024-06,2024,6,Entel,Entel PCS,7895199,22642058,34.869617,8.3.CO_EMP_TEC_MOVIL,183
2024-06,2024,6,Virgin,Virgin,45872,22642058,0.202596,8.3.CO_EMP_TEC_MOVIL,183
2024-06,2024,6,GTD Móvil,GTD Móvil,4463,22642058,0.019711,8.3.CO_EMP_TEC_MOVIL,183
2024-06,2024,6,WOM,WOM,5734607,22642058,25.327234,8.3.CO_EMP_TEC_MOVIL,183
2024-06,2024,6,Netline,Netline,0,22642058,0.0,8.3.CO_EMP_TEC_MOVIL,183
2024-06,2024,6,Simple,Simple,0,22642058,0.0,8.3.CO_EMP_TEC_MOVIL,183
2024-06,2024,6,Mundo Pacífico,Mundo Pacífico,149022,22642058,0.658165,8.3.CO_EMP_TEC_MOVIL,183
2024-06,2024,6,Suma Móvil Chile,Suma Móvil Chile,5770,22642058,0.025484,8.3.CO_EMP_TEC_MOVIL,183
2024-07,2024,7,Movistar,Movistar,4553309,22770982,19.996103,8.3.CO_EMP_TEC_MOVIL,184
2024-07,2024,7,Grupo Claro-VTR,Grupo Claro-VTR,4284121,22770982,18.813949,8.3.CO_EMP_TEC_MOVIL,184
2024-07,2024,7,Entel,Entel PCS,7963291,22770982,34.971223,8.3.CO_EMP_TEC_MOVIL,184
2024-07,2024,7,Virgin,Virgin,45639,22770982,0.200426,8.3.CO_EMP_TEC_MOVIL,184
2024-07,2024,7,GTD Móvil,GTD Móvil,4384,22770982,0.019253,8.3.CO_EMP_TEC_MOVIL,184
2024-07,2024,7,WOM,WOM,5760378,22770982,25.297012,8.3.CO_EMP_TEC_MOVIL,184
2024-07,2024,7,Netline,Netline,0,22770982,0.0,8.3.CO_EMP_TEC_MOVIL,184
2024-07,2024,7,Simple,Simple,0,22770982,0.0,8.3.CO_EMP_TEC_MOVIL,184
2024-07,2024,7,Mundo Pacífico,Mundo Pacífico,153831,22770982,0.675557,8.3.CO_EMP_TEC_MOVIL,184
2024-07,2024,7,Suma Móvil Chile,Suma Móvil Chile,6029,22770982,0.026477,8.3.CO_EMP_TEC_MOVIL,184
2024-08,2024,8,Movistar,Movistar,4548326,23003365,19.772438,8.3.CO_EMP_TEC_MOVIL,185
2024-08,2024,8,Grupo Claro-VTR,Grupo Claro-VTR,4306798,23003365,18.72247,8.3.CO_EMP_TEC_MOVIL,185
2024-08,2024,8,Entel,Entel PCS,8077624,23003365,35.114967,8.3.CO_EMP_TEC_MOVIL,185
2024-08,2024,8,Virgin,Virgin,43744,23003365,0.190163,8.3.CO_EMP_TEC_MOVIL,185
2024-08,2024,8,GTD Móvil,GTD Móvil,3800,23003365,0.016519,8.3.CO_EMP_TEC_MOVIL,185
2024-08,2024,8,WOM,WOM,5852761,23003365,25.443065,8.3.CO_EMP_TEC_MOVIL,185
2024-08,2024,8,Netline,Netline,0,23003365,0.0,8.3.CO_EMP_TEC_MOVIL,185
2024-08,2024,8,Simple,Simple,0,23003365,0.0,8.3.CO_EMP_TEC_MOVIL,185
2024-08,2024,8,Mundo Pacífico,Mundo Pacífico,159261,23003365,0.692338,8.3.CO_EMP_TEC_MOVIL,185
2024-08,2024,8,Suma Móvil Chile,Suma Móvil Chile,11051,23003365,0.048041,8.3.CO_EMP_TEC_MOVIL,185
2024-09,2024,9,Movistar,Movistar,4469422,22798293,19.604196,8.3.CO_EMP_TEC_MOVIL,186
2024-09,2024,9,Grupo Claro-VTR,Grupo Claro-VTR,4280478,22798293,18.775432,8.3.CO_EMP_TEC_MOVIL,186
2024-09,2024,9,Entel,Entel PCS,8017913,22798293,35.168918,8.3.CO_EMP_TEC_MOVIL,186
2024-09,2024,9,Virgin,Virgin,44920,22798293,0.197032,8.3.CO_EMP_TEC_MOVIL,186
2024-09,2024,9,GTD Móvil,GTD Móvil,3827,22798293,0.016786,8.3.CO_EMP_TEC_MOVIL,186
2024-09,2024,9,WOM,WOM,5809313,22798293,25.481351,8.3.CO_EMP_TEC_MOVIL,186
2024-09,2024,9,Netline,Netline,0,22798293,0.0,8.3.CO_EMP_TEC_MOVIL,186
2024-09,2024,9,Simple,Simple,0,22798293,0.0,8.3.CO_EMP_TEC_MOVIL,186
2024-09,2024,9,Mundo Pacífico,Mundo Pacífico,161615,22798293,0.708891,8.3.CO_EMP_TEC_MOVIL,186
2024-09,2024,9,Suma Móvil Chile,Suma Móvil Chile,10805,22798293,0.047394,8.3.CO_EMP_TEC_MOVIL,186
2024-10,2024,10,Movistar,Movistar,4492631,23031598,19.50638,8.3.CO_EMP_TEC_MOVIL,187
2024-10,2024,10,Grupo Claro-VTR,Grupo Claro-VTR,4371257,23031598,18.979391,8.3.CO_EMP_TEC_MOVIL,187
2024-10,2024,10,Entel,Entel PCS,8098603,23031598,35.16301,8.3.CO_EMP_TEC_MOVIL,187
2024-10,2024,10,Virgin,Virgin,44652,23031598,0.193873,8.3.CO_EMP_TEC_MOVIL,187
2024-10,2024,10,GTD Móvil,GTD Móvil,3840,23031598,0.016673,8.3.CO_EMP_TEC_MOVIL,187
2024-10,2024,10,WOM,WOM,5848017,23031598,25.391278,8.3.CO_EMP_TEC_MOVIL,187
2024-10,2024,10,Netline,Netline,0,23031598,0.0,8.3.CO_EMP_TEC_MOVIL,187
2024-10,2024,10,Simple,Simple,0,23031598,0.0,8.3.CO_EMP_TEC_MOVIL,187
2024-10,2024,10,Mundo Pacífico,Mundo Pacífico,160234,23031598,0.695714,8.3.CO_EMP_TEC_MOVIL,187
2024-10,2024,10,Suma Móvil Chile,Suma Móvil Chile,12364,23031598,0.053683,8.3.CO_EMP_TEC_MOVIL,187
2024-11,2024,11,Movistar,Movistar,4460705,23053378,19.349464,8.3.CO_EMP_TEC_MOVIL,188
2024-11,2024,11,Grupo Claro-VTR,Grupo Claro-VTR,4321254,23053378,18.744559,8.3.CO_EMP_TEC_MOVIL,188
2024-11,2024,11,Entel,Entel PCS,8171606,23053378,35.446458,8.3.CO_EMP_TEC_MOVIL,188
2024-11,2024,11,Virgin,Virgin,44432,23053378,0.192735,8.3.CO_EMP_TEC_MOVIL,188
2024-11,2024,11,GTD Móvil,GTD Móvil,3934,23053378,0.017065,8.3.CO_EMP_TEC_MOVIL,188
2024-11,2024,11,WOM,WOM,5879434,23053378,25.503568,8.3.CO_EMP_TEC_MOVIL,188
2024-11,2024,11,Netline,Netline,0,23053378,0.0,8.3.CO_EMP_TEC_MOVIL,188
2024-11,2024,11,Simple,Simple,0,23053378,0.0,8.3.CO_EMP_TEC_MOVIL,188
2024-11,2024,11,Mundo Pacífico,Mundo Pacífico,159111,23053378,0.690185,8.3.CO_EMP_TEC_MOVIL,188
2024-11,2024,11,Suma Móvil Chile,Suma Móvil Chile,12902,23053378,0.055966,8.3.CO_EMP_TEC_MOVIL,188
2024-12,2024,12,Movistar,Movistar,4479298,23126835,19.3684,8.3.CO_EMP_TEC_MOVIL,189
2024-12,2024,12,Grupo Claro-VTR,Grupo Claro-VTR,4363425,23126835,18.867368,8.3.CO_EMP_TEC_MOVIL,189
2024-12,2024,12,Entel,Entel PCS,8151543,23126835,35.247119,8.3.CO_EMP_TEC_MOVIL,189
2024-12,2024,12,Virgin,Virgin,44251,23126835,0.19134,8.3.CO_EMP_TEC_MOVIL,189
2024-12,2024,12,GTD Móvil,GTD Móvil,3940,23126835,0.017036,8.3.CO_EMP_TEC_MOVIL,189
2024-12,2024,12,WOM,WOM,5913328,23126835,25.569119,8.3.CO_EMP_TEC_MOVIL,189
2024-12,2024,12,Netline,Netline,0,23126835,0.0,8.3.CO_EMP_TEC_MOVIL,189
2024-12,2024,12,Simple,Simple,0,23126835,0.0,8.3.CO_EMP_TEC_MOVIL,189
2024-12,2024,12,Mundo Pacífico,Mundo Pacífico,157966,23126835,0.683042,8.3.CO_EMP_TEC_MOVIL,189
2024-12,2024,12,Suma Móvil Chile,Suma Móvil Chile,13084,23126835,0.056575,8.3.CO_EMP_TEC_MOVIL,189
2025-01,2025,1,Movistar,Movistar,4445982,23197693,19.165621,8.3.CO_EMP_TEC_MOVIL,190
2025-01,2025,1,Grupo Claro-VTR,Grupo Claro-VTR,4344942,23197693,18.730061,8.3.CO_EMP_TEC_MOVIL,190
2025-01,2025,1,Entel,Entel PCS,8259349,23197693,35.604183,8.3.CO_EMP_TEC_MOVIL,190
2025-01,2025,1,Virgin,Virgin,43910,23197693,0.189286,8.3.CO_EMP_TEC_MOVIL,190
2025-01,2025,1,GTD Móvil,GTD Móvil,3916,23197693,0.016881,8.3.CO_EMP_TEC_MOVIL,190
2025-01,2025,1,WOM,WOM,5929634,23197693,25.561309,8.3.CO_EMP_TEC_MOVIL,190
2025-01,2025,1,Netline,Netline,0,23197693,0.0,8.3.CO_EMP_TEC_MOVIL,190
2025-01,2025,1,Simple,Simple,0,23197693,0.0,8.3.CO_EMP_TEC_MOVIL,190
2025-01,2025,1,Mundo Pacífico,Mundo Pacífico,156790,23197693,0.675886,8.3.CO_EMP_TEC_MOVIL,190
2025-01,2025,1,Suma Móvil Chile,Suma Móvil Chile,13170,23197693,0.056773,8.3.CO_EMP_TEC_MOVIL,190
2025-02,2025,2,Movistar,Movistar,4402862,23033899,19.114706,8.3.CO_EMP_TEC_MOVIL,191
2025-02,2025,2,Grupo Claro-VTR,Grupo Claro-VTR,4418466,23033899,19.182449,8.3.CO_EMP_TEC_MOVIL,191
2025-02,2025,2,Entel,Entel PCS,8187387,23033899,35.544946,8.3.CO_EMP_TEC_MOVIL,191
2025-02,2025,2,Virgin,Virgin,43632,23033899,0.189425,8.3.CO_EMP_TEC_MOVIL,191
2025-02,2025,2,GTD Móvil,GTD Móvil,3736,23033899,0.01622,8.3.CO_EMP_TEC_MOVIL,191
2025-02,2025,2,WOM,WOM,5807460,23033899,25.212666,8.3.CO_EMP_TEC_MOVIL,191
2025-02,2025,2,Netline,Netline,0,23033899,0.0,8.3.CO_EMP_TEC_MOVIL,191
2025-02,2025,2,Simple,Simple,0,23033899,0.0,8.3.CO_EMP_TEC_MOVIL,191
2025-02,2025,2,Mundo Pacífico,Mundo Pacífico,157717,23033899,0.684717,8.3.CO_EMP_TEC_MOVIL,191
2025-02,2025,2,Suma Móvil Chile,Suma Móvil Chile,12639,23033899,0.054871,8.3.CO_EMP_TEC_MOVIL,191
2025-03,2025,3,Movistar,Movistar,4377450,23053598,18.988142,8.3.CO_EMP_TEC_MOVIL,192
2025-03,2025,3,Grupo Claro-VTR,Grupo Claro-VTR,4454903,23053598,19.324112,8.3.CO_EMP_TEC_MOVIL,192
2025-03,2025,3,Entel,Entel PCS,8108307,23053598,35.171547,8.3.CO_EMP_TEC_MOVIL,192
2025-03,2025,3,Virgin,Virgin,44269,23053598,0.192026,8.3.CO_EMP_TEC_MOVIL,192
2025-03,2025,3,GTD Móvil,GTD Móvil,3962,23053598,0.017186,8.3.CO_EMP_TEC_MOVIL,192
2025-03,2025,3,WOM,WOM,5902061,23053598,25.601474,8.3.CO_EMP_TEC_MOVIL,192
2025-03,2025,3,Netline,Netline,0,23053598,0.0,8.3.CO_EMP_TEC_MOVIL,192
2025-03,2025,3,Simple,Simple,0,23053598,0.0,8.3.CO_EMP_TEC_MOVIL,192
2025-03,2025,3,Mundo Pacífico,Mundo Pacífico,149892,23053598,0.650189,8.3.CO_EMP_TEC_MOVIL,192
2025-03,2025,3,Suma Móvil Chile,Suma Móvil Chile,12754,23053598,0.055323,8.3.CO_EMP_TEC_MOVIL,192
2025-04,2025,4,Movistar,Movistar,4378351,23008854,19.028983,8.3.CO_EMP_TEC_MOVIL,193
2025-04,2025,4,Grupo Claro-VTR,Grupo Claro-VTR,4399019,23008854,19.11881,8.3.CO_EMP_TEC_MOVIL,193
2025-04,2025,4,Entel,Entel PCS,8086320,23008854,35.144384,8.3.CO_EMP_TEC_MOVIL,193
2025-04,2025,4,Virgin,Virgin,44269,23008854,0.1924,8.3.CO_EMP_TEC_MOVIL,193
2025-04,2025,4,GTD Móvil,GTD Móvil,4020,23008854,0.017472,8.3.CO_EMP_TEC_MOVIL,193
2025-04,2025,4,WOM,WOM,5933048,23008854,25.785934,8.3.CO_EMP_TEC_MOVIL,193
2025-04,2025,4,Netline,Netline,0,23008854,0.0,8.3.CO_EMP_TEC_MOVIL,193
2025-04,2025,4,Simple,Simple,0,23008854,0.0,8.3.CO_EMP_TEC_MOVIL,193
2025-04,2025,4,Mundo Pacífico,Mundo Pacífico,150661,23008854,0.654796,8.3.CO_EMP_TEC_MOVIL,193
2025-04,2025,4,Suma Móvil Chile,Suma Móvil Chile,13166,23008854,0.057221,8.3.CO_EMP_TEC_MOVIL,193
2025-05,2025,5,Movistar,Movistar,4340223,22822539,19.017266,8.3.CO_EMP_TEC_MOVIL,194
2025-05,2025,5,Grupo Claro-VTR,Grupo Claro-VTR,4397934,22822539,19.270135,8.3.CO_EMP_TEC_MOVIL,194
2025-05,2025,5,Entel,Entel PCS,8086338,22822539,35.431369,8.3.CO_EMP_TEC_MOVIL,194
2025-05,2025,5,Virgin,Virgin,37778,22822539,0.165529,8.3.CO_EMP_TEC_MOVIL,194
2025-05,2025,5,GTD Móvil,GTD Móvil,4125,22822539,0.018074,8.3.CO_EMP_TEC_MOVIL,194
2025-05,2025,5,WOM,WOM,5791347,22822539,25.37556,8.3.CO_EMP_TEC_MOVIL,194
2025-05,2025,5,Netline,Netline,0,22822539,0.0,8.3.CO_EMP_TEC_MOVIL,194
2025-05,2025,5,Simple,Simple,0,22822539,0.0,8.3.CO_EMP_TEC_MOVIL,194
2025-05,2025,5,Mundo Pacífico,Mundo Pacífico,150821,22822539,0.660842,8.3.CO_EMP_TEC_MOVIL,194
2025-05,2025,5,Suma Móvil Chile,Suma Móvil Chile,13973,22822539,0.061225,8.3.CO_EMP_TEC_MOVIL,194
2025-06,2025,6,Movistar,Movistar,4314477,22680438,19.0229,8.3.CO_EMP_TEC_MOVIL,195
2025-06,2025,6,Grupo Claro-VTR,Grupo Claro-VTR,4494642,22680438,19.817263,8.3.CO_EMP_TEC_MOVIL,195
2025-06,2025,6,Entel,Entel PCS,8046030,22680438,35.475638,8.3.CO_EMP_TEC_MOVIL,195
2025-06,2025,6,Virgin,Virgin,38752,22680438,0.170861,8.3.CO_EMP_TEC_MOVIL,195
2025-06,2025,6,GTD Móvil,GTD Móvil,0,22680438,0.0,8.3.CO_EMP_TEC_MOVIL,195
2025-06,2025,6,WOM,WOM,5629407,22680438,24.820539,8.3.CO_EMP_TEC_MOVIL,195
2025-06,2025,6,Netline,Netline,0,22680438,0.0,8.3.CO_EMP_TEC_MOVIL,195
2025-06,2025,6,Simple,Simple,0,22680438,0.0,8.3.CO_EMP_TEC_MOVIL,195
2025-06,2025,6,Mundo Pacífico,Mundo Pacífico,144141,22680438,0.63553,8.3.CO_EMP_TEC_MOVIL,195
2025-06,2025,6,Suma Móvil Chile,Suma Móvil Chile,12989,22680438,0.05727,8.3.CO_EMP_TEC_MOVIL,195
2025-07,2025,7,Movistar,Movistar,4377338,22839893,19.165317,8.3.CO_EMP_TEC_MOVIL,196
2025-07,2025,7,Grupo Claro-VTR,Grupo Claro-VTR,4468557,22839893,19.564702,8.3.CO_EMP_TEC_MOVIL,196
2025-07,2025,7,Entel,Entel PCS,8291897,22839893,36.304448,8.3.CO_EMP_TEC_MOVIL,196
2025-07,2025,7,Virgin,Virgin,38562,22839893,0.168836,8.3.CO_EMP_TEC_MOVIL,196
2025-07,2025,7,GTD Móvil,GTD Móvil,4261,22839893,0.018656,8.3.CO_EMP_TEC_MOVIL,196
2025-07,2025,7,WOM,WOM,5503683,22839893,24.096799,8.3.CO_EMP_TEC_MOVIL,196
2025-07,2025,7,Netline,Netline,0,22839893,0.0,8.3.CO_EMP_TEC_MOVIL,196
2025-07,2025,7,Simple,Simple,0,22839893,0.0,8.3.CO_EMP_TEC_MOVIL,196
2025-07,2025,7,Mundo Pacífico,Mundo Pacífico,142686,22839893,0.624723,8.3.CO_EMP_TEC_MOVIL,196
2025-07,2025,7,Suma Móvil Chile,Suma Móvil Chile,12909,22839893,0.05652,8.3.CO_EMP_TEC_MOVIL,196
2025-08,2025,8,Movistar,Movistar,4357635,22594607,19.286173,8.3.CO_EMP_TEC_MOVIL,197
2025-08,2025,8,Grupo Claro-VTR,Grupo Claro-VTR,4488354,22594607,19.864714,8.3.CO_EMP_TEC_MOVIL,197
2025-08,2025,8,Entel,Entel PCS,8050998,22594607,35.632388,8.3.CO_EMP_TEC_MOVIL,197
2025-08,2025,8,Virgin,Virgin,37980,22594607,0.168093,8.3.CO_EMP_TEC_MOVIL,197
2025-08,2025,8,GTD Móvil,GTD Móvil,4424,22594607,0.01958,8.3.CO_EMP_TEC_MOVIL,197
2025-08,2025,8,WOM,WOM,5501783,22594607,24.349983,8.3.CO_EMP_TEC_MOVIL,197
2025-08,2025,8,Netline,Netline,0,22594607,0.0,8.3.CO_EMP_TEC_MOVIL,197
2025-08,2025,8,Simple,Simple,0,22594607,0.0,8.3.CO_EMP_TEC_MOVIL,197
2025-08,2025,8,Mundo Pacífico,Mundo Pacífico,140542,22594607,0.622016,8.3.CO_EMP_TEC_MOVIL,197
2025-08,2025,8,Suma Móvil Chile,Suma Móvil Chile,12891,22594607,0.057053,8.3.CO_EMP_TEC_MOVIL,197
2025-09,2025,9,Movistar,Movistar,4320915,22368276,19.317157,8.3.CO_EMP_TEC_MOVIL,198
2025-09,2025,9,Grupo Claro-VTR,Grupo Claro-VTR,4455815,22368276,19.920243,8.3.CO_EMP_TEC_MOVIL,198
2025-09,2025,9,Entel,Entel PCS,7876269,22368276,35.211784,8.3.CO_EMP_TEC_MOVIL,198
2025-09,2025,9,Virgin,Virgin,40473,22368276,0.180939,8.3.CO_EMP_TEC_MOVIL,198
2025-09,2025,9,GTD Móvil,GTD Móvil,4390,22368276,0.019626,8.3.CO_EMP_TEC_MOVIL,198
2025-09,2025,9,WOM,WOM,5513508,22368276,24.648784,8.3.CO_EMP_TEC_MOVIL,198
2025-09,2025,9,Netline,Netline,0,22368276,0.0,8.3.CO_EMP_TEC_MOVIL,198
2025-09,2025,9,Simple,Simple,0,22368276,0.0,8.3.CO_EMP_TEC_MOVIL,198
2025-09,2025,9,Mundo Pacífico,Mundo Pacífico,143872,22368276,0.643197,8.3.CO_EMP_TEC_MOVIL,198
2025-09,2025,9,Suma Móvil Chile,Suma Móvil Chile,13034,22368276,0.05827,8.3.CO_EMP_TEC_MOVIL,198
2025-10,2025,10,Movistar,Movistar,4346741,22587075,19.244373,8.3.CO_EMP_TEC_MOVIL,199
2025-10,2025,10,Grupo Claro-VTR,Grupo Claro-VTR,4518482,22587075,20.004724,8.3.CO_EMP_TEC_MOVIL,199
2025-10,2025,10,Entel,Entel PCS,7961323,22587075,35.247251,8.3.CO_EMP_TEC_MOVIL,199
2025-10,2025,10,Virgin,Virgin,40922,22587075,0.181174,8.3.CO_EMP_TEC_MOVIL,199
2025-10,2025,10,GTD Móvil,GTD Móvil,4369,22587075,0.019343,8.3.CO_EMP_TEC_MOVIL,199
2025-10,2025,10,WOM,WOM,5548239,22587075,24.563778,8.3.CO_EMP_TEC_MOVIL,199
2025-10,2025,10,Netline,Netline,0,22587075,0.0,8.3.CO_EMP_TEC_MOVIL,199
2025-10,2025,10,Simple,Simple,0,22587075,0.0,8.3.CO_EMP_TEC_MOVIL,199
2025-10,2025,10,Mundo Pacífico,Mundo Pacífico,153851,22587075,0.681146,8.3.CO_EMP_TEC_MOVIL,199
2025-10,2025,10,Suma Móvil Chile,Suma Móvil Chile,13148,22587075,0.05821,8.3.CO_EMP_TEC_MOVIL,199
2025-11,2025,11,Movistar,Movistar,4358313,22626953,19.261599,8.3.CO_EMP_TEC_MOVIL,200
2025-11,2025,11,Grupo Claro-VTR,Grupo Claro-VTR,4548467,22626953,20.101986,8.3.CO_EMP_TEC_MOVIL,200
2025-11,2025,11,Entel,Entel PCS,7966607,22626953,35.208483,8.3.CO_EMP_TEC_MOVIL,200
2025-11,2025,11,Virgin,Virgin,41460,22626953,0.183233,8.3.CO_EMP_TEC_MOVIL,200
2025-11,2025,11,GTD Móvil,GTD Móvil,4479,22626953,0.019795,8.3.CO_EMP_TEC_MOVIL,200
2025-11,2025,11,WOM,WOM,5535989,22626953,24.466348,8.3.CO_EMP_TEC_MOVIL,200
2025-11,2025,11,Netline,Netline,0,22626953,0.0,8.3.CO_EMP_TEC_MOVIL,200
2025-11,2025,11,Simple,Simple,0,22626953,0.0,8.3.CO_EMP_TEC_MOVIL,200
2025-11,2025,11,Mundo Pacífico,Mundo Pacífico,157736,22626953,0.697116,8.3.CO_EMP_TEC_MOVIL,200
2025-11,2025,11,Suma Móvil Chile,Suma Móvil Chile,13902,22626953,0.06144,8.3.CO_EMP_TEC_MOVIL,200
2025-12,2025,12,Movistar,Movistar,4324431,22727018,19.02771,8.3.CO_EMP_TEC_MOVIL,201
2025-12,2025,12,Grupo Claro-VTR,Grupo Claro-VTR,4592982,22727018,20.209347,8.3.CO_EMP_TEC_MOVIL,201
2025-12,2025,12,Entel,Entel PCS,8017997,22727018,35.279582,8.3.CO_EMP_TEC_MOVIL,201
2025-12,2025,12,Virgin,Virgin,41897,22727018,0.184349,8.3.CO_EMP_TEC_MOVIL,201
2025-12,2025,12,GTD Móvil,GTD Móvil,4501,22727018,0.019805,8.3.CO_EMP_TEC_MOVIL,201
2025-12,2025,12,WOM,WOM,5571024,22727018,24.51278,8.3.CO_EMP_TEC_MOVIL,201
2025-12,2025,12,Netline,Netline,0,22727018,0.0,8.3.CO_EMP_TEC_MOVIL,201
2025-12,2025,12,Simple,Simple,0,22727018,0.0,8.3.CO_EMP_TEC_MOVIL,201
2025-12,2025,12,Mundo Pacífico,Mundo Pacífico,159523,22727018,0.701909,8.3.CO_EMP_TEC_MOVIL,201
2025-12,2025,12,Suma Móvil Chile,Suma Móvil Chile,14663,22727018,0.064518,8.3.CO_EMP_TEC_MOVIL,201
2026-01,2026,1,Movistar,Movistar,4330617,22754806,19.031659,8.3.CO_EMP_TEC_MOVIL,202
2026-01,2026,1,Grupo Claro-VTR,Grupo Claro-VTR,4650313,22754806,20.436619,8.3.CO_EMP_TEC_MOVIL,202
2026-01,2026,1,Entel,Entel PCS,8015223,22754806,35.224308,8.3.CO_EMP_TEC_MOVIL,202
2026-01,2026,1,Virgin,Virgin,42368,22754806,0.186194,8.3.CO_EMP_TEC_MOVIL,202
2026-01,2026,1,GTD Móvil,GTD Móvil,4439,22754806,0.019508,8.3.CO_EMP_TEC_MOVIL,202
2026-01,2026,1,WOM,WOM,5533865,22754806,24.319544,8.3.CO_EMP_TEC_MOVIL,202
2026-01,2026,1,Netline,Netline,0,22754806,0.0,8.3.CO_EMP_TEC_MOVIL,202
2026-01,2026,1,Simple,Simple,0,22754806,0.0,8.3.CO_EMP_TEC_MOVIL,202
2026-01,2026,1,Mundo Pacífico,Mundo Pacífico,162912,22754806,0.715945,8.3.CO_EMP_TEC_MOVIL,202
2026-01,2026,1,Suma Móvil Chile,Suma Móvil Chile,15069,22754806,0.066223,8.3.CO_EMP_TEC_MOVIL,202
2026-02,2026,2,Movistar,Movistar,4215134,22577329,18.669764,8.3.CO_EMP_TEC_MOVIL,203
2026-02,2026,2,Grupo Claro-VTR,Grupo Claro-VTR,4662402,22577329,20.650813,8.3.CO_EMP_TEC_MOVIL,203
2026-02,2026,2,Entel,Entel PCS,7975203,22577329,35.323944,8.3.CO_EMP_TEC_MOVIL,203
2026-02,2026,2,Virgin,Virgin,43757,22577329,0.193809,8.3.CO_EMP_TEC_MOVIL,203
2026-02,2026,2,GTD Móvil,GTD Móvil,4400,22577329,0.019489,8.3.CO_EMP_TEC_MOVIL,203
2026-02,2026,2,WOM,WOM,5494331,22577329,24.335611,8.3.CO_EMP_TEC_MOVIL,203
2026-02,2026,2,Netline,Netline,0,22577329,0.0,8.3.CO_EMP_TEC_MOVIL,203
2026-02,2026,2,Simple,Simple,0,22577329,0.0,8.3.CO_EMP_TEC_MOVIL,203
2026-02,2026,2,Mundo Pacífico,Mundo Pacífico,166806,22577329,0.738821,8.3.CO_EMP_TEC_MOVIL,203
2026-02,2026,2,Suma Móvil Chile,Suma Móvil Chile,15296,22577329,0.067749,8.3.CO_EMP_TEC_MOVIL,203
2026-03,2026,3,Movistar,Movistar,4273436,22756638,18.778855,8.3.CO_EMP_TEC_MOVIL,204
2026-03,2026,3,Grupo Claro-VTR,Grupo Claro-VTR,4707748,22756638,20.687362,8.3.CO_EMP_TEC_MOVIL,204
2026-03,2026,3,Entel,Entel PCS,8018229,22756638,35.234682,8.3.CO_EMP_TEC_MOVIL,204
2026-03,2026,3,Virgin,Virgin,42524,22756638,0.186864,8.3.CO_EMP_TEC_MOVIL,204
2026-03,2026,3,GTD Móvil,GTD Móvil,4602,22756638,0.020223,8.3.CO_EMP_TEC_MOVIL,204
2026-03,2026,3,WOM,WOM,5521723,22756638,24.26423,8.3.CO_EMP_TEC_MOVIL,204
2026-03,2026,3,Netline,Netline,0,22756638,0.0,8.3.CO_EMP_TEC_MOVIL,204
2026-03,2026,3,Simple,Simple,0,22756638,0.0,8.3.CO_EMP_TEC_MOVIL,204
2026-03,2026,3,Mundo Pacífico,Mundo Pacífico,172341,22756638,0.757322,8.3.CO_EMP_TEC_MOVIL,204
2026-03,2026,3,Suma Móvil Chile,Suma Móvil Chile,16035,22756638,0.070463,8.3.CO_EMP_TEC_MOVIL,204
2026-04,2026,4,Movistar,Movistar,4207264,22619115,18.60048,8.3.CO_EMP_TEC_MOVIL,205
2026-04,2026,4,Grupo Claro-VTR,Grupo Claro-VTR,4718584,22619115,20.861046,8.3.CO_EMP_TEC_MOVIL,205
2026-04,2026,4,Entel,Entel PCS,7975312,22619115,35.259169,8.3.CO_EMP_TEC_MOVIL,205
2026-04,2026,4,Virgin,Virgin,41635,22619115,0.18407,8.3.CO_EMP_TEC_MOVIL,205
2026-04,2026,4,GTD Móvil,GTD Móvil,4665,22619115,0.020624,8.3.CO_EMP_TEC_MOVIL,205
2026-04,2026,4,WOM,WOM,5487510,22619115,24.260498,8.3.CO_EMP_TEC_MOVIL,205
2026-04,2026,4,Netline,Netline,0,22619115,0.0,8.3.CO_EMP_TEC_MOVIL,205
2026-04,2026,4,Simple,Simple,0,22619115,0.0,8.3.CO_EMP_TEC_MOVIL,205
2026-04,2026,4,Mundo Pacífico,Mundo Pacífico,167921,22619115,0.742385,8.3.CO_EMP_TEC_MOVIL,205
2026-04,2026,4,Suma Móvil Chile,Suma Móvil Chile,16224,22619115,0.071727,8.3.CO_EMP_TEC_MOVIL,205
2026-05,2026,5,Movistar,Movistar,4109083,22542679,18.228015,8.3.CO_EMP_TEC_MOVIL,206
2026-05,2026,5,Grupo Claro-VTR,Grupo Claro-VTR,4747834,22542679,21.061534,8.3.CO_EMP_TEC_MOVIL,206
2026-05,2026,5,Entel,Entel PCS,7968792,22542679,35.3498,8.3.CO_EMP_TEC_MOVIL,206
2026-05,2026,5,Virgin,Virgin,40758,22542679,0.180804,8.3.CO_EMP_TEC_MOVIL,206
2026-05,2026,5,GTD Móvil,GTD Móvil,4678,22542679,0.020752,8.3.CO_EMP_TEC_MOVIL,206
2026-05,2026,5,WOM,WOM,5480440,22542679,24.311396,8.3.CO_EMP_TEC_MOVIL,206
2026-05,2026,5,Netline,Netline,0,22542679,0.0,8.3.CO_EMP_TEC_MOVIL,206
2026-05,2026,5,Simple,Simple,0,22542679,0.0,8.3.CO_EMP_TEC_MOVIL,206
2026-05,2026,5,Mundo Pacífico,Mundo Pacífico,174892,22542679,0.775826,8.3.CO_EMP_TEC_MOVIL,206
2026-05,2026,5,Suma Móvil Chile,Suma Móvil Chile,16202,22542679,0.071873,8.3.CO_EMP_TEC_MOVIL,206
2026-06,2026,6,Movistar,Movistar,4175789,22590623,18.484612,8.3.CO_EMP_TEC_MOVIL,207
2026-06,2026,6,Grupo Claro-VTR,Grupo Claro-VTR,4746510,22590623,21.010974,8.3.CO_EMP_TEC_MOVIL,207
2026-06,2026,6,Entel,Entel PCS,7941760,22590623,35.155117,8.3.CO_EMP_TEC_MOVIL,207
2026-06,2026,6,Virgin,Virgin,40644,22590623,0.179915,8.3.CO_EMP_TEC_MOVIL,207
2026-06,2026,6,GTD Móvil,GTD Móvil,4687,22590623,0.020748,8.3.CO_EMP_TEC_MOVIL,207
2026-06,2026,6,WOM,WOM,5484773,22590623,24.278981,8.3.CO_EMP_TEC_MOVIL,207
2026-06,2026,6,Netline,Netline,0,22590623,0.0,8.3.CO_EMP_TEC_MOVIL,207
2026-06,2026,6,Simple,Simple,0,22590623,0.0,8.3.CO_EMP_TEC_MOVIL,207
2026-06,2026,6,Mundo Pacífico,Mundo Pacífico,179828,22590623,0.796029,8.3.CO_EMP_TEC_MOVIL,207
2026-06,2026,6,Suma Móvil Chile,Suma Móvil Chile,16632,22590623,0.073623,8.3.CO_EMP_TEC_MOVIL,207
