period,year,month,series_group,indicator,value,unit,source_sheet,source_row
2000-12,2000,12,fixed_connections,fixed_connections_total,585489,connections,7.1.CO_TOT_FIJAS,9
2000-12,2000,12,fixed_connections,penetration_per_100_inhabitants,3.788111,per_100_inhabitants,7.1.CO_TOT_FIJAS,9
2001-12,2001,12,fixed_connections,fixed_connections_total,698127,connections,7.1.CO_TOT_FIJAS,10
2001-12,2001,12,fixed_connections,penetration_per_100_inhabitants,4.466251,per_100_inhabitants,7.1.CO_TOT_FIJAS,10
2002-12,2002,12,fixed_connections,fixed_connections_total,757760,connections,7.1.CO_TOT_FIJAS,11
2002-12,2002,12,fixed_connections,penetration_per_100_inhabitants,4.795742,per_100_inhabitants,7.1.CO_TOT_FIJAS,11
2003-12,2003,12,fixed_connections,fixed_connections_total,836007,connections,7.1.CO_TOT_FIJAS,12
2003-12,2003,12,fixed_connections,penetration_per_100_inhabitants,5.236985,per_100_inhabitants,7.1.CO_TOT_FIJAS,12
2004-12,2004,12,fixed_connections,fixed_connections_total,805315,connections,7.1.CO_TOT_FIJAS,13
2004-12,2004,12,fixed_connections,penetration_per_100_inhabitants,4.995844,per_100_inhabitants,7.1.CO_TOT_FIJAS,13
2005-12,2005,12,fixed_connections,fixed_connections_total,906079,connections,7.1.CO_TOT_FIJAS,14
2005-12,2005,12,fixed_connections,penetration_per_100_inhabitants,5.566622,per_100_inhabitants,7.1.CO_TOT_FIJAS,14
2006-12,2006,12,fixed_connections,fixed_connections_total,1087738,connections,7.1.CO_TOT_FIJAS,15
2006-12,2006,12,fixed_connections,penetration_per_100_inhabitants,6.617826,per_100_inhabitants,7.1.CO_TOT_FIJAS,15
2007-12,2007,12,fixed_connections,fixed_connections_total,1331919,connections,7.1.CO_TOT_FIJAS,16
2007-12,2007,12,fixed_connections,penetration_per_100_inhabitants,8.024943,per_100_inhabitants,7.1.CO_TOT_FIJAS,16
2008-12,2008,12,fixed_connections,fixed_connections_total,1439009,connections,7.1.CO_TOT_FIJAS,17
2008-12,2008,12,fixed_connections,penetration_per_100_inhabitants,8.582281,per_100_inhabitants,7.1.CO_TOT_FIJAS,17
2009-12,2009,12,fixed_connections,fixed_connections_total,1695034,connections,7.1.CO_TOT_FIJAS,18
2009-12,2009,12,fixed_connections,penetration_per_100_inhabitants,10.003889,per_100_inhabitants,7.1.CO_TOT_FIJAS,18
2010-12,2010,12,fixed_connections,fixed_connections_total,1819564,connections,7.1.CO_TOT_FIJAS,19
2010-12,2010,12,fixed_connections,penetration_per_100_inhabitants,10.630152,per_100_inhabitants,7.1.CO_TOT_FIJAS,19
2011-12,2011,12,fixed_connections,fixed_connections_total,2025042,connections,7.1.CO_TOT_FIJAS,20
2011-12,2011,12,fixed_connections,penetration_per_100_inhabitants,11.710808,per_100_inhabitants,7.1.CO_TOT_FIJAS,20
2012-12,2012,12,fixed_connections,fixed_connections_total,2186173,connections,7.1.CO_TOT_FIJAS,21
2012-12,2012,12,fixed_connections,penetration_per_100_inhabitants,12.514525,per_100_inhabitants,7.1.CO_TOT_FIJAS,21
2013-12,2013,12,fixed_connections,fixed_connections_total,2309572,connections,7.1.CO_TOT_FIJAS,22
2013-12,2013,12,fixed_connections,penetration_per_100_inhabitants,13.085445,per_100_inhabitants,7.1.CO_TOT_FIJAS,22
2014-12,2014,12,fixed_connections,fixed_connections_total,2501356,connections,7.1.CO_TOT_FIJAS,23
2014-12,2014,12,fixed_connections,penetration_per_100_inhabitants,14.014146,per_100_inhabitants,7.1.CO_TOT_FIJAS,23
2015-12,2015,12,fixed_connections,fixed_connections_total,2729251,connections,7.1.CO_TOT_FIJAS,24
2015-12,2015,12,fixed_connections,penetration_per_100_inhabitants,15.111343,per_100_inhabitants,7.1.CO_TOT_FIJAS,24
2016-12,2016,12,fixed_connections,fixed_connections_total,2912133,connections,7.1.CO_TOT_FIJAS,25
2016-12,2016,12,fixed_connections,penetration_per_100_inhabitants,15.895064,per_100_inhabitants,7.1.CO_TOT_FIJAS,25
2017-12,2017,12,fixed_connections,fixed_connections_total,3068528,connections,7.1.CO_TOT_FIJAS,26
2017-12,2017,12,fixed_connections,penetration_per_100_inhabitants,16.497399,per_100_inhabitants,7.1.CO_TOT_FIJAS,26
2018-12,2018,12,fixed_connections,fixed_connections_total,3256097,connections,7.1.CO_TOT_FIJAS,27
2018-12,2018,12,fixed_connections,penetration_per_100_inhabitants,17.219898,per_100_inhabitants,7.1.CO_TOT_FIJAS,27
2019-12,2019,12,fixed_connections,fixed_connections_total,3434767,connections,7.1.CO_TOT_FIJAS,28
2019-12,2019,12,fixed_connections,penetration_per_100_inhabitants,17.916329,per_100_inhabitants,7.1.CO_TOT_FIJAS,28
2020-12,2020,12,fixed_connections,fixed_connections_total,3802033,connections,7.1.CO_TOT_FIJAS,29
2020-12,2020,12,fixed_connections,penetration_per_100_inhabitants,19.699722,per_100_inhabitants,7.1.CO_TOT_FIJAS,29
2021-12,2021,12,fixed_connections,fixed_connections_total,4287491,connections,7.1.CO_TOT_FIJAS,30
2021-12,2021,12,fixed_connections,penetration_per_100_inhabitants,22.00599,per_100_inhabitants,7.1.CO_TOT_FIJAS,30
2022-12,2022,12,fixed_connections,fixed_connections_total,4460212,connections,7.1.CO_TOT_FIJAS,31
2022-12,2022,12,fixed_connections,penetration_per_100_inhabitants,22.663835,per_100_inhabitants,7.1.CO_TOT_FIJAS,31
2023-12,2023,12,fixed_connections,fixed_connections_total,4524579,connections,7.1.CO_TOT_FIJAS,32
2023-12,2023,12,fixed_connections,penetration_per_100_inhabitants,22.81354,per_100_inhabitants,7.1.CO_TOT_FIJAS,32
2024-12,2024,12,fixed_connections,fixed_connections_total,4690891,connections,7.1.CO_TOT_FIJAS,33
2024-12,2024,12,fixed_connections,penetration_per_100_inhabitants,23.482895,per_100_inhabitants,7.1.CO_TOT_FIJAS,33
2025-12,2025,12,fixed_connections,fixed_connections_total,4796680,connections,7.1.CO_TOT_FIJAS,34
2025-12,2025,12,fixed_connections,penetration_per_100_inhabitants,23.866975,per_100_inhabitants,7.1.CO_TOT_FIJAS,34
2010-01,2010,1,fixed_connections,fixed_connections_total,1698908,connections,7.1.CO_TOT_FIJAS,36
2010-01,2010,1,fixed_connections,penetration_per_100_inhabitants,10.018215,per_100_inhabitants,7.1.CO_TOT_FIJAS,36
2010-02,2010,2,fixed_connections,fixed_connections_total,1697983,connections,7.1.CO_TOT_FIJAS,37
2010-02,2010,2,fixed_connections,penetration_per_100_inhabitants,10.004241,per_100_inhabitants,7.1.CO_TOT_FIJAS,37
2010-03,2010,3,fixed_connections,fixed_connections_total,1708303,connections,7.1.CO_TOT_FIJAS,38
2010-03,2010,3,fixed_connections,penetration_per_100_inhabitants,10.056489,per_100_inhabitants,7.1.CO_TOT_FIJAS,38
2010-04,2010,4,fixed_connections,fixed_connections_total,1731518,connections,7.1.CO_TOT_FIJAS,39
2010-04,2010,4,fixed_connections,penetration_per_100_inhabitants,10.184494,per_100_inhabitants,7.1.CO_TOT_FIJAS,39
2010-05,2010,5,fixed_connections,fixed_connections_total,1752810,connections,7.1.CO_TOT_FIJAS,40
2010-05,2010,5,fixed_connections,penetration_per_100_inhabitants,10.300945,per_100_inhabitants,7.1.CO_TOT_FIJAS,40
2010-06,2010,6,fixed_connections,fixed_connections_total,1749458,connections,7.1.CO_TOT_FIJAS,41
2010-06,2010,6,fixed_connections,penetration_per_100_inhabitants,10.272517,per_100_inhabitants,7.1.CO_TOT_FIJAS,41
2010-07,2010,7,fixed_connections,fixed_connections_total,1770485,connections,7.1.CO_TOT_FIJAS,42
2010-07,2010,7,fixed_connections,penetration_per_100_inhabitants,10.387165,per_100_inhabitants,7.1.CO_TOT_FIJAS,42
2010-08,2010,8,fixed_connections,fixed_connections_total,1793594,connections,7.1.CO_TOT_FIJAS,43
2010-08,2010,8,fixed_connections,penetration_per_100_inhabitants,10.513835,per_100_inhabitants,7.1.CO_TOT_FIJAS,43
2010-09,2010,9,fixed_connections,fixed_connections_total,1808189,connections,7.1.CO_TOT_FIJAS,44
2010-09,2010,9,fixed_connections,penetration_per_100_inhabitants,10.590425,per_100_inhabitants,7.1.CO_TOT_FIJAS,44
2010-10,2010,10,fixed_connections,fixed_connections_total,1803662,connections,7.1.CO_TOT_FIJAS,45
2010-10,2010,10,fixed_connections,penetration_per_100_inhabitants,10.555042,per_100_inhabitants,7.1.CO_TOT_FIJAS,45
2010-11,2010,11,fixed_connections,fixed_connections_total,1816980,connections,7.1.CO_TOT_FIJAS,46
2010-11,2010,11,fixed_connections,penetration_per_100_inhabitants,10.624001,per_100_inhabitants,7.1.CO_TOT_FIJAS,46
2010-12,2010,12,fixed_connections,fixed_connections_total,1819564,connections,7.1.CO_TOT_FIJAS,47
2010-12,2010,12,fixed_connections,penetration_per_100_inhabitants,10.630152,per_100_inhabitants,7.1.CO_TOT_FIJAS,47
2011-01,2011,1,fixed_connections,fixed_connections_total,1819146,connections,7.1.CO_TOT_FIJAS,48
2011-01,2011,1,fixed_connections,penetration_per_100_inhabitants,10.618526,per_100_inhabitants,7.1.CO_TOT_FIJAS,48
2011-02,2011,2,fixed_connections,fixed_connections_total,1823656,connections,7.1.CO_TOT_FIJAS,49
2011-02,2011,2,fixed_connections,penetration_per_100_inhabitants,10.635911,per_100_inhabitants,7.1.CO_TOT_FIJAS,49
2011-03,2011,3,fixed_connections,fixed_connections_total,1855054,connections,7.1.CO_TOT_FIJAS,50
2011-03,2011,3,fixed_connections,penetration_per_100_inhabitants,10.809833,per_100_inhabitants,7.1.CO_TOT_FIJAS,50
2011-04,2011,4,fixed_connections,fixed_connections_total,1879451,connections,7.1.CO_TOT_FIJAS,51
2011-04,2011,4,fixed_connections,penetration_per_100_inhabitants,10.942698,per_100_inhabitants,7.1.CO_TOT_FIJAS,51
2011-05,2011,5,fixed_connections,fixed_connections_total,1910017,connections,7.1.CO_TOT_FIJAS,52
2011-05,2011,5,fixed_connections,penetration_per_100_inhabitants,11.111224,per_100_inhabitants,7.1.CO_TOT_FIJAS,52
2011-06,2011,6,fixed_connections,fixed_connections_total,1932809,connections,7.1.CO_TOT_FIJAS,53
2011-06,2011,6,fixed_connections,penetration_per_100_inhabitants,11.234279,per_100_inhabitants,7.1.CO_TOT_FIJAS,53
2011-07,2011,7,fixed_connections,fixed_connections_total,1953417,connections,7.1.CO_TOT_FIJAS,54
2011-07,2011,7,fixed_connections,penetration_per_100_inhabitants,11.34444,per_100_inhabitants,7.1.CO_TOT_FIJAS,54
2011-08,2011,8,fixed_connections,fixed_connections_total,1977708,connections,7.1.CO_TOT_FIJAS,55
2011-08,2011,8,fixed_connections,penetration_per_100_inhabitants,11.475785,per_100_inhabitants,7.1.CO_TOT_FIJAS,55
2011-09,2011,9,fixed_connections,fixed_connections_total,1992753,connections,7.1.CO_TOT_FIJAS,56
2011-09,2011,9,fixed_connections,penetration_per_100_inhabitants,11.552758,per_100_inhabitants,7.1.CO_TOT_FIJAS,56
2011-10,2011,10,fixed_connections,fixed_connections_total,2005472,connections,7.1.CO_TOT_FIJAS,57
2011-10,2011,10,fixed_connections,penetration_per_100_inhabitants,11.622042,per_100_inhabitants,7.1.CO_TOT_FIJAS,57
2011-11,2011,11,fixed_connections,fixed_connections_total,2021209,connections,7.1.CO_TOT_FIJAS,58
2011-11,2011,11,fixed_connections,penetration_per_100_inhabitants,11.698495,per_100_inhabitants,7.1.CO_TOT_FIJAS,58
2011-12,2011,12,fixed_connections,fixed_connections_total,2025042,connections,7.1.CO_TOT_FIJAS,59
2011-12,2011,12,fixed_connections,penetration_per_100_inhabitants,11.710808,per_100_inhabitants,7.1.CO_TOT_FIJAS,59
2012-01,2012,1,fixed_connections,fixed_connections_total,2022882,connections,7.1.CO_TOT_FIJAS,60
2012-01,2012,1,fixed_connections,penetration_per_100_inhabitants,11.688331,per_100_inhabitants,7.1.CO_TOT_FIJAS,60
2012-02,2012,2,fixed_connections,fixed_connections_total,2029256,connections,7.1.CO_TOT_FIJAS,61
2012-02,2012,2,fixed_connections,penetration_per_100_inhabitants,11.715235,per_100_inhabitants,7.1.CO_TOT_FIJAS,61
2012-03,2012,3,fixed_connections,fixed_connections_total,2031572,connections,7.1.CO_TOT_FIJAS,62
2012-03,2012,3,fixed_connections,penetration_per_100_inhabitants,11.718721,per_100_inhabitants,7.1.CO_TOT_FIJAS,62
2012-04,2012,4,fixed_connections,fixed_connections_total,2070145,connections,7.1.CO_TOT_FIJAS,63
2012-04,2012,4,fixed_connections,penetration_per_100_inhabitants,11.930931,per_100_inhabitants,7.1.CO_TOT_FIJAS,63
2012-05,2012,5,fixed_connections,fixed_connections_total,2095838,connections,7.1.CO_TOT_FIJAS,64
2012-05,2012,5,fixed_connections,penetration_per_100_inhabitants,12.071952,per_100_inhabitants,7.1.CO_TOT_FIJAS,64
2012-06,2012,6,fixed_connections,fixed_connections_total,2097445,connections,7.1.CO_TOT_FIJAS,65
2012-06,2012,6,fixed_connections,penetration_per_100_inhabitants,12.06775,per_100_inhabitants,7.1.CO_TOT_FIJAS,65
2012-07,2012,7,fixed_connections,fixed_connections_total,2123653,connections,7.1.CO_TOT_FIJAS,66
2012-07,2012,7,fixed_connections,penetration_per_100_inhabitants,12.208197,per_100_inhabitants,7.1.CO_TOT_FIJAS,66
2012-08,2012,8,fixed_connections,fixed_connections_total,2152841,connections,7.1.CO_TOT_FIJAS,67
2012-08,2012,8,fixed_connections,penetration_per_100_inhabitants,12.365482,per_100_inhabitants,7.1.CO_TOT_FIJAS,67
2012-09,2012,9,fixed_connections,fixed_connections_total,2158206,connections,7.1.CO_TOT_FIJAS,68
2012-09,2012,9,fixed_connections,penetration_per_100_inhabitants,12.385806,per_100_inhabitants,7.1.CO_TOT_FIJAS,68
2012-10,2012,10,fixed_connections,fixed_connections_total,2177284,connections,7.1.CO_TOT_FIJAS,69
2012-10,2012,10,fixed_connections,penetration_per_100_inhabitants,12.484721,per_100_inhabitants,7.1.CO_TOT_FIJAS,69
2012-11,2012,11,fixed_connections,fixed_connections_total,2187644,connections,7.1.CO_TOT_FIJAS,70
2012-11,2012,11,fixed_connections,penetration_per_100_inhabitants,12.533532,per_100_inhabitants,7.1.CO_TOT_FIJAS,70
2012-12,2012,12,fixed_connections,fixed_connections_total,2186173,connections,7.1.CO_TOT_FIJAS,71
2012-12,2012,12,fixed_connections,penetration_per_100_inhabitants,12.514525,per_100_inhabitants,7.1.CO_TOT_FIJAS,71
2013-01,2013,1,fixed_connections,fixed_connections_total,2189991,connections,7.1.CO_TOT_FIJAS,72
2013-01,2013,1,fixed_connections,penetration_per_100_inhabitants,12.525581,per_100_inhabitants,7.1.CO_TOT_FIJAS,72
2013-02,2013,2,fixed_connections,fixed_connections_total,2194942,connections,7.1.CO_TOT_FIJAS,73
2013-02,2013,2,fixed_connections,penetration_per_100_inhabitants,12.543092,per_100_inhabitants,7.1.CO_TOT_FIJAS,73
2013-03,2013,3,fixed_connections,fixed_connections_total,2235805,connections,7.1.CO_TOT_FIJAS,74
2013-03,2013,3,fixed_connections,penetration_per_100_inhabitants,12.7656,per_100_inhabitants,7.1.CO_TOT_FIJAS,74
2013-04,2013,4,fixed_connections,fixed_connections_total,2225137,connections,7.1.CO_TOT_FIJAS,75
2013-04,2013,4,fixed_connections,penetration_per_100_inhabitants,12.693768,per_100_inhabitants,7.1.CO_TOT_FIJAS,75
2013-05,2013,5,fixed_connections,fixed_connections_total,2244527,connections,7.1.CO_TOT_FIJAS,76
2013-05,2013,5,fixed_connections,penetration_per_100_inhabitants,12.793383,per_100_inhabitants,7.1.CO_TOT_FIJAS,76
2013-06,2013,6,fixed_connections,fixed_connections_total,2260443,connections,7.1.CO_TOT_FIJAS,77
2013-06,2013,6,fixed_connections,penetration_per_100_inhabitants,12.873044,per_100_inhabitants,7.1.CO_TOT_FIJAS,77
2013-07,2013,7,fixed_connections,fixed_connections_total,2283719,connections,7.1.CO_TOT_FIJAS,78
2013-07,2013,7,fixed_connections,penetration_per_100_inhabitants,12.994446,per_100_inhabitants,7.1.CO_TOT_FIJAS,78
2013-08,2013,8,fixed_connections,fixed_connections_total,2285037,connections,7.1.CO_TOT_FIJAS,79
2013-08,2013,8,fixed_connections,penetration_per_100_inhabitants,12.990806,per_100_inhabitants,7.1.CO_TOT_FIJAS,79
2013-09,2013,9,fixed_connections,fixed_connections_total,2288676,connections,7.1.CO_TOT_FIJAS,80
2013-09,2013,9,fixed_connections,penetration_per_100_inhabitants,13.000355,per_100_inhabitants,7.1.CO_TOT_FIJAS,80
2013-10,2013,10,fixed_connections,fixed_connections_total,2314409,connections,7.1.CO_TOT_FIJAS,81
2013-10,2013,10,fixed_connections,penetration_per_100_inhabitants,13.135281,per_100_inhabitants,7.1.CO_TOT_FIJAS,81
2013-11,2013,11,fixed_connections,fixed_connections_total,2313618,connections,7.1.CO_TOT_FIJAS,82
2013-11,2013,11,fixed_connections,penetration_per_100_inhabitants,13.119571,per_100_inhabitants,7.1.CO_TOT_FIJAS,82
2013-12,2013,12,fixed_connections,fixed_connections_total,2309572,connections,7.1.CO_TOT_FIJAS,83
2013-12,2013,12,fixed_connections,penetration_per_100_inhabitants,13.085445,per_100_inhabitants,7.1.CO_TOT_FIJAS,83
2014-01,2014,1,fixed_connections,fixed_connections_total,2308352,connections,7.1.CO_TOT_FIJAS,84
2014-01,2014,1,fixed_connections,penetration_per_100_inhabitants,13.066264,per_100_inhabitants,7.1.CO_TOT_FIJAS,84
2014-02,2014,2,fixed_connections,fixed_connections_total,2287815,connections,7.1.CO_TOT_FIJAS,85
2014-02,2014,2,fixed_connections,penetration_per_100_inhabitants,12.937881,per_100_inhabitants,7.1.CO_TOT_FIJAS,85
2014-03,2014,3,fixed_connections,fixed_connections_total,2352875,connections,7.1.CO_TOT_FIJAS,86
2014-03,2014,3,fixed_connections,penetration_per_100_inhabitants,13.293345,per_100_inhabitants,7.1.CO_TOT_FIJAS,86
2014-04,2014,4,fixed_connections,fixed_connections_total,2375672,connections,7.1.CO_TOT_FIJAS,87
2014-04,2014,4,fixed_connections,penetration_per_100_inhabitants,13.40959,per_100_inhabitants,7.1.CO_TOT_FIJAS,87
2014-05,2014,5,fixed_connections,fixed_connections_total,2391033,connections,7.1.CO_TOT_FIJAS,88
2014-05,2014,5,fixed_connections,penetration_per_100_inhabitants,13.483683,per_100_inhabitants,7.1.CO_TOT_FIJAS,88
2014-06,2014,6,fixed_connections,fixed_connections_total,2428592,connections,7.1.CO_TOT_FIJAS,89
2014-06,2014,6,fixed_connections,penetration_per_100_inhabitants,13.682702,per_100_inhabitants,7.1.CO_TOT_FIJAS,89
2014-07,2014,7,fixed_connections,fixed_connections_total,2447933,connections,7.1.CO_TOT_FIJAS,90
2014-07,2014,7,fixed_connections,penetration_per_100_inhabitants,13.778804,per_100_inhabitants,7.1.CO_TOT_FIJAS,90
2014-08,2014,8,fixed_connections,fixed_connections_total,2469314,connections,7.1.CO_TOT_FIJAS,91
2014-08,2014,8,fixed_connections,penetration_per_100_inhabitants,13.886199,per_100_inhabitants,7.1.CO_TOT_FIJAS,91
2014-09,2014,9,fixed_connections,fixed_connections_total,2482996,connections,7.1.CO_TOT_FIJAS,92
2014-09,2014,9,fixed_connections,penetration_per_100_inhabitants,13.950139,per_100_inhabitants,7.1.CO_TOT_FIJAS,92
2014-10,2014,10,fixed_connections,fixed_connections_total,2496297,connections,7.1.CO_TOT_FIJAS,93
2014-10,2014,10,fixed_connections,penetration_per_100_inhabitants,14.011822,per_100_inhabitants,7.1.CO_TOT_FIJAS,93
2014-11,2014,11,fixed_connections,fixed_connections_total,2503762,connections,7.1.CO_TOT_FIJAS,94
2014-11,2014,11,fixed_connections,penetration_per_100_inhabitants,14.040662,per_100_inhabitants,7.1.CO_TOT_FIJAS,94
2014-12,2014,12,fixed_connections,fixed_connections_total,2501356,connections,7.1.CO_TOT_FIJAS,95
2014-12,2014,12,fixed_connections,penetration_per_100_inhabitants,14.014146,per_100_inhabitants,7.1.CO_TOT_FIJAS,95
2015-01,2015,1,fixed_connections,fixed_connections_total,2509751,connections,7.1.CO_TOT_FIJAS,96
2015-01,2015,1,fixed_connections,penetration_per_100_inhabitants,14.047265,per_100_inhabitants,7.1.CO_TOT_FIJAS,96
2015-02,2015,2,fixed_connections,fixed_connections_total,2509990,connections,7.1.CO_TOT_FIJAS,97
2015-02,2015,2,fixed_connections,penetration_per_100_inhabitants,14.034715,per_100_inhabitants,7.1.CO_TOT_FIJAS,97
2015-03,2015,3,fixed_connections,fixed_connections_total,2556914,connections,7.1.CO_TOT_FIJAS,98
2015-03,2015,3,fixed_connections,penetration_per_100_inhabitants,14.282972,per_100_inhabitants,7.1.CO_TOT_FIJAS,98
2015-04,2015,4,fixed_connections,fixed_connections_total,2589176,connections,7.1.CO_TOT_FIJAS,99
2015-04,2015,4,fixed_connections,penetration_per_100_inhabitants,14.448918,per_100_inhabitants,7.1.CO_TOT_FIJAS,99
2015-05,2015,5,fixed_connections,fixed_connections_total,2612968,connections,7.1.CO_TOT_FIJAS,100
2015-05,2015,5,fixed_connections,penetration_per_100_inhabitants,14.567317,per_100_inhabitants,7.1.CO_TOT_FIJAS,100
2015-06,2015,6,fixed_connections,fixed_connections_total,2614855,connections,7.1.CO_TOT_FIJAS,101
2015-06,2015,6,fixed_connections,penetration_per_100_inhabitants,14.563482,per_100_inhabitants,7.1.CO_TOT_FIJAS,101
2015-07,2015,7,fixed_connections,fixed_connections_total,2657179,connections,7.1.CO_TOT_FIJAS,102
2015-07,2015,7,fixed_connections,penetration_per_100_inhabitants,14.78465,per_100_inhabitants,7.1.CO_TOT_FIJAS,102
2015-08,2015,8,fixed_connections,fixed_connections_total,2679495,connections,7.1.CO_TOT_FIJAS,103
2015-08,2015,8,fixed_connections,penetration_per_100_inhabitants,14.894167,per_100_inhabitants,7.1.CO_TOT_FIJAS,103
2015-09,2015,9,fixed_connections,fixed_connections_total,2698253,connections,7.1.CO_TOT_FIJAS,104
2015-09,2015,9,fixed_connections,penetration_per_100_inhabitants,14.983711,per_100_inhabitants,7.1.CO_TOT_FIJAS,104
2015-10,2015,10,fixed_connections,fixed_connections_total,2717125,connections,7.1.CO_TOT_FIJAS,105
2015-10,2015,10,fixed_connections,penetration_per_100_inhabitants,15.073712,per_100_inhabitants,7.1.CO_TOT_FIJAS,105
2015-11,2015,11,fixed_connections,fixed_connections_total,2727811,connections,7.1.CO_TOT_FIJAS,106
2015-11,2015,11,fixed_connections,penetration_per_100_inhabitants,15.118167,per_100_inhabitants,7.1.CO_TOT_FIJAS,106
2015-12,2015,12,fixed_connections,fixed_connections_total,2729251,connections,7.1.CO_TOT_FIJAS,107
2015-12,2015,12,fixed_connections,penetration_per_100_inhabitants,15.111343,per_100_inhabitants,7.1.CO_TOT_FIJAS,107
2016-01,2016,1,fixed_connections,fixed_connections_total,2733597,connections,7.1.CO_TOT_FIJAS,108
2016-01,2016,1,fixed_connections,penetration_per_100_inhabitants,15.117268,per_100_inhabitants,7.1.CO_TOT_FIJAS,108
2016-02,2016,2,fixed_connections,fixed_connections_total,2736564,connections,7.1.CO_TOT_FIJAS,109
2016-02,2016,2,fixed_connections,penetration_per_100_inhabitants,15.115561,per_100_inhabitants,7.1.CO_TOT_FIJAS,109
2016-03,2016,3,fixed_connections,fixed_connections_total,2742987,connections,7.1.CO_TOT_FIJAS,110
2016-03,2016,3,fixed_connections,penetration_per_100_inhabitants,15.132925,per_100_inhabitants,7.1.CO_TOT_FIJAS,110
2016-04,2016,4,fixed_connections,fixed_connections_total,2771112,connections,7.1.CO_TOT_FIJAS,111
2016-04,2016,4,fixed_connections,penetration_per_100_inhabitants,15.269834,per_100_inhabitants,7.1.CO_TOT_FIJAS,111
2016-05,2016,5,fixed_connections,fixed_connections_total,2817799,connections,7.1.CO_TOT_FIJAS,112
2016-05,2016,5,fixed_connections,penetration_per_100_inhabitants,15.508577,per_100_inhabitants,7.1.CO_TOT_FIJAS,112
2016-06,2016,6,fixed_connections,fixed_connections_total,2830543,connections,7.1.CO_TOT_FIJAS,113
2016-06,2016,6,fixed_connections,penetration_per_100_inhabitants,15.560159,per_100_inhabitants,7.1.CO_TOT_FIJAS,113
2016-07,2016,7,fixed_connections,fixed_connections_total,2860355,connections,7.1.CO_TOT_FIJAS,114
2016-07,2016,7,fixed_connections,penetration_per_100_inhabitants,15.705333,per_100_inhabitants,7.1.CO_TOT_FIJAS,114
2016-08,2016,8,fixed_connections,fixed_connections_total,2860850,connections,7.1.CO_TOT_FIJAS,115
2016-08,2016,8,fixed_connections,penetration_per_100_inhabitants,15.689382,per_100_inhabitants,7.1.CO_TOT_FIJAS,115
2016-09,2016,9,fixed_connections,fixed_connections_total,2889096,connections,7.1.CO_TOT_FIJAS,116
2016-09,2016,9,fixed_connections,penetration_per_100_inhabitants,15.82548,per_100_inhabitants,7.1.CO_TOT_FIJAS,116
2016-10,2016,10,fixed_connections,fixed_connections_total,2903487,connections,7.1.CO_TOT_FIJAS,117
2016-10,2016,10,fixed_connections,penetration_per_100_inhabitants,15.885453,per_100_inhabitants,7.1.CO_TOT_FIJAS,117
2016-11,2016,11,fixed_connections,fixed_connections_total,2913091,connections,7.1.CO_TOT_FIJAS,118
2016-11,2016,11,fixed_connections,penetration_per_100_inhabitants,15.919123,per_100_inhabitants,7.1.CO_TOT_FIJAS,118
2016-12,2016,12,fixed_connections,fixed_connections_total,2912133,connections,7.1.CO_TOT_FIJAS,119
2016-12,2016,12,fixed_connections,penetration_per_100_inhabitants,15.895064,per_100_inhabitants,7.1.CO_TOT_FIJAS,119
2017-01,2017,1,fixed_connections,fixed_connections_total,2911642,connections,7.1.CO_TOT_FIJAS,120
2017-01,2017,1,fixed_connections,penetration_per_100_inhabitants,15.872236,per_100_inhabitants,7.1.CO_TOT_FIJAS,120
2017-02,2017,2,fixed_connections,fixed_connections_total,2929146,connections,7.1.CO_TOT_FIJAS,121
2017-02,2017,2,fixed_connections,penetration_per_100_inhabitants,15.947438,per_100_inhabitants,7.1.CO_TOT_FIJAS,121
2017-03,2017,3,fixed_connections,fixed_connections_total,2950873,connections,7.1.CO_TOT_FIJAS,122
2017-03,2017,3,fixed_connections,penetration_per_100_inhabitants,16.045412,per_100_inhabitants,7.1.CO_TOT_FIJAS,122
2017-04,2017,4,fixed_connections,fixed_connections_total,2974123,connections,7.1.CO_TOT_FIJAS,123
2017-04,2017,4,fixed_connections,penetration_per_100_inhabitants,16.151409,per_100_inhabitants,7.1.CO_TOT_FIJAS,123
2017-05,2017,5,fixed_connections,fixed_connections_total,3005028,connections,7.1.CO_TOT_FIJAS,124
2017-05,2017,5,fixed_connections,penetration_per_100_inhabitants,16.298659,per_100_inhabitants,7.1.CO_TOT_FIJAS,124
2017-06,2017,6,fixed_connections,fixed_connections_total,3014054,connections,7.1.CO_TOT_FIJAS,125
2017-06,2017,6,fixed_connections,penetration_per_100_inhabitants,16.327019,per_100_inhabitants,7.1.CO_TOT_FIJAS,125
2017-07,2017,7,fixed_connections,fixed_connections_total,3029340,connections,7.1.CO_TOT_FIJAS,126
2017-07,2017,7,fixed_connections,penetration_per_100_inhabitants,16.389175,per_100_inhabitants,7.1.CO_TOT_FIJAS,126
2017-08,2017,8,fixed_connections,fixed_connections_total,3049046,connections,7.1.CO_TOT_FIJAS,127
2017-08,2017,8,fixed_connections,penetration_per_100_inhabitants,16.475058,per_100_inhabitants,7.1.CO_TOT_FIJAS,127
2017-09,2017,9,fixed_connections,fixed_connections_total,3064994,connections,7.1.CO_TOT_FIJAS,128
2017-09,2017,9,fixed_connections,penetration_per_100_inhabitants,16.540445,per_100_inhabitants,7.1.CO_TOT_FIJAS,128
2017-10,2017,10,fixed_connections,fixed_connections_total,3070402,connections,7.1.CO_TOT_FIJAS,129
2017-10,2017,10,fixed_connections,penetration_per_100_inhabitants,16.548859,per_100_inhabitants,7.1.CO_TOT_FIJAS,129
2017-11,2017,11,fixed_connections,fixed_connections_total,3067472,connections,7.1.CO_TOT_FIJAS,130
2017-11,2017,11,fixed_connections,penetration_per_100_inhabitants,16.512369,per_100_inhabitants,7.1.CO_TOT_FIJAS,130
2017-12,2017,12,fixed_connections,fixed_connections_total,3068528,connections,7.1.CO_TOT_FIJAS,131
2017-12,2017,12,fixed_connections,penetration_per_100_inhabitants,16.497399,per_100_inhabitants,7.1.CO_TOT_FIJAS,131
2018-01,2018,1,fixed_connections,fixed_connections_total,3072250,connections,7.1.CO_TOT_FIJAS,132
2018-01,2018,1,fixed_connections,penetration_per_100_inhabitants,16.494586,per_100_inhabitants,7.1.CO_TOT_FIJAS,132
2018-02,2018,2,fixed_connections,fixed_connections_total,3065382,connections,7.1.CO_TOT_FIJAS,133
2018-02,2018,2,fixed_connections,penetration_per_100_inhabitants,16.435003,per_100_inhabitants,7.1.CO_TOT_FIJAS,133
2018-03,2018,3,fixed_connections,fixed_connections_total,3098143,connections,7.1.CO_TOT_FIJAS,134
2018-03,2018,3,fixed_connections,penetration_per_100_inhabitants,16.587761,per_100_inhabitants,7.1.CO_TOT_FIJAS,134
2018-04,2018,4,fixed_connections,fixed_connections_total,3120296,connections,7.1.CO_TOT_FIJAS,135
2018-04,2018,4,fixed_connections,penetration_per_100_inhabitants,16.683381,per_100_inhabitants,7.1.CO_TOT_FIJAS,135
2018-05,2018,5,fixed_connections,fixed_connections_total,3136157,connections,7.1.CO_TOT_FIJAS,136
2018-05,2018,5,fixed_connections,penetration_per_100_inhabitants,16.745142,per_100_inhabitants,7.1.CO_TOT_FIJAS,136
2018-06,2018,6,fixed_connections,fixed_connections_total,3155641,connections,7.1.CO_TOT_FIJAS,137
2018-06,2018,6,fixed_connections,penetration_per_100_inhabitants,16.826052,per_100_inhabitants,7.1.CO_TOT_FIJAS,137
2018-07,2018,7,fixed_connections,fixed_connections_total,3170346,connections,7.1.CO_TOT_FIJAS,138
2018-07,2018,7,fixed_connections,penetration_per_100_inhabitants,16.881293,per_100_inhabitants,7.1.CO_TOT_FIJAS,138
2018-08,2018,8,fixed_connections,fixed_connections_total,3197387,connections,7.1.CO_TOT_FIJAS,139
2018-08,2018,8,fixed_connections,penetration_per_100_inhabitants,17.001979,per_100_inhabitants,7.1.CO_TOT_FIJAS,139
2018-09,2018,9,fixed_connections,fixed_connections_total,3203818,connections,7.1.CO_TOT_FIJAS,140
2018-09,2018,9,fixed_connections,penetration_per_100_inhabitants,17.012891,per_100_inhabitants,7.1.CO_TOT_FIJAS,140
2018-10,2018,10,fixed_connections,fixed_connections_total,3226880,connections,7.1.CO_TOT_FIJAS,141
2018-10,2018,10,fixed_connections,penetration_per_100_inhabitants,17.111968,per_100_inhabitants,7.1.CO_TOT_FIJAS,141
2018-11,2018,11,fixed_connections,fixed_connections_total,3233919,connections,7.1.CO_TOT_FIJAS,142
2018-11,2018,11,fixed_connections,penetration_per_100_inhabitants,17.125921,per_100_inhabitants,7.1.CO_TOT_FIJAS,142
2018-12,2018,12,fixed_connections,fixed_connections_total,3256097,connections,7.1.CO_TOT_FIJAS,143
2018-12,2018,12,fixed_connections,penetration_per_100_inhabitants,17.219898,per_100_inhabitants,7.1.CO_TOT_FIJAS,143
2019-01,2019,1,fixed_connections,fixed_connections_total,3325652,connections,7.1.CO_TOT_FIJAS,144
2019-01,2019,1,fixed_connections,penetration_per_100_inhabitants,17.567438,per_100_inhabitants,7.1.CO_TOT_FIJAS,144
2019-02,2019,2,fixed_connections,fixed_connections_total,3331466,connections,7.1.CO_TOT_FIJAS,145
2019-02,2019,2,fixed_connections,penetration_per_100_inhabitants,17.57786,per_100_inhabitants,7.1.CO_TOT_FIJAS,145
2019-03,2019,3,fixed_connections,fixed_connections_total,3362188,connections,7.1.CO_TOT_FIJAS,146
2019-03,2019,3,fixed_connections,penetration_per_100_inhabitants,17.719527,per_100_inhabitants,7.1.CO_TOT_FIJAS,146
2019-04,2019,4,fixed_connections,fixed_connections_total,3369577,connections,7.1.CO_TOT_FIJAS,147
2019-04,2019,4,fixed_connections,penetration_per_100_inhabitants,17.73804,per_100_inhabitants,7.1.CO_TOT_FIJAS,147
2019-05,2019,5,fixed_connections,fixed_connections_total,3376138,connections,7.1.CO_TOT_FIJAS,148
2019-05,2019,5,fixed_connections,penetration_per_100_inhabitants,17.752158,per_100_inhabitants,7.1.CO_TOT_FIJAS,148
2019-06,2019,6,fixed_connections,fixed_connections_total,3400194,connections,7.1.CO_TOT_FIJAS,149
2019-06,2019,6,fixed_connections,penetration_per_100_inhabitants,17.858127,per_100_inhabitants,7.1.CO_TOT_FIJAS,149
2019-07,2019,7,fixed_connections,fixed_connections_total,3415766,connections,7.1.CO_TOT_FIJAS,150
2019-07,2019,7,fixed_connections,penetration_per_100_inhabitants,17.919346,per_100_inhabitants,7.1.CO_TOT_FIJAS,150
2019-08,2019,8,fixed_connections,fixed_connections_total,3430922,connections,7.1.CO_TOT_FIJAS,151
2019-08,2019,8,fixed_connections,penetration_per_100_inhabitants,17.978245,per_100_inhabitants,7.1.CO_TOT_FIJAS,151
2019-09,2019,9,fixed_connections,fixed_connections_total,3431956,connections,7.1.CO_TOT_FIJAS,152
2019-09,2019,9,fixed_connections,penetration_per_100_inhabitants,17.963093,per_100_inhabitants,7.1.CO_TOT_FIJAS,152
2019-10,2019,10,fixed_connections,fixed_connections_total,3434149,connections,7.1.CO_TOT_FIJAS,153
2019-10,2019,10,fixed_connections,penetration_per_100_inhabitants,17.954037,per_100_inhabitants,7.1.CO_TOT_FIJAS,153
2019-11,2019,11,fixed_connections,fixed_connections_total,3436431,connections,7.1.CO_TOT_FIJAS,154
2019-11,2019,11,fixed_connections,penetration_per_100_inhabitants,17.945464,per_100_inhabitants,7.1.CO_TOT_FIJAS,154
2019-12,2019,12,fixed_connections,fixed_connections_total,3434767,connections,7.1.CO_TOT_FIJAS,155
2019-12,2019,12,fixed_connections,penetration_per_100_inhabitants,17.916329,per_100_inhabitants,7.1.CO_TOT_FIJAS,155
2020-01,2020,1,fixed_connections,fixed_connections_total,3433006,connections,7.1.CO_TOT_FIJAS,156
2020-01,2020,1,fixed_connections,penetration_per_100_inhabitants,17.897125,per_100_inhabitants,7.1.CO_TOT_FIJAS,156
2020-02,2020,2,fixed_connections,fixed_connections_total,3443368,connections,7.1.CO_TOT_FIJAS,157
2020-02,2020,2,fixed_connections,penetration_per_100_inhabitants,17.941108,per_100_inhabitants,7.1.CO_TOT_FIJAS,157
2020-03,2020,3,fixed_connections,fixed_connections_total,3489047,connections,7.1.CO_TOT_FIJAS,158
2020-03,2020,3,fixed_connections,penetration_per_100_inhabitants,18.168953,per_100_inhabitants,7.1.CO_TOT_FIJAS,158
2020-04,2020,4,fixed_connections,fixed_connections_total,3532510,connections,7.1.CO_TOT_FIJAS,159
2020-04,2020,4,fixed_connections,penetration_per_100_inhabitants,18.385009,per_100_inhabitants,7.1.CO_TOT_FIJAS,159
2020-05,2020,5,fixed_connections,fixed_connections_total,3560720,connections,7.1.CO_TOT_FIJAS,160
2020-05,2020,5,fixed_connections,penetration_per_100_inhabitants,18.521484,per_100_inhabitants,7.1.CO_TOT_FIJAS,160
2020-06,2020,6,fixed_connections,fixed_connections_total,3588261,connections,7.1.CO_TOT_FIJAS,161
2020-06,2020,6,fixed_connections,penetration_per_100_inhabitants,18.654329,per_100_inhabitants,7.1.CO_TOT_FIJAS,161
2020-07,2020,7,fixed_connections,fixed_connections_total,3621266,connections,7.1.CO_TOT_FIJAS,162
2020-07,2020,7,fixed_connections,penetration_per_100_inhabitants,18.815415,per_100_inhabitants,7.1.CO_TOT_FIJAS,162
2020-08,2020,8,fixed_connections,fixed_connections_total,3653873,connections,7.1.CO_TOT_FIJAS,163
2020-08,2020,8,fixed_connections,penetration_per_100_inhabitants,18.974255,per_100_inhabitants,7.1.CO_TOT_FIJAS,163
2020-09,2020,9,fixed_connections,fixed_connections_total,3701448,connections,7.1.CO_TOT_FIJAS,164
2020-09,2020,9,fixed_connections,penetration_per_100_inhabitants,19.210602,per_100_inhabitants,7.1.CO_TOT_FIJAS,164
2020-10,2020,10,fixed_connections,fixed_connections_total,3748396,connections,7.1.CO_TOT_FIJAS,165
2020-10,2020,10,fixed_connections,penetration_per_100_inhabitants,19.443433,per_100_inhabitants,7.1.CO_TOT_FIJAS,165
2020-11,2020,11,fixed_connections,fixed_connections_total,3780650,connections,7.1.CO_TOT_FIJAS,166
2020-11,2020,11,fixed_connections,penetration_per_100_inhabitants,19.599828,per_100_inhabitants,7.1.CO_TOT_FIJAS,166
2020-12,2020,12,fixed_connections,fixed_connections_total,3802033,connections,7.1.CO_TOT_FIJAS,167
2020-12,2020,12,fixed_connections,penetration_per_100_inhabitants,19.699722,per_100_inhabitants,7.1.CO_TOT_FIJAS,167
2021-01,2021,1,fixed_connections,fixed_connections_total,3825784,connections,7.1.CO_TOT_FIJAS,168
2021-01,2021,1,fixed_connections,penetration_per_100_inhabitants,19.807103,per_100_inhabitants,7.1.CO_TOT_FIJAS,168
2021-02,2021,2,fixed_connections,fixed_connections_total,3870939,connections,7.1.CO_TOT_FIJAS,169
2021-02,2021,2,fixed_connections,penetration_per_100_inhabitants,20.025041,per_100_inhabitants,7.1.CO_TOT_FIJAS,169
2021-03,2021,3,fixed_connections,fixed_connections_total,3937603,connections,7.1.CO_TOT_FIJAS,170
2021-03,2021,3,fixed_connections,penetration_per_100_inhabitants,20.353816,per_100_inhabitants,7.1.CO_TOT_FIJAS,170
2021-04,2021,4,fixed_connections,fixed_connections_total,4005642,connections,7.1.CO_TOT_FIJAS,171
2021-04,2021,4,fixed_connections,penetration_per_100_inhabitants,20.689174,per_100_inhabitants,7.1.CO_TOT_FIJAS,171
2021-05,2021,5,fixed_connections,fixed_connections_total,4049237,connections,7.1.CO_TOT_FIJAS,172
2021-05,2021,5,fixed_connections,penetration_per_100_inhabitants,20.89785,per_100_inhabitants,7.1.CO_TOT_FIJAS,172
2021-06,2021,6,fixed_connections,fixed_connections_total,4089600,connections,7.1.CO_TOT_FIJAS,173
2021-06,2021,6,fixed_connections,penetration_per_100_inhabitants,21.08953,per_100_inhabitants,7.1.CO_TOT_FIJAS,173
2021-07,2021,7,fixed_connections,fixed_connections_total,4124393,connections,7.1.CO_TOT_FIJAS,174
2021-07,2021,7,fixed_connections,penetration_per_100_inhabitants,21.252207,per_100_inhabitants,7.1.CO_TOT_FIJAS,174
2021-08,2021,8,fixed_connections,fixed_connections_total,4145814,connections,7.1.CO_TOT_FIJAS,175
2021-08,2021,8,fixed_connections,penetration_per_100_inhabitants,21.345779,per_100_inhabitants,7.1.CO_TOT_FIJAS,175
2021-09,2021,9,fixed_connections,fixed_connections_total,4198448,connections,7.1.CO_TOT_FIJAS,176
2021-09,2021,9,fixed_connections,penetration_per_100_inhabitants,21.599786,per_100_inhabitants,7.1.CO_TOT_FIJAS,176
2021-10,2021,10,fixed_connections,fixed_connections_total,4236061,connections,7.1.CO_TOT_FIJAS,177
2021-10,2021,10,fixed_connections,penetration_per_100_inhabitants,21.776175,per_100_inhabitants,7.1.CO_TOT_FIJAS,177
2021-11,2021,11,fixed_connections,fixed_connections_total,4255772,connections,7.1.CO_TOT_FIJAS,178
2021-11,2021,11,fixed_connections,penetration_per_100_inhabitants,21.860333,per_100_inhabitants,7.1.CO_TOT_FIJAS,178
2021-12,2021,12,fixed_connections,fixed_connections_total,4287491,connections,7.1.CO_TOT_FIJAS,179
2021-12,2021,12,fixed_connections,penetration_per_100_inhabitants,22.00599,per_100_inhabitants,7.1.CO_TOT_FIJAS,179
2022-01,2022,1,fixed_connections,fixed_connections_total,4296164,connections,7.1.CO_TOT_FIJAS,180
2022-01,2022,1,fixed_connections,penetration_per_100_inhabitants,22.031981,per_100_inhabitants,7.1.CO_TOT_FIJAS,180
2022-02,2022,2,fixed_connections,fixed_connections_total,4287018,connections,7.1.CO_TOT_FIJAS,181
2022-02,2022,2,fixed_connections,penetration_per_100_inhabitants,21.966625,per_100_inhabitants,7.1.CO_TOT_FIJAS,181
2022-03,2022,3,fixed_connections,fixed_connections_total,4356296,connections,7.1.CO_TOT_FIJAS,182
2022-03,2022,3,fixed_connections,penetration_per_100_inhabitants,22.302885,per_100_inhabitants,7.1.CO_TOT_FIJAS,182
2022-04,2022,4,fixed_connections,fixed_connections_total,4371861,connections,7.1.CO_TOT_FIJAS,183
2022-04,2022,4,fixed_connections,penetration_per_100_inhabitants,22.363817,per_100_inhabitants,7.1.CO_TOT_FIJAS,183
2022-05,2022,5,fixed_connections,fixed_connections_total,4381149,connections,7.1.CO_TOT_FIJAS,184
2022-05,2022,5,fixed_connections,penetration_per_100_inhabitants,22.392566,per_100_inhabitants,7.1.CO_TOT_FIJAS,184
2022-06,2022,6,fixed_connections,fixed_connections_total,4422625,connections,7.1.CO_TOT_FIJAS,185
2022-06,2022,6,fixed_connections,penetration_per_100_inhabitants,22.585645,per_100_inhabitants,7.1.CO_TOT_FIJAS,185
2022-07,2022,7,fixed_connections,fixed_connections_total,4447097,connections,7.1.CO_TOT_FIJAS,186
2022-07,2022,7,fixed_connections,penetration_per_100_inhabitants,22.691636,per_100_inhabitants,7.1.CO_TOT_FIJAS,186
2022-08,2022,8,fixed_connections,fixed_connections_total,4475886,connections,7.1.CO_TOT_FIJAS,187
2022-08,2022,8,fixed_connections,penetration_per_100_inhabitants,22.81946,per_100_inhabitants,7.1.CO_TOT_FIJAS,187
2022-09,2022,9,fixed_connections,fixed_connections_total,4481174,connections,7.1.CO_TOT_FIJAS,188
2022-09,2022,9,fixed_connections,penetration_per_100_inhabitants,22.827354,per_100_inhabitants,7.1.CO_TOT_FIJAS,188
2022-10,2022,10,fixed_connections,fixed_connections_total,4503877,connections,7.1.CO_TOT_FIJAS,189
2022-10,2022,10,fixed_connections,penetration_per_100_inhabitants,22.923876,per_100_inhabitants,7.1.CO_TOT_FIJAS,189
2022-11,2022,11,fixed_connections,fixed_connections_total,4524032,connections,7.1.CO_TOT_FIJAS,190
2022-11,2022,11,fixed_connections,penetration_per_100_inhabitants,23.007277,per_100_inhabitants,7.1.CO_TOT_FIJAS,190
2022-12,2022,12,fixed_connections,fixed_connections_total,4460212,connections,7.1.CO_TOT_FIJAS,191
2022-12,2022,12,fixed_connections,penetration_per_100_inhabitants,22.663835,per_100_inhabitants,7.1.CO_TOT_FIJAS,191
2023-01,2023,1,fixed_connections,fixed_connections_total,4427977,connections,7.1.CO_TOT_FIJAS,192
2023-01,2023,1,fixed_connections,penetration_per_100_inhabitants,22.485471,per_100_inhabitants,7.1.CO_TOT_FIJAS,192
2023-02,2023,2,fixed_connections,fixed_connections_total,4427833,connections,7.1.CO_TOT_FIJAS,193
2023-02,2023,2,fixed_connections,penetration_per_100_inhabitants,22.470191,per_100_inhabitants,7.1.CO_TOT_FIJAS,193
2023-03,2023,3,fixed_connections,fixed_connections_total,4473646,connections,7.1.CO_TOT_FIJAS,194
2023-03,2023,3,fixed_connections,penetration_per_100_inhabitants,22.688,per_100_inhabitants,7.1.CO_TOT_FIJAS,194
2023-04,2023,4,fixed_connections,fixed_connections_total,4472943,connections,7.1.CO_TOT_FIJAS,195
2023-04,2023,4,fixed_connections,penetration_per_100_inhabitants,22.669777,per_100_inhabitants,7.1.CO_TOT_FIJAS,195
2023-05,2023,5,fixed_connections,fixed_connections_total,4462838,connections,7.1.CO_TOT_FIJAS,196
2023-05,2023,5,fixed_connections,penetration_per_100_inhabitants,22.603956,per_100_inhabitants,7.1.CO_TOT_FIJAS,196
2023-06,2023,6,fixed_connections,fixed_connections_total,4459842,connections,7.1.CO_TOT_FIJAS,197
2023-06,2023,6,fixed_connections,penetration_per_100_inhabitants,22.574203,per_100_inhabitants,7.1.CO_TOT_FIJAS,197
2023-07,2023,7,fixed_connections,fixed_connections_total,4461831,connections,7.1.CO_TOT_FIJAS,198
2023-07,2023,7,fixed_connections,penetration_per_100_inhabitants,22.569705,per_100_inhabitants,7.1.CO_TOT_FIJAS,198
2023-08,2023,8,fixed_connections,fixed_connections_total,4503701,connections,7.1.CO_TOT_FIJAS,199
2023-08,2023,8,fixed_connections,penetration_per_100_inhabitants,22.766816,per_100_inhabitants,7.1.CO_TOT_FIJAS,199
2023-09,2023,9,fixed_connections,fixed_connections_total,4507269,connections,7.1.CO_TOT_FIJAS,200
2023-09,2023,9,fixed_connections,penetration_per_100_inhabitants,22.770176,per_100_inhabitants,7.1.CO_TOT_FIJAS,200
2023-10,2023,10,fixed_connections,fixed_connections_total,4520961,connections,7.1.CO_TOT_FIJAS,201
2023-10,2023,10,fixed_connections,penetration_per_100_inhabitants,22.824645,per_100_inhabitants,7.1.CO_TOT_FIJAS,201
2023-11,2023,11,fixed_connections,fixed_connections_total,4523527,connections,7.1.CO_TOT_FIJAS,202
2023-11,2023,11,fixed_connections,penetration_per_100_inhabitants,22.822908,per_100_inhabitants,7.1.CO_TOT_FIJAS,202
2023-12,2023,12,fixed_connections,fixed_connections_total,4524579,connections,7.1.CO_TOT_FIJAS,203
2023-12,2023,12,fixed_connections,penetration_per_100_inhabitants,22.81354,per_100_inhabitants,7.1.CO_TOT_FIJAS,203
2024-01,2024,1,fixed_connections,fixed_connections_total,4528321,connections,7.1.CO_TOT_FIJAS,204
2024-01,2024,1,fixed_connections,penetration_per_100_inhabitants,22.818704,per_100_inhabitants,7.1.CO_TOT_FIJAS,204
2024-02,2024,2,fixed_connections,fixed_connections_total,4522722,connections,7.1.CO_TOT_FIJAS,205
2024-02,2024,2,fixed_connections,penetration_per_100_inhabitants,22.776821,per_100_inhabitants,7.1.CO_TOT_FIJAS,205
2024-03,2024,3,fixed_connections,fixed_connections_total,4548059,connections,7.1.CO_TOT_FIJAS,206
2024-03,2024,3,fixed_connections,penetration_per_100_inhabitants,22.890689,per_100_inhabitants,7.1.CO_TOT_FIJAS,206
2024-04,2024,4,fixed_connections,fixed_connections_total,4577737,connections,7.1.CO_TOT_FIJAS,207
2024-04,2024,4,fixed_connections,penetration_per_100_inhabitants,23.026258,per_100_inhabitants,7.1.CO_TOT_FIJAS,207
2024-05,2024,5,fixed_connections,fixed_connections_total,4596289,connections,7.1.CO_TOT_FIJAS,208
2024-05,2024,5,fixed_connections,penetration_per_100_inhabitants,23.105733,per_100_inhabitants,7.1.CO_TOT_FIJAS,208
2024-06,2024,6,fixed_connections,fixed_connections_total,4610840,connections,7.1.CO_TOT_FIJAS,209
2024-06,2024,6,fixed_connections,penetration_per_100_inhabitants,23.165012,per_100_inhabitants,7.1.CO_TOT_FIJAS,209
2024-07,2024,7,fixed_connections,fixed_connections_total,4620060,connections,7.1.CO_TOT_FIJAS,210
2024-07,2024,7,fixed_connections,penetration_per_100_inhabitants,23.197456,per_100_inhabitants,7.1.CO_TOT_FIJAS,210
2024-08,2024,8,fixed_connections,fixed_connections_total,4645779,connections,7.1.CO_TOT_FIJAS,211
2024-08,2024,8,fixed_connections,penetration_per_100_inhabitants,23.312652,per_100_inhabitants,7.1.CO_TOT_FIJAS,211
2024-09,2024,9,fixed_connections,fixed_connections_total,4650991,connections,7.1.CO_TOT_FIJAS,212
2024-09,2024,9,fixed_connections,penetration_per_100_inhabitants,23.324868,per_100_inhabitants,7.1.CO_TOT_FIJAS,212
2024-10,2024,10,fixed_connections,fixed_connections_total,4666122,connections,7.1.CO_TOT_FIJAS,213
2024-10,2024,10,fixed_connections,penetration_per_100_inhabitants,23.386784,per_100_inhabitants,7.1.CO_TOT_FIJAS,213
2024-11,2024,11,fixed_connections,fixed_connections_total,4664951,connections,7.1.CO_TOT_FIJAS,214
2024-11,2024,11,fixed_connections,penetration_per_100_inhabitants,23.366967,per_100_inhabitants,7.1.CO_TOT_FIJAS,214
2024-12,2024,12,fixed_connections,fixed_connections_total,4690891,connections,7.1.CO_TOT_FIJAS,215
2024-12,2024,12,fixed_connections,penetration_per_100_inhabitants,23.482895,per_100_inhabitants,7.1.CO_TOT_FIJAS,215
2025-01,2025,1,fixed_connections,fixed_connections_total,4675968,connections,7.1.CO_TOT_FIJAS,216
2025-01,2025,1,fixed_connections,penetration_per_100_inhabitants,23.396303,per_100_inhabitants,7.1.CO_TOT_FIJAS,216
2025-02,2025,2,fixed_connections,fixed_connections_total,4710455,connections,7.1.CO_TOT_FIJAS,217
2025-02,2025,2,fixed_connections,penetration_per_100_inhabitants,23.556898,per_100_inhabitants,7.1.CO_TOT_FIJAS,217
2025-03,2025,3,fixed_connections,fixed_connections_total,4721217,connections,7.1.CO_TOT_FIJAS,218
2025-03,2025,3,fixed_connections,penetration_per_100_inhabitants,23.598741,per_100_inhabitants,7.1.CO_TOT_FIJAS,218
2025-04,2025,4,fixed_connections,fixed_connections_total,4731649,connections,7.1.CO_TOT_FIJAS,219
2025-04,2025,4,fixed_connections,penetration_per_100_inhabitants,23.638894,per_100_inhabitants,7.1.CO_TOT_FIJAS,219
2025-05,2025,5,fixed_connections,fixed_connections_total,4745897,connections,7.1.CO_TOT_FIJAS,220
2025-05,2025,5,fixed_connections,penetration_per_100_inhabitants,23.69806,per_100_inhabitants,7.1.CO_TOT_FIJAS,220
2025-06,2025,6,fixed_connections,fixed_connections_total,4744176,connections,7.1.CO_TOT_FIJAS,221
2025-06,2025,6,fixed_connections,penetration_per_100_inhabitants,23.677469,per_100_inhabitants,7.1.CO_TOT_FIJAS,221
2025-07,2025,7,fixed_connections,fixed_connections_total,4742729,connections,7.1.CO_TOT_FIJAS,222
2025-07,2025,7,fixed_connections,penetration_per_100_inhabitants,23.658263,per_100_inhabitants,7.1.CO_TOT_FIJAS,222
2025-08,2025,8,fixed_connections,fixed_connections_total,4768968,connections,7.1.CO_TOT_FIJAS,223
2025-08,2025,8,fixed_connections,penetration_per_100_inhabitants,23.777114,per_100_inhabitants,7.1.CO_TOT_FIJAS,223
2025-09,2025,9,fixed_connections,fixed_connections_total,4773941,connections,7.1.CO_TOT_FIJAS,224
2025-09,2025,9,fixed_connections,penetration_per_100_inhabitants,23.789871,per_100_inhabitants,7.1.CO_TOT_FIJAS,224
2025-10,2025,10,fixed_connections,fixed_connections_total,4789605,connections,7.1.CO_TOT_FIJAS,225
2025-10,2025,10,fixed_connections,penetration_per_100_inhabitants,23.855865,per_100_inhabitants,7.1.CO_TOT_FIJAS,225
2025-11,2025,11,fixed_connections,fixed_connections_total,4787099,connections,7.1.CO_TOT_FIJAS,226
2025-11,2025,11,fixed_connections,penetration_per_100_inhabitants,23.831337,per_100_inhabitants,7.1.CO_TOT_FIJAS,226
2025-12,2025,12,fixed_connections,fixed_connections_total,4796680,connections,7.1.CO_TOT_FIJAS,227
2025-12,2025,12,fixed_connections,penetration_per_100_inhabitants,23.866975,per_100_inhabitants,7.1.CO_TOT_FIJAS,227
2026-01,2026,1,fixed_connections,fixed_connections_total,4817306,connections,7.1.CO_TOT_FIJAS,228
2026-01,2026,1,fixed_connections,penetration_per_100_inhabitants,23.958996,per_100_inhabitants,7.1.CO_TOT_FIJAS,228
2026-02,2026,2,fixed_connections,fixed_connections_total,4839433,connections,7.1.CO_TOT_FIJAS,229
2026-02,2026,2,fixed_connections,penetration_per_100_inhabitants,24.0584,per_100_inhabitants,7.1.CO_TOT_FIJAS,229
2026-03,2026,3,fixed_connections,fixed_connections_total,4862699,connections,7.1.CO_TOT_FIJAS,230
2026-03,2026,3,fixed_connections,penetration_per_100_inhabitants,24.163374,per_100_inhabitants,7.1.CO_TOT_FIJAS,230
2026-04,2026,4,fixed_connections,fixed_connections_total,4878111,connections,7.1.CO_TOT_FIJAS,231
2026-04,2026,4,fixed_connections,penetration_per_100_inhabitants,24.229245,per_100_inhabitants,7.1.CO_TOT_FIJAS,231
2026-05,2026,5,fixed_connections,fixed_connections_total,4882405,connections,7.1.CO_TOT_FIJAS,232
2026-05,2026,5,fixed_connections,penetration_per_100_inhabitants,24.239861,per_100_inhabitants,7.1.CO_TOT_FIJAS,232
2026-06,2026,6,fixed_connections,fixed_connections_total,4900369,connections,7.1.CO_TOT_FIJAS,233
2026-06,2026,6,fixed_connections,penetration_per_100_inhabitants,24.318305,per_100_inhabitants,7.1.CO_TOT_FIJAS,233
2009-12,2009,12,mobile_connections,connections_2g,3052045,connections,8.1.CO_TEC_MOVIL,8
2009-12,2009,12,mobile_connections,connections_3g,638787,connections,8.1.CO_TEC_MOVIL,8
2009-12,2009,12,mobile_connections,mobile_connections_total,3690832,connections,8.1.CO_TEC_MOVIL,8
2009-12,2009,12,mobile_connections,connections_3g_4g_5g,638787,connections,8.1.CO_TEC_MOVIL,8
2010-01,2010,1,mobile_connections,connections_2g,3025950,connections,8.1.CO_TEC_MOVIL,9
2010-01,2010,1,mobile_connections,connections_3g,729958,connections,8.1.CO_TEC_MOVIL,9
2010-01,2010,1,mobile_connections,mobile_connections_total,3755908,connections,8.1.CO_TEC_MOVIL,9
2010-01,2010,1,mobile_connections,connections_3g_4g_5g,729958,connections,8.1.CO_TEC_MOVIL,9
2010-02,2010,2,mobile_connections,connections_2g,2976434,connections,8.1.CO_TEC_MOVIL,10
2010-02,2010,2,mobile_connections,connections_3g,780957,connections,8.1.CO_TEC_MOVIL,10
2010-02,2010,2,mobile_connections,mobile_connections_total,3757391,connections,8.1.CO_TEC_MOVIL,10
2010-02,2010,2,mobile_connections,connections_3g_4g_5g,780957,connections,8.1.CO_TEC_MOVIL,10
2010-03,2010,3,mobile_connections,connections_2g,3032765,connections,8.1.CO_TEC_MOVIL,11
2010-03,2010,3,mobile_connections,connections_3g,860017,connections,8.1.CO_TEC_MOVIL,11
2010-03,2010,3,mobile_connections,mobile_connections_total,3892782,connections,8.1.CO_TEC_MOVIL,11
2010-03,2010,3,mobile_connections,connections_3g_4g_5g,860017,connections,8.1.CO_TEC_MOVIL,11
2010-04,2010,4,mobile_connections,connections_2g,3024333,connections,8.1.CO_TEC_MOVIL,12
2010-04,2010,4,mobile_connections,connections_3g,964118,connections,8.1.CO_TEC_MOVIL,12
2010-04,2010,4,mobile_connections,mobile_connections_total,3988451,connections,8.1.CO_TEC_MOVIL,12
2010-04,2010,4,mobile_connections,connections_3g_4g_5g,964118,connections,8.1.CO_TEC_MOVIL,12
2010-05,2010,5,mobile_connections,connections_2g,3212406,connections,8.1.CO_TEC_MOVIL,13
2010-05,2010,5,mobile_connections,connections_3g,1015940,connections,8.1.CO_TEC_MOVIL,13
2010-05,2010,5,mobile_connections,mobile_connections_total,4228346,connections,8.1.CO_TEC_MOVIL,13
2010-05,2010,5,mobile_connections,connections_3g_4g_5g,1015940,connections,8.1.CO_TEC_MOVIL,13
2010-06,2010,6,mobile_connections,connections_2g,3284863,connections,8.1.CO_TEC_MOVIL,14
2010-06,2010,6,mobile_connections,connections_3g,1053617,connections,8.1.CO_TEC_MOVIL,14
2010-06,2010,6,mobile_connections,mobile_connections_total,4338480,connections,8.1.CO_TEC_MOVIL,14
2010-06,2010,6,mobile_connections,connections_3g_4g_5g,1053617,connections,8.1.CO_TEC_MOVIL,14
2010-07,2010,7,mobile_connections,connections_2g,3445085,connections,8.1.CO_TEC_MOVIL,15
2010-07,2010,7,mobile_connections,connections_3g,1091122,connections,8.1.CO_TEC_MOVIL,15
2010-07,2010,7,mobile_connections,mobile_connections_total,4536207,connections,8.1.CO_TEC_MOVIL,15
2010-07,2010,7,mobile_connections,connections_3g_4g_5g,1091122,connections,8.1.CO_TEC_MOVIL,15
2010-08,2010,8,mobile_connections,connections_2g,3361212,connections,8.1.CO_TEC_MOVIL,16
2010-08,2010,8,mobile_connections,connections_3g,1133410,connections,8.1.CO_TEC_MOVIL,16
2010-08,2010,8,mobile_connections,mobile_connections_total,4494622,connections,8.1.CO_TEC_MOVIL,16
2010-08,2010,8,mobile_connections,connections_3g_4g_5g,1133410,connections,8.1.CO_TEC_MOVIL,16
2010-09,2010,9,mobile_connections,connections_2g,3367676,connections,8.1.CO_TEC_MOVIL,17
2010-09,2010,9,mobile_connections,connections_3g,1184896,connections,8.1.CO_TEC_MOVIL,17
2010-09,2010,9,mobile_connections,mobile_connections_total,4552572,connections,8.1.CO_TEC_MOVIL,17
2010-09,2010,9,mobile_connections,connections_3g_4g_5g,1184896,connections,8.1.CO_TEC_MOVIL,17
2010-10,2010,10,mobile_connections,connections_2g,3527081,connections,8.1.CO_TEC_MOVIL,18
2010-10,2010,10,mobile_connections,connections_3g,1265877,connections,8.1.CO_TEC_MOVIL,18
2010-10,2010,10,mobile_connections,mobile_connections_total,4792958,connections,8.1.CO_TEC_MOVIL,18
2010-10,2010,10,mobile_connections,connections_3g_4g_5g,1265877,connections,8.1.CO_TEC_MOVIL,18
2010-11,2010,11,mobile_connections,connections_2g,3617632,connections,8.1.CO_TEC_MOVIL,19
2010-11,2010,11,mobile_connections,connections_3g,1331159,connections,8.1.CO_TEC_MOVIL,19
2010-11,2010,11,mobile_connections,mobile_connections_total,4948791,connections,8.1.CO_TEC_MOVIL,19
2010-11,2010,11,mobile_connections,connections_3g_4g_5g,1331159,connections,8.1.CO_TEC_MOVIL,19
2010-12,2010,12,mobile_connections,connections_2g,3809777,connections,8.1.CO_TEC_MOVIL,20
2010-12,2010,12,mobile_connections,connections_3g,1445675,connections,8.1.CO_TEC_MOVIL,20
2010-12,2010,12,mobile_connections,mobile_connections_total,5255452,connections,8.1.CO_TEC_MOVIL,20
2010-12,2010,12,mobile_connections,connections_3g_4g_5g,1445675,connections,8.1.CO_TEC_MOVIL,20
2011-01,2011,1,mobile_connections,connections_2g,3540683,connections,8.1.CO_TEC_MOVIL,21
2011-01,2011,1,mobile_connections,connections_3g,1780975,connections,8.1.CO_TEC_MOVIL,21
2011-01,2011,1,mobile_connections,mobile_connections_total,5321658,connections,8.1.CO_TEC_MOVIL,21
2011-01,2011,1,mobile_connections,connections_3g_4g_5g,1780975,connections,8.1.CO_TEC_MOVIL,21
2011-02,2011,2,mobile_connections,connections_2g,3482404,connections,8.1.CO_TEC_MOVIL,22
2011-02,2011,2,mobile_connections,connections_3g,1780671,connections,8.1.CO_TEC_MOVIL,22
2011-02,2011,2,mobile_connections,mobile_connections_total,5263075,connections,8.1.CO_TEC_MOVIL,22
2011-02,2011,2,mobile_connections,connections_3g_4g_5g,1780671,connections,8.1.CO_TEC_MOVIL,22
2011-03,2011,3,mobile_connections,connections_2g,3509356,connections,8.1.CO_TEC_MOVIL,23
2011-03,2011,3,mobile_connections,connections_3g,1918215,connections,8.1.CO_TEC_MOVIL,23
2011-03,2011,3,mobile_connections,mobile_connections_total,5427571,connections,8.1.CO_TEC_MOVIL,23
2011-03,2011,3,mobile_connections,connections_3g_4g_5g,1918215,connections,8.1.CO_TEC_MOVIL,23
2011-04,2011,4,mobile_connections,connections_2g,3507393,connections,8.1.CO_TEC_MOVIL,24
2011-04,2011,4,mobile_connections,connections_3g,2019619,connections,8.1.CO_TEC_MOVIL,24
2011-04,2011,4,mobile_connections,mobile_connections_total,5527012,connections,8.1.CO_TEC_MOVIL,24
2011-04,2011,4,mobile_connections,connections_3g_4g_5g,2019619,connections,8.1.CO_TEC_MOVIL,24
2011-05,2011,5,mobile_connections,connections_2g,3533497,connections,8.1.CO_TEC_MOVIL,25
2011-05,2011,5,mobile_connections,connections_3g,2111901,connections,8.1.CO_TEC_MOVIL,25
2011-05,2011,5,mobile_connections,mobile_connections_total,5645398,connections,8.1.CO_TEC_MOVIL,25
2011-05,2011,5,mobile_connections,connections_3g_4g_5g,2111901,connections,8.1.CO_TEC_MOVIL,25
2011-06,2011,6,mobile_connections,connections_2g,3750297,connections,8.1.CO_TEC_MOVIL,26
2011-06,2011,6,mobile_connections,connections_3g,2241188,connections,8.1.CO_TEC_MOVIL,26
2011-06,2011,6,mobile_connections,mobile_connections_total,5991485,connections,8.1.CO_TEC_MOVIL,26
2011-06,2011,6,mobile_connections,connections_3g_4g_5g,2241188,connections,8.1.CO_TEC_MOVIL,26
2011-07,2011,7,mobile_connections,connections_2g,3949617,connections,8.1.CO_TEC_MOVIL,27
2011-07,2011,7,mobile_connections,connections_3g,2444064,connections,8.1.CO_TEC_MOVIL,27
2011-07,2011,7,mobile_connections,mobile_connections_total,6393681,connections,8.1.CO_TEC_MOVIL,27
2011-07,2011,7,mobile_connections,connections_3g_4g_5g,2444064,connections,8.1.CO_TEC_MOVIL,27
2011-08,2011,8,mobile_connections,connections_2g,4201075,connections,8.1.CO_TEC_MOVIL,28
2011-08,2011,8,mobile_connections,connections_3g,2596941,connections,8.1.CO_TEC_MOVIL,28
2011-08,2011,8,mobile_connections,mobile_connections_total,6798016,connections,8.1.CO_TEC_MOVIL,28
2011-08,2011,8,mobile_connections,connections_3g_4g_5g,2596941,connections,8.1.CO_TEC_MOVIL,28
2011-09,2011,9,mobile_connections,connections_2g,4288244,connections,8.1.CO_TEC_MOVIL,29
2011-09,2011,9,mobile_connections,connections_3g,2679630,connections,8.1.CO_TEC_MOVIL,29
2011-09,2011,9,mobile_connections,mobile_connections_total,6967874,connections,8.1.CO_TEC_MOVIL,29
2011-09,2011,9,mobile_connections,connections_3g_4g_5g,2679630,connections,8.1.CO_TEC_MOVIL,29
2011-10,2011,10,mobile_connections,connections_2g,4347185,connections,8.1.CO_TEC_MOVIL,30
2011-10,2011,10,mobile_connections,connections_3g,2764399,connections,8.1.CO_TEC_MOVIL,30
2011-10,2011,10,mobile_connections,mobile_connections_total,7111584,connections,8.1.CO_TEC_MOVIL,30
2011-10,2011,10,mobile_connections,connections_3g_4g_5g,2764399,connections,8.1.CO_TEC_MOVIL,30
2011-11,2011,11,mobile_connections,connections_2g,4394432,connections,8.1.CO_TEC_MOVIL,31
2011-11,2011,11,mobile_connections,connections_3g,2744786,connections,8.1.CO_TEC_MOVIL,31
2011-11,2011,11,mobile_connections,mobile_connections_total,7139218,connections,8.1.CO_TEC_MOVIL,31
2011-11,2011,11,mobile_connections,connections_3g_4g_5g,2744786,connections,8.1.CO_TEC_MOVIL,31
2011-12,2011,12,mobile_connections,connections_2g,4802719,connections,8.1.CO_TEC_MOVIL,32
2011-12,2011,12,mobile_connections,connections_3g,3154995,connections,8.1.CO_TEC_MOVIL,32
2011-12,2011,12,mobile_connections,mobile_connections_total,7957714,connections,8.1.CO_TEC_MOVIL,32
2011-12,2011,12,mobile_connections,connections_3g_4g_5g,3154995,connections,8.1.CO_TEC_MOVIL,32
2012-01,2012,1,mobile_connections,connections_2g,4439098,connections,8.1.CO_TEC_MOVIL,33
2012-01,2012,1,mobile_connections,connections_3g,3274151,connections,8.1.CO_TEC_MOVIL,33
2012-01,2012,1,mobile_connections,mobile_connections_total,7713249,connections,8.1.CO_TEC_MOVIL,33
2012-01,2012,1,mobile_connections,connections_3g_4g_5g,3274151,connections,8.1.CO_TEC_MOVIL,33
2012-02,2012,2,mobile_connections,connections_2g,4298723,connections,8.1.CO_TEC_MOVIL,34
2012-02,2012,2,mobile_connections,connections_3g,3353946,connections,8.1.CO_TEC_MOVIL,34
2012-02,2012,2,mobile_connections,mobile_connections_total,7652669,connections,8.1.CO_TEC_MOVIL,34
2012-02,2012,2,mobile_connections,connections_3g_4g_5g,3353946,connections,8.1.CO_TEC_MOVIL,34
2012-03,2012,3,mobile_connections,connections_2g,4396975,connections,8.1.CO_TEC_MOVIL,35
2012-03,2012,3,mobile_connections,connections_3g,3619463,connections,8.1.CO_TEC_MOVIL,35
2012-03,2012,3,mobile_connections,mobile_connections_total,8016438,connections,8.1.CO_TEC_MOVIL,35
2012-03,2012,3,mobile_connections,connections_3g_4g_5g,3619463,connections,8.1.CO_TEC_MOVIL,35
2012-04,2012,4,mobile_connections,connections_2g,4341453,connections,8.1.CO_TEC_MOVIL,36
2012-04,2012,4,mobile_connections,connections_3g,3694300,connections,8.1.CO_TEC_MOVIL,36
2012-04,2012,4,mobile_connections,mobile_connections_total,8035753,connections,8.1.CO_TEC_MOVIL,36
2012-04,2012,4,mobile_connections,connections_3g_4g_5g,3694300,connections,8.1.CO_TEC_MOVIL,36
2012-05,2012,5,mobile_connections,connections_2g,4202236,connections,8.1.CO_TEC_MOVIL,37
2012-05,2012,5,mobile_connections,connections_3g,3835712,connections,8.1.CO_TEC_MOVIL,37
2012-05,2012,5,mobile_connections,mobile_connections_total,8037948,connections,8.1.CO_TEC_MOVIL,37
2012-05,2012,5,mobile_connections,connections_3g_4g_5g,3835712,connections,8.1.CO_TEC_MOVIL,37
2012-06,2012,6,mobile_connections,connections_2g,4117626,connections,8.1.CO_TEC_MOVIL,38
2012-06,2012,6,mobile_connections,connections_3g,3946142,connections,8.1.CO_TEC_MOVIL,38
2012-06,2012,6,mobile_connections,mobile_connections_total,8063768,connections,8.1.CO_TEC_MOVIL,38
2012-06,2012,6,mobile_connections,connections_3g_4g_5g,3946142,connections,8.1.CO_TEC_MOVIL,38
2012-07,2012,7,mobile_connections,connections_2g,4172032,connections,8.1.CO_TEC_MOVIL,39
2012-07,2012,7,mobile_connections,connections_3g,4139993,connections,8.1.CO_TEC_MOVIL,39
2012-07,2012,7,mobile_connections,mobile_connections_total,8312025,connections,8.1.CO_TEC_MOVIL,39
2012-07,2012,7,mobile_connections,connections_3g_4g_5g,4139993,connections,8.1.CO_TEC_MOVIL,39
2012-08,2012,8,mobile_connections,connections_2g,4322668,connections,8.1.CO_TEC_MOVIL,40
2012-08,2012,8,mobile_connections,connections_3g,4347399,connections,8.1.CO_TEC_MOVIL,40
2012-08,2012,8,mobile_connections,mobile_connections_total,8670067,connections,8.1.CO_TEC_MOVIL,40
2012-08,2012,8,mobile_connections,connections_3g_4g_5g,4347399,connections,8.1.CO_TEC_MOVIL,40
2012-09,2012,9,mobile_connections,connections_2g,4301600,connections,8.1.CO_TEC_MOVIL,41
2012-09,2012,9,mobile_connections,connections_3g,4409493,connections,8.1.CO_TEC_MOVIL,41
2012-09,2012,9,mobile_connections,mobile_connections_total,8711093,connections,8.1.CO_TEC_MOVIL,41
2012-09,2012,9,mobile_connections,connections_3g_4g_5g,4409493,connections,8.1.CO_TEC_MOVIL,41
2012-10,2012,10,mobile_connections,connections_2g,3992109,connections,8.1.CO_TEC_MOVIL,42
2012-10,2012,10,mobile_connections,connections_3g,4494650,connections,8.1.CO_TEC_MOVIL,42
2012-10,2012,10,mobile_connections,mobile_connections_total,8486759,connections,8.1.CO_TEC_MOVIL,42
2012-10,2012,10,mobile_connections,connections_3g_4g_5g,4494650,connections,8.1.CO_TEC_MOVIL,42
2012-11,2012,11,mobile_connections,connections_2g,3942702,connections,8.1.CO_TEC_MOVIL,43
2012-11,2012,11,mobile_connections,connections_3g,4576134,connections,8.1.CO_TEC_MOVIL,43
2012-11,2012,11,mobile_connections,mobile_connections_total,8518836,connections,8.1.CO_TEC_MOVIL,43
2012-11,2012,11,mobile_connections,connections_3g_4g_5g,4576134,connections,8.1.CO_TEC_MOVIL,43
2012-12,2012,12,mobile_connections,connections_2g,3988594,connections,8.1.CO_TEC_MOVIL,44
2012-12,2012,12,mobile_connections,connections_3g,4983888,connections,8.1.CO_TEC_MOVIL,44
2012-12,2012,12,mobile_connections,mobile_connections_total,8972482,connections,8.1.CO_TEC_MOVIL,44
2012-12,2012,12,mobile_connections,connections_3g_4g_5g,4983888,connections,8.1.CO_TEC_MOVIL,44
2013-01,2013,1,mobile_connections,connections_2g,4066613,connections,8.1.CO_TEC_MOVIL,45
2013-01,2013,1,mobile_connections,connections_3g,5048537,connections,8.1.CO_TEC_MOVIL,45
2013-01,2013,1,mobile_connections,mobile_connections_total,9115150,connections,8.1.CO_TEC_MOVIL,45
2013-01,2013,1,mobile_connections,connections_3g_4g_5g,5048537,connections,8.1.CO_TEC_MOVIL,45
2013-02,2013,2,mobile_connections,connections_2g,3855775,connections,8.1.CO_TEC_MOVIL,46
2013-02,2013,2,mobile_connections,connections_3g,5090041,connections,8.1.CO_TEC_MOVIL,46
2013-02,2013,2,mobile_connections,mobile_connections_total,8945816,connections,8.1.CO_TEC_MOVIL,46
2013-02,2013,2,mobile_connections,connections_3g_4g_5g,5090041,connections,8.1.CO_TEC_MOVIL,46
2013-03,2013,3,mobile_connections,connections_2g,3757936,connections,8.1.CO_TEC_MOVIL,47
2013-03,2013,3,mobile_connections,connections_3g,5268103,connections,8.1.CO_TEC_MOVIL,47
2013-03,2013,3,mobile_connections,mobile_connections_total,9026039,connections,8.1.CO_TEC_MOVIL,47
2013-03,2013,3,mobile_connections,connections_3g_4g_5g,5268103,connections,8.1.CO_TEC_MOVIL,47
2013-04,2013,4,mobile_connections,connections_2g,3748317,connections,8.1.CO_TEC_MOVIL,48
2013-04,2013,4,mobile_connections,connections_3g,5370918,connections,8.1.CO_TEC_MOVIL,48
2013-04,2013,4,mobile_connections,mobile_connections_total,9119235,connections,8.1.CO_TEC_MOVIL,48
2013-04,2013,4,mobile_connections,connections_3g_4g_5g,5370918,connections,8.1.CO_TEC_MOVIL,48
2013-05,2013,5,mobile_connections,connections_2g,3786898,connections,8.1.CO_TEC_MOVIL,49
2013-05,2013,5,mobile_connections,connections_3g,5469374,connections,8.1.CO_TEC_MOVIL,49
2013-05,2013,5,mobile_connections,mobile_connections_total,9256272,connections,8.1.CO_TEC_MOVIL,49
2013-05,2013,5,mobile_connections,connections_3g_4g_5g,5469374,connections,8.1.CO_TEC_MOVIL,49
2013-06,2013,6,mobile_connections,connections_2g,3840570,connections,8.1.CO_TEC_MOVIL,50
2013-06,2013,6,mobile_connections,connections_3g,5447665,connections,8.1.CO_TEC_MOVIL,50
2013-06,2013,6,mobile_connections,mobile_connections_total,9288235,connections,8.1.CO_TEC_MOVIL,50
2013-06,2013,6,mobile_connections,connections_3g_4g_5g,5447665,connections,8.1.CO_TEC_MOVIL,50
2013-07,2013,7,mobile_connections,connections_2g,3719032,connections,8.1.CO_TEC_MOVIL,51
2013-07,2013,7,mobile_connections,connections_3g,5614971,connections,8.1.CO_TEC_MOVIL,51
2013-07,2013,7,mobile_connections,mobile_connections_total,9334003,connections,8.1.CO_TEC_MOVIL,51
2013-07,2013,7,mobile_connections,connections_3g_4g_5g,5614971,connections,8.1.CO_TEC_MOVIL,51
2013-08,2013,8,mobile_connections,connections_2g,3705492,connections,8.1.CO_TEC_MOVIL,52
2013-08,2013,8,mobile_connections,connections_3g,5679494,connections,8.1.CO_TEC_MOVIL,52
2013-08,2013,8,mobile_connections,mobile_connections_total,9384986,connections,8.1.CO_TEC_MOVIL,52
2013-08,2013,8,mobile_connections,connections_3g_4g_5g,5679494,connections,8.1.CO_TEC_MOVIL,52
2013-09,2013,9,mobile_connections,connections_2g,3673199,connections,8.1.CO_TEC_MOVIL,53
2013-09,2013,9,mobile_connections,connections_3g,5645778,connections,8.1.CO_TEC_MOVIL,53
2013-09,2013,9,mobile_connections,mobile_connections_total,9318977,connections,8.1.CO_TEC_MOVIL,53
2013-09,2013,9,mobile_connections,connections_3g_4g_5g,5645778,connections,8.1.CO_TEC_MOVIL,53
2013-10,2013,10,mobile_connections,connections_2g,3474618,connections,8.1.CO_TEC_MOVIL,54
2013-10,2013,10,mobile_connections,connections_3g,5876547,connections,8.1.CO_TEC_MOVIL,54
2013-10,2013,10,mobile_connections,mobile_connections_total,9351165,connections,8.1.CO_TEC_MOVIL,54
2013-10,2013,10,mobile_connections,connections_3g_4g_5g,5876547,connections,8.1.CO_TEC_MOVIL,54
2013-11,2013,11,mobile_connections,connections_2g,3488156,connections,8.1.CO_TEC_MOVIL,55
2013-11,2013,11,mobile_connections,connections_3g,5880360,connections,8.1.CO_TEC_MOVIL,55
2013-11,2013,11,mobile_connections,mobile_connections_total,9368516,connections,8.1.CO_TEC_MOVIL,55
2013-11,2013,11,mobile_connections,connections_3g_4g_5g,5880360,connections,8.1.CO_TEC_MOVIL,55
2013-12,2013,12,mobile_connections,connections_2g,3444862,connections,8.1.CO_TEC_MOVIL,56
2013-12,2013,12,mobile_connections,connections_3g,6366120,connections,8.1.CO_TEC_MOVIL,56
2013-12,2013,12,mobile_connections,mobile_connections_total,9810982,connections,8.1.CO_TEC_MOVIL,56
2013-12,2013,12,mobile_connections,connections_3g_4g_5g,6366120,connections,8.1.CO_TEC_MOVIL,56
2014-01,2014,1,mobile_connections,connections_2g,3344257,connections,8.1.CO_TEC_MOVIL,57
2014-01,2014,1,mobile_connections,connections_3g,6636236,connections,8.1.CO_TEC_MOVIL,57
2014-01,2014,1,mobile_connections,connections_4g,6485,connections,8.1.CO_TEC_MOVIL,57
2014-01,2014,1,mobile_connections,mobile_connections_total,9986978,connections,8.1.CO_TEC_MOVIL,57
2014-01,2014,1,mobile_connections,connections_3g_4g_5g,6642721,connections,8.1.CO_TEC_MOVIL,57
2014-02,2014,2,mobile_connections,connections_2g,3210790,connections,8.1.CO_TEC_MOVIL,58
2014-02,2014,2,mobile_connections,connections_3g,6675009,connections,8.1.CO_TEC_MOVIL,58
2014-02,2014,2,mobile_connections,connections_4g,8170,connections,8.1.CO_TEC_MOVIL,58
2014-02,2014,2,mobile_connections,mobile_connections_total,9893969,connections,8.1.CO_TEC_MOVIL,58
2014-02,2014,2,mobile_connections,connections_3g_4g_5g,6683179,connections,8.1.CO_TEC_MOVIL,58
2014-03,2014,3,mobile_connections,connections_2g,3150825,connections,8.1.CO_TEC_MOVIL,59
2014-03,2014,3,mobile_connections,connections_3g,7011653,connections,8.1.CO_TEC_MOVIL,59
2014-03,2014,3,mobile_connections,connections_4g,9829,connections,8.1.CO_TEC_MOVIL,59
2014-03,2014,3,mobile_connections,mobile_connections_total,10172307,connections,8.1.CO_TEC_MOVIL,59
2014-03,2014,3,mobile_connections,connections_3g_4g_5g,7021482,connections,8.1.CO_TEC_MOVIL,59
2014-04,2014,4,mobile_connections,connections_2g,2853272,connections,8.1.CO_TEC_MOVIL,60
2014-04,2014,4,mobile_connections,connections_3g,7179005,connections,8.1.CO_TEC_MOVIL,60
2014-04,2014,4,mobile_connections,connections_4g,29536,connections,8.1.CO_TEC_MOVIL,60
2014-04,2014,4,mobile_connections,mobile_connections_total,10061813,connections,8.1.CO_TEC_MOVIL,60
2014-04,2014,4,mobile_connections,connections_3g_4g_5g,7208541,connections,8.1.CO_TEC_MOVIL,60
2014-05,2014,5,mobile_connections,connections_2g,2794916,connections,8.1.CO_TEC_MOVIL,61
2014-05,2014,5,mobile_connections,connections_3g,7593239,connections,8.1.CO_TEC_MOVIL,61
2014-05,2014,5,mobile_connections,connections_4g,14407,connections,8.1.CO_TEC_MOVIL,61
2014-05,2014,5,mobile_connections,mobile_connections_total,10402562,connections,8.1.CO_TEC_MOVIL,61
2014-05,2014,5,mobile_connections,connections_3g_4g_5g,7607646,connections,8.1.CO_TEC_MOVIL,61
2014-06,2014,6,mobile_connections,connections_2g,2603845,connections,8.1.CO_TEC_MOVIL,62
2014-06,2014,6,mobile_connections,connections_3g,7637528,connections,8.1.CO_TEC_MOVIL,62
2014-06,2014,6,mobile_connections,connections_4g,184382,connections,8.1.CO_TEC_MOVIL,62
2014-06,2014,6,mobile_connections,mobile_connections_total,10425755,connections,8.1.CO_TEC_MOVIL,62
2014-06,2014,6,mobile_connections,connections_3g_4g_5g,7821910,connections,8.1.CO_TEC_MOVIL,62
2014-07,2014,7,mobile_connections,connections_2g,2320089,connections,8.1.CO_TEC_MOVIL,63
2014-07,2014,7,mobile_connections,connections_3g,7573448,connections,8.1.CO_TEC_MOVIL,63
2014-07,2014,7,mobile_connections,connections_4g,220443,connections,8.1.CO_TEC_MOVIL,63
2014-07,2014,7,mobile_connections,mobile_connections_total,10113980,connections,8.1.CO_TEC_MOVIL,63
2014-07,2014,7,mobile_connections,connections_3g_4g_5g,7793891,connections,8.1.CO_TEC_MOVIL,63
2014-08,2014,8,mobile_connections,connections_2g,2120724,connections,8.1.CO_TEC_MOVIL,64
2014-08,2014,8,mobile_connections,connections_3g,7675395,connections,8.1.CO_TEC_MOVIL,64
2014-08,2014,8,mobile_connections,connections_4g,270166,connections,8.1.CO_TEC_MOVIL,64
2014-08,2014,8,mobile_connections,mobile_connections_total,10066285,connections,8.1.CO_TEC_MOVIL,64
2014-08,2014,8,mobile_connections,connections_3g_4g_5g,7945561,connections,8.1.CO_TEC_MOVIL,64
2014-09,2014,9,mobile_connections,connections_2g,2157361,connections,8.1.CO_TEC_MOVIL,65
2014-09,2014,9,mobile_connections,connections_3g,8105732,connections,8.1.CO_TEC_MOVIL,65
2014-09,2014,9,mobile_connections,connections_4g,345396,connections,8.1.CO_TEC_MOVIL,65
2014-09,2014,9,mobile_connections,mobile_connections_total,10608489,connections,8.1.CO_TEC_MOVIL,65
2014-09,2014,9,mobile_connections,connections_3g_4g_5g,8451128,connections,8.1.CO_TEC_MOVIL,65
2014-10,2014,10,mobile_connections,connections_2g,2018549,connections,8.1.CO_TEC_MOVIL,66
2014-10,2014,10,mobile_connections,connections_3g,8246308,connections,8.1.CO_TEC_MOVIL,66
2014-10,2014,10,mobile_connections,connections_4g,401649,connections,8.1.CO_TEC_MOVIL,66
2014-10,2014,10,mobile_connections,mobile_connections_total,10666506,connections,8.1.CO_TEC_MOVIL,66
2014-10,2014,10,mobile_connections,connections_3g_4g_5g,8647957,connections,8.1.CO_TEC_MOVIL,66
2014-11,2014,11,mobile_connections,connections_2g,1830004,connections,8.1.CO_TEC_MOVIL,67
2014-11,2014,11,mobile_connections,connections_3g,8286795,connections,8.1.CO_TEC_MOVIL,67
2014-11,2014,11,mobile_connections,connections_4g,500735,connections,8.1.CO_TEC_MOVIL,67
2014-11,2014,11,mobile_connections,mobile_connections_total,10617534,connections,8.1.CO_TEC_MOVIL,67
2014-11,2014,11,mobile_connections,connections_3g_4g_5g,8787530,connections,8.1.CO_TEC_MOVIL,67
2014-12,2014,12,mobile_connections,connections_2g,1744424,connections,8.1.CO_TEC_MOVIL,68
2014-12,2014,12,mobile_connections,connections_3g,8610313,connections,8.1.CO_TEC_MOVIL,68
2014-12,2014,12,mobile_connections,connections_4g,545410,connections,8.1.CO_TEC_MOVIL,68
2014-12,2014,12,mobile_connections,mobile_connections_total,10900147,connections,8.1.CO_TEC_MOVIL,68
2014-12,2014,12,mobile_connections,connections_3g_4g_5g,9155723,connections,8.1.CO_TEC_MOVIL,68
2015-01,2015,1,mobile_connections,connections_2g,1561338,connections,8.1.CO_TEC_MOVIL,69
2015-01,2015,1,mobile_connections,connections_3g,8479546,connections,8.1.CO_TEC_MOVIL,69
2015-01,2015,1,mobile_connections,connections_4g,631312,connections,8.1.CO_TEC_MOVIL,69
2015-01,2015,1,mobile_connections,mobile_connections_total,10672196,connections,8.1.CO_TEC_MOVIL,69
2015-01,2015,1,mobile_connections,connections_3g_4g_5g,9110858,connections,8.1.CO_TEC_MOVIL,69
2015-02,2015,2,mobile_connections,connections_2g,1456469,connections,8.1.CO_TEC_MOVIL,70
2015-02,2015,2,mobile_connections,connections_3g,8554419,connections,8.1.CO_TEC_MOVIL,70
2015-02,2015,2,mobile_connections,connections_4g,693436,connections,8.1.CO_TEC_MOVIL,70
2015-02,2015,2,mobile_connections,mobile_connections_total,10704324,connections,8.1.CO_TEC_MOVIL,70
2015-02,2015,2,mobile_connections,connections_3g_4g_5g,9247855,connections,8.1.CO_TEC_MOVIL,70
2015-03,2015,3,mobile_connections,connections_2g,1386005,connections,8.1.CO_TEC_MOVIL,71
2015-03,2015,3,mobile_connections,connections_3g,8595818,connections,8.1.CO_TEC_MOVIL,71
2015-03,2015,3,mobile_connections,connections_4g,888052,connections,8.1.CO_TEC_MOVIL,71
2015-03,2015,3,mobile_connections,mobile_connections_total,10869875,connections,8.1.CO_TEC_MOVIL,71
2015-03,2015,3,mobile_connections,connections_3g_4g_5g,9483870,connections,8.1.CO_TEC_MOVIL,71
2015-04,2015,4,mobile_connections,connections_2g,1323165,connections,8.1.CO_TEC_MOVIL,72
2015-04,2015,4,mobile_connections,connections_3g,8679998,connections,8.1.CO_TEC_MOVIL,72
2015-04,2015,4,mobile_connections,connections_4g,958294,connections,8.1.CO_TEC_MOVIL,72
2015-04,2015,4,mobile_connections,mobile_connections_total,10961457,connections,8.1.CO_TEC_MOVIL,72
2015-04,2015,4,mobile_connections,connections_3g_4g_5g,9638292,connections,8.1.CO_TEC_MOVIL,72
2015-05,2015,5,mobile_connections,connections_2g,1262111,connections,8.1.CO_TEC_MOVIL,73
2015-05,2015,5,mobile_connections,connections_3g,8726939,connections,8.1.CO_TEC_MOVIL,73
2015-05,2015,5,mobile_connections,connections_4g,1026867,connections,8.1.CO_TEC_MOVIL,73
2015-05,2015,5,mobile_connections,mobile_connections_total,11015917,connections,8.1.CO_TEC_MOVIL,73
2015-05,2015,5,mobile_connections,connections_3g_4g_5g,9753806,connections,8.1.CO_TEC_MOVIL,73
2015-06,2015,6,mobile_connections,connections_2g,1113939,connections,8.1.CO_TEC_MOVIL,74
2015-06,2015,6,mobile_connections,connections_3g,8501727,connections,8.1.CO_TEC_MOVIL,74
2015-06,2015,6,mobile_connections,connections_4g,1102739,connections,8.1.CO_TEC_MOVIL,74
2015-06,2015,6,mobile_connections,mobile_connections_total,10718405,connections,8.1.CO_TEC_MOVIL,74
2015-06,2015,6,mobile_connections,connections_3g_4g_5g,9604466,connections,8.1.CO_TEC_MOVIL,74
2015-07,2015,7,mobile_connections,connections_2g,1070145,connections,8.1.CO_TEC_MOVIL,75
2015-07,2015,7,mobile_connections,connections_3g,8771370,connections,8.1.CO_TEC_MOVIL,75
2015-07,2015,7,mobile_connections,connections_4g,1181592,connections,8.1.CO_TEC_MOVIL,75
2015-07,2015,7,mobile_connections,mobile_connections_total,11023107,connections,8.1.CO_TEC_MOVIL,75
2015-07,2015,7,mobile_connections,connections_3g_4g_5g,9952962,connections,8.1.CO_TEC_MOVIL,75
2015-08,2015,8,mobile_connections,connections_2g,1138746,connections,8.1.CO_TEC_MOVIL,76
2015-08,2015,8,mobile_connections,connections_3g,8616081,connections,8.1.CO_TEC_MOVIL,76
2015-08,2015,8,mobile_connections,connections_4g,1317988,connections,8.1.CO_TEC_MOVIL,76
2015-08,2015,8,mobile_connections,mobile_connections_total,11072815,connections,8.1.CO_TEC_MOVIL,76
2015-08,2015,8,mobile_connections,connections_3g_4g_5g,9934069,connections,8.1.CO_TEC_MOVIL,76
2015-09,2015,9,mobile_connections,connections_2g,1081318,connections,8.1.CO_TEC_MOVIL,77
2015-09,2015,9,mobile_connections,connections_3g,8685597,connections,8.1.CO_TEC_MOVIL,77
2015-09,2015,9,mobile_connections,connections_4g,1486280,connections,8.1.CO_TEC_MOVIL,77
2015-09,2015,9,mobile_connections,mobile_connections_total,11253195,connections,8.1.CO_TEC_MOVIL,77
2015-09,2015,9,mobile_connections,connections_3g_4g_5g,10171877,connections,8.1.CO_TEC_MOVIL,77
2015-10,2015,10,mobile_connections,connections_2g,864920,connections,8.1.CO_TEC_MOVIL,78
2015-10,2015,10,mobile_connections,connections_3g,8479506,connections,8.1.CO_TEC_MOVIL,78
2015-10,2015,10,mobile_connections,connections_4g,1807166,connections,8.1.CO_TEC_MOVIL,78
2015-10,2015,10,mobile_connections,mobile_connections_total,11151592,connections,8.1.CO_TEC_MOVIL,78
2015-10,2015,10,mobile_connections,connections_3g_4g_5g,10286672,connections,8.1.CO_TEC_MOVIL,78
2015-11,2015,11,mobile_connections,connections_2g,825080,connections,8.1.CO_TEC_MOVIL,79
2015-11,2015,11,mobile_connections,connections_3g,8247291,connections,8.1.CO_TEC_MOVIL,79
2015-11,2015,11,mobile_connections,connections_4g,2038046,connections,8.1.CO_TEC_MOVIL,79
2015-11,2015,11,mobile_connections,mobile_connections_total,11110417,connections,8.1.CO_TEC_MOVIL,79
2015-11,2015,11,mobile_connections,connections_3g_4g_5g,10285337,connections,8.1.CO_TEC_MOVIL,79
2015-12,2015,12,mobile_connections,connections_2g,1270825,connections,8.1.CO_TEC_MOVIL,80
2015-12,2015,12,mobile_connections,connections_3g,7885665,connections,8.1.CO_TEC_MOVIL,80
2015-12,2015,12,mobile_connections,connections_4g,2397579,connections,8.1.CO_TEC_MOVIL,80
2015-12,2015,12,mobile_connections,mobile_connections_total,11554069,connections,8.1.CO_TEC_MOVIL,80
2015-12,2015,12,mobile_connections,connections_3g_4g_5g,10283244,connections,8.1.CO_TEC_MOVIL,80
2016-01,2016,1,mobile_connections,connections_2g,1261412,connections,8.1.CO_TEC_MOVIL,81
2016-01,2016,1,mobile_connections,connections_3g,7801996,connections,8.1.CO_TEC_MOVIL,81
2016-01,2016,1,mobile_connections,connections_4g,2620047,connections,8.1.CO_TEC_MOVIL,81
2016-01,2016,1,mobile_connections,mobile_connections_total,11683455,connections,8.1.CO_TEC_MOVIL,81
2016-01,2016,1,mobile_connections,connections_3g_4g_5g,10422043,connections,8.1.CO_TEC_MOVIL,81
2016-02,2016,2,mobile_connections,connections_2g,1184571,connections,8.1.CO_TEC_MOVIL,82
2016-02,2016,2,mobile_connections,connections_3g,7619101,connections,8.1.CO_TEC_MOVIL,82
2016-02,2016,2,mobile_connections,connections_4g,2839379,connections,8.1.CO_TEC_MOVIL,82
2016-02,2016,2,mobile_connections,mobile_connections_total,11643051,connections,8.1.CO_TEC_MOVIL,82
2016-02,2016,2,mobile_connections,connections_3g_4g_5g,10458480,connections,8.1.CO_TEC_MOVIL,82
2016-03,2016,3,mobile_connections,connections_2g,1148689,connections,8.1.CO_TEC_MOVIL,83
2016-03,2016,3,mobile_connections,connections_3g,7596968,connections,8.1.CO_TEC_MOVIL,83
2016-03,2016,3,mobile_connections,connections_4g,3052600,connections,8.1.CO_TEC_MOVIL,83
2016-03,2016,3,mobile_connections,mobile_connections_total,11798257,connections,8.1.CO_TEC_MOVIL,83
2016-03,2016,3,mobile_connections,connections_3g_4g_5g,10649568,connections,8.1.CO_TEC_MOVIL,83
2016-04,2016,4,mobile_connections,connections_2g,1100447,connections,8.1.CO_TEC_MOVIL,84
2016-04,2016,4,mobile_connections,connections_3g,7303063,connections,8.1.CO_TEC_MOVIL,84
2016-04,2016,4,mobile_connections,connections_4g,3406766,connections,8.1.CO_TEC_MOVIL,84
2016-04,2016,4,mobile_connections,mobile_connections_total,11810276,connections,8.1.CO_TEC_MOVIL,84
2016-04,2016,4,mobile_connections,connections_3g_4g_5g,10709829,connections,8.1.CO_TEC_MOVIL,84
2016-05,2016,5,mobile_connections,connections_2g,1060664,connections,8.1.CO_TEC_MOVIL,85
2016-05,2016,5,mobile_connections,connections_3g,7354240,connections,8.1.CO_TEC_MOVIL,85
2016-05,2016,5,mobile_connections,connections_4g,3687607,connections,8.1.CO_TEC_MOVIL,85
2016-05,2016,5,mobile_connections,mobile_connections_total,12102511,connections,8.1.CO_TEC_MOVIL,85
2016-05,2016,5,mobile_connections,connections_3g_4g_5g,11041847,connections,8.1.CO_TEC_MOVIL,85
2016-06,2016,6,mobile_connections,connections_2g,995519,connections,8.1.CO_TEC_MOVIL,86
2016-06,2016,6,mobile_connections,connections_3g,7349169,connections,8.1.CO_TEC_MOVIL,86
2016-06,2016,6,mobile_connections,connections_4g,4033779,connections,8.1.CO_TEC_MOVIL,86
2016-06,2016,6,mobile_connections,mobile_connections_total,12378467,connections,8.1.CO_TEC_MOVIL,86
2016-06,2016,6,mobile_connections,connections_3g_4g_5g,11382948,connections,8.1.CO_TEC_MOVIL,86
2016-07,2016,7,mobile_connections,connections_2g,944233,connections,8.1.CO_TEC_MOVIL,87
2016-07,2016,7,mobile_connections,connections_3g,7467274,connections,8.1.CO_TEC_MOVIL,87
2016-07,2016,7,mobile_connections,connections_4g,4354678,connections,8.1.CO_TEC_MOVIL,87
2016-07,2016,7,mobile_connections,mobile_connections_total,12766185,connections,8.1.CO_TEC_MOVIL,87
2016-07,2016,7,mobile_connections,connections_3g_4g_5g,11821952,connections,8.1.CO_TEC_MOVIL,87
2016-08,2016,8,mobile_connections,connections_2g,908163,connections,8.1.CO_TEC_MOVIL,88
2016-08,2016,8,mobile_connections,connections_3g,7533107,connections,8.1.CO_TEC_MOVIL,88
2016-08,2016,8,mobile_connections,connections_4g,4724916,connections,8.1.CO_TEC_MOVIL,88
2016-08,2016,8,mobile_connections,mobile_connections_total,13166186,connections,8.1.CO_TEC_MOVIL,88
2016-08,2016,8,mobile_connections,connections_3g_4g_5g,12258023,connections,8.1.CO_TEC_MOVIL,88
2016-09,2016,9,mobile_connections,connections_2g,872715,connections,8.1.CO_TEC_MOVIL,89
2016-09,2016,9,mobile_connections,connections_3g,7454574,connections,8.1.CO_TEC_MOVIL,89
2016-09,2016,9,mobile_connections,connections_4g,4994696,connections,8.1.CO_TEC_MOVIL,89
2016-09,2016,9,mobile_connections,mobile_connections_total,13321985,connections,8.1.CO_TEC_MOVIL,89
2016-09,2016,9,mobile_connections,connections_3g_4g_5g,12449270,connections,8.1.CO_TEC_MOVIL,89
2016-10,2016,10,mobile_connections,connections_2g,843240,connections,8.1.CO_TEC_MOVIL,90
2016-10,2016,10,mobile_connections,connections_3g,7253935,connections,8.1.CO_TEC_MOVIL,90
2016-10,2016,10,mobile_connections,connections_4g,5257295,connections,8.1.CO_TEC_MOVIL,90
2016-10,2016,10,mobile_connections,mobile_connections_total,13354470,connections,8.1.CO_TEC_MOVIL,90
2016-10,2016,10,mobile_connections,connections_3g_4g_5g,12511230,connections,8.1.CO_TEC_MOVIL,90
2016-11,2016,11,mobile_connections,connections_2g,743873,connections,8.1.CO_TEC_MOVIL,91
2016-11,2016,11,mobile_connections,connections_3g,7232430,connections,8.1.CO_TEC_MOVIL,91
2016-11,2016,11,mobile_connections,connections_4g,5639650,connections,8.1.CO_TEC_MOVIL,91
2016-11,2016,11,mobile_connections,mobile_connections_total,13615953,connections,8.1.CO_TEC_MOVIL,91
2016-11,2016,11,mobile_connections,connections_3g_4g_5g,12872080,connections,8.1.CO_TEC_MOVIL,91
2016-12,2016,12,mobile_connections,connections_2g,730115,connections,8.1.CO_TEC_MOVIL,92
2016-12,2016,12,mobile_connections,connections_3g,6924263,connections,8.1.CO_TEC_MOVIL,92
2016-12,2016,12,mobile_connections,connections_4g,6290876,connections,8.1.CO_TEC_MOVIL,92
2016-12,2016,12,mobile_connections,mobile_connections_total,13945254,connections,8.1.CO_TEC_MOVIL,92
2016-12,2016,12,mobile_connections,connections_3g_4g_5g,13215139,connections,8.1.CO_TEC_MOVIL,92
2017-01,2017,1,mobile_connections,connections_2g,730692,connections,8.1.CO_TEC_MOVIL,93
2017-01,2017,1,mobile_connections,connections_3g,6808655,connections,8.1.CO_TEC_MOVIL,93
2017-01,2017,1,mobile_connections,connections_4g,6504059,connections,8.1.CO_TEC_MOVIL,93
2017-01,2017,1,mobile_connections,mobile_connections_total,14043406,connections,8.1.CO_TEC_MOVIL,93
2017-01,2017,1,mobile_connections,connections_3g_4g_5g,13312714,connections,8.1.CO_TEC_MOVIL,93
2017-02,2017,2,mobile_connections,connections_2g,645598,connections,8.1.CO_TEC_MOVIL,94
2017-02,2017,2,mobile_connections,connections_3g,6541691,connections,8.1.CO_TEC_MOVIL,94
2017-02,2017,2,mobile_connections,connections_4g,6918625,connections,8.1.CO_TEC_MOVIL,94
2017-02,2017,2,mobile_connections,mobile_connections_total,14105914,connections,8.1.CO_TEC_MOVIL,94
2017-02,2017,2,mobile_connections,connections_3g_4g_5g,13460316,connections,8.1.CO_TEC_MOVIL,94
2017-03,2017,3,mobile_connections,connections_2g,641749,connections,8.1.CO_TEC_MOVIL,95
2017-03,2017,3,mobile_connections,connections_3g,6356733,connections,8.1.CO_TEC_MOVIL,95
2017-03,2017,3,mobile_connections,connections_4g,7382833,connections,8.1.CO_TEC_MOVIL,95
2017-03,2017,3,mobile_connections,mobile_connections_total,14381315,connections,8.1.CO_TEC_MOVIL,95
2017-03,2017,3,mobile_connections,connections_3g_4g_5g,13739566,connections,8.1.CO_TEC_MOVIL,95
2017-04,2017,4,mobile_connections,connections_2g,616213,connections,8.1.CO_TEC_MOVIL,96
2017-04,2017,4,mobile_connections,connections_3g,6122335,connections,8.1.CO_TEC_MOVIL,96
2017-04,2017,4,mobile_connections,connections_4g,7679019,connections,8.1.CO_TEC_MOVIL,96
2017-04,2017,4,mobile_connections,mobile_connections_total,14417567,connections,8.1.CO_TEC_MOVIL,96
2017-04,2017,4,mobile_connections,connections_3g_4g_5g,13801354,connections,8.1.CO_TEC_MOVIL,96
2017-05,2017,5,mobile_connections,connections_2g,614412,connections,8.1.CO_TEC_MOVIL,97
2017-05,2017,5,mobile_connections,connections_3g,6035420,connections,8.1.CO_TEC_MOVIL,97
2017-05,2017,5,mobile_connections,connections_4g,7933627,connections,8.1.CO_TEC_MOVIL,97
2017-05,2017,5,mobile_connections,mobile_connections_total,14583459,connections,8.1.CO_TEC_MOVIL,97
2017-05,2017,5,mobile_connections,connections_3g_4g_5g,13969047,connections,8.1.CO_TEC_MOVIL,97
2017-06,2017,6,mobile_connections,connections_2g,528483,connections,8.1.CO_TEC_MOVIL,98
2017-06,2017,6,mobile_connections,connections_3g,5738255,connections,8.1.CO_TEC_MOVIL,98
2017-06,2017,6,mobile_connections,connections_4g,8328826,connections,8.1.CO_TEC_MOVIL,98
2017-06,2017,6,mobile_connections,mobile_connections_total,14595564,connections,8.1.CO_TEC_MOVIL,98
2017-06,2017,6,mobile_connections,connections_3g_4g_5g,14067081,connections,8.1.CO_TEC_MOVIL,98
2017-07,2017,7,mobile_connections,connections_2g,521945,connections,8.1.CO_TEC_MOVIL,99
2017-07,2017,7,mobile_connections,connections_3g,5624783,connections,8.1.CO_TEC_MOVIL,99
2017-07,2017,7,mobile_connections,connections_4g,8753354,connections,8.1.CO_TEC_MOVIL,99
2017-07,2017,7,mobile_connections,mobile_connections_total,14900082,connections,8.1.CO_TEC_MOVIL,99
2017-07,2017,7,mobile_connections,connections_3g_4g_5g,14378137,connections,8.1.CO_TEC_MOVIL,99
2017-08,2017,8,mobile_connections,connections_2g,513927,connections,8.1.CO_TEC_MOVIL,100
2017-08,2017,8,mobile_connections,connections_3g,5698510,connections,8.1.CO_TEC_MOVIL,100
2017-08,2017,8,mobile_connections,connections_4g,9067961,connections,8.1.CO_TEC_MOVIL,100
2017-08,2017,8,mobile_connections,mobile_connections_total,15280398,connections,8.1.CO_TEC_MOVIL,100
2017-08,2017,8,mobile_connections,connections_3g_4g_5g,14766471,connections,8.1.CO_TEC_MOVIL,100
2017-09,2017,9,mobile_connections,connections_2g,534119,connections,8.1.CO_TEC_MOVIL,101
2017-09,2017,9,mobile_connections,connections_3g,5791530,connections,8.1.CO_TEC_MOVIL,101
2017-09,2017,9,mobile_connections,connections_4g,9094599,connections,8.1.CO_TEC_MOVIL,101
2017-09,2017,9,mobile_connections,mobile_connections_total,15420248,connections,8.1.CO_TEC_MOVIL,101
2017-09,2017,9,mobile_connections,connections_3g_4g_5g,14886129,connections,8.1.CO_TEC_MOVIL,101
2017-10,2017,10,mobile_connections,connections_2g,373844,connections,8.1.CO_TEC_MOVIL,102
2017-10,2017,10,mobile_connections,connections_3g,5550215,connections,8.1.CO_TEC_MOVIL,102
2017-10,2017,10,mobile_connections,connections_4g,9822228,connections,8.1.CO_TEC_MOVIL,102
2017-10,2017,10,mobile_connections,mobile_connections_total,15746287,connections,8.1.CO_TEC_MOVIL,102
2017-10,2017,10,mobile_connections,connections_3g_4g_5g,15372443,connections,8.1.CO_TEC_MOVIL,102
2017-11,2017,11,mobile_connections,connections_2g,341292,connections,8.1.CO_TEC_MOVIL,103
2017-11,2017,11,mobile_connections,connections_3g,5728989,connections,8.1.CO_TEC_MOVIL,103
2017-11,2017,11,mobile_connections,connections_4g,10095980,connections,8.1.CO_TEC_MOVIL,103
2017-11,2017,11,mobile_connections,mobile_connections_total,16166261,connections,8.1.CO_TEC_MOVIL,103
2017-11,2017,11,mobile_connections,connections_3g_4g_5g,15824969,connections,8.1.CO_TEC_MOVIL,103
2017-12,2017,12,mobile_connections,connections_2g,368480,connections,8.1.CO_TEC_MOVIL,104
2017-12,2017,12,mobile_connections,connections_3g,5554675,connections,8.1.CO_TEC_MOVIL,104
2017-12,2017,12,mobile_connections,connections_4g,10768313,connections,8.1.CO_TEC_MOVIL,104
2017-12,2017,12,mobile_connections,mobile_connections_total,16691468,connections,8.1.CO_TEC_MOVIL,104
2017-12,2017,12,mobile_connections,connections_3g_4g_5g,16322988,connections,8.1.CO_TEC_MOVIL,104
2018-01,2018,1,mobile_connections,connections_2g,414103,connections,8.1.CO_TEC_MOVIL,105
2018-01,2018,1,mobile_connections,connections_3g,5295735,connections,8.1.CO_TEC_MOVIL,105
2018-01,2018,1,mobile_connections,connections_4g,10927026,connections,8.1.CO_TEC_MOVIL,105
2018-01,2018,1,mobile_connections,mobile_connections_total,16636864,connections,8.1.CO_TEC_MOVIL,105
2018-01,2018,1,mobile_connections,connections_3g_4g_5g,16222761,connections,8.1.CO_TEC_MOVIL,105
2018-02,2018,2,mobile_connections,connections_2g,460041,connections,8.1.CO_TEC_MOVIL,106
2018-02,2018,2,mobile_connections,connections_3g,4913082,connections,8.1.CO_TEC_MOVIL,106
2018-02,2018,2,mobile_connections,connections_4g,11654668,connections,8.1.CO_TEC_MOVIL,106
2018-02,2018,2,mobile_connections,mobile_connections_total,17027791,connections,8.1.CO_TEC_MOVIL,106
2018-02,2018,2,mobile_connections,connections_3g_4g_5g,16567750,connections,8.1.CO_TEC_MOVIL,106
2018-03,2018,3,mobile_connections,connections_2g,417650,connections,8.1.CO_TEC_MOVIL,107
2018-03,2018,3,mobile_connections,connections_3g,4533544,connections,8.1.CO_TEC_MOVIL,107
2018-03,2018,3,mobile_connections,connections_4g,12398409,connections,8.1.CO_TEC_MOVIL,107
2018-03,2018,3,mobile_connections,mobile_connections_total,17349603,connections,8.1.CO_TEC_MOVIL,107
2018-03,2018,3,mobile_connections,connections_3g_4g_5g,16931953,connections,8.1.CO_TEC_MOVIL,107
2018-04,2018,4,mobile_connections,connections_2g,413105,connections,8.1.CO_TEC_MOVIL,108
2018-04,2018,4,mobile_connections,connections_3g,4468022,connections,8.1.CO_TEC_MOVIL,108
2018-04,2018,4,mobile_connections,connections_4g,12686582,connections,8.1.CO_TEC_MOVIL,108
2018-04,2018,4,mobile_connections,mobile_connections_total,17567709,connections,8.1.CO_TEC_MOVIL,108
2018-04,2018,4,mobile_connections,connections_3g_4g_5g,17154604,connections,8.1.CO_TEC_MOVIL,108
2018-05,2018,5,mobile_connections,connections_2g,403900,connections,8.1.CO_TEC_MOVIL,109
2018-05,2018,5,mobile_connections,connections_3g,4412323,connections,8.1.CO_TEC_MOVIL,109
2018-05,2018,5,mobile_connections,connections_4g,12924861,connections,8.1.CO_TEC_MOVIL,109
2018-05,2018,5,mobile_connections,mobile_connections_total,17741084,connections,8.1.CO_TEC_MOVIL,109
2018-05,2018,5,mobile_connections,connections_3g_4g_5g,17337184,connections,8.1.CO_TEC_MOVIL,109
2018-06,2018,6,mobile_connections,connections_2g,405188,connections,8.1.CO_TEC_MOVIL,110
2018-06,2018,6,mobile_connections,connections_3g,4339099,connections,8.1.CO_TEC_MOVIL,110
2018-06,2018,6,mobile_connections,connections_4g,13068827,connections,8.1.CO_TEC_MOVIL,110
2018-06,2018,6,mobile_connections,mobile_connections_total,17813114,connections,8.1.CO_TEC_MOVIL,110
2018-06,2018,6,mobile_connections,connections_3g_4g_5g,17407926,connections,8.1.CO_TEC_MOVIL,110
2018-07,2018,7,mobile_connections,connections_2g,397830,connections,8.1.CO_TEC_MOVIL,111
2018-07,2018,7,mobile_connections,connections_3g,4210861,connections,8.1.CO_TEC_MOVIL,111
2018-07,2018,7,mobile_connections,connections_4g,13261740,connections,8.1.CO_TEC_MOVIL,111
2018-07,2018,7,mobile_connections,mobile_connections_total,17870431,connections,8.1.CO_TEC_MOVIL,111
2018-07,2018,7,mobile_connections,connections_3g_4g_5g,17472601,connections,8.1.CO_TEC_MOVIL,111
2018-08,2018,8,mobile_connections,connections_2g,396861,connections,8.1.CO_TEC_MOVIL,112
2018-08,2018,8,mobile_connections,connections_3g,4126465,connections,8.1.CO_TEC_MOVIL,112
2018-08,2018,8,mobile_connections,connections_4g,13543905,connections,8.1.CO_TEC_MOVIL,112
2018-08,2018,8,mobile_connections,mobile_connections_total,18067231,connections,8.1.CO_TEC_MOVIL,112
2018-08,2018,8,mobile_connections,connections_3g_4g_5g,17670370,connections,8.1.CO_TEC_MOVIL,112
2018-09,2018,9,mobile_connections,connections_2g,394635,connections,8.1.CO_TEC_MOVIL,113
2018-09,2018,9,mobile_connections,connections_3g,4007143,connections,8.1.CO_TEC_MOVIL,113
2018-09,2018,9,mobile_connections,connections_4g,13901645,connections,8.1.CO_TEC_MOVIL,113
2018-09,2018,9,mobile_connections,mobile_connections_total,18303423,connections,8.1.CO_TEC_MOVIL,113
2018-09,2018,9,mobile_connections,connections_3g_4g_5g,17908788,connections,8.1.CO_TEC_MOVIL,113
2018-10,2018,10,mobile_connections,connections_2g,420645,connections,8.1.CO_TEC_MOVIL,114
2018-10,2018,10,mobile_connections,connections_3g,4017695,connections,8.1.CO_TEC_MOVIL,114
2018-10,2018,10,mobile_connections,connections_4g,13966418,connections,8.1.CO_TEC_MOVIL,114
2018-10,2018,10,mobile_connections,mobile_connections_total,18404758,connections,8.1.CO_TEC_MOVIL,114
2018-10,2018,10,mobile_connections,connections_3g_4g_5g,17984113,connections,8.1.CO_TEC_MOVIL,114
2018-11,2018,11,mobile_connections,connections_2g,393208,connections,8.1.CO_TEC_MOVIL,115
2018-11,2018,11,mobile_connections,connections_3g,3732328,connections,8.1.CO_TEC_MOVIL,115
2018-11,2018,11,mobile_connections,connections_4g,14472517,connections,8.1.CO_TEC_MOVIL,115
2018-11,2018,11,mobile_connections,mobile_connections_total,18598053,connections,8.1.CO_TEC_MOVIL,115
2018-11,2018,11,mobile_connections,connections_3g_4g_5g,18204845,connections,8.1.CO_TEC_MOVIL,115
2018-12,2018,12,mobile_connections,connections_2g,380406,connections,8.1.CO_TEC_MOVIL,116
2018-12,2018,12,mobile_connections,connections_3g,3549684,connections,8.1.CO_TEC_MOVIL,116
2018-12,2018,12,mobile_connections,connections_4g,14559221,connections,8.1.CO_TEC_MOVIL,116
2018-12,2018,12,mobile_connections,mobile_connections_total,18489311,connections,8.1.CO_TEC_MOVIL,116
2018-12,2018,12,mobile_connections,connections_3g_4g_5g,18108905,connections,8.1.CO_TEC_MOVIL,116
2019-01,2019,1,mobile_connections,connections_2g,374839,connections,8.1.CO_TEC_MOVIL,117
2019-01,2019,1,mobile_connections,connections_3g,3319902,connections,8.1.CO_TEC_MOVIL,117
2019-01,2019,1,mobile_connections,connections_4g,14902490,connections,8.1.CO_TEC_MOVIL,117
2019-01,2019,1,mobile_connections,mobile_connections_total,18597231,connections,8.1.CO_TEC_MOVIL,117
2019-01,2019,1,mobile_connections,connections_3g_4g_5g,18222392,connections,8.1.CO_TEC_MOVIL,117
2019-02,2019,2,mobile_connections,connections_2g,370554,connections,8.1.CO_TEC_MOVIL,118
2019-02,2019,2,mobile_connections,connections_3g,3304226,connections,8.1.CO_TEC_MOVIL,118
2019-02,2019,2,mobile_connections,connections_4g,14998081,connections,8.1.CO_TEC_MOVIL,118
2019-02,2019,2,mobile_connections,mobile_connections_total,18672861,connections,8.1.CO_TEC_MOVIL,118
2019-02,2019,2,mobile_connections,connections_3g_4g_5g,18302307,connections,8.1.CO_TEC_MOVIL,118
2019-03,2019,3,mobile_connections,connections_2g,372336,connections,8.1.CO_TEC_MOVIL,119
2019-03,2019,3,mobile_connections,connections_3g,3098535,connections,8.1.CO_TEC_MOVIL,119
2019-03,2019,3,mobile_connections,connections_4g,15440516,connections,8.1.CO_TEC_MOVIL,119
2019-03,2019,3,mobile_connections,mobile_connections_total,18911387,connections,8.1.CO_TEC_MOVIL,119
2019-03,2019,3,mobile_connections,connections_3g_4g_5g,18539051,connections,8.1.CO_TEC_MOVIL,119
2019-04,2019,4,mobile_connections,connections_2g,339814,connections,8.1.CO_TEC_MOVIL,120
2019-04,2019,4,mobile_connections,connections_3g,2923157,connections,8.1.CO_TEC_MOVIL,120
2019-04,2019,4,mobile_connections,connections_4g,15652763,connections,8.1.CO_TEC_MOVIL,120
2019-04,2019,4,mobile_connections,mobile_connections_total,18915734,connections,8.1.CO_TEC_MOVIL,120
2019-04,2019,4,mobile_connections,connections_3g_4g_5g,18575920,connections,8.1.CO_TEC_MOVIL,120
2019-05,2019,5,mobile_connections,connections_2g,325821,connections,8.1.CO_TEC_MOVIL,121
2019-05,2019,5,mobile_connections,connections_3g,2840589,connections,8.1.CO_TEC_MOVIL,121
2019-05,2019,5,mobile_connections,connections_4g,15779633,connections,8.1.CO_TEC_MOVIL,121
2019-05,2019,5,mobile_connections,mobile_connections_total,18946043,connections,8.1.CO_TEC_MOVIL,121
2019-05,2019,5,mobile_connections,connections_3g_4g_5g,18620222,connections,8.1.CO_TEC_MOVIL,121
2019-06,2019,6,mobile_connections,connections_2g,317096,connections,8.1.CO_TEC_MOVIL,122
2019-06,2019,6,mobile_connections,connections_3g,2739847,connections,8.1.CO_TEC_MOVIL,122
2019-06,2019,6,mobile_connections,connections_4g,15883966,connections,8.1.CO_TEC_MOVIL,122
2019-06,2019,6,mobile_connections,mobile_connections_total,18940909,connections,8.1.CO_TEC_MOVIL,122
2019-06,2019,6,mobile_connections,connections_3g_4g_5g,18623813,connections,8.1.CO_TEC_MOVIL,122
2019-07,2019,7,mobile_connections,connections_2g,307382,connections,8.1.CO_TEC_MOVIL,123
2019-07,2019,7,mobile_connections,connections_3g,2682741,connections,8.1.CO_TEC_MOVIL,123
2019-07,2019,7,mobile_connections,connections_4g,15899566,connections,8.1.CO_TEC_MOVIL,123
2019-07,2019,7,mobile_connections,mobile_connections_total,18889689,connections,8.1.CO_TEC_MOVIL,123
2019-07,2019,7,mobile_connections,connections_3g_4g_5g,18582307,connections,8.1.CO_TEC_MOVIL,123
2019-08,2019,8,mobile_connections,connections_2g,297102,connections,8.1.CO_TEC_MOVIL,124
2019-08,2019,8,mobile_connections,connections_3g,2566192,connections,8.1.CO_TEC_MOVIL,124
2019-08,2019,8,mobile_connections,connections_4g,15989797,connections,8.1.CO_TEC_MOVIL,124
2019-08,2019,8,mobile_connections,mobile_connections_total,18853091,connections,8.1.CO_TEC_MOVIL,124
2019-08,2019,8,mobile_connections,connections_3g_4g_5g,18555989,connections,8.1.CO_TEC_MOVIL,124
2019-09,2019,9,mobile_connections,connections_2g,291504,connections,8.1.CO_TEC_MOVIL,125
2019-09,2019,9,mobile_connections,connections_3g,2532165,connections,8.1.CO_TEC_MOVIL,125
2019-09,2019,9,mobile_connections,connections_4g,15931990,connections,8.1.CO_TEC_MOVIL,125
2019-09,2019,9,mobile_connections,mobile_connections_total,18755659,connections,8.1.CO_TEC_MOVIL,125
2019-09,2019,9,mobile_connections,connections_3g_4g_5g,18464155,connections,8.1.CO_TEC_MOVIL,125
2019-10,2019,10,mobile_connections,connections_2g,274161,connections,8.1.CO_TEC_MOVIL,126
2019-10,2019,10,mobile_connections,connections_3g,2468569,connections,8.1.CO_TEC_MOVIL,126
2019-10,2019,10,mobile_connections,connections_4g,15956912,connections,8.1.CO_TEC_MOVIL,126
2019-10,2019,10,mobile_connections,mobile_connections_total,18699642,connections,8.1.CO_TEC_MOVIL,126
2019-10,2019,10,mobile_connections,connections_3g_4g_5g,18425481,connections,8.1.CO_TEC_MOVIL,126
2019-11,2019,11,mobile_connections,connections_2g,286046,connections,8.1.CO_TEC_MOVIL,127
2019-11,2019,11,mobile_connections,connections_3g,2462437,connections,8.1.CO_TEC_MOVIL,127
2019-11,2019,11,mobile_connections,connections_4g,16182992,connections,8.1.CO_TEC_MOVIL,127
2019-11,2019,11,mobile_connections,mobile_connections_total,18931475,connections,8.1.CO_TEC_MOVIL,127
2019-11,2019,11,mobile_connections,connections_3g_4g_5g,18645429,connections,8.1.CO_TEC_MOVIL,127
2019-12,2019,12,mobile_connections,connections_2g,286123,connections,8.1.CO_TEC_MOVIL,128
2019-12,2019,12,mobile_connections,connections_3g,2454468,connections,8.1.CO_TEC_MOVIL,128
2019-12,2019,12,mobile_connections,connections_4g,16506614,connections,8.1.CO_TEC_MOVIL,128
2019-12,2019,12,mobile_connections,mobile_connections_total,19247205,connections,8.1.CO_TEC_MOVIL,128
2019-12,2019,12,mobile_connections,connections_3g_4g_5g,18961082,connections,8.1.CO_TEC_MOVIL,128
2020-01,2020,1,mobile_connections,connections_2g,279207,connections,8.1.CO_TEC_MOVIL,129
2020-01,2020,1,mobile_connections,connections_3g,2386584,connections,8.1.CO_TEC_MOVIL,129
2020-01,2020,1,mobile_connections,connections_4g,16551248,connections,8.1.CO_TEC_MOVIL,129
2020-01,2020,1,mobile_connections,mobile_connections_total,19217039,connections,8.1.CO_TEC_MOVIL,129
2020-01,2020,1,mobile_connections,connections_3g_4g_5g,18937832,connections,8.1.CO_TEC_MOVIL,129
2020-02,2020,2,mobile_connections,connections_2g,269379,connections,8.1.CO_TEC_MOVIL,130
2020-02,2020,2,mobile_connections,connections_3g,2379005,connections,8.1.CO_TEC_MOVIL,130
2020-02,2020,2,mobile_connections,connections_4g,16484965,connections,8.1.CO_TEC_MOVIL,130
2020-02,2020,2,mobile_connections,mobile_connections_total,19133349,connections,8.1.CO_TEC_MOVIL,130
2020-02,2020,2,mobile_connections,connections_3g_4g_5g,18863970,connections,8.1.CO_TEC_MOVIL,130
2020-03,2020,3,mobile_connections,connections_2g,263615,connections,8.1.CO_TEC_MOVIL,131
2020-03,2020,3,mobile_connections,connections_3g,2346482,connections,8.1.CO_TEC_MOVIL,131
2020-03,2020,3,mobile_connections,connections_4g,16599646,connections,8.1.CO_TEC_MOVIL,131
2020-03,2020,3,mobile_connections,mobile_connections_total,19209743,connections,8.1.CO_TEC_MOVIL,131
2020-03,2020,3,mobile_connections,connections_3g_4g_5g,18946128,connections,8.1.CO_TEC_MOVIL,131
2020-04,2020,4,mobile_connections,connections_2g,256085,connections,8.1.CO_TEC_MOVIL,132
2020-04,2020,4,mobile_connections,connections_3g,2294426,connections,8.1.CO_TEC_MOVIL,132
2020-04,2020,4,mobile_connections,connections_4g,16583152,connections,8.1.CO_TEC_MOVIL,132
2020-04,2020,4,mobile_connections,mobile_connections_total,19133663,connections,8.1.CO_TEC_MOVIL,132
2020-04,2020,4,mobile_connections,connections_3g_4g_5g,18877578,connections,8.1.CO_TEC_MOVIL,132
2020-05,2020,5,mobile_connections,connections_2g,255032,connections,8.1.CO_TEC_MOVIL,133
2020-05,2020,5,mobile_connections,connections_3g,2285203,connections,8.1.CO_TEC_MOVIL,133
2020-05,2020,5,mobile_connections,connections_4g,16690116,connections,8.1.CO_TEC_MOVIL,133
2020-05,2020,5,mobile_connections,mobile_connections_total,19230351,connections,8.1.CO_TEC_MOVIL,133
2020-05,2020,5,mobile_connections,connections_3g_4g_5g,18975319,connections,8.1.CO_TEC_MOVIL,133
2020-06,2020,6,mobile_connections,connections_2g,248343,connections,8.1.CO_TEC_MOVIL,134
2020-06,2020,6,mobile_connections,connections_3g,2306720,connections,8.1.CO_TEC_MOVIL,134
2020-06,2020,6,mobile_connections,connections_4g,16816618,connections,8.1.CO_TEC_MOVIL,134
2020-06,2020,6,mobile_connections,mobile_connections_total,19371681,connections,8.1.CO_TEC_MOVIL,134
2020-06,2020,6,mobile_connections,connections_3g_4g_5g,19123338,connections,8.1.CO_TEC_MOVIL,134
2020-07,2020,7,mobile_connections,connections_2g,238949,connections,8.1.CO_TEC_MOVIL,135
2020-07,2020,7,mobile_connections,connections_3g,2223232,connections,8.1.CO_TEC_MOVIL,135
2020-07,2020,7,mobile_connections,connections_4g,17081909,connections,8.1.CO_TEC_MOVIL,135
2020-07,2020,7,mobile_connections,mobile_connections_total,19544090,connections,8.1.CO_TEC_MOVIL,135
2020-07,2020,7,mobile_connections,connections_3g_4g_5g,19305141,connections,8.1.CO_TEC_MOVIL,135
2020-08,2020,8,mobile_connections,connections_2g,222283,connections,8.1.CO_TEC_MOVIL,136
2020-08,2020,8,mobile_connections,connections_3g,2157574,connections,8.1.CO_TEC_MOVIL,136
2020-08,2020,8,mobile_connections,connections_4g,17443886,connections,8.1.CO_TEC_MOVIL,136
2020-08,2020,8,mobile_connections,mobile_connections_total,19823743,connections,8.1.CO_TEC_MOVIL,136
2020-08,2020,8,mobile_connections,connections_3g_4g_5g,19601460,connections,8.1.CO_TEC_MOVIL,136
2020-09,2020,9,mobile_connections,connections_2g,213434,connections,8.1.CO_TEC_MOVIL,137
2020-09,2020,9,mobile_connections,connections_3g,2095488,connections,8.1.CO_TEC_MOVIL,137
2020-09,2020,9,mobile_connections,connections_4g,17699455,connections,8.1.CO_TEC_MOVIL,137
2020-09,2020,9,mobile_connections,mobile_connections_total,20008377,connections,8.1.CO_TEC_MOVIL,137
2020-09,2020,9,mobile_connections,connections_3g_4g_5g,19794943,connections,8.1.CO_TEC_MOVIL,137
2020-10,2020,10,mobile_connections,connections_2g,204218,connections,8.1.CO_TEC_MOVIL,138
2020-10,2020,10,mobile_connections,connections_3g,2070677,connections,8.1.CO_TEC_MOVIL,138
2020-10,2020,10,mobile_connections,connections_4g,17901998,connections,8.1.CO_TEC_MOVIL,138
2020-10,2020,10,mobile_connections,mobile_connections_total,20176893,connections,8.1.CO_TEC_MOVIL,138
2020-10,2020,10,mobile_connections,connections_3g_4g_5g,19972675,connections,8.1.CO_TEC_MOVIL,138
2020-11,2020,11,mobile_connections,connections_2g,194446,connections,8.1.CO_TEC_MOVIL,139
2020-11,2020,11,mobile_connections,connections_3g,2037442,connections,8.1.CO_TEC_MOVIL,139
2020-11,2020,11,mobile_connections,connections_4g,18110587,connections,8.1.CO_TEC_MOVIL,139
2020-11,2020,11,mobile_connections,mobile_connections_total,20342475,connections,8.1.CO_TEC_MOVIL,139
2020-11,2020,11,mobile_connections,connections_3g_4g_5g,20148029,connections,8.1.CO_TEC_MOVIL,139
2020-12,2020,12,mobile_connections,connections_2g,167375,connections,8.1.CO_TEC_MOVIL,140
2020-12,2020,12,mobile_connections,connections_3g,1960755,connections,8.1.CO_TEC_MOVIL,140
2020-12,2020,12,mobile_connections,connections_4g,18582095,connections,8.1.CO_TEC_MOVIL,140
2020-12,2020,12,mobile_connections,mobile_connections_total,20710225,connections,8.1.CO_TEC_MOVIL,140
2020-12,2020,12,mobile_connections,connections_3g_4g_5g,20542850,connections,8.1.CO_TEC_MOVIL,140
2021-01,2021,1,mobile_connections,connections_2g,167922,connections,8.1.CO_TEC_MOVIL,141
2021-01,2021,1,mobile_connections,connections_3g,1913465,connections,8.1.CO_TEC_MOVIL,141
2021-01,2021,1,mobile_connections,connections_4g,18502205,connections,8.1.CO_TEC_MOVIL,141
2021-01,2021,1,mobile_connections,mobile_connections_total,20583592,connections,8.1.CO_TEC_MOVIL,141
2021-01,2021,1,mobile_connections,connections_3g_4g_5g,20415670,connections,8.1.CO_TEC_MOVIL,141
2021-02,2021,2,mobile_connections,connections_2g,167846,connections,8.1.CO_TEC_MOVIL,142
2021-02,2021,2,mobile_connections,connections_3g,1920036,connections,8.1.CO_TEC_MOVIL,142
2021-02,2021,2,mobile_connections,connections_4g,18665829,connections,8.1.CO_TEC_MOVIL,142
2021-02,2021,2,mobile_connections,mobile_connections_total,20753711,connections,8.1.CO_TEC_MOVIL,142
2021-02,2021,2,mobile_connections,connections_3g_4g_5g,20585865,connections,8.1.CO_TEC_MOVIL,142
2021-03,2021,3,mobile_connections,connections_2g,174745,connections,8.1.CO_TEC_MOVIL,143
2021-03,2021,3,mobile_connections,connections_3g,1953467,connections,8.1.CO_TEC_MOVIL,143
2021-03,2021,3,mobile_connections,connections_4g,19213129,connections,8.1.CO_TEC_MOVIL,143
2021-03,2021,3,mobile_connections,mobile_connections_total,21341341,connections,8.1.CO_TEC_MOVIL,143
2021-03,2021,3,mobile_connections,connections_3g_4g_5g,21166596,connections,8.1.CO_TEC_MOVIL,143
2021-04,2021,4,mobile_connections,connections_2g,171145,connections,8.1.CO_TEC_MOVIL,144
2021-04,2021,4,mobile_connections,connections_3g,1868077,connections,8.1.CO_TEC_MOVIL,144
2021-04,2021,4,mobile_connections,connections_4g,19323248,connections,8.1.CO_TEC_MOVIL,144
2021-04,2021,4,mobile_connections,mobile_connections_total,21362470,connections,8.1.CO_TEC_MOVIL,144
2021-04,2021,4,mobile_connections,connections_3g_4g_5g,21191325,connections,8.1.CO_TEC_MOVIL,144
2021-05,2021,5,mobile_connections,connections_2g,169779,connections,8.1.CO_TEC_MOVIL,145
2021-05,2021,5,mobile_connections,connections_3g,1860142,connections,8.1.CO_TEC_MOVIL,145
2021-05,2021,5,mobile_connections,connections_4g,19675923,connections,8.1.CO_TEC_MOVIL,145
2021-05,2021,5,mobile_connections,mobile_connections_total,21705844,connections,8.1.CO_TEC_MOVIL,145
2021-05,2021,5,mobile_connections,connections_3g_4g_5g,21536065,connections,8.1.CO_TEC_MOVIL,145
2021-06,2021,6,mobile_connections,connections_2g,158967,connections,8.1.CO_TEC_MOVIL,146
2021-06,2021,6,mobile_connections,connections_3g,1827629,connections,8.1.CO_TEC_MOVIL,146
2021-06,2021,6,mobile_connections,connections_4g,19894763,connections,8.1.CO_TEC_MOVIL,146
2021-06,2021,6,mobile_connections,mobile_connections_total,21881359,connections,8.1.CO_TEC_MOVIL,146
2021-06,2021,6,mobile_connections,connections_3g_4g_5g,21722392,connections,8.1.CO_TEC_MOVIL,146
2021-07,2021,7,mobile_connections,connections_2g,155099,connections,8.1.CO_TEC_MOVIL,147
2021-07,2021,7,mobile_connections,connections_3g,1794914,connections,8.1.CO_TEC_MOVIL,147
2021-07,2021,7,mobile_connections,connections_4g,20192991,connections,8.1.CO_TEC_MOVIL,147
2021-07,2021,7,mobile_connections,mobile_connections_total,22143004,connections,8.1.CO_TEC_MOVIL,147
2021-07,2021,7,mobile_connections,connections_3g_4g_5g,21987905,connections,8.1.CO_TEC_MOVIL,147
2021-08,2021,8,mobile_connections,connections_2g,150106,connections,8.1.CO_TEC_MOVIL,148
2021-08,2021,8,mobile_connections,connections_3g,1755720,connections,8.1.CO_TEC_MOVIL,148
2021-08,2021,8,mobile_connections,connections_4g,20442154,connections,8.1.CO_TEC_MOVIL,148
2021-08,2021,8,mobile_connections,mobile_connections_total,22347980,connections,8.1.CO_TEC_MOVIL,148
2021-08,2021,8,mobile_connections,connections_3g_4g_5g,22197874,connections,8.1.CO_TEC_MOVIL,148
2021-09,2021,9,mobile_connections,connections_2g,146707,connections,8.1.CO_TEC_MOVIL,149
2021-09,2021,9,mobile_connections,connections_3g,1714138,connections,8.1.CO_TEC_MOVIL,149
2021-09,2021,9,mobile_connections,connections_4g,20536636,connections,8.1.CO_TEC_MOVIL,149
2021-09,2021,9,mobile_connections,mobile_connections_total,22397481,connections,8.1.CO_TEC_MOVIL,149
2021-09,2021,9,mobile_connections,connections_3g_4g_5g,22250774,connections,8.1.CO_TEC_MOVIL,149
2021-10,2021,10,mobile_connections,connections_2g,147093,connections,8.1.CO_TEC_MOVIL,150
2021-10,2021,10,mobile_connections,connections_3g,1692243,connections,8.1.CO_TEC_MOVIL,150
2021-10,2021,10,mobile_connections,connections_4g,20709985,connections,8.1.CO_TEC_MOVIL,150
2021-10,2021,10,mobile_connections,mobile_connections_total,22549321,connections,8.1.CO_TEC_MOVIL,150
2021-10,2021,10,mobile_connections,connections_3g_4g_5g,22402228,connections,8.1.CO_TEC_MOVIL,150
2021-11,2021,11,mobile_connections,connections_2g,144004,connections,8.1.CO_TEC_MOVIL,151
2021-11,2021,11,mobile_connections,connections_3g,1680679,connections,8.1.CO_TEC_MOVIL,151
2021-11,2021,11,mobile_connections,connections_4g,20810206,connections,8.1.CO_TEC_MOVIL,151
2021-11,2021,11,mobile_connections,mobile_connections_total,22634889,connections,8.1.CO_TEC_MOVIL,151
2021-11,2021,11,mobile_connections,connections_3g_4g_5g,22490885,connections,8.1.CO_TEC_MOVIL,151
2021-12,2021,12,mobile_connections,connections_2g,102837,connections,8.1.CO_TEC_MOVIL,152
2021-12,2021,12,mobile_connections,connections_3g,1580711,connections,8.1.CO_TEC_MOVIL,152
2021-12,2021,12,mobile_connections,connections_4g,20985682,connections,8.1.CO_TEC_MOVIL,152
2021-12,2021,12,mobile_connections,connections_5g,32430,connections,8.1.CO_TEC_MOVIL,152
2021-12,2021,12,mobile_connections,mobile_connections_total,22701660,connections,8.1.CO_TEC_MOVIL,152
2021-12,2021,12,mobile_connections,connections_3g_4g_5g,22598823,connections,8.1.CO_TEC_MOVIL,152
2022-01,2022,1,mobile_connections,connections_2g,112063,connections,8.1.CO_TEC_MOVIL,153
2022-01,2022,1,mobile_connections,connections_3g,1433687,connections,8.1.CO_TEC_MOVIL,153
2022-01,2022,1,mobile_connections,connections_4g,20954044,connections,8.1.CO_TEC_MOVIL,153
2022-01,2022,1,mobile_connections,connections_5g,49742,connections,8.1.CO_TEC_MOVIL,153
2022-01,2022,1,mobile_connections,mobile_connections_total,22549536,connections,8.1.CO_TEC_MOVIL,153
2022-01,2022,1,mobile_connections,connections_3g_4g_5g,22437473,connections,8.1.CO_TEC_MOVIL,153
2022-02,2022,2,mobile_connections,connections_2g,119444,connections,8.1.CO_TEC_MOVIL,154
2022-02,2022,2,mobile_connections,connections_3g,1296262,connections,8.1.CO_TEC_MOVIL,154
2022-02,2022,2,mobile_connections,connections_4g,20678269,connections,8.1.CO_TEC_MOVIL,154
2022-02,2022,2,mobile_connections,connections_5g,157219,connections,8.1.CO_TEC_MOVIL,154
2022-02,2022,2,mobile_connections,mobile_connections_total,22251194,connections,8.1.CO_TEC_MOVIL,154
2022-02,2022,2,mobile_connections,connections_3g_4g_5g,22131750,connections,8.1.CO_TEC_MOVIL,154
2022-03,2022,3,mobile_connections,connections_2g,126359,connections,8.1.CO_TEC_MOVIL,155
2022-03,2022,3,mobile_connections,connections_3g,1356890,connections,8.1.CO_TEC_MOVIL,155
2022-03,2022,3,mobile_connections,connections_4g,20477532,connections,8.1.CO_TEC_MOVIL,155
2022-03,2022,3,mobile_connections,connections_5g,328218,connections,8.1.CO_TEC_MOVIL,155
2022-03,2022,3,mobile_connections,mobile_connections_total,22288999,connections,8.1.CO_TEC_MOVIL,155
2022-03,2022,3,mobile_connections,connections_3g_4g_5g,22162640,connections,8.1.CO_TEC_MOVIL,155
2022-04,2022,4,mobile_connections,connections_2g,135813,connections,8.1.CO_TEC_MOVIL,156
2022-04,2022,4,mobile_connections,connections_3g,1313163,connections,8.1.CO_TEC_MOVIL,156
2022-04,2022,4,mobile_connections,connections_4g,20472650,connections,8.1.CO_TEC_MOVIL,156
2022-04,2022,4,mobile_connections,connections_5g,545323,connections,8.1.CO_TEC_MOVIL,156
2022-04,2022,4,mobile_connections,mobile_connections_total,22466949,connections,8.1.CO_TEC_MOVIL,156
2022-04,2022,4,mobile_connections,connections_3g_4g_5g,22331136,connections,8.1.CO_TEC_MOVIL,156
2022-05,2022,5,mobile_connections,connections_2g,141327,connections,8.1.CO_TEC_MOVIL,157
2022-05,2022,5,mobile_connections,connections_3g,1415039,connections,8.1.CO_TEC_MOVIL,157
2022-05,2022,5,mobile_connections,connections_4g,20412873,connections,8.1.CO_TEC_MOVIL,157
2022-05,2022,5,mobile_connections,connections_5g,723989,connections,8.1.CO_TEC_MOVIL,157
2022-05,2022,5,mobile_connections,mobile_connections_total,22693228,connections,8.1.CO_TEC_MOVIL,157
2022-05,2022,5,mobile_connections,connections_3g_4g_5g,22551901,connections,8.1.CO_TEC_MOVIL,157
2022-06,2022,6,mobile_connections,connections_2g,148750,connections,8.1.CO_TEC_MOVIL,158
2022-06,2022,6,mobile_connections,connections_3g,1282967,connections,8.1.CO_TEC_MOVIL,158
2022-06,2022,6,mobile_connections,connections_4g,20357285,connections,8.1.CO_TEC_MOVIL,158
2022-06,2022,6,mobile_connections,connections_5g,843046,connections,8.1.CO_TEC_MOVIL,158
2022-06,2022,6,mobile_connections,mobile_connections_total,22632048,connections,8.1.CO_TEC_MOVIL,158
2022-06,2022,6,mobile_connections,connections_3g_4g_5g,22483298,connections,8.1.CO_TEC_MOVIL,158
2022-07,2022,7,mobile_connections,connections_2g,161992,connections,8.1.CO_TEC_MOVIL,159
2022-07,2022,7,mobile_connections,connections_3g,1279999,connections,8.1.CO_TEC_MOVIL,159
2022-07,2022,7,mobile_connections,connections_4g,20323620,connections,8.1.CO_TEC_MOVIL,159
2022-07,2022,7,mobile_connections,connections_5g,935937,connections,8.1.CO_TEC_MOVIL,159
2022-07,2022,7,mobile_connections,mobile_connections_total,22701548,connections,8.1.CO_TEC_MOVIL,159
2022-07,2022,7,mobile_connections,connections_3g_4g_5g,22539556,connections,8.1.CO_TEC_MOVIL,159
2022-08,2022,8,mobile_connections,connections_2g,172000,connections,8.1.CO_TEC_MOVIL,160
2022-08,2022,8,mobile_connections,connections_3g,1206423,connections,8.1.CO_TEC_MOVIL,160
2022-08,2022,8,mobile_connections,connections_4g,19903106,connections,8.1.CO_TEC_MOVIL,160
2022-08,2022,8,mobile_connections,connections_5g,1444406,connections,8.1.CO_TEC_MOVIL,160
2022-08,2022,8,mobile_connections,mobile_connections_total,22725935,connections,8.1.CO_TEC_MOVIL,160
2022-08,2022,8,mobile_connections,connections_3g_4g_5g,22553935,connections,8.1.CO_TEC_MOVIL,160
2022-09,2022,9,mobile_connections,connections_2g,187581,connections,8.1.CO_TEC_MOVIL,161
2022-09,2022,9,mobile_connections,connections_3g,1168512,connections,8.1.CO_TEC_MOVIL,161
2022-09,2022,9,mobile_connections,connections_4g,19674370,connections,8.1.CO_TEC_MOVIL,161
2022-09,2022,9,mobile_connections,connections_5g,1586523,connections,8.1.CO_TEC_MOVIL,161
2022-09,2022,9,mobile_connections,mobile_connections_total,22616986,connections,8.1.CO_TEC_MOVIL,161
2022-09,2022,9,mobile_connections,connections_3g_4g_5g,22429405,connections,8.1.CO_TEC_MOVIL,161
2022-10,2022,10,mobile_connections,connections_2g,201761,connections,8.1.CO_TEC_MOVIL,162
2022-10,2022,10,mobile_connections,connections_3g,1169824,connections,8.1.CO_TEC_MOVIL,162
2022-10,2022,10,mobile_connections,connections_4g,19463947,connections,8.1.CO_TEC_MOVIL,162
2022-10,2022,10,mobile_connections,connections_5g,1739783,connections,8.1.CO_TEC_MOVIL,162
2022-10,2022,10,mobile_connections,mobile_connections_total,22575315,connections,8.1.CO_TEC_MOVIL,162
2022-10,2022,10,mobile_connections,connections_3g_4g_5g,22373554,connections,8.1.CO_TEC_MOVIL,162
2022-11,2022,11,mobile_connections,connections_2g,201421,connections,8.1.CO_TEC_MOVIL,163
2022-11,2022,11,mobile_connections,connections_3g,1167675,connections,8.1.CO_TEC_MOVIL,163
2022-11,2022,11,mobile_connections,connections_4g,19179521,connections,8.1.CO_TEC_MOVIL,163
2022-11,2022,11,mobile_connections,connections_5g,1846170,connections,8.1.CO_TEC_MOVIL,163
2022-11,2022,11,mobile_connections,mobile_connections_total,22394787,connections,8.1.CO_TEC_MOVIL,163
2022-11,2022,11,mobile_connections,connections_3g_4g_5g,22193366,connections,8.1.CO_TEC_MOVIL,163
2022-12,2022,12,mobile_connections,connections_2g,194266,connections,8.1.CO_TEC_MOVIL,164
2022-12,2022,12,mobile_connections,connections_3g,1165493,connections,8.1.CO_TEC_MOVIL,164
2022-12,2022,12,mobile_connections,connections_4g,19201262,connections,8.1.CO_TEC_MOVIL,164
2022-12,2022,12,mobile_connections,connections_5g,2040071,connections,8.1.CO_TEC_MOVIL,164
2022-12,2022,12,mobile_connections,mobile_connections_total,22601092,connections,8.1.CO_TEC_MOVIL,164
2022-12,2022,12,mobile_connections,connections_3g_4g_5g,22406826,connections,8.1.CO_TEC_MOVIL,164
2023-01,2023,1,mobile_connections,connections_2g,208404,connections,8.1.CO_TEC_MOVIL,165
2023-01,2023,1,mobile_connections,connections_3g,1134336,connections,8.1.CO_TEC_MOVIL,165
2023-01,2023,1,mobile_connections,connections_4g,19079488,connections,8.1.CO_TEC_MOVIL,165
2023-01,2023,1,mobile_connections,connections_5g,2143629,connections,8.1.CO_TEC_MOVIL,165
2023-01,2023,1,mobile_connections,mobile_connections_total,22565857,connections,8.1.CO_TEC_MOVIL,165
2023-01,2023,1,mobile_connections,connections_3g_4g_5g,22357453,connections,8.1.CO_TEC_MOVIL,165
2023-02,2023,2,mobile_connections,connections_2g,204895,connections,8.1.CO_TEC_MOVIL,166
2023-02,2023,2,mobile_connections,connections_3g,1078819,connections,8.1.CO_TEC_MOVIL,166
2023-02,2023,2,mobile_connections,connections_4g,18847284,connections,8.1.CO_TEC_MOVIL,166
2023-02,2023,2,mobile_connections,connections_5g,2266411,connections,8.1.CO_TEC_MOVIL,166
2023-02,2023,2,mobile_connections,mobile_connections_total,22397409,connections,8.1.CO_TEC_MOVIL,166
2023-02,2023,2,mobile_connections,connections_3g_4g_5g,22192514,connections,8.1.CO_TEC_MOVIL,166
2023-03,2023,3,mobile_connections,connections_2g,203967,connections,8.1.CO_TEC_MOVIL,167
2023-03,2023,3,mobile_connections,connections_3g,1100131,connections,8.1.CO_TEC_MOVIL,167
2023-03,2023,3,mobile_connections,connections_4g,18874932,connections,8.1.CO_TEC_MOVIL,167
2023-03,2023,3,mobile_connections,connections_5g,2437816,connections,8.1.CO_TEC_MOVIL,167
2023-03,2023,3,mobile_connections,mobile_connections_total,22616846,connections,8.1.CO_TEC_MOVIL,167
2023-03,2023,3,mobile_connections,connections_3g_4g_5g,22412879,connections,8.1.CO_TEC_MOVIL,167
2023-04,2023,4,mobile_connections,connections_2g,203907,connections,8.1.CO_TEC_MOVIL,168
2023-04,2023,4,mobile_connections,connections_3g,1088987,connections,8.1.CO_TEC_MOVIL,168
2023-04,2023,4,mobile_connections,connections_4g,18603593,connections,8.1.CO_TEC_MOVIL,168
2023-04,2023,4,mobile_connections,connections_5g,2542549,connections,8.1.CO_TEC_MOVIL,168
2023-04,2023,4,mobile_connections,mobile_connections_total,22439036,connections,8.1.CO_TEC_MOVIL,168
2023-04,2023,4,mobile_connections,connections_3g_4g_5g,22235129,connections,8.1.CO_TEC_MOVIL,168
2023-05,2023,5,mobile_connections,connections_2g,199733,connections,8.1.CO_TEC_MOVIL,169
2023-05,2023,5,mobile_connections,connections_3g,1061527,connections,8.1.CO_TEC_MOVIL,169
2023-05,2023,5,mobile_connections,connections_4g,18448368,connections,8.1.CO_TEC_MOVIL,169
2023-05,2023,5,mobile_connections,connections_5g,2659864,connections,8.1.CO_TEC_MOVIL,169
2023-05,2023,5,mobile_connections,mobile_connections_total,22369492,connections,8.1.CO_TEC_MOVIL,169
2023-05,2023,5,mobile_connections,connections_3g_4g_5g,22169759,connections,8.1.CO_TEC_MOVIL,169
2023-06,2023,6,mobile_connections,connections_2g,198921,connections,8.1.CO_TEC_MOVIL,170
2023-06,2023,6,mobile_connections,connections_3g,1045684,connections,8.1.CO_TEC_MOVIL,170
2023-06,2023,6,mobile_connections,connections_4g,18418975,connections,8.1.CO_TEC_MOVIL,170
2023-06,2023,6,mobile_connections,connections_5g,2802240,connections,8.1.CO_TEC_MOVIL,170
2023-06,2023,6,mobile_connections,mobile_connections_total,22465820,connections,8.1.CO_TEC_MOVIL,170
2023-06,2023,6,mobile_connections,connections_3g_4g_5g,22266899,connections,8.1.CO_TEC_MOVIL,170
2023-07,2023,7,mobile_connections,connections_2g,201233,connections,8.1.CO_TEC_MOVIL,171
2023-07,2023,7,mobile_connections,connections_3g,1037263,connections,8.1.CO_TEC_MOVIL,171
2023-07,2023,7,mobile_connections,connections_4g,18543161,connections,8.1.CO_TEC_MOVIL,171
2023-07,2023,7,mobile_connections,connections_5g,2930119,connections,8.1.CO_TEC_MOVIL,171
2023-07,2023,7,mobile_connections,mobile_connections_total,22711776,connections,8.1.CO_TEC_MOVIL,171
2023-07,2023,7,mobile_connections,connections_3g_4g_5g,22510543,connections,8.1.CO_TEC_MOVIL,171
2023-08,2023,8,mobile_connections,connections_2g,189541,connections,8.1.CO_TEC_MOVIL,172
2023-08,2023,8,mobile_connections,connections_3g,1026926,connections,8.1.CO_TEC_MOVIL,172
2023-08,2023,8,mobile_connections,connections_4g,18435563,connections,8.1.CO_TEC_MOVIL,172
2023-08,2023,8,mobile_connections,connections_5g,3052701,connections,8.1.CO_TEC_MOVIL,172
2023-08,2023,8,mobile_connections,mobile_connections_total,22704731,connections,8.1.CO_TEC_MOVIL,172
2023-08,2023,8,mobile_connections,connections_3g_4g_5g,22515190,connections,8.1.CO_TEC_MOVIL,172
2023-09,2023,9,mobile_connections,connections_2g,193975,connections,8.1.CO_TEC_MOVIL,173
2023-09,2023,9,mobile_connections,connections_3g,1014391,connections,8.1.CO_TEC_MOVIL,173
2023-09,2023,9,mobile_connections,connections_4g,18395381,connections,8.1.CO_TEC_MOVIL,173
2023-09,2023,9,mobile_connections,connections_5g,3144038,connections,8.1.CO_TEC_MOVIL,173
2023-09,2023,9,mobile_connections,mobile_connections_total,22747785,connections,8.1.CO_TEC_MOVIL,173
2023-09,2023,9,mobile_connections,connections_3g_4g_5g,22553810,connections,8.1.CO_TEC_MOVIL,173
2023-10,2023,10,mobile_connections,connections_2g,188227,connections,8.1.CO_TEC_MOVIL,174
2023-10,2023,10,mobile_connections,connections_3g,1006427,connections,8.1.CO_TEC_MOVIL,174
2023-10,2023,10,mobile_connections,connections_4g,18360823,connections,8.1.CO_TEC_MOVIL,174
2023-10,2023,10,mobile_connections,connections_5g,3286313,connections,8.1.CO_TEC_MOVIL,174
2023-10,2023,10,mobile_connections,mobile_connections_total,22841790,connections,8.1.CO_TEC_MOVIL,174
2023-10,2023,10,mobile_connections,connections_3g_4g_5g,22653563,connections,8.1.CO_TEC_MOVIL,174
2023-11,2023,11,mobile_connections,connections_2g,185273,connections,8.1.CO_TEC_MOVIL,175
2023-11,2023,11,mobile_connections,connections_3g,988067,connections,8.1.CO_TEC_MOVIL,175
2023-11,2023,11,mobile_connections,connections_4g,18142369,connections,8.1.CO_TEC_MOVIL,175
2023-11,2023,11,mobile_connections,connections_5g,3439814,connections,8.1.CO_TEC_MOVIL,175
2023-11,2023,11,mobile_connections,mobile_connections_total,22755523,connections,8.1.CO_TEC_MOVIL,175
2023-11,2023,11,mobile_connections,connections_3g_4g_5g,22570250,connections,8.1.CO_TEC_MOVIL,175
2023-12,2023,12,mobile_connections,connections_2g,183254,connections,8.1.CO_TEC_MOVIL,176
2023-12,2023,12,mobile_connections,connections_3g,850710,connections,8.1.CO_TEC_MOVIL,176
2023-12,2023,12,mobile_connections,connections_4g,17777981,connections,8.1.CO_TEC_MOVIL,176
2023-12,2023,12,mobile_connections,connections_5g,3844699,connections,8.1.CO_TEC_MOVIL,176
2023-12,2023,12,mobile_connections,mobile_connections_total,22656644,connections,8.1.CO_TEC_MOVIL,176
2023-12,2023,12,mobile_connections,connections_3g_4g_5g,22473390,connections,8.1.CO_TEC_MOVIL,176
2024-01,2024,1,mobile_connections,connections_2g,183667,connections,8.1.CO_TEC_MOVIL,177
2024-01,2024,1,mobile_connections,connections_3g,950379,connections,8.1.CO_TEC_MOVIL,177
2024-01,2024,1,mobile_connections,connections_4g,17730778,connections,8.1.CO_TEC_MOVIL,177
2024-01,2024,1,mobile_connections,connections_5g,3936744,connections,8.1.CO_TEC_MOVIL,177
2024-01,2024,1,mobile_connections,mobile_connections_total,22801568,connections,8.1.CO_TEC_MOVIL,177
2024-01,2024,1,mobile_connections,connections_3g_4g_5g,22617901,connections,8.1.CO_TEC_MOVIL,177
2024-02,2024,2,mobile_connections,connections_2g,179813,connections,8.1.CO_TEC_MOVIL,178
2024-02,2024,2,mobile_connections,connections_3g,896764,connections,8.1.CO_TEC_MOVIL,178
2024-02,2024,2,mobile_connections,connections_4g,17643431,connections,8.1.CO_TEC_MOVIL,178
2024-02,2024,2,mobile_connections,connections_5g,4074704,connections,8.1.CO_TEC_MOVIL,178
2024-02,2024,2,mobile_connections,mobile_connections_total,22794712,connections,8.1.CO_TEC_MOVIL,178
2024-02,2024,2,mobile_connections,connections_3g_4g_5g,22614899,connections,8.1.CO_TEC_MOVIL,178
2024-03,2024,3,mobile_connections,connections_2g,172733,connections,8.1.CO_TEC_MOVIL,179
2024-03,2024,3,mobile_connections,connections_3g,910891,connections,8.1.CO_TEC_MOVIL,179
2024-03,2024,3,mobile_connections,connections_4g,17634089,connections,8.1.CO_TEC_MOVIL,179
2024-03,2024,3,mobile_connections,connections_5g,4251156,connections,8.1.CO_TEC_MOVIL,179
2024-03,2024,3,mobile_connections,mobile_connections_total,22968869,connections,8.1.CO_TEC_MOVIL,179
2024-03,2024,3,mobile_connections,connections_3g_4g_5g,22796136,connections,8.1.CO_TEC_MOVIL,179
2024-04,2024,4,mobile_connections,connections_2g,164967,connections,8.1.CO_TEC_MOVIL,180
2024-04,2024,4,mobile_connections,connections_3g,901410,connections,8.1.CO_TEC_MOVIL,180
2024-04,2024,4,mobile_connections,connections_4g,17365822,connections,8.1.CO_TEC_MOVIL,180
2024-04,2024,4,mobile_connections,connections_5g,4458204,connections,8.1.CO_TEC_MOVIL,180
2024-04,2024,4,mobile_connections,mobile_connections_total,22890403,connections,8.1.CO_TEC_MOVIL,180
2024-04,2024,4,mobile_connections,connections_3g_4g_5g,22725436,connections,8.1.CO_TEC_MOVIL,180
2024-05,2024,5,mobile_connections,connections_2g,161834,connections,8.1.CO_TEC_MOVIL,181
2024-05,2024,5,mobile_connections,connections_3g,882423,connections,8.1.CO_TEC_MOVIL,181
2024-05,2024,5,mobile_connections,connections_4g,17067787,connections,8.1.CO_TEC_MOVIL,181
2024-05,2024,5,mobile_connections,connections_5g,4663407,connections,8.1.CO_TEC_MOVIL,181
2024-05,2024,5,mobile_connections,mobile_connections_total,22775451,connections,8.1.CO_TEC_MOVIL,181
2024-05,2024,5,mobile_connections,connections_3g_4g_5g,22613617,connections,8.1.CO_TEC_MOVIL,181
2024-06,2024,6,mobile_connections,connections_2g,155525,connections,8.1.CO_TEC_MOVIL,182
2024-06,2024,6,mobile_connections,connections_3g,876071,connections,8.1.CO_TEC_MOVIL,182
2024-06,2024,6,mobile_connections,connections_4g,16931422,connections,8.1.CO_TEC_MOVIL,182
2024-06,2024,6,mobile_connections,connections_5g,4834565,connections,8.1.CO_TEC_MOVIL,182
2024-06,2024,6,mobile_connections,mobile_connections_total,22797583,connections,8.1.CO_TEC_MOVIL,182
2024-06,2024,6,mobile_connections,connections_3g_4g_5g,22642058,connections,8.1.CO_TEC_MOVIL,182
2024-07,2024,7,mobile_connections,connections_2g,149670,connections,8.1.CO_TEC_MOVIL,183
2024-07,2024,7,mobile_connections,connections_3g,883062,connections,8.1.CO_TEC_MOVIL,183
2024-07,2024,7,mobile_connections,connections_4g,16864592,connections,8.1.CO_TEC_MOVIL,183
2024-07,2024,7,mobile_connections,connections_5g,5023328,connections,8.1.CO_TEC_MOVIL,183
2024-07,2024,7,mobile_connections,mobile_connections_total,22920652,connections,8.1.CO_TEC_MOVIL,183
2024-07,2024,7,mobile_connections,connections_3g_4g_5g,22770982,connections,8.1.CO_TEC_MOVIL,183
2024-08,2024,8,mobile_connections,connections_2g,135075,connections,8.1.CO_TEC_MOVIL,184
2024-08,2024,8,mobile_connections,connections_3g,868570,connections,8.1.CO_TEC_MOVIL,184
2024-08,2024,8,mobile_connections,connections_4g,16903960,connections,8.1.CO_TEC_MOVIL,184
2024-08,2024,8,mobile_connections,connections_5g,5230835,connections,8.1.CO_TEC_MOVIL,184
2024-08,2024,8,mobile_connections,mobile_connections_total,23138440,connections,8.1.CO_TEC_MOVIL,184
2024-08,2024,8,mobile_connections,connections_3g_4g_5g,23003365,connections,8.1.CO_TEC_MOVIL,184
2024-09,2024,9,mobile_connections,connections_2g,130567,connections,8.1.CO_TEC_MOVIL,185
2024-09,2024,9,mobile_connections,connections_3g,846912,connections,8.1.CO_TEC_MOVIL,185
2024-09,2024,9,mobile_connections,connections_4g,16597762,connections,8.1.CO_TEC_MOVIL,185
2024-09,2024,9,mobile_connections,connections_5g,5353619,connections,8.1.CO_TEC_MOVIL,185
2024-09,2024,9,mobile_connections,mobile_connections_total,22928860,connections,8.1.CO_TEC_MOVIL,185
2024-09,2024,9,mobile_connections,connections_3g_4g_5g,22798293,connections,8.1.CO_TEC_MOVIL,185
2024-10,2024,10,mobile_connections,connections_2g,118820,connections,8.1.CO_TEC_MOVIL,186
2024-10,2024,10,mobile_connections,connections_3g,823092,connections,8.1.CO_TEC_MOVIL,186
2024-10,2024,10,mobile_connections,connections_4g,16594491,connections,8.1.CO_TEC_MOVIL,186
2024-10,2024,10,mobile_connections,connections_5g,5614015,connections,8.1.CO_TEC_MOVIL,186
2024-10,2024,10,mobile_connections,mobile_connections_total,23150418,connections,8.1.CO_TEC_MOVIL,186
2024-10,2024,10,mobile_connections,connections_3g_4g_5g,23031598,connections,8.1.CO_TEC_MOVIL,186
2024-11,2024,11,mobile_connections,connections_2g,96912,connections,8.1.CO_TEC_MOVIL,187
2024-11,2024,11,mobile_connections,connections_3g,828563,connections,8.1.CO_TEC_MOVIL,187
2024-11,2024,11,mobile_connections,connections_4g,16446606,connections,8.1.CO_TEC_MOVIL,187
2024-11,2024,11,mobile_connections,connections_5g,5778209,connections,8.1.CO_TEC_MOVIL,187
2024-11,2024,11,mobile_connections,mobile_connections_total,23150290,connections,8.1.CO_TEC_MOVIL,187
2024-11,2024,11,mobile_connections,connections_3g_4g_5g,23053378,connections,8.1.CO_TEC_MOVIL,187
2024-12,2024,12,mobile_connections,connections_2g,93865,connections,8.1.CO_TEC_MOVIL,188
2024-12,2024,12,mobile_connections,connections_3g,817630,connections,8.1.CO_TEC_MOVIL,188
2024-12,2024,12,mobile_connections,connections_4g,16202462,connections,8.1.CO_TEC_MOVIL,188
2024-12,2024,12,mobile_connections,connections_5g,6106743,connections,8.1.CO_TEC_MOVIL,188
2024-12,2024,12,mobile_connections,mobile_connections_total,23220700,connections,8.1.CO_TEC_MOVIL,188
2024-12,2024,12,mobile_connections,connections_3g_4g_5g,23126835,connections,8.1.CO_TEC_MOVIL,188
2025-01,2025,1,mobile_connections,connections_2g,89099,connections,8.1.CO_TEC_MOVIL,189
2025-01,2025,1,mobile_connections,connections_3g,827926,connections,8.1.CO_TEC_MOVIL,189
2025-01,2025,1,mobile_connections,connections_4g,16107430,connections,8.1.CO_TEC_MOVIL,189
2025-01,2025,1,mobile_connections,connections_5g,6262337,connections,8.1.CO_TEC_MOVIL,189
2025-01,2025,1,mobile_connections,mobile_connections_total,23286792,connections,8.1.CO_TEC_MOVIL,189
2025-01,2025,1,mobile_connections,connections_3g_4g_5g,23197693,connections,8.1.CO_TEC_MOVIL,189
2025-02,2025,2,mobile_connections,connections_2g,75601,connections,8.1.CO_TEC_MOVIL,190
2025-02,2025,2,mobile_connections,connections_3g,1007651,connections,8.1.CO_TEC_MOVIL,190
2025-02,2025,2,mobile_connections,connections_4g,15637910,connections,8.1.CO_TEC_MOVIL,190
2025-02,2025,2,mobile_connections,connections_5g,6388338,connections,8.1.CO_TEC_MOVIL,190
2025-02,2025,2,mobile_connections,mobile_connections_total,23109500,connections,8.1.CO_TEC_MOVIL,190
2025-02,2025,2,mobile_connections,connections_3g_4g_5g,23033899,connections,8.1.CO_TEC_MOVIL,190
2025-03,2025,3,mobile_connections,connections_2g,60838,connections,8.1.CO_TEC_MOVIL,191
2025-03,2025,3,mobile_connections,connections_3g,940426,connections,8.1.CO_TEC_MOVIL,191
2025-03,2025,3,mobile_connections,connections_4g,15593688,connections,8.1.CO_TEC_MOVIL,191
2025-03,2025,3,mobile_connections,connections_5g,6519484,connections,8.1.CO_TEC_MOVIL,191
2025-03,2025,3,mobile_connections,mobile_connections_total,23114436,connections,8.1.CO_TEC_MOVIL,191
2025-03,2025,3,mobile_connections,connections_3g_4g_5g,23053598,connections,8.1.CO_TEC_MOVIL,191
2025-04,2025,4,mobile_connections,connections_2g,55985,connections,8.1.CO_TEC_MOVIL,192
2025-04,2025,4,mobile_connections,connections_3g,999662,connections,8.1.CO_TEC_MOVIL,192
2025-04,2025,4,mobile_connections,connections_4g,15387448,connections,8.1.CO_TEC_MOVIL,192
2025-04,2025,4,mobile_connections,connections_5g,6621744,connections,8.1.CO_TEC_MOVIL,192
2025-04,2025,4,mobile_connections,mobile_connections_total,23064839,connections,8.1.CO_TEC_MOVIL,192
2025-04,2025,4,mobile_connections,connections_3g_4g_5g,23008854,connections,8.1.CO_TEC_MOVIL,192
2025-05,2025,5,mobile_connections,connections_2g,55010,connections,8.1.CO_TEC_MOVIL,193
2025-05,2025,5,mobile_connections,connections_3g,842776,connections,8.1.CO_TEC_MOVIL,193
2025-05,2025,5,mobile_connections,connections_4g,15036361,connections,8.1.CO_TEC_MOVIL,193
2025-05,2025,5,mobile_connections,connections_5g,6943402,connections,8.1.CO_TEC_MOVIL,193
2025-05,2025,5,mobile_connections,mobile_connections_total,22877549,connections,8.1.CO_TEC_MOVIL,193
2025-05,2025,5,mobile_connections,connections_3g_4g_5g,22822539,connections,8.1.CO_TEC_MOVIL,193
2025-06,2025,6,mobile_connections,connections_2g,56066,connections,8.1.CO_TEC_MOVIL,194
2025-06,2025,6,mobile_connections,connections_3g,721716,connections,8.1.CO_TEC_MOVIL,194
2025-06,2025,6,mobile_connections,connections_4g,13751799,connections,8.1.CO_TEC_MOVIL,194
2025-06,2025,6,mobile_connections,connections_5g,8206923,connections,8.1.CO_TEC_MOVIL,194
2025-06,2025,6,mobile_connections,mobile_connections_total,22736504,connections,8.1.CO_TEC_MOVIL,194
2025-06,2025,6,mobile_connections,connections_3g_4g_5g,22680438,connections,8.1.CO_TEC_MOVIL,194
2025-07,2025,7,mobile_connections,connections_2g,52323,connections,8.1.CO_TEC_MOVIL,195
2025-07,2025,7,mobile_connections,connections_3g,507170,connections,8.1.CO_TEC_MOVIL,195
2025-07,2025,7,mobile_connections,connections_4g,13987870,connections,8.1.CO_TEC_MOVIL,195
2025-07,2025,7,mobile_connections,connections_5g,8344853,connections,8.1.CO_TEC_MOVIL,195
2025-07,2025,7,mobile_connections,mobile_connections_total,22892216,connections,8.1.CO_TEC_MOVIL,195
2025-07,2025,7,mobile_connections,connections_3g_4g_5g,22839893,connections,8.1.CO_TEC_MOVIL,195
2025-08,2025,8,mobile_connections,connections_2g,49776,connections,8.1.CO_TEC_MOVIL,196
2025-08,2025,8,mobile_connections,connections_3g,401805,connections,8.1.CO_TEC_MOVIL,196
2025-08,2025,8,mobile_connections,connections_4g,13547243,connections,8.1.CO_TEC_MOVIL,196
2025-08,2025,8,mobile_connections,connections_5g,8645559,connections,8.1.CO_TEC_MOVIL,196
2025-08,2025,8,mobile_connections,mobile_connections_total,22644383,connections,8.1.CO_TEC_MOVIL,196
2025-08,2025,8,mobile_connections,connections_3g_4g_5g,22594607,connections,8.1.CO_TEC_MOVIL,196
2025-09,2025,9,mobile_connections,connections_2g,48961,connections,8.1.CO_TEC_MOVIL,197
2025-09,2025,9,mobile_connections,connections_3g,396308,connections,8.1.CO_TEC_MOVIL,197
2025-09,2025,9,mobile_connections,connections_4g,13178691,connections,8.1.CO_TEC_MOVIL,197
2025-09,2025,9,mobile_connections,connections_5g,8793277,connections,8.1.CO_TEC_MOVIL,197
2025-09,2025,9,mobile_connections,mobile_connections_total,22417237,connections,8.1.CO_TEC_MOVIL,197
2025-09,2025,9,mobile_connections,connections_3g_4g_5g,22368276,connections,8.1.CO_TEC_MOVIL,197
2025-10,2025,10,mobile_connections,connections_2g,46159,connections,8.1.CO_TEC_MOVIL,198
2025-10,2025,10,mobile_connections,connections_3g,393528,connections,8.1.CO_TEC_MOVIL,198
2025-10,2025,10,mobile_connections,connections_4g,13122822,connections,8.1.CO_TEC_MOVIL,198
2025-10,2025,10,mobile_connections,connections_5g,9070725,connections,8.1.CO_TEC_MOVIL,198
2025-10,2025,10,mobile_connections,mobile_connections_total,22633234,connections,8.1.CO_TEC_MOVIL,198
2025-10,2025,10,mobile_connections,connections_3g_4g_5g,22587075,connections,8.1.CO_TEC_MOVIL,198
2025-11,2025,11,mobile_connections,connections_2g,42775,connections,8.1.CO_TEC_MOVIL,199
2025-11,2025,11,mobile_connections,connections_3g,378646,connections,8.1.CO_TEC_MOVIL,199
2025-11,2025,11,mobile_connections,connections_4g,13019731,connections,8.1.CO_TEC_MOVIL,199
2025-11,2025,11,mobile_connections,connections_5g,9228576,connections,8.1.CO_TEC_MOVIL,199
2025-11,2025,11,mobile_connections,mobile_connections_total,22669728,connections,8.1.CO_TEC_MOVIL,199
2025-11,2025,11,mobile_connections,connections_3g_4g_5g,22626953,connections,8.1.CO_TEC_MOVIL,199
2025-12,2025,12,mobile_connections,connections_2g,42988,connections,8.1.CO_TEC_MOVIL,200
2025-12,2025,12,mobile_connections,connections_3g,356736,connections,8.1.CO_TEC_MOVIL,200
2025-12,2025,12,mobile_connections,connections_4g,12671496,connections,8.1.CO_TEC_MOVIL,200
2025-12,2025,12,mobile_connections,connections_5g,9698786,connections,8.1.CO_TEC_MOVIL,200
2025-12,2025,12,mobile_connections,mobile_connections_total,22770006,connections,8.1.CO_TEC_MOVIL,200
2025-12,2025,12,mobile_connections,connections_3g_4g_5g,22727018,connections,8.1.CO_TEC_MOVIL,200
2026-01,2026,1,mobile_connections,connections_2g,44004,connections,8.1.CO_TEC_MOVIL,201
2026-01,2026,1,mobile_connections,connections_3g,344257,connections,8.1.CO_TEC_MOVIL,201
2026-01,2026,1,mobile_connections,connections_4g,12248592,connections,8.1.CO_TEC_MOVIL,201
2026-01,2026,1,mobile_connections,connections_5g,10161957,connections,8.1.CO_TEC_MOVIL,201
2026-01,2026,1,mobile_connections,mobile_connections_total,22798810,connections,8.1.CO_TEC_MOVIL,201
2026-01,2026,1,mobile_connections,connections_3g_4g_5g,22754806,connections,8.1.CO_TEC_MOVIL,201
2026-02,2026,2,mobile_connections,connections_2g,41965,connections,8.1.CO_TEC_MOVIL,202
2026-02,2026,2,mobile_connections,connections_3g,339096,connections,8.1.CO_TEC_MOVIL,202
2026-02,2026,2,mobile_connections,connections_4g,11998538,connections,8.1.CO_TEC_MOVIL,202
2026-02,2026,2,mobile_connections,connections_5g,10239695,connections,8.1.CO_TEC_MOVIL,202
2026-02,2026,2,mobile_connections,mobile_connections_total,22619294,connections,8.1.CO_TEC_MOVIL,202
2026-02,2026,2,mobile_connections,connections_3g_4g_5g,22577329,connections,8.1.CO_TEC_MOVIL,202
2026-03,2026,3,mobile_connections,connections_2g,34969,connections,8.1.CO_TEC_MOVIL,203
2026-03,2026,3,mobile_connections,connections_3g,331837,connections,8.1.CO_TEC_MOVIL,203
2026-03,2026,3,mobile_connections,connections_4g,11981329,connections,8.1.CO_TEC_MOVIL,203
2026-03,2026,3,mobile_connections,connections_5g,10443472,connections,8.1.CO_TEC_MOVIL,203
2026-03,2026,3,mobile_connections,mobile_connections_total,22791607,connections,8.1.CO_TEC_MOVIL,203
2026-03,2026,3,mobile_connections,connections_3g_4g_5g,22756638,connections,8.1.CO_TEC_MOVIL,203
2026-04,2026,4,mobile_connections,connections_2g,32209,connections,8.1.CO_TEC_MOVIL,204
2026-04,2026,4,mobile_connections,connections_3g,317842,connections,8.1.CO_TEC_MOVIL,204
2026-04,2026,4,mobile_connections,connections_4g,11814387,connections,8.1.CO_TEC_MOVIL,204
2026-04,2026,4,mobile_connections,connections_5g,10486886,connections,8.1.CO_TEC_MOVIL,204
2026-04,2026,4,mobile_connections,mobile_connections_total,22651324,connections,8.1.CO_TEC_MOVIL,204
2026-04,2026,4,mobile_connections,connections_3g_4g_5g,22619115,connections,8.1.CO_TEC_MOVIL,204
2026-05,2026,5,mobile_connections,connections_2g,31432,connections,8.1.CO_TEC_MOVIL,205
2026-05,2026,5,mobile_connections,connections_3g,327498,connections,8.1.CO_TEC_MOVIL,205
2026-05,2026,5,mobile_connections,connections_4g,11609186,connections,8.1.CO_TEC_MOVIL,205
2026-05,2026,5,mobile_connections,connections_5g,10605995,connections,8.1.CO_TEC_MOVIL,205
2026-05,2026,5,mobile_connections,mobile_connections_total,22574111,connections,8.1.CO_TEC_MOVIL,205
2026-05,2026,5,mobile_connections,connections_3g_4g_5g,22542679,connections,8.1.CO_TEC_MOVIL,205
2026-06,2026,6,mobile_connections,connections_2g,29612,connections,8.1.CO_TEC_MOVIL,206
2026-06,2026,6,mobile_connections,connections_3g,326087,connections,8.1.CO_TEC_MOVIL,206
2026-06,2026,6,mobile_connections,connections_4g,11446039,connections,8.1.CO_TEC_MOVIL,206
2026-06,2026,6,mobile_connections,connections_5g,10818497,connections,8.1.CO_TEC_MOVIL,206
2026-06,2026,6,mobile_connections,mobile_connections_total,22620235,connections,8.1.CO_TEC_MOVIL,206
2026-06,2026,6,mobile_connections,connections_3g_4g_5g,22590623,connections,8.1.CO_TEC_MOVIL,206
2017-06,2017,6,mobile_traffic,mobile_traffic_downlink_tb,49031.050243,TB,9.1.TRAF_SENT,11
2017-06,2017,6,mobile_traffic,mobile_traffic_uplink_tb,4110.082917,TB,9.1.TRAF_SENT,11
2017-06,2017,6,mobile_traffic,mobile_traffic_total_tb,53141.13316,TB,9.1.TRAF_SENT,11
2017-07,2017,7,mobile_traffic,mobile_traffic_downlink_tb,54144.662105,TB,9.1.TRAF_SENT,12
2017-07,2017,7,mobile_traffic,mobile_traffic_uplink_tb,4576.336082,TB,9.1.TRAF_SENT,12
2017-07,2017,7,mobile_traffic,mobile_traffic_total_tb,58720.998187,TB,9.1.TRAF_SENT,12
2017-08,2017,8,mobile_traffic,mobile_traffic_downlink_tb,59053.884418,TB,9.1.TRAF_SENT,13
2017-08,2017,8,mobile_traffic,mobile_traffic_uplink_tb,4926.590468,TB,9.1.TRAF_SENT,13
2017-08,2017,8,mobile_traffic,mobile_traffic_total_tb,63980.474887,TB,9.1.TRAF_SENT,13
2017-09,2017,9,mobile_traffic,mobile_traffic_downlink_tb,60615.603425,TB,9.1.TRAF_SENT,14
2017-09,2017,9,mobile_traffic,mobile_traffic_uplink_tb,5073.856215,TB,9.1.TRAF_SENT,14
2017-09,2017,9,mobile_traffic,mobile_traffic_total_tb,65689.45964,TB,9.1.TRAF_SENT,14
2017-10,2017,10,mobile_traffic,mobile_traffic_downlink_tb,62912.282247,TB,9.1.TRAF_SENT,15
2017-10,2017,10,mobile_traffic,mobile_traffic_uplink_tb,5241.949388,TB,9.1.TRAF_SENT,15
2017-10,2017,10,mobile_traffic,mobile_traffic_total_tb,68154.231634,TB,9.1.TRAF_SENT,15
2017-11,2017,11,mobile_traffic,mobile_traffic_downlink_tb,65116.652349,TB,9.1.TRAF_SENT,16
2017-11,2017,11,mobile_traffic,mobile_traffic_uplink_tb,5430.773666,TB,9.1.TRAF_SENT,16
2017-11,2017,11,mobile_traffic,mobile_traffic_total_tb,70547.426015,TB,9.1.TRAF_SENT,16
2017-12,2017,12,mobile_traffic,mobile_traffic_downlink_tb,73085.593257,TB,9.1.TRAF_SENT,17
2017-12,2017,12,mobile_traffic,mobile_traffic_uplink_tb,5979.614936,TB,9.1.TRAF_SENT,17
2017-12,2017,12,mobile_traffic,mobile_traffic_total_tb,79065.208194,TB,9.1.TRAF_SENT,17
2018-01,2018,1,mobile_traffic,mobile_traffic_downlink_tb,82305.175914,TB,9.1.TRAF_SENT,18
2018-01,2018,1,mobile_traffic,mobile_traffic_uplink_tb,6615.846405,TB,9.1.TRAF_SENT,18
2018-01,2018,1,mobile_traffic,mobile_traffic_total_tb,88921.022318,TB,9.1.TRAF_SENT,18
2018-02,2018,2,mobile_traffic,mobile_traffic_downlink_tb,80168.923336,TB,9.1.TRAF_SENT,19
2018-02,2018,2,mobile_traffic,mobile_traffic_uplink_tb,6368.904282,TB,9.1.TRAF_SENT,19
2018-02,2018,2,mobile_traffic,mobile_traffic_total_tb,86537.827618,TB,9.1.TRAF_SENT,19
2018-03,2018,3,mobile_traffic,mobile_traffic_downlink_tb,90017.001152,TB,9.1.TRAF_SENT,20
2018-03,2018,3,mobile_traffic,mobile_traffic_uplink_tb,6987.156485,TB,9.1.TRAF_SENT,20
2018-03,2018,3,mobile_traffic,mobile_traffic_total_tb,97004.157638,TB,9.1.TRAF_SENT,20
2018-04,2018,4,mobile_traffic,mobile_traffic_downlink_tb,88889.971063,TB,9.1.TRAF_SENT,21
2018-04,2018,4,mobile_traffic,mobile_traffic_uplink_tb,6928.309461,TB,9.1.TRAF_SENT,21
2018-04,2018,4,mobile_traffic,mobile_traffic_total_tb,95818.280524,TB,9.1.TRAF_SENT,21
2018-05,2018,5,mobile_traffic,mobile_traffic_downlink_tb,97402.040142,TB,9.1.TRAF_SENT,22
2018-05,2018,5,mobile_traffic,mobile_traffic_uplink_tb,7732.527878,TB,9.1.TRAF_SENT,22
2018-05,2018,5,mobile_traffic,mobile_traffic_total_tb,105134.56802,TB,9.1.TRAF_SENT,22
2018-06,2018,6,mobile_traffic,mobile_traffic_downlink_tb,98551.021103,TB,9.1.TRAF_SENT,23
2018-06,2018,6,mobile_traffic,mobile_traffic_uplink_tb,7120.622127,TB,9.1.TRAF_SENT,23
2018-06,2018,6,mobile_traffic,mobile_traffic_total_tb,105671.64323,TB,9.1.TRAF_SENT,23
2018-07,2018,7,mobile_traffic,mobile_traffic_downlink_tb,107733.177813,TB,9.1.TRAF_SENT,24
2018-07,2018,7,mobile_traffic,mobile_traffic_uplink_tb,7900.36284,TB,9.1.TRAF_SENT,24
2018-07,2018,7,mobile_traffic,mobile_traffic_total_tb,115633.540653,TB,9.1.TRAF_SENT,24
2018-08,2018,8,mobile_traffic,mobile_traffic_downlink_tb,109511.382171,TB,9.1.TRAF_SENT,25
2018-08,2018,8,mobile_traffic,mobile_traffic_uplink_tb,8593.744371,TB,9.1.TRAF_SENT,25
2018-08,2018,8,mobile_traffic,mobile_traffic_total_tb,118105.126542,TB,9.1.TRAF_SENT,25
2018-09,2018,9,mobile_traffic,mobile_traffic_downlink_tb,114524.118536,TB,9.1.TRAF_SENT,26
2018-09,2018,9,mobile_traffic,mobile_traffic_uplink_tb,8898.102066,TB,9.1.TRAF_SENT,26
2018-09,2018,9,mobile_traffic,mobile_traffic_total_tb,123422.220603,TB,9.1.TRAF_SENT,26
2018-10,2018,10,mobile_traffic,mobile_traffic_downlink_tb,122756.478801,TB,9.1.TRAF_SENT,27
2018-10,2018,10,mobile_traffic,mobile_traffic_uplink_tb,9706.982832,TB,9.1.TRAF_SENT,27
2018-10,2018,10,mobile_traffic,mobile_traffic_total_tb,132463.461633,TB,9.1.TRAF_SENT,27
2018-11,2018,11,mobile_traffic,mobile_traffic_downlink_tb,122842.40728,TB,9.1.TRAF_SENT,28
2018-11,2018,11,mobile_traffic,mobile_traffic_uplink_tb,9785.472786,TB,9.1.TRAF_SENT,28
2018-11,2018,11,mobile_traffic,mobile_traffic_total_tb,132627.880066,TB,9.1.TRAF_SENT,28
2018-12,2018,12,mobile_traffic,mobile_traffic_downlink_tb,134504.781123,TB,9.1.TRAF_SENT,29
2018-12,2018,12,mobile_traffic,mobile_traffic_uplink_tb,10675.62814,TB,9.1.TRAF_SENT,29
2018-12,2018,12,mobile_traffic,mobile_traffic_total_tb,145180.409262,TB,9.1.TRAF_SENT,29
2019-01,2019,1,mobile_traffic,mobile_traffic_downlink_tb,135546.445452,TB,9.1.TRAF_SENT,30
2019-01,2019,1,mobile_traffic,mobile_traffic_uplink_tb,10559.493053,TB,9.1.TRAF_SENT,30
2019-01,2019,1,mobile_traffic,mobile_traffic_total_tb,146105.938505,TB,9.1.TRAF_SENT,30
2019-02,2019,2,mobile_traffic,mobile_traffic_downlink_tb,143259.108086,TB,9.1.TRAF_SENT,31
2019-02,2019,2,mobile_traffic,mobile_traffic_uplink_tb,11096.64718,TB,9.1.TRAF_SENT,31
2019-02,2019,2,mobile_traffic,mobile_traffic_total_tb,154355.755266,TB,9.1.TRAF_SENT,31
2019-03,2019,3,mobile_traffic,mobile_traffic_downlink_tb,148265.340471,TB,9.1.TRAF_SENT,32
2019-03,2019,3,mobile_traffic,mobile_traffic_uplink_tb,11659.357119,TB,9.1.TRAF_SENT,32
2019-03,2019,3,mobile_traffic,mobile_traffic_total_tb,159924.69759,TB,9.1.TRAF_SENT,32
2019-04,2019,4,mobile_traffic,mobile_traffic_downlink_tb,150224.028527,TB,9.1.TRAF_SENT,33
2019-04,2019,4,mobile_traffic,mobile_traffic_uplink_tb,11716.275854,TB,9.1.TRAF_SENT,33
2019-04,2019,4,mobile_traffic,mobile_traffic_total_tb,161940.304381,TB,9.1.TRAF_SENT,33
2019-05,2019,5,mobile_traffic,mobile_traffic_downlink_tb,164564.9455,TB,9.1.TRAF_SENT,34
2019-05,2019,5,mobile_traffic,mobile_traffic_uplink_tb,12874.42761,TB,9.1.TRAF_SENT,34
2019-05,2019,5,mobile_traffic,mobile_traffic_total_tb,177439.373109,TB,9.1.TRAF_SENT,34
2019-06,2019,6,mobile_traffic,mobile_traffic_downlink_tb,164718.999753,TB,9.1.TRAF_SENT,35
2019-06,2019,6,mobile_traffic,mobile_traffic_uplink_tb,12499.223655,TB,9.1.TRAF_SENT,35
2019-06,2019,6,mobile_traffic,mobile_traffic_total_tb,177218.223408,TB,9.1.TRAF_SENT,35
2019-07,2019,7,mobile_traffic,mobile_traffic_downlink_tb,154863.199182,TB,9.1.TRAF_SENT,36
2019-07,2019,7,mobile_traffic,mobile_traffic_uplink_tb,17172.738995,TB,9.1.TRAF_SENT,36
2019-07,2019,7,mobile_traffic,mobile_traffic_total_tb,172035.938177,TB,9.1.TRAF_SENT,36
2019-08,2019,8,mobile_traffic,mobile_traffic_downlink_tb,180338.075121,TB,9.1.TRAF_SENT,37
2019-08,2019,8,mobile_traffic,mobile_traffic_uplink_tb,13476.103138,TB,9.1.TRAF_SENT,37
2019-08,2019,8,mobile_traffic,mobile_traffic_total_tb,193814.17826,TB,9.1.TRAF_SENT,37
2019-09,2019,9,mobile_traffic,mobile_traffic_downlink_tb,178838.735936,TB,9.1.TRAF_SENT,38
2019-09,2019,9,mobile_traffic,mobile_traffic_uplink_tb,13659.978263,TB,9.1.TRAF_SENT,38
2019-09,2019,9,mobile_traffic,mobile_traffic_total_tb,192498.714198,TB,9.1.TRAF_SENT,38
2019-10,2019,10,mobile_traffic,mobile_traffic_downlink_tb,194344.14852,TB,9.1.TRAF_SENT,39
2019-10,2019,10,mobile_traffic,mobile_traffic_uplink_tb,14441.186761,TB,9.1.TRAF_SENT,39
2019-10,2019,10,mobile_traffic,mobile_traffic_total_tb,208785.335281,TB,9.1.TRAF_SENT,39
2019-11,2019,11,mobile_traffic,mobile_traffic_downlink_tb,174291.116286,TB,9.1.TRAF_SENT,40
2019-11,2019,11,mobile_traffic,mobile_traffic_uplink_tb,12866.357596,TB,9.1.TRAF_SENT,40
2019-11,2019,11,mobile_traffic,mobile_traffic_total_tb,187157.473882,TB,9.1.TRAF_SENT,40
2019-12,2019,12,mobile_traffic,mobile_traffic_downlink_tb,182431.707444,TB,9.1.TRAF_SENT,41
2019-12,2019,12,mobile_traffic,mobile_traffic_uplink_tb,13776.161039,TB,9.1.TRAF_SENT,41
2019-12,2019,12,mobile_traffic,mobile_traffic_total_tb,196207.868484,TB,9.1.TRAF_SENT,41
2020-01,2020,1,mobile_traffic,mobile_traffic_downlink_tb,191917.817459,TB,9.1.TRAF_SENT,42
2020-01,2020,1,mobile_traffic,mobile_traffic_uplink_tb,14323.55722,TB,9.1.TRAF_SENT,42
2020-01,2020,1,mobile_traffic,mobile_traffic_total_tb,206241.374679,TB,9.1.TRAF_SENT,42
2020-02,2020,2,mobile_traffic,mobile_traffic_downlink_tb,189551.963127,TB,9.1.TRAF_SENT,43
2020-02,2020,2,mobile_traffic,mobile_traffic_uplink_tb,13977.922708,TB,9.1.TRAF_SENT,43
2020-02,2020,2,mobile_traffic,mobile_traffic_total_tb,203529.885834,TB,9.1.TRAF_SENT,43
2020-03,2020,3,mobile_traffic,mobile_traffic_downlink_tb,221093.503306,TB,9.1.TRAF_SENT,44
2020-03,2020,3,mobile_traffic,mobile_traffic_uplink_tb,16746.709003,TB,9.1.TRAF_SENT,44
2020-03,2020,3,mobile_traffic,mobile_traffic_total_tb,237840.21231,TB,9.1.TRAF_SENT,44
2020-04,2020,4,mobile_traffic,mobile_traffic_downlink_tb,226049.097699,TB,9.1.TRAF_SENT,45
2020-04,2020,4,mobile_traffic,mobile_traffic_uplink_tb,18821.222597,TB,9.1.TRAF_SENT,45
2020-04,2020,4,mobile_traffic,mobile_traffic_total_tb,244870.320296,TB,9.1.TRAF_SENT,45
2020-05,2020,5,mobile_traffic,mobile_traffic_downlink_tb,223567.947125,TB,9.1.TRAF_SENT,46
2020-05,2020,5,mobile_traffic,mobile_traffic_uplink_tb,19322.251074,TB,9.1.TRAF_SENT,46
2020-05,2020,5,mobile_traffic,mobile_traffic_total_tb,242890.198199,TB,9.1.TRAF_SENT,46
2020-06,2020,6,mobile_traffic,mobile_traffic_downlink_tb,220832.93912,TB,9.1.TRAF_SENT,47
2020-06,2020,6,mobile_traffic,mobile_traffic_uplink_tb,19459.257713,TB,9.1.TRAF_SENT,47
2020-06,2020,6,mobile_traffic,mobile_traffic_total_tb,240292.196833,TB,9.1.TRAF_SENT,47
2020-07,2020,7,mobile_traffic,mobile_traffic_downlink_tb,228745.975793,TB,9.1.TRAF_SENT,48
2020-07,2020,7,mobile_traffic,mobile_traffic_uplink_tb,19748.217242,TB,9.1.TRAF_SENT,48
2020-07,2020,7,mobile_traffic,mobile_traffic_total_tb,248494.193034,TB,9.1.TRAF_SENT,48
2020-08,2020,8,mobile_traffic,mobile_traffic_downlink_tb,231942.488399,TB,9.1.TRAF_SENT,49
2020-08,2020,8,mobile_traffic,mobile_traffic_uplink_tb,20275.030378,TB,9.1.TRAF_SENT,49
2020-08,2020,8,mobile_traffic,mobile_traffic_total_tb,252217.518778,TB,9.1.TRAF_SENT,49
2020-09,2020,9,mobile_traffic,mobile_traffic_downlink_tb,231348.286145,TB,9.1.TRAF_SENT,50
2020-09,2020,9,mobile_traffic,mobile_traffic_uplink_tb,19841.442415,TB,9.1.TRAF_SENT,50
2020-09,2020,9,mobile_traffic,mobile_traffic_total_tb,251189.72856,TB,9.1.TRAF_SENT,50
2020-10,2020,10,mobile_traffic,mobile_traffic_downlink_tb,241596.699277,TB,9.1.TRAF_SENT,51
2020-10,2020,10,mobile_traffic,mobile_traffic_uplink_tb,20608.424639,TB,9.1.TRAF_SENT,51
2020-10,2020,10,mobile_traffic,mobile_traffic_total_tb,262205.123916,TB,9.1.TRAF_SENT,51
2020-11,2020,11,mobile_traffic,mobile_traffic_downlink_tb,243127.411266,TB,9.1.TRAF_SENT,52
2020-11,2020,11,mobile_traffic,mobile_traffic_uplink_tb,19917.731418,TB,9.1.TRAF_SENT,52
2020-11,2020,11,mobile_traffic,mobile_traffic_total_tb,263045.142684,TB,9.1.TRAF_SENT,52
2020-12,2020,12,mobile_traffic,mobile_traffic_downlink_tb,254887.626445,TB,9.1.TRAF_SENT,53
2020-12,2020,12,mobile_traffic,mobile_traffic_uplink_tb,20007.08629,TB,9.1.TRAF_SENT,53
2020-12,2020,12,mobile_traffic,mobile_traffic_total_tb,274894.712735,TB,9.1.TRAF_SENT,53
2021-01,2021,1,mobile_traffic,mobile_traffic_downlink_tb,258892.252095,TB,9.1.TRAF_SENT,54
2021-01,2021,1,mobile_traffic,mobile_traffic_uplink_tb,20366.977766,TB,9.1.TRAF_SENT,54
2021-01,2021,1,mobile_traffic,mobile_traffic_total_tb,279259.229861,TB,9.1.TRAF_SENT,54
2021-02,2021,2,mobile_traffic,mobile_traffic_downlink_tb,243708.603931,TB,9.1.TRAF_SENT,55
2021-02,2021,2,mobile_traffic,mobile_traffic_uplink_tb,18886.600752,TB,9.1.TRAF_SENT,55
2021-02,2021,2,mobile_traffic,mobile_traffic_total_tb,262595.204683,TB,9.1.TRAF_SENT,55
2021-03,2021,3,mobile_traffic,mobile_traffic_downlink_tb,279321.437382,TB,9.1.TRAF_SENT,56
2021-03,2021,3,mobile_traffic,mobile_traffic_uplink_tb,22200.020304,TB,9.1.TRAF_SENT,56
2021-03,2021,3,mobile_traffic,mobile_traffic_total_tb,301521.457686,TB,9.1.TRAF_SENT,56
2021-04,2021,4,mobile_traffic,mobile_traffic_downlink_tb,288773.726378,TB,9.1.TRAF_SENT,57
2021-04,2021,4,mobile_traffic,mobile_traffic_uplink_tb,23584.044573,TB,9.1.TRAF_SENT,57
2021-04,2021,4,mobile_traffic,mobile_traffic_total_tb,312357.770951,TB,9.1.TRAF_SENT,57
2021-05,2021,5,mobile_traffic,mobile_traffic_downlink_tb,293480.145144,TB,9.1.TRAF_SENT,58
2021-05,2021,5,mobile_traffic,mobile_traffic_uplink_tb,23451.120658,TB,9.1.TRAF_SENT,58
2021-05,2021,5,mobile_traffic,mobile_traffic_total_tb,316931.265803,TB,9.1.TRAF_SENT,58
2021-06,2021,6,mobile_traffic,mobile_traffic_downlink_tb,293069.012001,TB,9.1.TRAF_SENT,59
2021-06,2021,6,mobile_traffic,mobile_traffic_uplink_tb,22768.069665,TB,9.1.TRAF_SENT,59
2021-06,2021,6,mobile_traffic,mobile_traffic_total_tb,315837.081666,TB,9.1.TRAF_SENT,59
2021-07,2021,7,mobile_traffic,mobile_traffic_downlink_tb,307662.272895,TB,9.1.TRAF_SENT,60
2021-07,2021,7,mobile_traffic,mobile_traffic_uplink_tb,23101.136771,TB,9.1.TRAF_SENT,60
2021-07,2021,7,mobile_traffic,mobile_traffic_total_tb,330763.409666,TB,9.1.TRAF_SENT,60
2021-08,2021,8,mobile_traffic,mobile_traffic_downlink_tb,307499.817338,TB,9.1.TRAF_SENT,61
2021-08,2021,8,mobile_traffic,mobile_traffic_uplink_tb,23475.003051,TB,9.1.TRAF_SENT,61
2021-08,2021,8,mobile_traffic,mobile_traffic_total_tb,330974.820389,TB,9.1.TRAF_SENT,61
2021-09,2021,9,mobile_traffic,mobile_traffic_downlink_tb,309040.251663,TB,9.1.TRAF_SENT,62
2021-09,2021,9,mobile_traffic,mobile_traffic_uplink_tb,23275.43036,TB,9.1.TRAF_SENT,62
2021-09,2021,9,mobile_traffic,mobile_traffic_total_tb,332315.682023,TB,9.1.TRAF_SENT,62
2021-10,2021,10,mobile_traffic,mobile_traffic_downlink_tb,328204.73332,TB,9.1.TRAF_SENT,63
2021-10,2021,10,mobile_traffic,mobile_traffic_uplink_tb,24531.868379,TB,9.1.TRAF_SENT,63
2021-10,2021,10,mobile_traffic,mobile_traffic_total_tb,352736.601699,TB,9.1.TRAF_SENT,63
2021-11,2021,11,mobile_traffic,mobile_traffic_downlink_tb,320532.975697,TB,9.1.TRAF_SENT,64
2021-11,2021,11,mobile_traffic,mobile_traffic_uplink_tb,24188.841137,TB,9.1.TRAF_SENT,64
2021-11,2021,11,mobile_traffic,mobile_traffic_total_tb,344721.816834,TB,9.1.TRAF_SENT,64
2021-12,2021,12,mobile_traffic,mobile_traffic_downlink_tb,334596.283152,TB,9.1.TRAF_SENT,65
2021-12,2021,12,mobile_traffic,mobile_traffic_uplink_tb,24667.612982,TB,9.1.TRAF_SENT,65
2021-12,2021,12,mobile_traffic,mobile_traffic_total_tb,359263.896134,TB,9.1.TRAF_SENT,65
2022-01,2022,1,mobile_traffic,mobile_traffic_downlink_tb,344128.386497,TB,9.1.TRAF_SENT,66
2022-01,2022,1,mobile_traffic,mobile_traffic_uplink_tb,24927.851282,TB,9.1.TRAF_SENT,66
2022-01,2022,1,mobile_traffic,mobile_traffic_total_tb,369056.237779,TB,9.1.TRAF_SENT,66
2022-02,2022,2,mobile_traffic,mobile_traffic_downlink_tb,328825.984396,TB,9.1.TRAF_SENT,67
2022-02,2022,2,mobile_traffic,mobile_traffic_uplink_tb,23539.565607,TB,9.1.TRAF_SENT,67
2022-02,2022,2,mobile_traffic,mobile_traffic_total_tb,352365.550003,TB,9.1.TRAF_SENT,67
2022-03,2022,3,mobile_traffic,mobile_traffic_downlink_tb,357816.168244,TB,9.1.TRAF_SENT,68
2022-03,2022,3,mobile_traffic,mobile_traffic_uplink_tb,25731.209013,TB,9.1.TRAF_SENT,68
2022-03,2022,3,mobile_traffic,mobile_traffic_total_tb,383547.377256,TB,9.1.TRAF_SENT,68
2022-04,2022,4,mobile_traffic,mobile_traffic_downlink_tb,346084.679543,TB,9.1.TRAF_SENT,69
2022-04,2022,4,mobile_traffic,mobile_traffic_uplink_tb,24763.957152,TB,9.1.TRAF_SENT,69
2022-04,2022,4,mobile_traffic,mobile_traffic_total_tb,370848.636696,TB,9.1.TRAF_SENT,69
2022-05,2022,5,mobile_traffic,mobile_traffic_downlink_tb,378884.596922,TB,9.1.TRAF_SENT,70
2022-05,2022,5,mobile_traffic,mobile_traffic_uplink_tb,25993.697867,TB,9.1.TRAF_SENT,70
2022-05,2022,5,mobile_traffic,mobile_traffic_total_tb,404878.294789,TB,9.1.TRAF_SENT,70
2022-06,2022,6,mobile_traffic,mobile_traffic_downlink_tb,380953.70111,TB,9.1.TRAF_SENT,71
2022-06,2022,6,mobile_traffic,mobile_traffic_uplink_tb,26353.306725,TB,9.1.TRAF_SENT,71
2022-06,2022,6,mobile_traffic,mobile_traffic_total_tb,407307.007835,TB,9.1.TRAF_SENT,71
2022-07,2022,7,mobile_traffic,mobile_traffic_downlink_tb,408650.422241,TB,9.1.TRAF_SENT,72
2022-07,2022,7,mobile_traffic,mobile_traffic_uplink_tb,28209.34793,TB,9.1.TRAF_SENT,72
2022-07,2022,7,mobile_traffic,mobile_traffic_total_tb,436859.77017,TB,9.1.TRAF_SENT,72
2022-08,2022,8,mobile_traffic,mobile_traffic_downlink_tb,406130.618798,TB,9.1.TRAF_SENT,73
2022-08,2022,8,mobile_traffic,mobile_traffic_uplink_tb,28073.913062,TB,9.1.TRAF_SENT,73
2022-08,2022,8,mobile_traffic,mobile_traffic_total_tb,434204.53186,TB,9.1.TRAF_SENT,73
2022-09,2022,9,mobile_traffic,mobile_traffic_downlink_tb,400664.133598,TB,9.1.TRAF_SENT,74
2022-09,2022,9,mobile_traffic,mobile_traffic_uplink_tb,26817.10875,TB,9.1.TRAF_SENT,74
2022-09,2022,9,mobile_traffic,mobile_traffic_total_tb,427481.242348,TB,9.1.TRAF_SENT,74
2022-10,2022,10,mobile_traffic,mobile_traffic_downlink_tb,425010.170027,TB,9.1.TRAF_SENT,75
2022-10,2022,10,mobile_traffic,mobile_traffic_uplink_tb,28745.255099,TB,9.1.TRAF_SENT,75
2022-10,2022,10,mobile_traffic,mobile_traffic_total_tb,453755.425126,TB,9.1.TRAF_SENT,75
2022-11,2022,11,mobile_traffic,mobile_traffic_downlink_tb,418435.352979,TB,9.1.TRAF_SENT,76
2022-11,2022,11,mobile_traffic,mobile_traffic_uplink_tb,28026.398048,TB,9.1.TRAF_SENT,76
2022-11,2022,11,mobile_traffic,mobile_traffic_total_tb,446461.751026,TB,9.1.TRAF_SENT,76
2022-12,2022,12,mobile_traffic,mobile_traffic_downlink_tb,435965.15312,TB,9.1.TRAF_SENT,77
2022-12,2022,12,mobile_traffic,mobile_traffic_uplink_tb,28853.630761,TB,9.1.TRAF_SENT,77
2022-12,2022,12,mobile_traffic,mobile_traffic_total_tb,464818.783881,TB,9.1.TRAF_SENT,77
2023-01,2023,1,mobile_traffic,mobile_traffic_downlink_tb,469473.996004,TB,9.1.TRAF_SENT,78
2023-01,2023,1,mobile_traffic,mobile_traffic_uplink_tb,30779.134036,TB,9.1.TRAF_SENT,78
2023-01,2023,1,mobile_traffic,mobile_traffic_total_tb,500253.13004,TB,9.1.TRAF_SENT,78
2023-02,2023,2,mobile_traffic,mobile_traffic_downlink_tb,431061.178031,TB,9.1.TRAF_SENT,79
2023-02,2023,2,mobile_traffic,mobile_traffic_uplink_tb,28225.127072,TB,9.1.TRAF_SENT,79
2023-02,2023,2,mobile_traffic,mobile_traffic_total_tb,459286.305103,TB,9.1.TRAF_SENT,79
2023-03,2023,3,mobile_traffic,mobile_traffic_downlink_tb,461762.928032,TB,9.1.TRAF_SENT,80
2023-03,2023,3,mobile_traffic,mobile_traffic_uplink_tb,30016.986004,TB,9.1.TRAF_SENT,80
2023-03,2023,3,mobile_traffic,mobile_traffic_total_tb,491779.914036,TB,9.1.TRAF_SENT,80
2023-04,2023,4,mobile_traffic,mobile_traffic_downlink_tb,444953.994167,TB,9.1.TRAF_SENT,81
2023-04,2023,4,mobile_traffic,mobile_traffic_uplink_tb,28860.52448,TB,9.1.TRAF_SENT,81
2023-04,2023,4,mobile_traffic,mobile_traffic_total_tb,473814.518648,TB,9.1.TRAF_SENT,81
2023-05,2023,5,mobile_traffic,mobile_traffic_downlink_tb,466267.824407,TB,9.1.TRAF_SENT,82
2023-05,2023,5,mobile_traffic,mobile_traffic_uplink_tb,30295.838686,TB,9.1.TRAF_SENT,82
2023-05,2023,5,mobile_traffic,mobile_traffic_total_tb,496563.663094,TB,9.1.TRAF_SENT,82
2023-06,2023,6,mobile_traffic,mobile_traffic_downlink_tb,462681.134835,TB,9.1.TRAF_SENT,83
2023-06,2023,6,mobile_traffic,mobile_traffic_uplink_tb,29787.719149,TB,9.1.TRAF_SENT,83
2023-06,2023,6,mobile_traffic,mobile_traffic_total_tb,492468.853983,TB,9.1.TRAF_SENT,83
2023-07,2023,7,mobile_traffic,mobile_traffic_downlink_tb,488090.003187,TB,9.1.TRAF_SENT,84
2023-07,2023,7,mobile_traffic,mobile_traffic_uplink_tb,31653.027796,TB,9.1.TRAF_SENT,84
2023-07,2023,7,mobile_traffic,mobile_traffic_total_tb,519743.030983,TB,9.1.TRAF_SENT,84
2023-08,2023,8,mobile_traffic,mobile_traffic_downlink_tb,484045.822053,TB,9.1.TRAF_SENT,85
2023-08,2023,8,mobile_traffic,mobile_traffic_uplink_tb,31797.0598,TB,9.1.TRAF_SENT,85
2023-08,2023,8,mobile_traffic,mobile_traffic_total_tb,515842.881853,TB,9.1.TRAF_SENT,85
2023-09,2023,9,mobile_traffic,mobile_traffic_downlink_tb,468747.629289,TB,9.1.TRAF_SENT,86
2023-09,2023,9,mobile_traffic,mobile_traffic_uplink_tb,31196.476839,TB,9.1.TRAF_SENT,86
2023-09,2023,9,mobile_traffic,mobile_traffic_total_tb,499944.106127,TB,9.1.TRAF_SENT,86
2023-10,2023,10,mobile_traffic,mobile_traffic_downlink_tb,480790.243873,TB,9.1.TRAF_SENT,87
2023-10,2023,10,mobile_traffic,mobile_traffic_uplink_tb,32095.91208,TB,9.1.TRAF_SENT,87
2023-10,2023,10,mobile_traffic,mobile_traffic_total_tb,512886.155953,TB,9.1.TRAF_SENT,87
2023-11,2023,11,mobile_traffic,mobile_traffic_downlink_tb,466544.158126,TB,9.1.TRAF_SENT,88
2023-11,2023,11,mobile_traffic,mobile_traffic_uplink_tb,30842.850403,TB,9.1.TRAF_SENT,88
2023-11,2023,11,mobile_traffic,mobile_traffic_total_tb,497387.008529,TB,9.1.TRAF_SENT,88
2023-12,2023,12,mobile_traffic,mobile_traffic_downlink_tb,488305.212074,TB,9.1.TRAF_SENT,89
2023-12,2023,12,mobile_traffic,mobile_traffic_uplink_tb,32262.272723,TB,9.1.TRAF_SENT,89
2023-12,2023,12,mobile_traffic,mobile_traffic_total_tb,520567.484797,TB,9.1.TRAF_SENT,89
2024-01,2024,1,mobile_traffic,mobile_traffic_downlink_tb,509612.063118,TB,9.1.TRAF_SENT,90
2024-01,2024,1,mobile_traffic,mobile_traffic_uplink_tb,35878.567025,TB,9.1.TRAF_SENT,90
2024-01,2024,1,mobile_traffic,mobile_traffic_total_tb,545490.630143,TB,9.1.TRAF_SENT,90
2024-02,2024,2,mobile_traffic,mobile_traffic_downlink_tb,492868.687618,TB,9.1.TRAF_SENT,91
2024-02,2024,2,mobile_traffic,mobile_traffic_uplink_tb,34392.070281,TB,9.1.TRAF_SENT,91
2024-02,2024,2,mobile_traffic,mobile_traffic_total_tb,527260.757899,TB,9.1.TRAF_SENT,91
2024-03,2024,3,mobile_traffic,mobile_traffic_downlink_tb,516440.664623,TB,9.1.TRAF_SENT,92
2024-03,2024,3,mobile_traffic,mobile_traffic_uplink_tb,35926.825324,TB,9.1.TRAF_SENT,92
2024-03,2024,3,mobile_traffic,mobile_traffic_total_tb,552367.489946,TB,9.1.TRAF_SENT,92
2024-04,2024,4,mobile_traffic,mobile_traffic_downlink_tb,472146.791991,TB,9.1.TRAF_SENT,93
2024-04,2024,4,mobile_traffic,mobile_traffic_uplink_tb,33405.540029,TB,9.1.TRAF_SENT,93
2024-04,2024,4,mobile_traffic,mobile_traffic_total_tb,505552.33202,TB,9.1.TRAF_SENT,93
2024-05,2024,5,mobile_traffic,mobile_traffic_downlink_tb,520681.134412,TB,9.1.TRAF_SENT,94
2024-05,2024,5,mobile_traffic,mobile_traffic_uplink_tb,36477.352946,TB,9.1.TRAF_SENT,94
2024-05,2024,5,mobile_traffic,mobile_traffic_total_tb,557158.487358,TB,9.1.TRAF_SENT,94
2024-06,2024,6,mobile_traffic,mobile_traffic_downlink_tb,503438.291589,TB,9.1.TRAF_SENT,95
2024-06,2024,6,mobile_traffic,mobile_traffic_uplink_tb,36060.0988,TB,9.1.TRAF_SENT,95
2024-06,2024,6,mobile_traffic,mobile_traffic_total_tb,539498.390389,TB,9.1.TRAF_SENT,95
2024-07,2024,7,mobile_traffic,mobile_traffic_downlink_tb,515086.722725,TB,9.1.TRAF_SENT,96
2024-07,2024,7,mobile_traffic,mobile_traffic_uplink_tb,37446.996587,TB,9.1.TRAF_SENT,96
2024-07,2024,7,mobile_traffic,mobile_traffic_total_tb,552533.719311,TB,9.1.TRAF_SENT,96
2024-08,2024,8,mobile_traffic,mobile_traffic_downlink_tb,502413.115832,TB,9.1.TRAF_SENT,97
2024-08,2024,8,mobile_traffic,mobile_traffic_uplink_tb,37505.7125,TB,9.1.TRAF_SENT,97
2024-08,2024,8,mobile_traffic,mobile_traffic_total_tb,539918.828332,TB,9.1.TRAF_SENT,97
2024-09,2024,9,mobile_traffic,mobile_traffic_downlink_tb,501432.158148,TB,9.1.TRAF_SENT,98
2024-09,2024,9,mobile_traffic,mobile_traffic_uplink_tb,37264.852944,TB,9.1.TRAF_SENT,98
2024-09,2024,9,mobile_traffic,mobile_traffic_total_tb,538697.011092,TB,9.1.TRAF_SENT,98
2024-10,2024,10,mobile_traffic,mobile_traffic_downlink_tb,521630.223124,TB,9.1.TRAF_SENT,99
2024-10,2024,10,mobile_traffic,mobile_traffic_uplink_tb,40154.094537,TB,9.1.TRAF_SENT,99
2024-10,2024,10,mobile_traffic,mobile_traffic_total_tb,561784.317661,TB,9.1.TRAF_SENT,99
2024-11,2024,11,mobile_traffic,mobile_traffic_downlink_tb,490134.850871,TB,9.1.TRAF_SENT,100
2024-11,2024,11,mobile_traffic,mobile_traffic_uplink_tb,38658.575386,TB,9.1.TRAF_SENT,100
2024-11,2024,11,mobile_traffic,mobile_traffic_total_tb,528793.426257,TB,9.1.TRAF_SENT,100
2024-12,2024,12,mobile_traffic,mobile_traffic_downlink_tb,499728.668479,TB,9.1.TRAF_SENT,101
2024-12,2024,12,mobile_traffic,mobile_traffic_uplink_tb,40859.501417,TB,9.1.TRAF_SENT,101
2024-12,2024,12,mobile_traffic,mobile_traffic_total_tb,540588.169896,TB,9.1.TRAF_SENT,101
2025-01,2025,1,mobile_traffic,mobile_traffic_downlink_tb,518480.983343,TB,9.1.TRAF_SENT,102
2025-01,2025,1,mobile_traffic,mobile_traffic_uplink_tb,41726.250212,TB,9.1.TRAF_SENT,102
2025-01,2025,1,mobile_traffic,mobile_traffic_total_tb,560207.233555,TB,9.1.TRAF_SENT,102
2025-02,2025,2,mobile_traffic,mobile_traffic_downlink_tb,483141.531235,TB,9.1.TRAF_SENT,103
2025-02,2025,2,mobile_traffic,mobile_traffic_uplink_tb,39353.123478,TB,9.1.TRAF_SENT,103
2025-02,2025,2,mobile_traffic,mobile_traffic_total_tb,522494.654713,TB,9.1.TRAF_SENT,103
2025-03,2025,3,mobile_traffic,mobile_traffic_downlink_tb,521123.761061,TB,9.1.TRAF_SENT,104
2025-03,2025,3,mobile_traffic,mobile_traffic_uplink_tb,41856.289257,TB,9.1.TRAF_SENT,104
2025-03,2025,3,mobile_traffic,mobile_traffic_total_tb,562980.050318,TB,9.1.TRAF_SENT,104
2025-04,2025,4,mobile_traffic,mobile_traffic_downlink_tb,514965.578653,TB,9.1.TRAF_SENT,105
2025-04,2025,4,mobile_traffic,mobile_traffic_uplink_tb,41799.660641,TB,9.1.TRAF_SENT,105
2025-04,2025,4,mobile_traffic,mobile_traffic_total_tb,556765.239295,TB,9.1.TRAF_SENT,105
2025-05,2025,5,mobile_traffic,mobile_traffic_downlink_tb,568672.363233,TB,9.1.TRAF_SENT,106
2025-05,2025,5,mobile_traffic,mobile_traffic_uplink_tb,46933.284028,TB,9.1.TRAF_SENT,106
2025-05,2025,5,mobile_traffic,mobile_traffic_total_tb,615605.64726,TB,9.1.TRAF_SENT,106
2025-06,2025,6,mobile_traffic,mobile_traffic_downlink_tb,558904.831774,TB,9.1.TRAF_SENT,107
2025-06,2025,6,mobile_traffic,mobile_traffic_uplink_tb,46040.974485,TB,9.1.TRAF_SENT,107
2025-06,2025,6,mobile_traffic,mobile_traffic_total_tb,604945.806259,TB,9.1.TRAF_SENT,107
2025-07,2025,7,mobile_traffic,mobile_traffic_downlink_tb,573994.636642,TB,9.1.TRAF_SENT,108
2025-07,2025,7,mobile_traffic,mobile_traffic_uplink_tb,49225.393578,TB,9.1.TRAF_SENT,108
2025-07,2025,7,mobile_traffic,mobile_traffic_total_tb,623220.03022,TB,9.1.TRAF_SENT,108
2025-08,2025,8,mobile_traffic,mobile_traffic_downlink_tb,570982.607011,TB,9.1.TRAF_SENT,109
2025-08,2025,8,mobile_traffic,mobile_traffic_uplink_tb,50167.485675,TB,9.1.TRAF_SENT,109
2025-08,2025,8,mobile_traffic,mobile_traffic_total_tb,621150.092686,TB,9.1.TRAF_SENT,109
2025-09,2025,9,mobile_traffic,mobile_traffic_downlink_tb,550940.197272,TB,9.1.TRAF_SENT,110
2025-09,2025,9,mobile_traffic,mobile_traffic_uplink_tb,51199.28777,TB,9.1.TRAF_SENT,110
2025-09,2025,9,mobile_traffic,mobile_traffic_total_tb,602139.485042,TB,9.1.TRAF_SENT,110
2025-10,2025,10,mobile_traffic,mobile_traffic_downlink_tb,573107.124365,TB,9.1.TRAF_SENT,111
2025-10,2025,10,mobile_traffic,mobile_traffic_uplink_tb,53611.638271,TB,9.1.TRAF_SENT,111
2025-10,2025,10,mobile_traffic,mobile_traffic_total_tb,626718.762636,TB,9.1.TRAF_SENT,111
2025-11,2025,11,mobile_traffic,mobile_traffic_downlink_tb,576618.154102,TB,9.1.TRAF_SENT,112
2025-11,2025,11,mobile_traffic,mobile_traffic_uplink_tb,54410.28943,TB,9.1.TRAF_SENT,112
2025-11,2025,11,mobile_traffic,mobile_traffic_total_tb,631028.443532,TB,9.1.TRAF_SENT,112
2025-12,2025,12,mobile_traffic,mobile_traffic_downlink_tb,596151.227015,TB,9.1.TRAF_SENT,113
2025-12,2025,12,mobile_traffic,mobile_traffic_uplink_tb,55602.68978,TB,9.1.TRAF_SENT,113
2025-12,2025,12,mobile_traffic,mobile_traffic_total_tb,651753.916795,TB,9.1.TRAF_SENT,113
2026-01,2026,1,mobile_traffic,mobile_traffic_downlink_tb,620348.717441,TB,9.1.TRAF_SENT,114
2026-01,2026,1,mobile_traffic,mobile_traffic_uplink_tb,57440.224529,TB,9.1.TRAF_SENT,114
2026-01,2026,1,mobile_traffic,mobile_traffic_total_tb,677788.94197,TB,9.1.TRAF_SENT,114
2026-02,2026,2,mobile_traffic,mobile_traffic_downlink_tb,577052.954955,TB,9.1.TRAF_SENT,115
2026-02,2026,2,mobile_traffic,mobile_traffic_uplink_tb,54557.750278,TB,9.1.TRAF_SENT,115
2026-02,2026,2,mobile_traffic,mobile_traffic_total_tb,631610.705232,TB,9.1.TRAF_SENT,115
2026-03,2026,3,mobile_traffic,mobile_traffic_downlink_tb,608081.795236,TB,9.1.TRAF_SENT,116
2026-03,2026,3,mobile_traffic,mobile_traffic_uplink_tb,58266.985126,TB,9.1.TRAF_SENT,116
2026-03,2026,3,mobile_traffic,mobile_traffic_total_tb,666348.780362,TB,9.1.TRAF_SENT,116
2026-04,2026,4,mobile_traffic,mobile_traffic_downlink_tb,593171.479394,TB,9.1.TRAF_SENT,117
2026-04,2026,4,mobile_traffic,mobile_traffic_uplink_tb,57178.056474,TB,9.1.TRAF_SENT,117
2026-04,2026,4,mobile_traffic,mobile_traffic_total_tb,650349.535868,TB,9.1.TRAF_SENT,117
2026-05,2026,5,mobile_traffic,mobile_traffic_downlink_tb,621795.182414,TB,9.1.TRAF_SENT,118
2026-05,2026,5,mobile_traffic,mobile_traffic_uplink_tb,59268.0031,TB,9.1.TRAF_SENT,118
2026-05,2026,5,mobile_traffic,mobile_traffic_total_tb,681063.185514,TB,9.1.TRAF_SENT,118
2026-06,2026,6,mobile_traffic,mobile_traffic_downlink_tb,636829.312717,TB,9.1.TRAF_SENT,119
2026-06,2026,6,mobile_traffic,mobile_traffic_uplink_tb,59334.895496,TB,9.1.TRAF_SENT,119
2026-06,2026,6,mobile_traffic,mobile_traffic_total_tb,696164.208213,TB,9.1.TRAF_SENT,119
2019-01,2019,1,fixed_traffic,fixed_traffic_downlink_tb,650839.343226,TB,10.1.TRAF_SENT,11
2019-01,2019,1,fixed_traffic,fixed_traffic_uplink_tb,73755.246113,TB,10.1.TRAF_SENT,11
2019-01,2019,1,fixed_traffic,fixed_traffic_total_tb,724594.589339,TB,10.1.TRAF_SENT,11
2019-02,2019,2,fixed_traffic,fixed_traffic_downlink_tb,600407.042075,TB,10.1.TRAF_SENT,12
2019-02,2019,2,fixed_traffic,fixed_traffic_uplink_tb,67387.811385,TB,10.1.TRAF_SENT,12
2019-02,2019,2,fixed_traffic,fixed_traffic_total_tb,667794.85346,TB,10.1.TRAF_SENT,12
2019-03,2019,3,fixed_traffic,fixed_traffic_downlink_tb,596281.412298,TB,10.1.TRAF_SENT,13
2019-03,2019,3,fixed_traffic,fixed_traffic_uplink_tb,67735.175458,TB,10.1.TRAF_SENT,13
2019-03,2019,3,fixed_traffic,fixed_traffic_total_tb,664016.587756,TB,10.1.TRAF_SENT,13
2019-04,2019,4,fixed_traffic,fixed_traffic_downlink_tb,633956.462087,TB,10.1.TRAF_SENT,14
2019-04,2019,4,fixed_traffic,fixed_traffic_uplink_tb,73855.581512,TB,10.1.TRAF_SENT,14
2019-04,2019,4,fixed_traffic,fixed_traffic_total_tb,707812.043599,TB,10.1.TRAF_SENT,14
2019-05,2019,5,fixed_traffic,fixed_traffic_downlink_tb,677524.652196,TB,10.1.TRAF_SENT,15
2019-05,2019,5,fixed_traffic,fixed_traffic_uplink_tb,77729.33813,TB,10.1.TRAF_SENT,15
2019-05,2019,5,fixed_traffic,fixed_traffic_total_tb,755253.990326,TB,10.1.TRAF_SENT,15
2019-06,2019,6,fixed_traffic,fixed_traffic_downlink_tb,705840.137941,TB,10.1.TRAF_SENT,16
2019-06,2019,6,fixed_traffic,fixed_traffic_uplink_tb,77722.921899,TB,10.1.TRAF_SENT,16
2019-06,2019,6,fixed_traffic,fixed_traffic_total_tb,783563.05984,TB,10.1.TRAF_SENT,16
2019-07,2019,7,fixed_traffic,fixed_traffic_downlink_tb,792408.468142,TB,10.1.TRAF_SENT,17
2019-07,2019,7,fixed_traffic,fixed_traffic_uplink_tb,85836.069878,TB,10.1.TRAF_SENT,17
2019-07,2019,7,fixed_traffic,fixed_traffic_total_tb,878244.53802,TB,10.1.TRAF_SENT,17
2019-08,2019,8,fixed_traffic,fixed_traffic_downlink_tb,757813.557118,TB,10.1.TRAF_SENT,18
2019-08,2019,8,fixed_traffic,fixed_traffic_uplink_tb,83371.692264,TB,10.1.TRAF_SENT,18
2019-08,2019,8,fixed_traffic,fixed_traffic_total_tb,841185.249382,TB,10.1.TRAF_SENT,18
2019-09,2019,9,fixed_traffic,fixed_traffic_downlink_tb,752092.614969,TB,10.1.TRAF_SENT,19
2019-09,2019,9,fixed_traffic,fixed_traffic_uplink_tb,85013.061078,TB,10.1.TRAF_SENT,19
2019-09,2019,9,fixed_traffic,fixed_traffic_total_tb,837105.676048,TB,10.1.TRAF_SENT,19
2019-10,2019,10,fixed_traffic,fixed_traffic_downlink_tb,829827.882128,TB,10.1.TRAF_SENT,20
2019-10,2019,10,fixed_traffic,fixed_traffic_uplink_tb,96080.912638,TB,10.1.TRAF_SENT,20
2019-10,2019,10,fixed_traffic,fixed_traffic_total_tb,925908.794766,TB,10.1.TRAF_SENT,20
2019-11,2019,11,fixed_traffic,fixed_traffic_downlink_tb,783264.319178,TB,10.1.TRAF_SENT,21
2019-11,2019,11,fixed_traffic,fixed_traffic_uplink_tb,94286.133271,TB,10.1.TRAF_SENT,21
2019-11,2019,11,fixed_traffic,fixed_traffic_total_tb,877550.452449,TB,10.1.TRAF_SENT,21
2019-12,2019,12,fixed_traffic,fixed_traffic_downlink_tb,815728.134788,TB,10.1.TRAF_SENT,22
2019-12,2019,12,fixed_traffic,fixed_traffic_uplink_tb,100929.822677,TB,10.1.TRAF_SENT,22
2019-12,2019,12,fixed_traffic,fixed_traffic_total_tb,916657.957465,TB,10.1.TRAF_SENT,22
2020-01,2020,1,fixed_traffic,fixed_traffic_downlink_tb,819368.954425,TB,10.1.TRAF_SENT,23
2020-01,2020,1,fixed_traffic,fixed_traffic_uplink_tb,99906.717688,TB,10.1.TRAF_SENT,23
2020-01,2020,1,fixed_traffic,fixed_traffic_total_tb,919275.672113,TB,10.1.TRAF_SENT,23
2020-02,2020,2,fixed_traffic,fixed_traffic_downlink_tb,766527.354055,TB,10.1.TRAF_SENT,24
2020-02,2020,2,fixed_traffic,fixed_traffic_uplink_tb,97787.782257,TB,10.1.TRAF_SENT,24
2020-02,2020,2,fixed_traffic,fixed_traffic_total_tb,864315.136312,TB,10.1.TRAF_SENT,24
2020-03,2020,3,fixed_traffic,fixed_traffic_downlink_tb,1007699.218507,TB,10.1.TRAF_SENT,25
2020-03,2020,3,fixed_traffic,fixed_traffic_uplink_tb,126279.893395,TB,10.1.TRAF_SENT,25
2020-03,2020,3,fixed_traffic,fixed_traffic_total_tb,1133979.111902,TB,10.1.TRAF_SENT,25
2020-04,2020,4,fixed_traffic,fixed_traffic_downlink_tb,1087482.799919,TB,10.1.TRAF_SENT,26
2020-04,2020,4,fixed_traffic,fixed_traffic_uplink_tb,143490.194444,TB,10.1.TRAF_SENT,26
2020-04,2020,4,fixed_traffic,fixed_traffic_total_tb,1230972.994363,TB,10.1.TRAF_SENT,26
2020-05,2020,5,fixed_traffic,fixed_traffic_downlink_tb,1148509.154162,TB,10.1.TRAF_SENT,27
2020-05,2020,5,fixed_traffic,fixed_traffic_uplink_tb,154249.756262,TB,10.1.TRAF_SENT,27
2020-05,2020,5,fixed_traffic,fixed_traffic_total_tb,1302758.910424,TB,10.1.TRAF_SENT,27
2020-06,2020,6,fixed_traffic,fixed_traffic_downlink_tb,1160916.234316,TB,10.1.TRAF_SENT,28
2020-06,2020,6,fixed_traffic,fixed_traffic_uplink_tb,164030.311767,TB,10.1.TRAF_SENT,28
2020-06,2020,6,fixed_traffic,fixed_traffic_total_tb,1324946.546082,TB,10.1.TRAF_SENT,28
2020-07,2020,7,fixed_traffic,fixed_traffic_downlink_tb,1217945.430617,TB,10.1.TRAF_SENT,29
2020-07,2020,7,fixed_traffic,fixed_traffic_uplink_tb,162581.7524,TB,10.1.TRAF_SENT,29
2020-07,2020,7,fixed_traffic,fixed_traffic_total_tb,1380527.183017,TB,10.1.TRAF_SENT,29
2020-08,2020,8,fixed_traffic,fixed_traffic_downlink_tb,1263013.505982,TB,10.1.TRAF_SENT,30
2020-08,2020,8,fixed_traffic,fixed_traffic_uplink_tb,164425.858944,TB,10.1.TRAF_SENT,30
2020-08,2020,8,fixed_traffic,fixed_traffic_total_tb,1427439.364926,TB,10.1.TRAF_SENT,30
2020-09,2020,9,fixed_traffic,fixed_traffic_downlink_tb,1196346.796237,TB,10.1.TRAF_SENT,31
2020-09,2020,9,fixed_traffic,fixed_traffic_uplink_tb,155378.91464,TB,10.1.TRAF_SENT,31
2020-09,2020,9,fixed_traffic,fixed_traffic_total_tb,1351725.710877,TB,10.1.TRAF_SENT,31
2020-10,2020,10,fixed_traffic,fixed_traffic_downlink_tb,1223558.244392,TB,10.1.TRAF_SENT,32
2020-10,2020,10,fixed_traffic,fixed_traffic_uplink_tb,162247.78281,TB,10.1.TRAF_SENT,32
2020-10,2020,10,fixed_traffic,fixed_traffic_total_tb,1385806.027202,TB,10.1.TRAF_SENT,32
2020-11,2020,11,fixed_traffic,fixed_traffic_downlink_tb,1217774.085295,TB,10.1.TRAF_SENT,33
2020-11,2020,11,fixed_traffic,fixed_traffic_uplink_tb,174634.044001,TB,10.1.TRAF_SENT,33
2020-11,2020,11,fixed_traffic,fixed_traffic_total_tb,1392408.129296,TB,10.1.TRAF_SENT,33
2020-12,2020,12,fixed_traffic,fixed_traffic_downlink_tb,1295835.684579,TB,10.1.TRAF_SENT,34
2020-12,2020,12,fixed_traffic,fixed_traffic_uplink_tb,182471.643739,TB,10.1.TRAF_SENT,34
2020-12,2020,12,fixed_traffic,fixed_traffic_total_tb,1478307.328318,TB,10.1.TRAF_SENT,34
2021-01,2021,1,fixed_traffic,fixed_traffic_downlink_tb,1312492.3147,TB,10.1.TRAF_SENT,35
2021-01,2021,1,fixed_traffic,fixed_traffic_uplink_tb,181419.799987,TB,10.1.TRAF_SENT,35
2021-01,2021,1,fixed_traffic,fixed_traffic_total_tb,1493912.114688,TB,10.1.TRAF_SENT,35
2021-02,2021,2,fixed_traffic,fixed_traffic_downlink_tb,1178986.088335,TB,10.1.TRAF_SENT,36
2021-02,2021,2,fixed_traffic,fixed_traffic_uplink_tb,162491.258944,TB,10.1.TRAF_SENT,36
2021-02,2021,2,fixed_traffic,fixed_traffic_total_tb,1341477.347278,TB,10.1.TRAF_SENT,36
2021-03,2021,3,fixed_traffic,fixed_traffic_downlink_tb,1442797.178362,TB,10.1.TRAF_SENT,37
2021-03,2021,3,fixed_traffic,fixed_traffic_uplink_tb,207975.148289,TB,10.1.TRAF_SENT,37
2021-03,2021,3,fixed_traffic,fixed_traffic_total_tb,1650772.326651,TB,10.1.TRAF_SENT,37
2021-04,2021,4,fixed_traffic,fixed_traffic_downlink_tb,1504458.659778,TB,10.1.TRAF_SENT,38
2021-04,2021,4,fixed_traffic,fixed_traffic_uplink_tb,218406.152525,TB,10.1.TRAF_SENT,38
2021-04,2021,4,fixed_traffic,fixed_traffic_total_tb,1722864.812303,TB,10.1.TRAF_SENT,38
2021-05,2021,5,fixed_traffic,fixed_traffic_downlink_tb,1506052.232755,TB,10.1.TRAF_SENT,39
2021-05,2021,5,fixed_traffic,fixed_traffic_uplink_tb,217975.411037,TB,10.1.TRAF_SENT,39
2021-05,2021,5,fixed_traffic,fixed_traffic_total_tb,1724027.643792,TB,10.1.TRAF_SENT,39
2021-06,2021,6,fixed_traffic,fixed_traffic_downlink_tb,1539294.899655,TB,10.1.TRAF_SENT,40
2021-06,2021,6,fixed_traffic,fixed_traffic_uplink_tb,222662.309522,TB,10.1.TRAF_SENT,40
2021-06,2021,6,fixed_traffic,fixed_traffic_total_tb,1761957.209177,TB,10.1.TRAF_SENT,40
2021-07,2021,7,fixed_traffic,fixed_traffic_downlink_tb,1577068.240687,TB,10.1.TRAF_SENT,41
2021-07,2021,7,fixed_traffic,fixed_traffic_uplink_tb,223994.790583,TB,10.1.TRAF_SENT,41
2021-07,2021,7,fixed_traffic,fixed_traffic_total_tb,1801063.03127,TB,10.1.TRAF_SENT,41
2021-08,2021,8,fixed_traffic,fixed_traffic_downlink_tb,1588131.890335,TB,10.1.TRAF_SENT,42
2021-08,2021,8,fixed_traffic,fixed_traffic_uplink_tb,226759.825802,TB,10.1.TRAF_SENT,42
2021-08,2021,8,fixed_traffic,fixed_traffic_total_tb,1814891.716137,TB,10.1.TRAF_SENT,42
2021-09,2021,9,fixed_traffic,fixed_traffic_downlink_tb,1527718.866832,TB,10.1.TRAF_SENT,43
2021-09,2021,9,fixed_traffic,fixed_traffic_uplink_tb,215298.1716,TB,10.1.TRAF_SENT,43
2021-09,2021,9,fixed_traffic,fixed_traffic_total_tb,1743017.038432,TB,10.1.TRAF_SENT,43
2021-10,2021,10,fixed_traffic,fixed_traffic_downlink_tb,1635105.720871,TB,10.1.TRAF_SENT,44
2021-10,2021,10,fixed_traffic,fixed_traffic_uplink_tb,228337.888241,TB,10.1.TRAF_SENT,44
2021-10,2021,10,fixed_traffic,fixed_traffic_total_tb,1863443.609113,TB,10.1.TRAF_SENT,44
2021-11,2021,11,fixed_traffic,fixed_traffic_downlink_tb,1583242.444257,TB,10.1.TRAF_SENT,45
2021-11,2021,11,fixed_traffic,fixed_traffic_uplink_tb,228652.574688,TB,10.1.TRAF_SENT,45
2021-11,2021,11,fixed_traffic,fixed_traffic_total_tb,1811895.018944,TB,10.1.TRAF_SENT,45
2021-12,2021,12,fixed_traffic,fixed_traffic_downlink_tb,1654002.780535,TB,10.1.TRAF_SENT,46
2021-12,2021,12,fixed_traffic,fixed_traffic_uplink_tb,235309.074394,TB,10.1.TRAF_SENT,46
2021-12,2021,12,fixed_traffic,fixed_traffic_total_tb,1889311.854929,TB,10.1.TRAF_SENT,46
2022-01,2022,1,fixed_traffic,fixed_traffic_downlink_tb,1683048.565886,TB,10.1.TRAF_SENT,47
2022-01,2022,1,fixed_traffic,fixed_traffic_uplink_tb,236784.810351,TB,10.1.TRAF_SENT,47
2022-01,2022,1,fixed_traffic,fixed_traffic_total_tb,1919833.376237,TB,10.1.TRAF_SENT,47
2022-02,2022,2,fixed_traffic,fixed_traffic_downlink_tb,1516507.083727,TB,10.1.TRAF_SENT,48
2022-02,2022,2,fixed_traffic,fixed_traffic_uplink_tb,211221.518055,TB,10.1.TRAF_SENT,48
2022-02,2022,2,fixed_traffic,fixed_traffic_total_tb,1727728.601782,TB,10.1.TRAF_SENT,48
2022-03,2022,3,fixed_traffic,fixed_traffic_downlink_tb,1696892.046954,TB,10.1.TRAF_SENT,49
2022-03,2022,3,fixed_traffic,fixed_traffic_uplink_tb,243112.03097,TB,10.1.TRAF_SENT,49
2022-03,2022,3,fixed_traffic,fixed_traffic_total_tb,1940004.077924,TB,10.1.TRAF_SENT,49
2022-04,2022,4,fixed_traffic,fixed_traffic_downlink_tb,1710099.3697,TB,10.1.TRAF_SENT,50
2022-04,2022,4,fixed_traffic,fixed_traffic_uplink_tb,246319.873264,TB,10.1.TRAF_SENT,50
2022-04,2022,4,fixed_traffic,fixed_traffic_total_tb,1956419.242964,TB,10.1.TRAF_SENT,50
2022-05,2022,5,fixed_traffic,fixed_traffic_downlink_tb,1807845.188438,TB,10.1.TRAF_SENT,51
2022-05,2022,5,fixed_traffic,fixed_traffic_uplink_tb,245995.627537,TB,10.1.TRAF_SENT,51
2022-05,2022,5,fixed_traffic,fixed_traffic_total_tb,2053840.815975,TB,10.1.TRAF_SENT,51
2022-06,2022,6,fixed_traffic,fixed_traffic_downlink_tb,1880861.76567,TB,10.1.TRAF_SENT,52
2022-06,2022,6,fixed_traffic,fixed_traffic_uplink_tb,247797.979599,TB,10.1.TRAF_SENT,52
2022-06,2022,6,fixed_traffic,fixed_traffic_total_tb,2128659.745269,TB,10.1.TRAF_SENT,52
2022-07,2022,7,fixed_traffic,fixed_traffic_downlink_tb,1941954.249401,TB,10.1.TRAF_SENT,53
2022-07,2022,7,fixed_traffic,fixed_traffic_uplink_tb,263447.522662,TB,10.1.TRAF_SENT,53
2022-07,2022,7,fixed_traffic,fixed_traffic_total_tb,2205401.772063,TB,10.1.TRAF_SENT,53
2022-08,2022,8,fixed_traffic,fixed_traffic_downlink_tb,1910005.056036,TB,10.1.TRAF_SENT,54
2022-08,2022,8,fixed_traffic,fixed_traffic_uplink_tb,272236.31751,TB,10.1.TRAF_SENT,54
2022-08,2022,8,fixed_traffic,fixed_traffic_total_tb,2182241.373547,TB,10.1.TRAF_SENT,54
2022-09,2022,9,fixed_traffic,fixed_traffic_downlink_tb,1843433.150859,TB,10.1.TRAF_SENT,55
2022-09,2022,9,fixed_traffic,fixed_traffic_uplink_tb,265166.777741,TB,10.1.TRAF_SENT,55
2022-09,2022,9,fixed_traffic,fixed_traffic_total_tb,2108599.9286,TB,10.1.TRAF_SENT,55
2022-10,2022,10,fixed_traffic,fixed_traffic_downlink_tb,1942496.32079,TB,10.1.TRAF_SENT,56
2022-10,2022,10,fixed_traffic,fixed_traffic_uplink_tb,275700.99153,TB,10.1.TRAF_SENT,56
2022-10,2022,10,fixed_traffic,fixed_traffic_total_tb,2218197.312321,TB,10.1.TRAF_SENT,56
2022-11,2022,11,fixed_traffic,fixed_traffic_downlink_tb,1950858.267003,TB,10.1.TRAF_SENT,57
2022-11,2022,11,fixed_traffic,fixed_traffic_uplink_tb,281447.842028,TB,10.1.TRAF_SENT,57
2022-11,2022,11,fixed_traffic,fixed_traffic_total_tb,2232306.109031,TB,10.1.TRAF_SENT,57
2022-12,2022,12,fixed_traffic,fixed_traffic_downlink_tb,2010226.355118,TB,10.1.TRAF_SENT,58
2022-12,2022,12,fixed_traffic,fixed_traffic_uplink_tb,285516.5727,TB,10.1.TRAF_SENT,58
2022-12,2022,12,fixed_traffic,fixed_traffic_total_tb,2295742.927818,TB,10.1.TRAF_SENT,58
2023-01,2023,1,fixed_traffic,fixed_traffic_downlink_tb,2135579.657065,TB,10.1.TRAF_SENT,59
2023-01,2023,1,fixed_traffic,fixed_traffic_uplink_tb,295507.291741,TB,10.1.TRAF_SENT,59
2023-01,2023,1,fixed_traffic,fixed_traffic_total_tb,2431086.948806,TB,10.1.TRAF_SENT,59
2023-02,2023,2,fixed_traffic,fixed_traffic_downlink_tb,1893514.315196,TB,10.1.TRAF_SENT,60
2023-02,2023,2,fixed_traffic,fixed_traffic_uplink_tb,267928.046325,TB,10.1.TRAF_SENT,60
2023-02,2023,2,fixed_traffic,fixed_traffic_total_tb,2161442.361521,TB,10.1.TRAF_SENT,60
2023-03,2023,3,fixed_traffic,fixed_traffic_downlink_tb,2113464.637121,TB,10.1.TRAF_SENT,61
2023-03,2023,3,fixed_traffic,fixed_traffic_uplink_tb,297118.30654,TB,10.1.TRAF_SENT,61
2023-03,2023,3,fixed_traffic,fixed_traffic_total_tb,2410582.943661,TB,10.1.TRAF_SENT,61
2023-04,2023,4,fixed_traffic,fixed_traffic_downlink_tb,2063239.939692,TB,10.1.TRAF_SENT,62
2023-04,2023,4,fixed_traffic,fixed_traffic_uplink_tb,296701.334558,TB,10.1.TRAF_SENT,62
2023-04,2023,4,fixed_traffic,fixed_traffic_total_tb,2359941.27425,TB,10.1.TRAF_SENT,62
2023-05,2023,5,fixed_traffic,fixed_traffic_downlink_tb,2179775.445611,TB,10.1.TRAF_SENT,63
2023-05,2023,5,fixed_traffic,fixed_traffic_uplink_tb,315977.3543,TB,10.1.TRAF_SENT,63
2023-05,2023,5,fixed_traffic,fixed_traffic_total_tb,2495752.799911,TB,10.1.TRAF_SENT,63
2023-06,2023,6,fixed_traffic,fixed_traffic_downlink_tb,2232951.235619,TB,10.1.TRAF_SENT,64
2023-06,2023,6,fixed_traffic,fixed_traffic_uplink_tb,320221.329721,TB,10.1.TRAF_SENT,64
2023-06,2023,6,fixed_traffic,fixed_traffic_total_tb,2553172.565339,TB,10.1.TRAF_SENT,64
2023-07,2023,7,fixed_traffic,fixed_traffic_downlink_tb,2300625.082887,TB,10.1.TRAF_SENT,65
2023-07,2023,7,fixed_traffic,fixed_traffic_uplink_tb,334732.653033,TB,10.1.TRAF_SENT,65
2023-07,2023,7,fixed_traffic,fixed_traffic_total_tb,2635357.735921,TB,10.1.TRAF_SENT,65
2023-08,2023,8,fixed_traffic,fixed_traffic_downlink_tb,2281428.14586,TB,10.1.TRAF_SENT,66
2023-08,2023,8,fixed_traffic,fixed_traffic_uplink_tb,336758.408291,TB,10.1.TRAF_SENT,66
2023-08,2023,8,fixed_traffic,fixed_traffic_total_tb,2618186.554152,TB,10.1.TRAF_SENT,66
2023-09,2023,9,fixed_traffic,fixed_traffic_downlink_tb,2243972.135686,TB,10.1.TRAF_SENT,67
2023-09,2023,9,fixed_traffic,fixed_traffic_uplink_tb,329302.152767,TB,10.1.TRAF_SENT,67
2023-09,2023,9,fixed_traffic,fixed_traffic_total_tb,2573274.288452,TB,10.1.TRAF_SENT,67
2023-10,2023,10,fixed_traffic,fixed_traffic_downlink_tb,2256113.429683,TB,10.1.TRAF_SENT,68
2023-10,2023,10,fixed_traffic,fixed_traffic_uplink_tb,335506.136108,TB,10.1.TRAF_SENT,68
2023-10,2023,10,fixed_traffic,fixed_traffic_total_tb,2591619.565791,TB,10.1.TRAF_SENT,68
2023-11,2023,11,fixed_traffic,fixed_traffic_downlink_tb,2207038.587535,TB,10.1.TRAF_SENT,69
2023-11,2023,11,fixed_traffic,fixed_traffic_uplink_tb,327157.901969,TB,10.1.TRAF_SENT,69
2023-11,2023,11,fixed_traffic,fixed_traffic_total_tb,2534196.489504,TB,10.1.TRAF_SENT,69
2023-12,2023,12,fixed_traffic,fixed_traffic_downlink_tb,2313461.488003,TB,10.1.TRAF_SENT,70
2023-12,2023,12,fixed_traffic,fixed_traffic_uplink_tb,335123.676365,TB,10.1.TRAF_SENT,70
2023-12,2023,12,fixed_traffic,fixed_traffic_total_tb,2648585.164368,TB,10.1.TRAF_SENT,70
2024-01,2024,1,fixed_traffic,fixed_traffic_downlink_tb,2333011.801262,TB,10.1.TRAF_SENT,71
2024-01,2024,1,fixed_traffic,fixed_traffic_uplink_tb,316895.572854,TB,10.1.TRAF_SENT,71
2024-01,2024,1,fixed_traffic,fixed_traffic_total_tb,2649907.374117,TB,10.1.TRAF_SENT,71
2024-02,2024,2,fixed_traffic,fixed_traffic_downlink_tb,2247374.213823,TB,10.1.TRAF_SENT,72
2024-02,2024,2,fixed_traffic,fixed_traffic_uplink_tb,296328.771276,TB,10.1.TRAF_SENT,72
2024-02,2024,2,fixed_traffic,fixed_traffic_total_tb,2543702.9851,TB,10.1.TRAF_SENT,72
2024-03,2024,3,fixed_traffic,fixed_traffic_downlink_tb,2345410.503525,TB,10.1.TRAF_SENT,73
2024-03,2024,3,fixed_traffic,fixed_traffic_uplink_tb,319837.095439,TB,10.1.TRAF_SENT,73
2024-03,2024,3,fixed_traffic,fixed_traffic_total_tb,2665247.598964,TB,10.1.TRAF_SENT,73
2024-04,2024,4,fixed_traffic,fixed_traffic_downlink_tb,2324425.741481,TB,10.1.TRAF_SENT,74
2024-04,2024,4,fixed_traffic,fixed_traffic_uplink_tb,324167.362488,TB,10.1.TRAF_SENT,74
2024-04,2024,4,fixed_traffic,fixed_traffic_total_tb,2648593.103969,TB,10.1.TRAF_SENT,74
2024-05,2024,5,fixed_traffic,fixed_traffic_downlink_tb,2511370.682509,TB,10.1.TRAF_SENT,75
2024-05,2024,5,fixed_traffic,fixed_traffic_uplink_tb,343044.417347,TB,10.1.TRAF_SENT,75
2024-05,2024,5,fixed_traffic,fixed_traffic_total_tb,2854415.099857,TB,10.1.TRAF_SENT,75
2024-06,2024,6,fixed_traffic,fixed_traffic_downlink_tb,2553564.39322,TB,10.1.TRAF_SENT,76
2024-06,2024,6,fixed_traffic,fixed_traffic_uplink_tb,350855.526168,TB,10.1.TRAF_SENT,76
2024-06,2024,6,fixed_traffic,fixed_traffic_total_tb,2904419.919388,TB,10.1.TRAF_SENT,76
2024-07,2024,7,fixed_traffic,fixed_traffic_downlink_tb,2525736.423511,TB,10.1.TRAF_SENT,77
2024-07,2024,7,fixed_traffic,fixed_traffic_uplink_tb,354125.967364,TB,10.1.TRAF_SENT,77
2024-07,2024,7,fixed_traffic,fixed_traffic_total_tb,2879862.390875,TB,10.1.TRAF_SENT,77
2024-08,2024,8,fixed_traffic,fixed_traffic_downlink_tb,2444170.021192,TB,10.1.TRAF_SENT,78
2024-08,2024,8,fixed_traffic,fixed_traffic_uplink_tb,355787.334709,TB,10.1.TRAF_SENT,78
2024-08,2024,8,fixed_traffic,fixed_traffic_total_tb,2799957.355902,TB,10.1.TRAF_SENT,78
2024-09,2024,9,fixed_traffic,fixed_traffic_downlink_tb,2392648.951859,TB,10.1.TRAF_SENT,79
2024-09,2024,9,fixed_traffic,fixed_traffic_uplink_tb,351163.940741,TB,10.1.TRAF_SENT,79
2024-09,2024,9,fixed_traffic,fixed_traffic_total_tb,2743812.8926,TB,10.1.TRAF_SENT,79
2024-10,2024,10,fixed_traffic,fixed_traffic_downlink_tb,2460354.801494,TB,10.1.TRAF_SENT,80
2024-10,2024,10,fixed_traffic,fixed_traffic_uplink_tb,368547.197793,TB,10.1.TRAF_SENT,80
2024-10,2024,10,fixed_traffic,fixed_traffic_total_tb,2828901.999287,TB,10.1.TRAF_SENT,80
2024-11,2024,11,fixed_traffic,fixed_traffic_downlink_tb,2425638.038518,TB,10.1.TRAF_SENT,81
2024-11,2024,11,fixed_traffic,fixed_traffic_uplink_tb,374214.994237,TB,10.1.TRAF_SENT,81
2024-11,2024,11,fixed_traffic,fixed_traffic_total_tb,2799853.032755,TB,10.1.TRAF_SENT,81
2024-12,2024,12,fixed_traffic,fixed_traffic_downlink_tb,2495472.976803,TB,10.1.TRAF_SENT,82
2024-12,2024,12,fixed_traffic,fixed_traffic_uplink_tb,382240.626998,TB,10.1.TRAF_SENT,82
2024-12,2024,12,fixed_traffic,fixed_traffic_total_tb,2877713.603801,TB,10.1.TRAF_SENT,82
2025-01,2025,1,fixed_traffic,fixed_traffic_downlink_tb,2505665.256053,TB,10.1.TRAF_SENT,83
2025-01,2025,1,fixed_traffic,fixed_traffic_uplink_tb,396643.443041,TB,10.1.TRAF_SENT,83
2025-01,2025,1,fixed_traffic,fixed_traffic_total_tb,2902308.699094,TB,10.1.TRAF_SENT,83
2025-02,2025,2,fixed_traffic,fixed_traffic_downlink_tb,2412089.752854,TB,10.1.TRAF_SENT,84
2025-02,2025,2,fixed_traffic,fixed_traffic_uplink_tb,383425.819034,TB,10.1.TRAF_SENT,84
2025-02,2025,2,fixed_traffic,fixed_traffic_total_tb,2795515.571887,TB,10.1.TRAF_SENT,84
2025-03,2025,3,fixed_traffic,fixed_traffic_downlink_tb,2610563.207371,TB,10.1.TRAF_SENT,85
2025-03,2025,3,fixed_traffic,fixed_traffic_uplink_tb,423938.927291,TB,10.1.TRAF_SENT,85
2025-03,2025,3,fixed_traffic,fixed_traffic_total_tb,3034502.134662,TB,10.1.TRAF_SENT,85
2025-04,2025,4,fixed_traffic,fixed_traffic_downlink_tb,2646498.344648,TB,10.1.TRAF_SENT,86
2025-04,2025,4,fixed_traffic,fixed_traffic_uplink_tb,403683.143529,TB,10.1.TRAF_SENT,86
2025-04,2025,4,fixed_traffic,fixed_traffic_total_tb,3050181.488177,TB,10.1.TRAF_SENT,86
2025-05,2025,5,fixed_traffic,fixed_traffic_downlink_tb,2774440.459288,TB,10.1.TRAF_SENT,87
2025-05,2025,5,fixed_traffic,fixed_traffic_uplink_tb,405449.882791,TB,10.1.TRAF_SENT,87
2025-05,2025,5,fixed_traffic,fixed_traffic_total_tb,3179890.342079,TB,10.1.TRAF_SENT,87
2025-06,2025,6,fixed_traffic,fixed_traffic_downlink_tb,2524647.500297,TB,10.1.TRAF_SENT,88
2025-06,2025,6,fixed_traffic,fixed_traffic_uplink_tb,391050.898646,TB,10.1.TRAF_SENT,88
2025-06,2025,6,fixed_traffic,fixed_traffic_total_tb,2915698.398943,TB,10.1.TRAF_SENT,88
2025-07,2025,7,fixed_traffic,fixed_traffic_downlink_tb,2654353.220211,TB,10.1.TRAF_SENT,89
2025-07,2025,7,fixed_traffic,fixed_traffic_uplink_tb,419452.058016,TB,10.1.TRAF_SENT,89
2025-07,2025,7,fixed_traffic,fixed_traffic_total_tb,3073805.278227,TB,10.1.TRAF_SENT,89
2025-08,2025,8,fixed_traffic,fixed_traffic_downlink_tb,2683711.832668,TB,10.1.TRAF_SENT,90
2025-08,2025,8,fixed_traffic,fixed_traffic_uplink_tb,429735.750634,TB,10.1.TRAF_SENT,90
2025-08,2025,8,fixed_traffic,fixed_traffic_total_tb,3113447.583301,TB,10.1.TRAF_SENT,90
2025-09,2025,9,fixed_traffic,fixed_traffic_downlink_tb,2568671.28846,TB,10.1.TRAF_SENT,91
2025-09,2025,9,fixed_traffic,fixed_traffic_uplink_tb,412974.001139,TB,10.1.TRAF_SENT,91
2025-09,2025,9,fixed_traffic,fixed_traffic_total_tb,2981645.289599,TB,10.1.TRAF_SENT,91
2025-10,2025,10,fixed_traffic,fixed_traffic_downlink_tb,2622593.765425,TB,10.1.TRAF_SENT,92
2025-10,2025,10,fixed_traffic,fixed_traffic_uplink_tb,401502.313457,TB,10.1.TRAF_SENT,92
2025-10,2025,10,fixed_traffic,fixed_traffic_total_tb,3024096.078881,TB,10.1.TRAF_SENT,92
2025-11,2025,11,fixed_traffic,fixed_traffic_downlink_tb,2654769.161385,TB,10.1.TRAF_SENT,93
2025-11,2025,11,fixed_traffic,fixed_traffic_uplink_tb,389978.276477,TB,10.1.TRAF_SENT,93
2025-11,2025,11,fixed_traffic,fixed_traffic_total_tb,3044747.437861,TB,10.1.TRAF_SENT,93
2025-12,2025,12,fixed_traffic,fixed_traffic_downlink_tb,2834477.899272,TB,10.1.TRAF_SENT,94
2025-12,2025,12,fixed_traffic,fixed_traffic_uplink_tb,406131.744848,TB,10.1.TRAF_SENT,94
2025-12,2025,12,fixed_traffic,fixed_traffic_total_tb,3240609.644121,TB,10.1.TRAF_SENT,94
2026-01,2026,1,fixed_traffic,fixed_traffic_downlink_tb,2772893.199771,TB,10.1.TRAF_SENT,95
2026-01,2026,1,fixed_traffic,fixed_traffic_uplink_tb,390743.932668,TB,10.1.TRAF_SENT,95
2026-01,2026,1,fixed_traffic,fixed_traffic_total_tb,3163637.13244,TB,10.1.TRAF_SENT,95
2026-02,2026,2,fixed_traffic,fixed_traffic_downlink_tb,2511768.855465,TB,10.1.TRAF_SENT,96
2026-02,2026,2,fixed_traffic,fixed_traffic_uplink_tb,356934.848096,TB,10.1.TRAF_SENT,96
2026-02,2026,2,fixed_traffic,fixed_traffic_total_tb,2868703.703562,TB,10.1.TRAF_SENT,96
2026-03,2026,3,fixed_traffic,fixed_traffic_downlink_tb,2621675.591278,TB,10.1.TRAF_SENT,97
2026-03,2026,3,fixed_traffic,fixed_traffic_uplink_tb,395945.729096,TB,10.1.TRAF_SENT,97
2026-03,2026,3,fixed_traffic,fixed_traffic_total_tb,3017621.320375,TB,10.1.TRAF_SENT,97
2026-04,2026,4,fixed_traffic,fixed_traffic_downlink_tb,2536434.19919,TB,10.1.TRAF_SENT,98
2026-04,2026,4,fixed_traffic,fixed_traffic_uplink_tb,375322.54153,TB,10.1.TRAF_SENT,98
2026-04,2026,4,fixed_traffic,fixed_traffic_total_tb,2911756.740721,TB,10.1.TRAF_SENT,98
2026-05,2026,5,fixed_traffic,fixed_traffic_downlink_tb,2844901.866876,TB,10.1.TRAF_SENT,99
2026-05,2026,5,fixed_traffic,fixed_traffic_uplink_tb,408810.082039,TB,10.1.TRAF_SENT,99
2026-05,2026,5,fixed_traffic,fixed_traffic_total_tb,3253711.948915,TB,10.1.TRAF_SENT,99
2026-06,2026,6,fixed_traffic,fixed_traffic_downlink_tb,3006928.585511,TB,10.1.TRAF_SENT,100
2026-06,2026,6,fixed_traffic,fixed_traffic_uplink_tb,420361.86277,TB,10.1.TRAF_SENT,100
2026-06,2026,6,fixed_traffic,fixed_traffic_total_tb,3427290.448281,TB,10.1.TRAF_SENT,100
2026-06,2026,6,fixed_technology_snapshot,fixed_adsl_connections,8979,connections,7.7.1.CO_TEC_RG_EMP_FIJAS,25
2026-06,2026,6,fixed_technology_snapshot,fixed_hfc_connections,429072,connections,7.7.1.CO_TEC_RG_EMP_FIJAS,25
2026-06,2026,6,fixed_technology_snapshot,fixed_wimax_connections,40,connections,7.7.1.CO_TEC_RG_EMP_FIJAS,25
2026-06,2026,6,fixed_technology_snapshot,fixed_fttx_fiber_connections,4275932,connections,7.7.1.CO_TEC_RG_EMP_FIJAS,25
2026-06,2026,6,fixed_technology_snapshot,fixed_other_fixed_technologies_residual_connections,186346,connections,7.7.1.CO_TEC_RG_EMP_FIJAS,25
2026-06,2026,6,fixed_technology_snapshot,fixed_fttx_fiber_share_pct,87.257347,percent,7.7.1.CO_TEC_RG_EMP_FIJAS,25
