dataset_id,variable,variable_label,category_code,category_label,n_unweighted,pct_unweighted,cell_rule
2008_I_base_completa_270409,id0,Número total de integrantes del hogar,4.0,4.0,1696,26.41745,n >= 30
2008_I_base_completa_270409,id0,Número total de integrantes del hogar,3.0,3.0,1116,17.38318,n >= 30
2008_I_base_completa_270409,id0,Número total de integrantes del hogar,2.0,2.0,578,9.00312,n >= 30
2008_I_base_completa_270409,id0,Número total de integrantes del hogar,6.0,6.0,852,13.27103,n >= 30
2008_I_base_completa_270409,id0,Número total de integrantes del hogar,5.0,5.0,1300,20.24922,n >= 30
2008_I_base_completa_270409,id0,Número total de integrantes del hogar,1.0,1.0,132,2.05607,n >= 30
2008_I_base_completa_270409,id0,Número total de integrantes del hogar,7.0,7.0,420,6.54206,n >= 30
2008_I_base_completa_270409,id0,Número total de integrantes del hogar,8.0,8.0,200,3.11526,n >= 30
2008_I_base_completa_270409,id0,Número total de integrantes del hogar,10.0,10.0,40,0.62305,n >= 30
2008_I_base_completa_270409,id0,Número total de integrantes del hogar,9.0,9.0,63,0.98131,n >= 30
2008_I_base_completa_270409,b11_1,¿Su hogar cuenta con: Teléfono fijo?,1.0,Sí,3717,57.8972,n >= 30
2008_I_base_completa_270409,b11_1,¿Su hogar cuenta con: Teléfono fijo?,0.0,No,2703,42.1028,n >= 30
2008_I_base_completa_270409,b11_2,¿Su hogar cuenta con: TV Cable?,1.0,Sí,3320,51.7134,n >= 30
2008_I_base_completa_270409,b11_2,¿Su hogar cuenta con: TV Cable?,0.0,No,3100,48.2866,n >= 30
2008_I_base_completa_270409,b11_3,¿Su hogar cuenta con: Computador fijo?,1.0,Sí,3631,56.55763,n >= 30
2008_I_base_completa_270409,b11_3,¿Su hogar cuenta con: Computador fijo?,0.0,No,2789,43.44237,n >= 30
2008_I_base_completa_270409,b11_4,¿Su hogar cuenta con: Notebook (Laptop)?,0.0,No,5289,82.38318,n >= 30
2008_I_base_completa_270409,b11_4,¿Su hogar cuenta con: Notebook (Laptop)?,1.0,Sí,1131,17.61682,n >= 30
2008_I_base_completa_270409,b11_5,¿Su hogar cuenta con: Ninguno de los anteriores?,0.0,No,5183,80.73209,n >= 30
2008_I_base_completa_270409,b11_5,¿Su hogar cuenta con: Ninguno de los anteriores?,1.0,Sí,1237,19.26791,n >= 30
2008_I_base_completa_270409,b12,¿Cuántos PC y/o notebook tiene su hogar en uso y funcionamiento?,1.0,1.0,2817,72.41645,n >= 30
2008_I_base_completa_270409,b12,¿Cuántos PC y/o notebook tiene su hogar en uso y funcionamiento?,2.0,2.0,811,20.84833,n >= 30
2008_I_base_completa_270409,b12,¿Cuántos PC y/o notebook tiene su hogar en uso y funcionamiento?,4.0,4.0,60,1.54242,n >= 30
2008_I_base_completa_270409,b12,¿Cuántos PC y/o notebook tiene su hogar en uso y funcionamiento?,3.0,3.0,173,4.4473,n >= 30
2008_I_base_completa_270409,b13,¿Hace cuánto tiempo cuenta con PC y/o Notebook en su hogar?,4.0,"Más de 2 años, hasta 5 años",1281,32.93059,n >= 30
2008_I_base_completa_270409,b13,¿Hace cuánto tiempo cuenta con PC y/o Notebook en su hogar?,5.0,Más de 5 años,1052,27.0437,n >= 30
2008_I_base_completa_270409,b13,¿Hace cuánto tiempo cuenta con PC y/o Notebook en su hogar?,3.0,"Más de 1 año, hasta 2 años",893,22.9563,n >= 30
2008_I_base_completa_270409,b13,¿Hace cuánto tiempo cuenta con PC y/o Notebook en su hogar?,2.0,"Más de 6 meses, hasta 1 año",414,10.64267,n >= 30
2008_I_base_completa_270409,b13,¿Hace cuánto tiempo cuenta con PC y/o Notebook en su hogar?,1.0,Hace 6 meses o menos,250,6.42674,n >= 30
2008_I_base_completa_270409,b14,¿Cuál es la principal razón por la cual no tiene computador en el hogar?,3.0,No le interesa por ahora,256,10.11858,n >= 30
2008_I_base_completa_270409,b14,¿Cuál es la principal razón por la cual no tiene computador en el hogar?,1.0,Es muy caro,1681,66.44269,n >= 30
2008_I_base_completa_270409,b14,¿Cuál es la principal razón por la cual no tiene computador en el hogar?,4.0,No sabe usarlo,215,8.49802,n >= 30
2008_I_base_completa_270409,b14,¿Cuál es la principal razón por la cual no tiene computador en el hogar?,2.0,No lo necesita ahora,300,11.85771,n >= 30
2008_I_base_completa_270409,b14,¿Cuál es la principal razón por la cual no tiene computador en el hogar?,5.0,Otra,78,3.083,n >= 30
2008_I_base_completa_270409,b14e,¿Cuál es esa otra razón por la cual no tiene computador en el hogar?,,,6342,98.78505,n >= 30
2008_I_base_completa_270409,b15,"Si tuviera computador en su hogar, ¿le interesaría tener conexión a Internet?",2.0,No,1084,42.84585,n >= 30
2008_I_base_completa_270409,b15,"Si tuviera computador en su hogar, ¿le interesaría tener conexión a Internet?",1.0,Sí,1446,57.15415,n >= 30
2008_I_base_completa_270409,c16,"Actualmente, ¿paga por algún servicio de Internet en su hogar?",1.0,Sí,2505,64.39589,n >= 30
2008_I_base_completa_270409,c16,"Actualmente, ¿paga por algún servicio de Internet en su hogar?",2.0,No,1385,35.60411,n >= 30
2008_I_base_completa_270409,c17,¿Tiene acceso a Internet en su hogar?,2.0,No,1317,95.09025,n >= 30
2008_I_base_completa_270409,c17,¿Tiene acceso a Internet en su hogar?,1.0,Sí,68,4.90975,n >= 30
2008_I_base_completa_270409,c18,¿Hace cuánto tiempo cuenta con Internet en su hogar?,4.0,"Más de 2 años, hasta 5 años",823,31.98601,n >= 30
2008_I_base_completa_270409,c18,¿Hace cuánto tiempo cuenta con Internet en su hogar?,2.0,"Más de 6 meses, hasta 1 año",361,14.03031,n >= 30
2008_I_base_completa_270409,c18,¿Hace cuánto tiempo cuenta con Internet en su hogar?,5.0,Más de 5 años,445,17.29499,n >= 30
2008_I_base_completa_270409,c18,¿Hace cuánto tiempo cuenta con Internet en su hogar?,3.0,"Más de 1 año, hasta 2 años",524,20.36533,n >= 30
2008_I_base_completa_270409,c18,¿Hace cuánto tiempo cuenta con Internet en su hogar?,1.0,Hace 6 meses o menos,420,16.32336,n >= 30
2008_I_base_completa_270409,c19,¿Cuántos computadores tienen acceso a Internet en su hogar?,1.0,1.0,1781,69.21881,n >= 30
2008_I_base_completa_270409,c19,¿Cuántos computadores tienen acceso a Internet en su hogar?,2.0,2.0,565,21.9588,n >= 30
2008_I_base_completa_270409,c19,¿Cuántos computadores tienen acceso a Internet en su hogar?,4.0,4.0,54,2.09872,n >= 30
2008_I_base_completa_270409,c19,¿Cuántos computadores tienen acceso a Internet en su hogar?,3.0,3.0,144,5.59658,n >= 30
2008_I_base_completa_270409,c20,"En alguna ocasión, ¿ha estado suscrito a algún servicio de Internet en su hogar y decidieron suspender la conexión?",2.0,No,3417,87.41366,n >= 30
2008_I_base_completa_270409,c20,"En alguna ocasión, ¿ha estado suscrito a algún servicio de Internet en su hogar y decidieron suspender la conexión?",1.0,Sí,492,12.58634,n >= 30
2008_I_base_completa_270409,c21,¿Hace cuánto tiempo suspendieron la suscripción a Internet?,1.0,Hace 6 meses o menos,207,42.07317,n >= 30
2008_I_base_completa_270409,c21,¿Hace cuánto tiempo suspendieron la suscripción a Internet?,2.0,"Más de 6 meses, hasta 1 año",110,22.35772,n >= 30
2008_I_base_completa_270409,c21,¿Hace cuánto tiempo suspendieron la suscripción a Internet?,3.0,"Más de 1 año, hasta 2 años",83,16.86992,n >= 30
2008_I_base_completa_270409,c21,¿Hace cuánto tiempo suspendieron la suscripción a Internet?,4.0,"Más de 2 años, hasta 5 años",70,14.22764,n >= 30
2008_I_base_completa_270409,c22,¿Cuál es la principal razón por la cual decidieron suspender la conexión a Internet en su hogar?(No leer alternativas),2.0,Salía muy caro,299,60.77236,n >= 30
2008_I_base_completa_270409,c22,¿Cuál es la principal razón por la cual decidieron suspender la conexión a Internet en su hogar?(No leer alternativas),13.0,Otra razón,94,19.10569,n >= 30
2008_I_base_completa_270409,c22,¿Cuál es la principal razón por la cual decidieron suspender la conexión a Internet en su hogar?(No leer alternativas),3.0,Ya no lo necesito,35,7.11382,n >= 30
2008_I_base_completa_270409,c22e,¿Cuál es esa otra razón por la cual decidieron suspender la conexión a Internet en su hogar?,,,6326,98.53583,n >= 30
2008_I_base_completa_270409,c23a,¿Cuál es la principal razón por la cual no tiene Internet en el hogar? (No leer alternativas),3.0,No lo necesito por ahora,283,8.28212,n >= 30
2008_I_base_completa_270409,c23a,¿Cuál es la principal razón por la cual no tiene Internet en el hogar? (No leer alternativas),6.0,No me interesa por ahora,87,2.54609,n >= 30
2008_I_base_completa_270409,c23a,¿Cuál es la principal razón por la cual no tiene Internet en el hogar? (No leer alternativas),2.0,Es muy caro,1133,33.15774,n >= 30
2008_I_base_completa_270409,c23a,¿Cuál es la principal razón por la cual no tiene Internet en el hogar? (No leer alternativas),4.0,No se como usarlo,130,3.80451,n >= 30
2008_I_base_completa_270409,c23a,¿Cuál es la principal razón por la cual no tiene Internet en el hogar? (No leer alternativas),1.0,No tengo PC,1544,45.18584,n >= 30
2008_I_base_completa_270409,c23a,¿Cuál es la principal razón por la cual no tiene Internet en el hogar? (No leer alternativas),8.0,No hay oferta de servicios donde vivo,37,1.08282,n >= 30
2008_I_base_completa_270409,c23a,¿Cuál es la principal razón por la cual no tiene Internet en el hogar? (No leer alternativas),14.0,Mis hijos se pasarían todo el día en el computador y no me p,44,1.28768,n >= 30
2008_I_base_completa_270409,c23a,¿Cuál es la principal razón por la cual no tiene Internet en el hogar? (No leer alternativas),16.0,Otra razón,87,2.54609,n >= 30
2008_I_base_completa_270409,c23ae,¿Cuál es esa otra razón por la cual no tiene Internet en el hogar? (Primera razón),,,6333,98.64486,n >= 30
2008_I_base_completa_270409,c23b,¿Cuál es la segunda razón por la cual no tiene Internet en el hogar? (No leer alternativas),6.0,No me interesa por ahora,213,6.23354,n >= 30
2008_I_base_completa_270409,c23b,¿Cuál es la segunda razón por la cual no tiene Internet en el hogar? (No leer alternativas),17.0,Ninguna otra razón,755,22.09541,n >= 30
2008_I_base_completa_270409,c23b,¿Cuál es la segunda razón por la cual no tiene Internet en el hogar? (No leer alternativas),3.0,No lo necesito por ahora,331,9.68686,n >= 30
2008_I_base_completa_270409,c23b,¿Cuál es la segunda razón por la cual no tiene Internet en el hogar? (No leer alternativas),1.0,No tengo PC,295,8.6333,n >= 30
2008_I_base_completa_270409,c23b,¿Cuál es la segunda razón por la cual no tiene Internet en el hogar? (No leer alternativas),4.0,No se como usarlo,261,7.63828,n >= 30
2008_I_base_completa_270409,c23b,¿Cuál es la segunda razón por la cual no tiene Internet en el hogar? (No leer alternativas),2.0,Es muy caro,1257,36.78665,n >= 30
2008_I_base_completa_270409,c23b,¿Cuál es la segunda razón por la cual no tiene Internet en el hogar? (No leer alternativas),5.0,No se para qué sirve,43,1.25841,n >= 30
2008_I_base_completa_270409,c23b,¿Cuál es la segunda razón por la cual no tiene Internet en el hogar? (No leer alternativas),8.0,No hay oferta de servicios donde vivo,65,1.90225,n >= 30
2008_I_base_completa_270409,c23b,¿Cuál es la segunda razón por la cual no tiene Internet en el hogar? (No leer alternativas),14.0,Mis hijos se pasarían todo el día en el computador y no me p,38,1.11209,n >= 30
2008_I_base_completa_270409,c23b,¿Cuál es la segunda razón por la cual no tiene Internet en el hogar? (No leer alternativas),16.0,Otra razón,35,1.02429,n >= 30
2008_I_base_completa_270409,c23be,¿Cuál es esa otra razón por la cual no tiene Internet en el hogar? (Segunda razón),,,6385,99.45483,n >= 30
2008_I_base_completa_270409,c23c,¿Cuál es la tercera razón por la cual no tiene Internet en el hogar? (No leer alternativas),17.0,Ninguna otra razón,648,24.3426,n >= 30
2008_I_base_completa_270409,c23c,¿Cuál es la tercera razón por la cual no tiene Internet en el hogar? (No leer alternativas),1.0,No tengo PC,87,3.26822,n >= 30
2008_I_base_completa_270409,c23c,¿Cuál es la tercera razón por la cual no tiene Internet en el hogar? (No leer alternativas),6.0,No me interesa por ahora,349,13.11044,n >= 30
2008_I_base_completa_270409,c23c,¿Cuál es la tercera razón por la cual no tiene Internet en el hogar? (No leer alternativas),5.0,No se para qué sirve,78,2.93013,n >= 30
2008_I_base_completa_270409,c23c,¿Cuál es la tercera razón por la cual no tiene Internet en el hogar? (No leer alternativas),2.0,Es muy caro,160,6.01052,n >= 30
2008_I_base_completa_270409,c23c,¿Cuál es la tercera razón por la cual no tiene Internet en el hogar? (No leer alternativas),3.0,No lo necesito por ahora,507,19.04583,n >= 30
2008_I_base_completa_270409,c23c,¿Cuál es la tercera razón por la cual no tiene Internet en el hogar? (No leer alternativas),4.0,No se como usarlo,454,17.05485,n >= 30
2008_I_base_completa_270409,c23c,¿Cuál es la tercera razón por la cual no tiene Internet en el hogar? (No leer alternativas),8.0,No hay oferta de servicios donde vivo,122,4.58302,n >= 30
2008_I_base_completa_270409,c23c,¿Cuál es la tercera razón por la cual no tiene Internet en el hogar? (No leer alternativas),14.0,Mis hijos se pasarían todo el día en el computador y no me p,65,2.44177,n >= 30
2008_I_base_completa_270409,c23c,¿Cuál es la tercera razón por la cual no tiene Internet en el hogar? (No leer alternativas),13.0,Prefiero acceder en un cibercafé,45,1.69046,n >= 30
2008_I_base_completa_270409,c23c,¿Cuál es la tercera razón por la cual no tiene Internet en el hogar? (No leer alternativas),16.0,Otra razón,59,2.21638,n >= 30
2008_I_base_completa_270409,c23ce,¿Cuál es esa otra razón por la cual no tiene Internet en el hogar? (Tercera razón),,,6361,99.081,n >= 30
2008_I_base_completa_270409,c24,¿Le interesaría tener conexión a Internet en su hogar?,1.0,Sí,896,68.03341,n >= 30
2008_I_base_completa_270409,c24,¿Le interesaría tener conexión a Internet en su hogar?,2.0,No,421,31.96659,n >= 30
2008_I_base_completa_270409,c25,"En su hogar, ¿cuán probable es que se contrate un servicio de Internet en los próximos meses?",3.0,Improbable,470,35.68717,n >= 30
2008_I_base_completa_270409,c25,"En su hogar, ¿cuán probable es que se contrate un servicio de Internet en los próximos meses?",4.0,Muy improbable,380,28.85345,n >= 30
2008_I_base_completa_270409,c25,"En su hogar, ¿cuán probable es que se contrate un servicio de Internet en los próximos meses?",1.0,Muy probable,136,10.3265,n >= 30
2008_I_base_completa_270409,c25,"En su hogar, ¿cuán probable es que se contrate un servicio de Internet en los próximos meses?",2.0,Probable,331,25.13288,n >= 30
2008_I_base_completa_270409,c26,¿Qué compañía le provee el servicio de Internet?,7.0,VTR Banda Ancha,1189,47.46507,n >= 30
2008_I_base_completa_270409,c26,¿Qué compañía le provee el servicio de Internet?,1.0,Telefónica,1052,41.99601,n >= 30
2008_I_base_completa_270409,c26,¿Qué compañía le provee el servicio de Internet?,2.0,ENTEL,116,4.63074,n >= 30
2008_I_base_completa_270409,c26,¿Qué compañía le provee el servicio de Internet?,6.0,Telmex,58,2.31537,n >= 30
2008_I_base_completa_270409,c26e,¿Qué otra compañía le provee el servicio de Internet?,,,6414,99.90654,n >= 30
2008_I_base_completa_270409,c27,¿Qué tipo de contrato tiene para acceder a Internet?,2.0,Plan,2300,91.81637,n >= 30
2008_I_base_completa_270409,c27,¿Qué tipo de contrato tiene para acceder a Internet?,3.0,NS/NR,92,3.67265,n >= 30
2008_I_base_completa_270409,c27,¿Qué tipo de contrato tiene para acceder a Internet?,1.0,Pre-pago,113,4.51098,n >= 30
2008_I_base_completa_270409,c28_1,"Independiente de si está suscrito al servicio de Internet o no, ¿Qué tipo de conexión tiene en su hogar para acceder a Internet?: Vía telefóno (conmutada)",0.0,No,2344,91.09988,n >= 30
2008_I_base_completa_270409,c28_1,"Independiente de si está suscrito al servicio de Internet o no, ¿Qué tipo de conexión tiene en su hogar para acceder a Internet?: Vía telefóno (conmutada)",1.0,Sí,229,8.90012,n >= 30
2008_I_base_completa_270409,c28_2,"Independiente de si está suscrito al servicio de Internet o no, ¿Qué tipo de conexión tiene en su hogar para acceder a Internet?: Banda Ancha (por cable)",1.0,Sí,2003,77.84687,n >= 30
2008_I_base_completa_270409,c28_2,"Independiente de si está suscrito al servicio de Internet o no, ¿Qué tipo de conexión tiene en su hogar para acceder a Internet?: Banda Ancha (por cable)",0.0,No,570,22.15313,n >= 30
2008_I_base_completa_270409,c28_3,"Independiente de si está suscrito al servicio de Internet o no, ¿Qué tipo de conexión tiene en su hogar para acceder a Internet?: Conexión libre inalámbrica",0.0,No,2198,85.42557,n >= 30
2008_I_base_completa_270409,c28_3,"Independiente de si está suscrito al servicio de Internet o no, ¿Qué tipo de conexión tiene en su hogar para acceder a Internet?: Conexión libre inalámbrica",1.0,Sí,375,14.57443,n >= 30
2008_I_base_completa_270409,c28_4,"Independiente de si está suscrito al servicio de Internet o no, ¿Qué tipo de conexión tiene en su hogar para acceder a Internet?: Otra",0.0,No,2537,98.60086,n >= 30
2008_I_base_completa_270409,c28_4,"Independiente de si está suscrito al servicio de Internet o no, ¿Qué tipo de conexión tiene en su hogar para acceder a Internet?: Otra",1.0,Sí,36,1.39914,n >= 30
2008_I_base_completa_270409,c28_5,"Independiente de si está suscrito al servicio de Internet o no, ¿Qué tipo de conexión tiene en su hogar para acceder a Internet?: No sabe",0.0,No,2437,94.71434,n >= 30
2008_I_base_completa_270409,c28_5,"Independiente de si está suscrito al servicio de Internet o no, ¿Qué tipo de conexión tiene en su hogar para acceder a Internet?: No sabe",1.0,Sí,136,5.28566,n >= 30
2008_I_base_completa_270409,c28e,¿Qué otro tipo de conexión tiene en su hogar para conectarse a Internet?,,,6384,99.43925,n >= 30
2008_I_base_completa_270409,c29,¿Qué velocidad de acceso a Internet tiene Ud. en su hogar?,3.0,Más de 512 kbps a 1 Mbps,287,11.15429,n >= 30
2008_I_base_completa_270409,c29,¿Qué velocidad de acceso a Internet tiene Ud. en su hogar?,7.0,No sabe,893,34.70657,n >= 30
2008_I_base_completa_270409,c29,¿Qué velocidad de acceso a Internet tiene Ud. en su hogar?,2.0,Más de 256 kbps a 512 Kbps,216,8.39487,n >= 30
2008_I_base_completa_270409,c29,¿Qué velocidad de acceso a Internet tiene Ud. en su hogar?,5.0,Más de 2 Mbps a 4 Mbps,403,15.66265,n >= 30
2008_I_base_completa_270409,c29,¿Qué velocidad de acceso a Internet tiene Ud. en su hogar?,1.0,Menor o igual a 256 Kbps,88,3.42013,n >= 30
2008_I_base_completa_270409,c29,¿Qué velocidad de acceso a Internet tiene Ud. en su hogar?,4.0,Más de 1 Mbps a 2 Mbps,540,20.98717,n >= 30
2008_I_base_completa_270409,c29,¿Qué velocidad de acceso a Internet tiene Ud. en su hogar?,6.0,Más de 4 Mbps,146,5.67431,n >= 30
2008_I_base_completa_270409,c30,¿Qué tipo de restricciones tiene asociado el servicio de Internet?,4.0,Sin restricción,2113,82.12204,n >= 30
2008_I_base_completa_270409,c30,¿Qué tipo de restricciones tiene asociado el servicio de Internet?,5.0,No sabe,386,15.00194,n >= 30
2008_I_base_completa_270409,c31a,"¿Qué razón lo motivó a contratar Internet en su hogar? (1º Mención, no leer alternativas)",1.0,Apoyar la educación de mis hijos,1661,66.30739,n >= 30
2008_I_base_completa_270409,c31a,"¿Qué razón lo motivó a contratar Internet en su hogar? (1º Mención, no leer alternativas)",2.0,Estar al día con la tecnología,193,7.70459,n >= 30
2008_I_base_completa_270409,c31a,"¿Qué razón lo motivó a contratar Internet en su hogar? (1º Mención, no leer alternativas)",5.0,Conocer y tener más acceso a información,63,2.51497,n >= 30
2008_I_base_completa_270409,c31a,"¿Qué razón lo motivó a contratar Internet en su hogar? (1º Mención, no leer alternativas)",3.0,Capacitarme o acceder a contenidos educativos,115,4.59082,n >= 30
2008_I_base_completa_270409,c31a,"¿Qué razón lo motivó a contratar Internet en su hogar? (1º Mención, no leer alternativas)",4.0,Comunicarme con familiares y amigos,102,4.07186,n >= 30
2008_I_base_completa_270409,c31a,"¿Qué razón lo motivó a contratar Internet en su hogar? (1º Mención, no leer alternativas)",6.0,Por razones laborales,269,10.73852,n >= 30
2008_I_base_completa_270409,c31a,"¿Qué razón lo motivó a contratar Internet en su hogar? (1º Mención, no leer alternativas)",9.0,Otra,75,2.99401,n >= 30
2008_I_base_completa_270409,c31ae,¿Qué otra razón lo motivó a contratar Internet en su hogar? (1º Mención),,,6345,98.83178,n >= 30
2008_I_base_completa_270409,c31b,"¿Qué razón lo motivó a contratar Internet en su hogar? (2º Mención, no leer alternativas)",10.0,Ninguna otra razón,673,26.89848,n >= 30
2008_I_base_completa_270409,c31b,"¿Qué razón lo motivó a contratar Internet en su hogar? (2º Mención, no leer alternativas)",6.0,Por razones laborales,304,12.15028,n >= 30
2008_I_base_completa_270409,c31b,"¿Qué razón lo motivó a contratar Internet en su hogar? (2º Mención, no leer alternativas)",5.0,Conocer y tener más acceso a información,310,12.39009,n >= 30
2008_I_base_completa_270409,c31b,"¿Qué razón lo motivó a contratar Internet en su hogar? (2º Mención, no leer alternativas)",2.0,Estar al día con la tecnología,409,16.34692,n >= 30
2008_I_base_completa_270409,c31b,"¿Qué razón lo motivó a contratar Internet en su hogar? (2º Mención, no leer alternativas)",3.0,Capacitarme y acceder a contenidos educativos,193,7.71383,n >= 30
2008_I_base_completa_270409,c31b,"¿Qué razón lo motivó a contratar Internet en su hogar? (2º Mención, no leer alternativas)",1.0,Apoyar la educación de mis hijos,201,8.03357,n >= 30
2008_I_base_completa_270409,c31b,"¿Qué razón lo motivó a contratar Internet en su hogar? (2º Mención, no leer alternativas)",4.0,Comunicarme con familiares y amigos,236,9.43245,n >= 30
2008_I_base_completa_270409,c31b,"¿Qué razón lo motivó a contratar Internet en su hogar? (2º Mención, no leer alternativas)",7.0,Tener más medios de entretención,111,4.43645,n >= 30
2008_I_base_completa_270409,c31b,"¿Qué razón lo motivó a contratar Internet en su hogar? (2º Mención, no leer alternativas)",9.0,Otra,43,1.71863,n >= 30
2008_I_base_completa_270409,c31be,¿Qué otra razón lo motivó a contratar Internet en su hogar? (2º Mención),,,6377,99.33022,n >= 30
2008_I_base_completa_270409,c31c,"¿Qué razón lo motivó a contratar Internet en su hogar? (3º Mención, no leer alternativas)",3.0,Capacitarme y acceder a contenidos educativos,185,10.11482,n >= 30
2008_I_base_completa_270409,c31c,"¿Qué razón lo motivó a contratar Internet en su hogar? (3º Mención, no leer alternativas)",10.0,Ninguna otra razón,456,24.93166,n >= 30
2008_I_base_completa_270409,c31c,"¿Qué razón lo motivó a contratar Internet en su hogar? (3º Mención, no leer alternativas)",5.0,Conocer y tener más acceso a información,340,18.58939,n >= 30
2008_I_base_completa_270409,c31c,"¿Qué razón lo motivó a contratar Internet en su hogar? (3º Mención, no leer alternativas)",6.0,Por razones laborales,189,10.33352,n >= 30
2008_I_base_completa_270409,c31c,"¿Qué razón lo motivó a contratar Internet en su hogar? (3º Mención, no leer alternativas)",4.0,Comunicarme con familiares y amigos,146,7.9825,n >= 30
2008_I_base_completa_270409,c31c,"¿Qué razón lo motivó a contratar Internet en su hogar? (3º Mención, no leer alternativas)",7.0,Tener más medios de entretención,210,11.48168,n >= 30
2008_I_base_completa_270409,c31c,"¿Qué razón lo motivó a contratar Internet en su hogar? (3º Mención, no leer alternativas)",2.0,Estar al día con la tecnología,195,10.66156,n >= 30
2008_I_base_completa_270409,c31c,"¿Qué razón lo motivó a contratar Internet en su hogar? (3º Mención, no leer alternativas)",1.0,Apoyar la educación de mis hijos,62,3.38983,n >= 30
2008_I_base_completa_270409,c31c,"¿Qué razón lo motivó a contratar Internet en su hogar? (3º Mención, no leer alternativas)",8.0,"Realizar trámites como transferencias bancarias, pago de cue",38,2.07764,n >= 30
2008_I_base_completa_270409,c31ce,¿Qué otra razón lo motivó a contratar Internet en su hogar? (3º Mención),,,6412,99.87539,n >= 30
2008_I_base_completa_270409,c32,Al momento de contratar Internet ¿qué miembro de su hogar pensaba Ud. que sería el principal usuario? (Nº de orden),3.0,3.0,1006,40.15968,n >= 30
2008_I_base_completa_270409,c32,Al momento de contratar Internet ¿qué miembro de su hogar pensaba Ud. que sería el principal usuario? (Nº de orden),2.0,2.0,351,14.01198,n >= 30
2008_I_base_completa_270409,c32,Al momento de contratar Internet ¿qué miembro de su hogar pensaba Ud. que sería el principal usuario? (Nº de orden),1.0,1.0,595,23.7525,n >= 30
2008_I_base_completa_270409,c32,Al momento de contratar Internet ¿qué miembro de su hogar pensaba Ud. que sería el principal usuario? (Nº de orden),5.0,5.0,213,8.50299,n >= 30
2008_I_base_completa_270409,c32,Al momento de contratar Internet ¿qué miembro de su hogar pensaba Ud. que sería el principal usuario? (Nº de orden),4.0,4.0,279,11.13772,n >= 30
2008_I_base_completa_270409,c32,Al momento de contratar Internet ¿qué miembro de su hogar pensaba Ud. que sería el principal usuario? (Nº de orden),6.0,6.0,34,1.35729,n >= 30
2008_I_base_completa_270409,c33,¿Qué miembro de su hogar decidió instalar Internet en su hogar? (Nº de orden),1.0,1.0,1843,73.57285,n >= 30
2008_I_base_completa_270409,c33,¿Qué miembro de su hogar decidió instalar Internet en su hogar? (Nº de orden),3.0,3.0,199,7.94411,n >= 30
2008_I_base_completa_270409,c33,¿Qué miembro de su hogar decidió instalar Internet en su hogar? (Nº de orden),2.0,2.0,299,11.93613,n >= 30
2008_I_base_completa_270409,c33,¿Qué miembro de su hogar decidió instalar Internet en su hogar? (Nº de orden),4.0,4.0,103,4.11178,n >= 30
2008_I_base_completa_270409,c33,¿Qué miembro de su hogar decidió instalar Internet en su hogar? (Nº de orden),5.0,5.0,46,1.83633,n >= 30
2008_I_base_completa_270409,c34,¿Quién o quiénes paga(n) por el servicio de Internet de su hogar?,1.0,Miembro(s) del hogar paga(n) la totalidad de la cuenta,2376,94.8503,n >= 30
2008_I_base_completa_270409,c34,¿Quién o quiénes paga(n) por el servicio de Internet de su hogar?,2.0,Miembro(s) del hogar comparten el pago de la cuenta con pers,104,4.1517,n >= 30
2008_I_base_completa_270409,c35_1,Nº de Orden 1,1.0,1.0,1760,71.51564,n >= 30
2008_I_base_completa_270409,c35_1,Nº de Orden 1,3.0,3.0,163,6.62332,n >= 30
2008_I_base_completa_270409,c35_1,Nº de Orden 1,2.0,2.0,433,17.59447,n >= 30
2008_I_base_completa_270409,c35_1,Nº de Orden 1,4.0,4.0,72,2.92564,n >= 30
2008_I_base_completa_270409,c35_2,Nº de Orden 2,3.0,3.0,82,22.58953,n >= 30
2008_I_base_completa_270409,c35_2,Nº de Orden 2,4.0,4.0,52,14.32507,n >= 30
2008_I_base_completa_270409,c35_2,Nº de Orden 2,2.0,2.0,179,49.31129,n >= 30
2008_I_base_completa_270409,d36,"¿Cuántos paquetes diferentes paga por esos servicios (Celular, Internet, Telefonía, TV Cable)?",1.0,Uno,2422,37.72586,n >= 30
2008_I_base_completa_270409,d36,"¿Cuántos paquetes diferentes paga por esos servicios (Celular, Internet, Telefonía, TV Cable)?",3.0,Ninguno (o paga todos en forma separada),3987,62.1028,n >= 30
2008_I_base_completa_270409,d37as_1,¿Qué servicios incluye el primer paquete?: Internet,1.0,Sí,2085,85.69667,n >= 30
2008_I_base_completa_270409,d37as_1,¿Qué servicios incluye el primer paquete?: Internet,0.0,No,348,14.30333,n >= 30
2008_I_base_completa_270409,d37as_2,¿Qué servicios incluye el primer paquete?: TV Cable,1.0,Sí,1900,78.09289,n >= 30
2008_I_base_completa_270409,d37as_2,¿Qué servicios incluye el primer paquete?: TV Cable,0.0,No,533,21.90711,n >= 30
2008_I_base_completa_270409,d37as_3,¿Qué servicios incluye el primer paquete?: Teléfono Fijo,1.0,Sí,2191,90.05343,n >= 30
2008_I_base_completa_270409,d37as_3,¿Qué servicios incluye el primer paquete?: Teléfono Fijo,0.0,No,242,9.94657,n >= 30
2008_I_base_completa_270409,d37as_4,¿Qué servicios incluye el primer paquete?: Celular,0.0,No,2416,99.38297,n >= 30
2008_I_base_completa_270409,d38_1,"De los siguientes servicios, ¿cuáles paga en forma separada (no por paquetes)?: Internet",2.0,No,2185,34.03427,n >= 30
2008_I_base_completa_270409,d38_1,"De los siguientes servicios, ¿cuáles paga en forma separada (no por paquetes)?: Internet",3.0,No aplica,3841,59.82866,n >= 30
2008_I_base_completa_270409,d38_1,"De los siguientes servicios, ¿cuáles paga en forma separada (no por paquetes)?: Internet",1.0,Si,394,6.13707,n >= 30
2008_I_base_completa_270409,d38_2,"De los siguientes servicios, ¿cuáles paga en forma separada (no por paquetes)?: TV Cable",2.0,No,1972,30.71651,n >= 30
2008_I_base_completa_270409,d38_2,"De los siguientes servicios, ¿cuáles paga en forma separada (no por paquetes)?: TV Cable",3.0,No aplica,3074,47.88162,n >= 30
2008_I_base_completa_270409,d38_2,"De los siguientes servicios, ¿cuáles paga en forma separada (no por paquetes)?: TV Cable",1.0,Si,1374,21.40187,n >= 30
2008_I_base_completa_270409,d38_3,"De los siguientes servicios, ¿cuáles paga en forma separada (no por paquetes)?: Teléfono Fijo",2.0,No,2281,35.5296,n >= 30
2008_I_base_completa_270409,d38_3,"De los siguientes servicios, ¿cuáles paga en forma separada (no por paquetes)?: Teléfono Fijo",3.0,No aplica,2678,41.7134,n >= 30
2008_I_base_completa_270409,d38_3,"De los siguientes servicios, ¿cuáles paga en forma separada (no por paquetes)?: Teléfono Fijo",1.0,Si,1461,22.75701,n >= 30
2008_I_base_completa_270409,d38_4,"De los siguientes servicios, ¿cuáles paga en forma separada (no por paquetes)?: Celular",1.0,Si,3460,53.89408,n >= 30
2008_I_base_completa_270409,d38_4,"De los siguientes servicios, ¿cuáles paga en forma separada (no por paquetes)?: Celular",3.0,No aplica,2276,35.45171,n >= 30
2008_I_base_completa_270409,d38_4,"De los siguientes servicios, ¿cuáles paga en forma separada (no por paquetes)?: Celular",2.0,No,684,10.65421,n >= 30
2008_I_base_completa_270409,d39a,¿Cuánto pagó o debería haber pagado el mes pasado por el servicio de Internet?,999.0,999.0,50,12.53133,n >= 30
2008_I_base_completa_270409,d39a,¿Cuánto pagó o debería haber pagado el mes pasado por el servicio de Internet?,25000.0,25000.0,36,9.02256,n >= 30
2008_I_base_completa_270409,d39a,¿Cuánto pagó o debería haber pagado el mes pasado por el servicio de Internet?,20000.0,20000.0,50,12.53133,n >= 30
2008_I_base_completa_270409,e40,"Frente a estas condiciones, ¿estaría dispuesto a pagar mensualmente $19.900 pesos por el servicio descrito?",2.0,No,5702,88.8162,n >= 30
2008_I_base_completa_270409,e40,"Frente a estas condiciones, ¿estaría dispuesto a pagar mensualmente $19.900 pesos por el servicio descrito?",1.0,Sí,718,11.1838,n >= 30
2008_I_base_completa_270409,e41,"Y si el precio mensual del mismo servicio fuera de $9.900 pesos, ¿estaría dispuesto a pagar esta cantidad de dinero por el servicio descrito?",2.0,No,4093,71.83222,n >= 30
2008_I_base_completa_270409,e41,"Y si el precio mensual del mismo servicio fuera de $9.900 pesos, ¿estaría dispuesto a pagar esta cantidad de dinero por el servicio descrito?",1.0,Sí,1605,28.16778,n >= 30
2008_I_base_completa_270409,e42,"Y si el precio mensual del mismo servicio fuera de $29.900  pesos, ¿estaría dispuesto a pagar esta cantidad de dinero por el servicio descrito?",2.0,No,567,78.64078,n >= 30
2008_I_base_completa_270409,e42,"Y si el precio mensual del mismo servicio fuera de $29.900  pesos, ¿estaría dispuesto a pagar esta cantidad de dinero por el servicio descrito?",1.0,Sí,154,21.35922,n >= 30
2008_I_base_completa_270409,f46,"De las siguientes restricciones que puede tener un plan de Internet, ¿cuál es la que menos le acomodaría?",3.0,Que le limiten el horario en el cual pueda navegar,2436,37.94393,n >= 30
2008_I_base_completa_270409,f46,"De las siguientes restricciones que puede tener un plan de Internet, ¿cuál es la que menos le acomodaría?",2.0,Que le limiten la cantidad de horas que puede navegar,751,11.69782,n >= 30
2008_I_base_completa_270409,f46,"De las siguientes restricciones que puede tener un plan de Internet, ¿cuál es la que menos le acomodaría?",4.0,No sabe,2710,42.21184,n >= 30
2008_I_base_completa_270409,f46,"De las siguientes restricciones que puede tener un plan de Internet, ¿cuál es la que menos le acomodaría?",1.0,Que le limiten la capacidad de descargas,523,8.14642,n >= 30
2008_I_base_completa_270409,f47,¿Ha utilizado un computador alguna vez?,1.0,Sí,3507,54.62617,n >= 30
2008_I_base_completa_270409,f47,¿Ha utilizado un computador alguna vez?,2.0,No,2913,45.37383,n >= 30
2008_I_base_completa_270409,f48,"En los últimos 3 meses, ¿ha utilizado Internet o solicitado a alguien que lo haga por Ud. (incluyendo el uso de correo electrónico, descarga de música o películas, chater, escuchar música)?",1.0,Sí,2658,41.40187,n >= 30
2008_I_base_completa_270409,f48,"En los últimos 3 meses, ¿ha utilizado Internet o solicitado a alguien que lo haga por Ud. (incluyendo el uso de correo electrónico, descarga de música o películas, chater, escuchar música)?",2.0,No,3762,58.59813,n >= 30
2008_I_base_completa_270409,f49,¿Con qué frecuencia ha recurrido a alguien para que le brinde ayuda con alguna aplicación de Internet?,4.0,Muy rara vez,678,25.5079,n >= 30
2008_I_base_completa_270409,f49,¿Con qué frecuencia ha recurrido a alguien para que le brinde ayuda con alguna aplicación de Internet?,3.0,De vez en cuando,1025,38.56283,n >= 30
2008_I_base_completa_270409,f49,¿Con qué frecuencia ha recurrido a alguien para que le brinde ayuda con alguna aplicación de Internet?,5.0,Nunca,386,14.5222,n >= 30
2008_I_base_completa_270409,f49,¿Con qué frecuencia ha recurrido a alguien para que le brinde ayuda con alguna aplicación de Internet?,2.0,Frecuentemente,335,12.60346,n >= 30
2008_I_base_completa_270409,f49,¿Con qué frecuencia ha recurrido a alguien para que le brinde ayuda con alguna aplicación de Internet?,1.0,Muy frecuentemente,234,8.80361,n >= 30
2008_I_base_completa_270409,f50,Generalmente ¿a quién recurre cuando necesita ayuda?,2.0,A una persona ajena al hogar,574,36.01004,n >= 30
2008_I_base_completa_270409,f50,Generalmente ¿a quién recurre cuando necesita ayuda?,1.0,A algún miembro del hogar,1020,63.98996,n >= 30
2008_I_base_completa_270409,f51,¿Me podría indicar el nombre del miembro del hogar a quien recurre con mayor frecuencia? (Nº de orden),3.0,3.0,483,47.35294,n >= 30
2008_I_base_completa_270409,f51,¿Me podría indicar el nombre del miembro del hogar a quien recurre con mayor frecuencia? (Nº de orden),2.0,2.0,236,23.13725,n >= 30
2008_I_base_completa_270409,f51,¿Me podría indicar el nombre del miembro del hogar a quien recurre con mayor frecuencia? (Nº de orden),4.0,4.0,185,18.13725,n >= 30
2008_I_base_completa_270409,f51,¿Me podría indicar el nombre del miembro del hogar a quien recurre con mayor frecuencia? (Nº de orden),5.0,5.0,53,5.19608,n >= 30
2008_I_base_completa_270409,f51,¿Me podría indicar el nombre del miembro del hogar a quien recurre con mayor frecuencia? (Nº de orden),6.0,6.0,34,3.33333,n >= 30
2008_I_base_completa_270409,f52,¿Cuál es la principal razón por la cual no ha utilizado Internet? (Lea todas las alternativas),2.0,No le interesa por ahora,790,20.99947,n >= 30
2008_I_base_completa_270409,f52,¿Cuál es la principal razón por la cual no ha utilizado Internet? (Lea todas las alternativas),1.0,No lo necesita por ahora,617,16.40085,n >= 30
2008_I_base_completa_270409,f52,¿Cuál es la principal razón por la cual no ha utilizado Internet? (Lea todas las alternativas),6.0,Otra,164,4.35938,n >= 30
2008_I_base_completa_270409,f52,¿Cuál es la principal razón por la cual no ha utilizado Internet? (Lea todas las alternativas),3.0,No sabe usarlo,1886,50.13291,n >= 30
2008_I_base_completa_270409,f52,¿Cuál es la principal razón por la cual no ha utilizado Internet? (Lea todas las alternativas),4.0,No sabe para qué sirve,127,3.37586,n >= 30
2008_I_base_completa_270409,f52,¿Cuál es la principal razón por la cual no ha utilizado Internet? (Lea todas las alternativas),5.0,No hay oferta de Internet en mi hogar,178,4.73153,n >= 30
2008_I_base_completa_270409,f52e,¿Por qué otra razón no ha utilizado Internet?,,,6256,97.44548,n >= 30
2008_I_base_completa_270409,f53,¿Hace cuanto tiempo utiliza Internet?,5.0,Más de 5 años,827,31.11362,n >= 30
2008_I_base_completa_270409,f53,¿Hace cuanto tiempo utiliza Internet?,3.0,"Más de 1 año, hasta 2 años",489,18.39729,n >= 30
2008_I_base_completa_270409,f53,¿Hace cuanto tiempo utiliza Internet?,4.0,"Más de 2 años, hasta 5 años",914,34.38676,n >= 30
2008_I_base_completa_270409,f53,¿Hace cuanto tiempo utiliza Internet?,2.0,"Más de 6 meses, hasta 1 año",244,9.17983,n >= 30
2008_I_base_completa_270409,f53,¿Hace cuanto tiempo utiliza Internet?,1.0,Hace 6 meses o menos,184,6.9225,n >= 30
2008_I_base_completa_270409,f54_1,¿Con qué frecuencia realiza cada una de las siguientes actividades o solicita a alguien que la realice por Ud.?: Enviar y recibir correos electrónicos,3.0,Nunca,472,17.75771,n >= 30
2008_I_base_completa_270409,f54_1,¿Con qué frecuencia realiza cada una de las siguientes actividades o solicita a alguien que la realice por Ud.?: Enviar y recibir correos electrónicos,1.0,Frecuentemente,1354,50.94056,n >= 30
2008_I_base_completa_270409,f54_1,¿Con qué frecuencia realiza cada una de las siguientes actividades o solicita a alguien que la realice por Ud.?: Enviar y recibir correos electrónicos,2.0,De vez en cuando,832,31.30173,n >= 30
2008_I_base_completa_270409,f54_2,"¿Con qué frecuencia realiza cada una de las siguientes actividades o solicita a alguien que la realice por Ud.?: Chatear (Messenger, Skype)",3.0,Nunca,1074,40.40632,n >= 30
2008_I_base_completa_270409,f54_2,"¿Con qué frecuencia realiza cada una de las siguientes actividades o solicita a alguien que la realice por Ud.?: Chatear (Messenger, Skype)",2.0,De vez en cuando,944,35.51543,n >= 30
2008_I_base_completa_270409,f54_2,"¿Con qué frecuencia realiza cada una de las siguientes actividades o solicita a alguien que la realice por Ud.?: Chatear (Messenger, Skype)",1.0,Frecuentemente,640,24.07825,n >= 30
2008_I_base_completa_270409,f54_3,¿Con qué frecuencia realiza cada una de las siguientes actividades o solicita a alguien que la realice por Ud.? Ver televisión por Internet,3.0,Nunca,2117,79.64635,n >= 30
2008_I_base_completa_270409,f54_3,¿Con qué frecuencia realiza cada una de las siguientes actividades o solicita a alguien que la realice por Ud.? Ver televisión por Internet,2.0,De vez en cuando,411,15.46275,n >= 30
2008_I_base_completa_270409,f54_3,¿Con qué frecuencia realiza cada una de las siguientes actividades o solicita a alguien que la realice por Ud.? Ver televisión por Internet,1.0,Frecuentemente,130,4.8909,n >= 30
2008_I_base_completa_270409,f54_4,"¿Con qué frecuencia realiza cada una de las siguientes actividades o solicita a alguien que la realice por Ud.? Utilizar Facebook, Hi-5, Myspace",3.0,Nunca,1518,57.11061,n >= 30
2008_I_base_completa_270409,f54_4,"¿Con qué frecuencia realiza cada una de las siguientes actividades o solicita a alguien que la realice por Ud.? Utilizar Facebook, Hi-5, Myspace",2.0,De vez en cuando,606,22.7991,n >= 30
2008_I_base_completa_270409,f54_4,"¿Con qué frecuencia realiza cada una de las siguientes actividades o solicita a alguien que la realice por Ud.? Utilizar Facebook, Hi-5, Myspace",1.0,Frecuentemente,534,20.09029,n >= 30
2008_I_base_completa_270409,f54_5,¿Con qué frecuencia realiza cada una de las siguientes actividades o solicita a alguien que la realice por Ud.? Escuchar música por Internet,3.0,Nunca,1096,41.23401,n >= 30
2008_I_base_completa_270409,f54_5,¿Con qué frecuencia realiza cada una de las siguientes actividades o solicita a alguien que la realice por Ud.? Escuchar música por Internet,2.0,De vez en cuando,935,35.17682,n >= 30
2008_I_base_completa_270409,f54_5,¿Con qué frecuencia realiza cada una de las siguientes actividades o solicita a alguien que la realice por Ud.? Escuchar música por Internet,1.0,Frecuentemente,627,23.58916,n >= 30
2008_I_base_completa_270409,f54_6,¿Con qué frecuencia realiza cada una de las siguientes actividades o solicita a alguien que la realice por Ud.? Bajar música y/o películas,3.0,Nunca,1489,56.01956,n >= 30
2008_I_base_completa_270409,f54_6,¿Con qué frecuencia realiza cada una de las siguientes actividades o solicita a alguien que la realice por Ud.? Bajar música y/o películas,2.0,De vez en cuando,716,26.93755,n >= 30
2008_I_base_completa_270409,f54_6,¿Con qué frecuencia realiza cada una de las siguientes actividades o solicita a alguien que la realice por Ud.? Bajar música y/o películas,1.0,Frecuentemente,453,17.04289,n >= 30
2008_I_base_completa_270409,f54_7,¿Con qué frecuencia realiza cada una de las siguientes actividades o solicita a alguien que la realice por Ud.? Jugar en línea,3.0,Nunca,2088,78.5553,n >= 30
2008_I_base_completa_270409,f54_7,¿Con qué frecuencia realiza cada una de las siguientes actividades o solicita a alguien que la realice por Ud.? Jugar en línea,2.0,De vez en cuando,381,14.33409,n >= 30
2008_I_base_completa_270409,f54_7,¿Con qué frecuencia realiza cada una de las siguientes actividades o solicita a alguien que la realice por Ud.? Jugar en línea,1.0,Frecuentemente,189,7.11061,n >= 30
2008_I_base_completa_270409,f54_8,¿Con qué frecuencia realiza cada una de las siguientes actividades o solicita a alguien que la realice por Ud.? Visitar Fotologs/blogs,3.0,Nunca,2043,76.8623,n >= 30
2008_I_base_completa_270409,f54_8,¿Con qué frecuencia realiza cada una de las siguientes actividades o solicita a alguien que la realice por Ud.? Visitar Fotologs/blogs,2.0,De vez en cuando,452,17.00527,n >= 30
2008_I_base_completa_270409,f54_8,¿Con qué frecuencia realiza cada una de las siguientes actividades o solicita a alguien que la realice por Ud.? Visitar Fotologs/blogs,1.0,Frecuentemente,163,6.13243,n >= 30
2008_I_base_completa_270409,f54_9,"¿Con qué frecuencia realiza cada una de las siguientes actividades o solicita a alguien que la realice por Ud.? Hablar (telefonía IP, Skype)",3.0,Nunca,2205,82.95711,n >= 30
2008_I_base_completa_270409,f54_9,"¿Con qué frecuencia realiza cada una de las siguientes actividades o solicita a alguien que la realice por Ud.? Hablar (telefonía IP, Skype)",2.0,De vez en cuando,345,12.97968,n >= 30
2008_I_base_completa_270409,f54_9,"¿Con qué frecuencia realiza cada una de las siguientes actividades o solicita a alguien que la realice por Ud.? Hablar (telefonía IP, Skype)",1.0,Frecuentemente,108,4.06321,n >= 30
2008_I_base_completa_270409,f54_10,¿Con qué frecuencia realiza cada una de las siguientes actividades o solicita a alguien que la realice por Ud.? Crear Fotologs/Blogs,3.0,Nunca,2364,88.93905,n >= 30
2008_I_base_completa_270409,f54_10,¿Con qué frecuencia realiza cada una de las siguientes actividades o solicita a alguien que la realice por Ud.? Crear Fotologs/Blogs,1.0,Frecuentemente,57,2.14447,n >= 30
2008_I_base_completa_270409,f54_10,¿Con qué frecuencia realiza cada una de las siguientes actividades o solicita a alguien que la realice por Ud.? Crear Fotologs/Blogs,2.0,De vez en cuando,237,8.91648,n >= 30
2008_I_base_completa_270409,f54_11,¿Con qué frecuencia realiza cada una de las siguientes actividades o solicita a alguien que la realice por Ud.? Ver videos por Internet (Youtube),3.0,Nunca,1244,46.80211,n >= 30
2008_I_base_completa_270409,f54_11,¿Con qué frecuencia realiza cada una de las siguientes actividades o solicita a alguien que la realice por Ud.? Ver videos por Internet (Youtube),2.0,De vez en cuando,977,36.75696,n >= 30
2008_I_base_completa_270409,f54_11,¿Con qué frecuencia realiza cada una de las siguientes actividades o solicita a alguien que la realice por Ud.? Ver videos por Internet (Youtube),1.0,Frecuentemente,437,16.44093,n >= 30
2008_I_base_completa_270409,f54_12,"¿Con qué frecuencia realiza cada una de las siguientes actividades o solicita a alguien que la realice por Ud.? Subir vídeos, música y otros archivos",3.0,Nunca,1993,74.98119,n >= 30
2008_I_base_completa_270409,f54_12,"¿Con qué frecuencia realiza cada una de las siguientes actividades o solicita a alguien que la realice por Ud.? Subir vídeos, música y otros archivos",2.0,De vez en cuando,462,17.38149,n >= 30
2008_I_base_completa_270409,f54_12,"¿Con qué frecuencia realiza cada una de las siguientes actividades o solicita a alguien que la realice por Ud.? Subir vídeos, música y otros archivos",1.0,Frecuentemente,203,7.63732,n >= 30
2008_I_base_completa_270409,f55_1,¿Con qué frecuencia las realiza a través de Internet o solicita a alguien que la realice por Ud.? Transacciones bancarias en general,2.0,De vez en cuando,355,13.35591,n >= 30
2008_I_base_completa_270409,f55_1,¿Con qué frecuencia las realiza a través de Internet o solicita a alguien que la realice por Ud.? Transacciones bancarias en general,3.0,Nunca,1987,74.75546,n >= 30
2008_I_base_completa_270409,f55_1,¿Con qué frecuencia las realiza a través de Internet o solicita a alguien que la realice por Ud.? Transacciones bancarias en general,1.0,Frecuentemente,316,11.88864,n >= 30
2008_I_base_completa_270409,f55_2,"¿Con qué frecuencia las realiza a través de Internet o solicita a alguien que la realice por Ud.? Pagar servicios básicos (Luz, Agua, Gas)",3.0,Nunca,2229,83.86005,n >= 30
2008_I_base_completa_270409,f55_2,"¿Con qué frecuencia las realiza a través de Internet o solicita a alguien que la realice por Ud.? Pagar servicios básicos (Luz, Agua, Gas)",1.0,Frecuentemente,185,6.96012,n >= 30
2008_I_base_completa_270409,f55_2,"¿Con qué frecuencia las realiza a través de Internet o solicita a alguien que la realice por Ud.? Pagar servicios básicos (Luz, Agua, Gas)",2.0,De vez en cuando,244,9.17983,n >= 30
2008_I_base_completa_270409,f55_3,"¿Con qué frecuencia las realiza a través de Internet o solicita a alguien que la realice por Ud.? Solicitar certificados (Registro Civil, otros)",3.0,Nunca,2034,76.5237,n >= 30
2008_I_base_completa_270409,f55_3,"¿Con qué frecuencia las realiza a través de Internet o solicita a alguien que la realice por Ud.? Solicitar certificados (Registro Civil, otros)",1.0,Frecuentemente,140,5.26712,n >= 30
2008_I_base_completa_270409,f55_3,"¿Con qué frecuencia las realiza a través de Internet o solicita a alguien que la realice por Ud.? Solicitar certificados (Registro Civil, otros)",2.0,De vez en cuando,484,18.20918,n >= 30
2008_I_base_completa_270409,f55_4,¿Con qué frecuencia las realiza a través de Internet o solicita a alguien que la realice por Ud.? Pagar contribuciones,3.0,Nunca,2381,89.57863,n >= 30
2008_I_base_completa_270409,f55_4,¿Con qué frecuencia las realiza a través de Internet o solicita a alguien que la realice por Ud.? Pagar contribuciones,1.0,Frecuentemente,95,3.57412,n >= 30
2008_I_base_completa_270409,f55_4,¿Con qué frecuencia las realiza a través de Internet o solicita a alguien que la realice por Ud.? Pagar contribuciones,2.0,De vez en cuando,182,6.84725,n >= 30
2008_I_base_completa_270409,f55_5,¿Con qué frecuencia las realiza a través de Internet o solicita a alguien que la realice por Ud.? Compra de bienes y servicios,3.0,Nunca,2181,82.05418,n >= 30
2008_I_base_completa_270409,f55_5,¿Con qué frecuencia las realiza a través de Internet o solicita a alguien que la realice por Ud.? Compra de bienes y servicios,2.0,De vez en cuando,368,13.845,n >= 30
2008_I_base_completa_270409,f55_5,¿Con qué frecuencia las realiza a través de Internet o solicita a alguien que la realice por Ud.? Compra de bienes y servicios,1.0,Frecuentemente,109,4.10083,n >= 30
2008_I_base_completa_270409,f55_6,¿Con qué frecuencia las realiza a través de Internet o solicita a alguien que la realice por Ud.? Buscar información de interés personal (no laboral / ni de estudio),2.0,De vez en cuando,895,33.67193,n >= 30
2008_I_base_completa_270409,f55_6,¿Con qué frecuencia las realiza a través de Internet o solicita a alguien que la realice por Ud.? Buscar información de interés personal (no laboral / ni de estudio),1.0,Frecuentemente,1049,39.46576,n >= 30
2008_I_base_completa_270409,f55_6,¿Con qué frecuencia las realiza a través de Internet o solicita a alguien que la realice por Ud.? Buscar información de interés personal (no laboral / ni de estudio),3.0,Nunca,714,26.8623,n >= 30
2008_I_base_completa_270409,f55_7,¿Con qué frecuencia las realiza a través de Internet o solicita a alguien que la realice por Ud.? Buscar información relacionada a su trabajo,2.0,De vez en cuando,658,24.75546,n >= 30
2008_I_base_completa_270409,f55_7,¿Con qué frecuencia las realiza a través de Internet o solicita a alguien que la realice por Ud.? Buscar información relacionada a su trabajo,3.0,Nunca,1082,40.7073,n >= 30
2008_I_base_completa_270409,f55_7,¿Con qué frecuencia las realiza a través de Internet o solicita a alguien que la realice por Ud.? Buscar información relacionada a su trabajo,1.0,Frecuentemente,918,34.53725,n >= 30
2008_I_base_completa_270409,f55_8,¿Con qué frecuencia las realiza a través de Internet o solicita a alguien que la realice por Ud.? Buscar información relacionada a sus estudios,3.0,Nunca,1739,65.42513,n >= 30
2008_I_base_completa_270409,f55_8,¿Con qué frecuencia las realiza a través de Internet o solicita a alguien que la realice por Ud.? Buscar información relacionada a sus estudios,2.0,De vez en cuando,358,13.46877,n >= 30
2008_I_base_completa_270409,f55_8,¿Con qué frecuencia las realiza a través de Internet o solicita a alguien que la realice por Ud.? Buscar información relacionada a sus estudios,1.0,Frecuentemente,561,21.10609,n >= 30
2008_I_base_completa_270409,f55_9,"¿Con qué frecuencia las realiza a través de Internet o solicita a alguien que la realice por Ud.? Leer diarios, noticias o revistas",1.0,Frecuentemente,866,32.58089,n >= 30
2008_I_base_completa_270409,f55_9,"¿Con qué frecuencia las realiza a través de Internet o solicita a alguien que la realice por Ud.? Leer diarios, noticias o revistas",3.0,Nunca,831,31.26411,n >= 30
2008_I_base_completa_270409,f55_9,"¿Con qué frecuencia las realiza a través de Internet o solicita a alguien que la realice por Ud.? Leer diarios, noticias o revistas",2.0,De vez en cuando,961,36.155,n >= 30
2008_I_base_completa_270409,f55_10,¿Con qué frecuencia las realiza a través de Internet o solicita a alguien que la realice por Ud.? Obtener información de bienes y servicios (vitrinear),1.0,Frecuentemente,532,20.01505,n >= 30
2008_I_base_completa_270409,f55_10,¿Con qué frecuencia las realiza a través de Internet o solicita a alguien que la realice por Ud.? Obtener información de bienes y servicios (vitrinear),2.0,De vez en cuando,903,33.97291,n >= 30
2008_I_base_completa_270409,f55_10,¿Con qué frecuencia las realiza a través de Internet o solicita a alguien que la realice por Ud.? Obtener información de bienes y servicios (vitrinear),3.0,Nunca,1223,46.01204,n >= 30
2008_I_base_completa_270409,f56_1,"Por último, de la siguiente lista de usos de Internet, ¿cuáles ha realizado en los últimos dos meses? Buscar trabajo por Internet o publicar su CV en alguna bolsa de trabajo electrónica",0.0,No,2113,79.49586,n >= 30
2008_I_base_completa_270409,f56_1,"Por último, de la siguiente lista de usos de Internet, ¿cuáles ha realizado en los últimos dos meses? Buscar trabajo por Internet o publicar su CV en alguna bolsa de trabajo electrónica",1.0,Sí,545,20.50414,n >= 30
2008_I_base_completa_270409,f56_2,"Por último, de la siguiente lista de usos de Internet, ¿cuáles ha realizado en los últimos dos meses? Buscar información sobre temas de salud",1.0,Sí,1245,46.83973,n >= 30
2008_I_base_completa_270409,f56_2,"Por último, de la siguiente lista de usos de Internet, ¿cuáles ha realizado en los últimos dos meses? Buscar información sobre temas de salud",0.0,No,1413,53.16027,n >= 30
2008_I_base_completa_270409,f56_3,"Por último, de la siguiente lista de usos de Internet, ¿cuáles ha realizado en los últimos dos meses? Buscar información en algún sitio de servicios o administración pública",0.0,No,1663,62.56584,n >= 30
2008_I_base_completa_270409,f56_3,"Por último, de la siguiente lista de usos de Internet, ¿cuáles ha realizado en los últimos dos meses? Buscar información en algún sitio de servicios o administración pública",1.0,Sí,995,37.43416,n >= 30
2008_I_base_completa_270409,f56_4,"Por último, de la siguiente lista de usos de Internet, ¿cuáles ha realizado en los últimos dos meses? Ninguna",0.0,No,1633,61.43717,n >= 30
2008_I_base_completa_270409,f56_4,"Por último, de la siguiente lista de usos de Internet, ¿cuáles ha realizado en los últimos dos meses? Ninguna",1.0,Sí,1025,38.56283,n >= 30
2008_I_base_completa_270409,f57,"En los últimos dos meses Ud., ¿ha participado en cursos de e-learning o educación a distancia por Internet?",2.0,No,2578,96.99022,n >= 30
2008_I_base_completa_270409,f57,"En los últimos dos meses Ud., ¿ha participado en cursos de e-learning o educación a distancia por Internet?",1.0,Sí,80,3.00978,n >= 30
2008_I_base_completa_270409,f58_1,"Para la última elección municipal, ¿utilizó Internet para alguna de las siguientes actividades? Buscar información de los candidatos a alcalde y concejal",0.0,No,2188,82.31753,n >= 30
2008_I_base_completa_270409,f58_1,"Para la última elección municipal, ¿utilizó Internet para alguna de las siguientes actividades? Buscar información de los candidatos a alcalde y concejal",1.0,Sí,470,17.68247,n >= 30
2008_I_base_completa_270409,f58_2,"Para la última elección municipal, ¿utilizó Internet para alguna de las siguientes actividades? Buscar información de local de votación",0.0,No,1924,72.38525,n >= 30
2008_I_base_completa_270409,f58_2,"Para la última elección municipal, ¿utilizó Internet para alguna de las siguientes actividades? Buscar información de local de votación",1.0,Sí,734,27.61475,n >= 30
2008_I_base_completa_270409,f58_3,"Para la última elección municipal, ¿utilizó Internet para alguna de las siguientes actividades? Saber si era vocal de mesa",0.0,No,1710,64.33409,n >= 30
2008_I_base_completa_270409,f58_3,"Para la última elección municipal, ¿utilizó Internet para alguna de las siguientes actividades? Saber si era vocal de mesa",1.0,Sí,948,35.66591,n >= 30
2008_I_base_completa_270409,f58_4,"Para la última elección municipal, ¿utilizó Internet para alguna de las siguientes actividades? No lo utilizó",1.0,Sí,1517,57.07299,n >= 30
2008_I_base_completa_270409,f58_4,"Para la última elección municipal, ¿utilizó Internet para alguna de las siguientes actividades? No lo utilizó",0.0,No,1141,42.92701,n >= 30
2008_I_base_completa_270409,f59,"En general e independiente del lugar desde donde se conecte a Internet, ¿con qué frecuencia ha usado Internet en el último mes?",3.0,Al menos 3 días a la semana,504,18.96163,n >= 30
2008_I_base_completa_270409,f59,"En general e independiente del lugar desde donde se conecte a Internet, ¿con qué frecuencia ha usado Internet en el último mes?",2.0,Al menos 5 días a la semana,343,12.90444,n >= 30
2008_I_base_completa_270409,f59,"En general e independiente del lugar desde donde se conecte a Internet, ¿con qué frecuencia ha usado Internet en el último mes?",1.0,Todos los días,835,31.4146,n >= 30
2008_I_base_completa_270409,f59,"En general e independiente del lugar desde donde se conecte a Internet, ¿con qué frecuencia ha usado Internet en el último mes?",4.0,Al menos una vez a la semana,406,15.27464,n >= 30
2008_I_base_completa_270409,f59,"En general e independiente del lugar desde donde se conecte a Internet, ¿con qué frecuencia ha usado Internet en el último mes?",6.0,No lo ha usado el último mes,274,10.3085,n >= 30
2008_I_base_completa_270409,f59,"En general e independiente del lugar desde donde se conecte a Internet, ¿con qué frecuencia ha usado Internet en el último mes?",5.0,"Al menos una vez al mes, pero no cada semana",296,11.13619,n >= 30
2008_I_base_completa_270409,f61_1,"Durante el último mes, ¿en qué lugares ha utilizado Internet? En su casa",1.0,Si,1719,72.01508,n >= 30
2008_I_base_completa_270409,f61_1,"Durante el último mes, ¿en qué lugares ha utilizado Internet? En su casa",2.0,No,406,17.0088,n >= 30
2008_I_base_completa_270409,f61_1,"Durante el último mes, ¿en qué lugares ha utilizado Internet? En su casa",3.0,No aplica,262,10.97612,n >= 30
2008_I_base_completa_270409,f61_2,"Durante el último mes, ¿en qué lugares ha utilizado Internet? En su trabajo",1.0,Si,912,38.20695,n >= 30
2008_I_base_completa_270409,f61_2,"Durante el último mes, ¿en qué lugares ha utilizado Internet? En su trabajo",3.0,No aplica,369,15.45873,n >= 30
2008_I_base_completa_270409,f61_2,"Durante el último mes, ¿en qué lugares ha utilizado Internet? En su trabajo",2.0,No,1106,46.33431,n >= 30
2008_I_base_completa_270409,f61_3,"Durante el último mes, ¿en qué lugares ha utilizado Internet? En el establecimiento educacional",2.0,No,1365,57.18475,n >= 30
2008_I_base_completa_270409,f61_3,"Durante el último mes, ¿en qué lugares ha utilizado Internet? En el establecimiento educacional",3.0,No aplica,878,36.78257,n >= 30
2008_I_base_completa_270409,f61_3,"Durante el último mes, ¿en qué lugares ha utilizado Internet? En el establecimiento educacional",1.0,Si,144,6.03268,n >= 30
2008_I_base_completa_270409,f61_4,"Durante el último mes, ¿en qué lugares ha utilizado Internet? En casas de amigos, conocidos o parientes",2.0,No,1740,72.89485,n >= 30
2008_I_base_completa_270409,f61_4,"Durante el último mes, ¿en qué lugares ha utilizado Internet? En casas de amigos, conocidos o parientes",1.0,Si,415,17.38584,n >= 30
2008_I_base_completa_270409,f61_4,"Durante el último mes, ¿en qué lugares ha utilizado Internet? En casas de amigos, conocidos o parientes",3.0,No aplica,232,9.71931,n >= 30
2008_I_base_completa_270409,f61_5,"Durante el último mes, ¿en qué lugares ha utilizado Internet? En Infocentro o telecentro gratuitos (biblioteca o centro de INJUV, SERCOTEC, SUBTEL, Municipal u ONG)",2.0,No,2044,85.6305,n >= 30
2008_I_base_completa_270409,f61_5,"Durante el último mes, ¿en qué lugares ha utilizado Internet? En Infocentro o telecentro gratuitos (biblioteca o centro de INJUV, SERCOTEC, SUBTEL, Municipal u ONG)",1.0,Si,54,2.26225,n >= 30
2008_I_base_completa_270409,f61_5,"Durante el último mes, ¿en qué lugares ha utilizado Internet? En Infocentro o telecentro gratuitos (biblioteca o centro de INJUV, SERCOTEC, SUBTEL, Municipal u ONG)",3.0,No aplica,289,12.10725,n >= 30
2008_I_base_completa_270409,f61_6,"Durante el último mes, ¿en qué lugares ha utilizado Internet? En centros de Internet pagados (Cybercafé)",2.0,No,1708,71.55425,n >= 30
2008_I_base_completa_270409,f61_6,"Durante el último mes, ¿en qué lugares ha utilizado Internet? En centros de Internet pagados (Cybercafé)",1.0,Si,479,20.06703,n >= 30
2008_I_base_completa_270409,f61_6,"Durante el último mes, ¿en qué lugares ha utilizado Internet? En centros de Internet pagados (Cybercafé)",3.0,No aplica,200,8.37872,n >= 30
2008_I_base_completa_270409,f61_7,"Durante el último mes, ¿en qué lugares ha utilizado Internet? En centros comunitarios (junta de vecinos, organizaciones gremiales, etc.)",2.0,No,2097,87.85086,n >= 30
2008_I_base_completa_270409,f61_7,"Durante el último mes, ¿en qué lugares ha utilizado Internet? En centros comunitarios (junta de vecinos, organizaciones gremiales, etc.)",3.0,No aplica,284,11.89778,n >= 30
2008_I_base_completa_270409,f61_8,"Durante el último mes, ¿en qué lugares ha utilizado Internet? En lugares con red Wi-fi gratis (metro, restaurantes, café, estaciones de servicios, etc)",2.0,No,1981,82.9912,n >= 30
2008_I_base_completa_270409,f61_8,"Durante el último mes, ¿en qué lugares ha utilizado Internet? En lugares con red Wi-fi gratis (metro, restaurantes, café, estaciones de servicios, etc)",1.0,Si,149,6.24214,n >= 30
2008_I_base_completa_270409,f61_8,"Durante el último mes, ¿en qué lugares ha utilizado Internet? En lugares con red Wi-fi gratis (metro, restaurantes, café, estaciones de servicios, etc)",3.0,No aplica,257,10.76665,n >= 30
2008_I_base_completa_270409,f61_9,"Durante el último mes, ¿en qué lugares ha utilizado Internet? En otro lugar",2.0,No,2126,89.06577,n >= 30
2008_I_base_completa_270409,f61_9,"Durante el último mes, ¿en qué lugares ha utilizado Internet? En otro lugar",3.0,No aplica,251,10.51529,n >= 30
2008_I_base_completa_270409,f61esp,¿En qué otro lugar ha utilizado Internet?,,,6410,99.84424,n >= 30
2008_I_base_completa_270409,f62a,"En promedio, ¿con qué frecuencia ha usado Internet en el último mes en su casa?",3.0,Al menos 3 días a la semana,400,23.2288,n >= 30
2008_I_base_completa_270409,f62a,"En promedio, ¿con qué frecuencia ha usado Internet en el último mes en su casa?",2.0,Al menos 5 días a la semana,308,17.88618,n >= 30
2008_I_base_completa_270409,f62a,"En promedio, ¿con qué frecuencia ha usado Internet en el último mes en su casa?",1.0,Todos los días,680,39.48897,n >= 30
2008_I_base_completa_270409,f62a,"En promedio, ¿con qué frecuencia ha usado Internet en el último mes en su casa?",4.0,Al menos una vez a la semana,237,13.76307,n >= 30
2008_I_base_completa_270409,f62a,"En promedio, ¿con qué frecuencia ha usado Internet en el último mes en su casa?",5.0,"Al menos una vez al mes, pero no cada semana",97,5.63298,n >= 30
2008_I_base_completa_270409,f62b,"En promedio, ¿con qué frecuencia ha usado Internet en el último mes en su trabajo?",2.0,Al menos 5 días a la semana,295,32.24044,n >= 30
2008_I_base_completa_270409,f62b,"En promedio, ¿con qué frecuencia ha usado Internet en el último mes en su trabajo?",3.0,Al menos 3 días a la semana,220,24.04372,n >= 30
2008_I_base_completa_270409,f62b,"En promedio, ¿con qué frecuencia ha usado Internet en el último mes en su trabajo?",1.0,Todos los días,302,33.00546,n >= 30
2008_I_base_completa_270409,f62b,"En promedio, ¿con qué frecuencia ha usado Internet en el último mes en su trabajo?",4.0,Al menos una vez a la semana,56,6.12022,n >= 30
2008_I_base_completa_270409,f62b,"En promedio, ¿con qué frecuencia ha usado Internet en el último mes en su trabajo?",5.0,"Al menos una vez al mes, pero no cada semana",42,4.59016,n >= 30
2008_I_base_completa_270409,f62c,"En promedio, ¿con qué frecuencia ha usado Internet en el último mes en el establecimiento educacional?",2.0,Al menos 5 días a la semana,65,42.20779,n >= 30
2008_I_base_completa_270409,f62c,"En promedio, ¿con qué frecuencia ha usado Internet en el último mes en el establecimiento educacional?",3.0,Al menos 3 días a la semana,40,25.97403,n >= 30
2008_I_base_completa_270409,f62d,"En promedio, ¿con qué frecuencia ha usado Internet en el último mes en casas de amigos, conocidos o parientes?",5.0,"Al menos una vez al mes, pero no cada semana",200,47.39336,n >= 30
2008_I_base_completa_270409,f62d,"En promedio, ¿con qué frecuencia ha usado Internet en el último mes en casas de amigos, conocidos o parientes?",4.0,Al menos una vez a la semana,119,28.19905,n >= 30
2008_I_base_completa_270409,f62d,"En promedio, ¿con qué frecuencia ha usado Internet en el último mes en casas de amigos, conocidos o parientes?",3.0,Al menos 3 días a la semana,39,9.24171,n >= 30
2008_I_base_completa_270409,f62d,"En promedio, ¿con qué frecuencia ha usado Internet en el último mes en casas de amigos, conocidos o parientes?",2.0,Al menos 5 días a la semana,44,10.42654,n >= 30
2008_I_base_completa_270409,f62f,"En promedio, ¿con qué frecuencia ha usado Internet en el último mes en centros de Internet pagados (Cybercafé)?",3.0,Al menos 3 días a la semana,98,20.16461,n >= 30
2008_I_base_completa_270409,f62f,"En promedio, ¿con qué frecuencia ha usado Internet en el último mes en centros de Internet pagados (Cybercafé)?",5.0,"Al menos una vez al mes, pero no cada semana",154,31.68724,n >= 30
2008_I_base_completa_270409,f62f,"En promedio, ¿con qué frecuencia ha usado Internet en el último mes en centros de Internet pagados (Cybercafé)?",4.0,Al menos una vez a la semana,182,37.44856,n >= 30
2008_I_base_completa_270409,f62f,"En promedio, ¿con qué frecuencia ha usado Internet en el último mes en centros de Internet pagados (Cybercafé)?",1.0,Todos los días,32,6.58436,n >= 30
2008_I_base_completa_270409,f62h,"En promedio, ¿con qué frecuencia ha usado Internet en el último mes en lugares con red Wi-fi gratis (metro, restaurantes, café, estaciones de servicios, etc)?",5.0,"Al menos una vez al mes, pero no cada semana",75,47.16981,n >= 30
2008_I_base_completa_270409,f62h,"En promedio, ¿con qué frecuencia ha usado Internet en el último mes en lugares con red Wi-fi gratis (metro, restaurantes, café, estaciones de servicios, etc)?",4.0,Al menos una vez a la semana,32,20.12579,n >= 30
2008_I_base_completa_270409,f63,¿Le gustaría usar o usar más Internet más de lo que lo hace actualmente?,2.0,No,3933,61.26168,n >= 30
2008_I_base_completa_270409,f63,¿Le gustaría usar o usar más Internet más de lo que lo hace actualmente?,1.0,Sí,2487,38.73832,n >= 30
2008_I_base_completa_270409,f64,¿Cuál de los siguientes motivos ha sido la causa de que no haga un uso mayor de Internet? (Lea todas las alternativas),1.0,Falta de tiempo,906,36.42943,n >= 30
2008_I_base_completa_270409,f64,¿Cuál de los siguientes motivos ha sido la causa de que no haga un uso mayor de Internet? (Lea todas las alternativas),6.0,Falta de disponibilidad de lugar donde acceder,411,16.52593,n >= 30
2008_I_base_completa_270409,f64,¿Cuál de los siguientes motivos ha sido la causa de que no haga un uso mayor de Internet? (Lea todas las alternativas),7.0,Otro,447,17.97346,n >= 30
2008_I_base_completa_270409,f64,¿Cuál de los siguientes motivos ha sido la causa de que no haga un uso mayor de Internet? (Lea todas las alternativas),4.0,Poco conocimiento para darle un mayor uso,541,21.75312,n >= 30
2008_I_base_completa_270409,f64,¿Cuál de los siguientes motivos ha sido la causa de que no haga un uso mayor de Internet? (Lea todas las alternativas),3.0,Falta de interés en los contenidos,90,3.61882,n >= 30
2008_I_base_completa_270409,f64,¿Cuál de los siguientes motivos ha sido la causa de que no haga un uso mayor de Internet? (Lea todas las alternativas),2.0,La calidad de la conexión no es buena,66,2.6538,n >= 30
2008_I_base_completa_270409,f65,Dígame si alguna de las siguientes razones lo animaría a usar o usar más Internet (Lea todas las alternativas),6.0,"Que Internet le resultará útil en cuanto a contenidos, servi",192,2.99065,n >= 30
2008_I_base_completa_270409,f65,Dígame si alguna de las siguientes razones lo animaría a usar o usar más Internet (Lea todas las alternativas),1.0,Que hubieran cursos de formación adecuados,1493,23.25545,n >= 30
2008_I_base_completa_270409,f65,Dígame si alguna de las siguientes razones lo animaría a usar o usar más Internet (Lea todas las alternativas),8.0,Ninguna,2295,35.74766,n >= 30
2008_I_base_completa_270409,f65,Dígame si alguna de las siguientes razones lo animaría a usar o usar más Internet (Lea todas las alternativas),2.0,Que los equipos (PC y notebooks) fueran más baratos,704,10.96573,n >= 30
2008_I_base_completa_270409,f65,Dígame si alguna de las siguientes razones lo animaría a usar o usar más Internet (Lea todas las alternativas),5.0,Que hubieran puntos de acceso a Internet gratuitos cerca de,374,5.82555,n >= 30
2008_I_base_completa_270409,f65,Dígame si alguna de las siguientes razones lo animaría a usar o usar más Internet (Lea todas las alternativas),3.0,Que la conexión a Internet fuera más barata,1097,17.08723,n >= 30
2008_I_base_completa_270409,f65,Dígame si alguna de las siguientes razones lo animaría a usar o usar más Internet (Lea todas las alternativas),7.0,Otra,171,2.66355,n >= 30
2008_I_base_completa_270409,f65,Dígame si alguna de las siguientes razones lo animaría a usar o usar más Internet (Lea todas las alternativas),4.0,Que hubieran puntos de acceso a Internet públicos cerca de s,94,1.46417,n >= 30
2008_I_base_completa_270409,g66_1,¿Cuáles de las siguientes tareas relacionadas con el uso del computador puede realizar sin la necesidad de recurrir a la ayuda de alguien? Copiar o mover archivos y carpetas,1.0,Sí,2333,66.52409,n >= 30
2008_I_base_completa_270409,g66_1,¿Cuáles de las siguientes tareas relacionadas con el uso del computador puede realizar sin la necesidad de recurrir a la ayuda de alguien? Copiar o mover archivos y carpetas,0.0,No,1174,33.47591,n >= 30
2008_I_base_completa_270409,g66_2,¿Cuáles de las siguientes tareas relacionadas con el uso del computador puede realizar sin la necesidad de recurrir a la ayuda de alguien? Utilizar un procesador de texto (Word),1.0,Sí,2497,71.20046,n >= 30
2008_I_base_completa_270409,g66_2,¿Cuáles de las siguientes tareas relacionadas con el uso del computador puede realizar sin la necesidad de recurrir a la ayuda de alguien? Utilizar un procesador de texto (Word),0.0,No,1010,28.79954,n >= 30
2008_I_base_completa_270409,g66_3,"¿Cuáles de las siguientes tareas relacionadas con el uso del computador puede realizar sin la necesidad de recurrir a la ayuda de alguien? Usar las aplicaciones copiar, cortar y pegar en un documento",1.0,Sí,2195,62.58911,n >= 30
2008_I_base_completa_270409,g66_3,"¿Cuáles de las siguientes tareas relacionadas con el uso del computador puede realizar sin la necesidad de recurrir a la ayuda de alguien? Usar las aplicaciones copiar, cortar y pegar en un documento",0.0,No,1312,37.41089,n >= 30
2008_I_base_completa_270409,g66_4,¿Cuáles de las siguientes tareas relacionadas con el uso del computador puede realizar sin la necesidad de recurrir a la ayuda de alguien? Usar fórmulas matemáticas simples en una hoja de cálculo (excel),1.0,Sí,1475,42.05874,n >= 30
2008_I_base_completa_270409,g66_4,¿Cuáles de las siguientes tareas relacionadas con el uso del computador puede realizar sin la necesidad de recurrir a la ayuda de alguien? Usar fórmulas matemáticas simples en una hoja de cálculo (excel),0.0,No,2032,57.94126,n >= 30
2008_I_base_completa_270409,g66_5,¿Cuáles de las siguientes tareas relacionadas con el uso del computador puede realizar sin la necesidad de recurrir a la ayuda de alguien? Comprimir archivos o carpetas,1.0,Sí,1432,40.83262,n >= 30
2008_I_base_completa_270409,g66_5,¿Cuáles de las siguientes tareas relacionadas con el uso del computador puede realizar sin la necesidad de recurrir a la ayuda de alguien? Comprimir archivos o carpetas,0.0,No,2075,59.16738,n >= 30
2008_I_base_completa_270409,g66_6,"¿Cuáles de las siguientes tareas relacionadas con el uso del computador puede realizar sin la necesidad de recurrir a la ayuda de alguien? Conectar o instalar dispositivos como una impresora, scanner, entre otros",1.0,Sí,1534,43.74109,n >= 30
2008_I_base_completa_270409,g66_6,"¿Cuáles de las siguientes tareas relacionadas con el uso del computador puede realizar sin la necesidad de recurrir a la ayuda de alguien? Conectar o instalar dispositivos como una impresora, scanner, entre otros",0.0,No,1973,56.25891,n >= 30
2008_I_base_completa_270409,g66_7,¿Cuáles de las siguientes tareas relacionadas con el uso del computador puede realizar sin la necesidad de recurrir a la ayuda de alguien? Conectar el computador a un área de red local o módem,1.0,Sí,1085,30.93812,n >= 30
2008_I_base_completa_270409,g66_7,¿Cuáles de las siguientes tareas relacionadas con el uso del computador puede realizar sin la necesidad de recurrir a la ayuda de alguien? Conectar el computador a un área de red local o módem,0.0,No,2422,69.06188,n >= 30
2008_I_base_completa_270409,g66_8,"¿Cuáles de las siguientes tareas relacionadas con el uso del computador puede realizar sin la necesidad de recurrir a la ayuda de alguien? Solucionar problemas leves del computador (por ejemplo, funcionamiento muy lento)",1.0,Sí,1012,28.85657,n >= 30
2008_I_base_completa_270409,g66_8,"¿Cuáles de las siguientes tareas relacionadas con el uso del computador puede realizar sin la necesidad de recurrir a la ayuda de alguien? Solucionar problemas leves del computador (por ejemplo, funcionamiento muy lento)",0.0,No,2495,71.14343,n >= 30
2008_I_base_completa_270409,g66_9,"¿Cuáles de las siguientes tareas relacionadas con el uso del computador puede realizar sin la necesidad de recurrir a la ayuda de alguien? Solucionar problemas críticos del computador (por ejemplo, virus, gusanos y espías)",0.0,No,2982,85.02994,n >= 30
2008_I_base_completa_270409,g66_9,"¿Cuáles de las siguientes tareas relacionadas con el uso del computador puede realizar sin la necesidad de recurrir a la ayuda de alguien? Solucionar problemas críticos del computador (por ejemplo, virus, gusanos y espías)",1.0,Sí,525,14.97006,n >= 30
2008_I_base_completa_270409,g66_10,¿Cuáles de las siguientes tareas relacionadas con el uso del computador puede realizar sin la necesidad de recurrir a la ayuda de alguien? Escribir un programa usando un lenguaje de programación,0.0,No,3218,91.75934,n >= 30
2008_I_base_completa_270409,g66_10,¿Cuáles de las siguientes tareas relacionadas con el uso del computador puede realizar sin la necesidad de recurrir a la ayuda de alguien? Escribir un programa usando un lenguaje de programación,1.0,Sí,289,8.24066,n >= 30
2008_I_base_completa_270409,g66_11,¿Cuáles de las siguientes tareas relacionadas con el uso del computador puede realizar sin la necesidad de recurrir a la ayuda de alguien? Ninguna,0.0,No,2850,81.42857,n >= 30
2008_I_base_completa_270409,g66_11,¿Cuáles de las siguientes tareas relacionadas con el uso del computador puede realizar sin la necesidad de recurrir a la ayuda de alguien? Ninguna,1.0,Sí,650,18.57143,n >= 30
2008_I_base_completa_270409,g67_1,"¿Cuál de las siguientes tareas relacionadas con Internet puede realizar sin la necesidad de recurrir a la ayuda de alguien? Usar un buscador para buscar información (google, yahoo, Altavista, Msn, Alexa)",1.0,Sí,2274,85.55305,n >= 30
2008_I_base_completa_270409,g67_1,"¿Cuál de las siguientes tareas relacionadas con Internet puede realizar sin la necesidad de recurrir a la ayuda de alguien? Usar un buscador para buscar información (google, yahoo, Altavista, Msn, Alexa)",0.0,No,384,14.44695,n >= 30
2008_I_base_completa_270409,g67_2,"¿Cuál de las siguientes tareas relacionadas con Internet puede realizar sin la necesidad de recurrir a la ayuda de alguien? Utilizar un navegador (explorer, firefox) para acceder a internet",1.0,Sí,1970,74.11588,n >= 30
2008_I_base_completa_270409,g67_2,"¿Cuál de las siguientes tareas relacionadas con Internet puede realizar sin la necesidad de recurrir a la ayuda de alguien? Utilizar un navegador (explorer, firefox) para acceder a internet",0.0,No,688,25.88412,n >= 30
2008_I_base_completa_270409,g67_3,¿Cuál de las siguientes tareas relacionadas con Internet puede realizar sin la necesidad de recurrir a la ayuda de alguien? Enviar un correo electrónico,1.0,Sí,2102,79.08202,n >= 30
2008_I_base_completa_270409,g67_3,¿Cuál de las siguientes tareas relacionadas con Internet puede realizar sin la necesidad de recurrir a la ayuda de alguien? Enviar un correo electrónico,0.0,No,556,20.91798,n >= 30
2008_I_base_completa_270409,g67_4,¿Cuál de las siguientes tareas relacionadas con Internet puede realizar sin la necesidad de recurrir a la ayuda de alguien? Enviar un correo electrónico con un archivo adjunto,1.0,Sí,1789,67.30625,n >= 30
2008_I_base_completa_270409,g67_4,¿Cuál de las siguientes tareas relacionadas con Internet puede realizar sin la necesidad de recurrir a la ayuda de alguien? Enviar un correo electrónico con un archivo adjunto,0.0,No,869,32.69375,n >= 30
2008_I_base_completa_270409,g67_5,"¿Cuál de las siguientes tareas relacionadas con Internet puede realizar sin la necesidad de recurrir a la ayuda de alguien? Enviar mensajes en chats, grupos de noticias o foros de discusión",1.0,Sí,1383,52.0316,n >= 30
2008_I_base_completa_270409,g67_5,"¿Cuál de las siguientes tareas relacionadas con Internet puede realizar sin la necesidad de recurrir a la ayuda de alguien? Enviar mensajes en chats, grupos de noticias o foros de discusión",0.0,No,1275,47.9684,n >= 30
2008_I_base_completa_270409,g67_6,¿Cuál de las siguientes tareas relacionadas con Internet puede realizar sin la necesidad de recurrir a la ayuda de alguien? Usar Internet para hacer llamadas telefónicas,0.0,No,2028,76.29797,n >= 30
2008_I_base_completa_270409,g67_6,¿Cuál de las siguientes tareas relacionadas con Internet puede realizar sin la necesidad de recurrir a la ayuda de alguien? Usar Internet para hacer llamadas telefónicas,1.0,Sí,630,23.70203,n >= 30
2008_I_base_completa_270409,g67_7,¿Cuál de las siguientes tareas relacionadas con Internet puede realizar sin la necesidad de recurrir a la ayuda de alguien? Descargar música y películas,1.0,Sí,1199,45.1091,n >= 30
2008_I_base_completa_270409,g67_7,¿Cuál de las siguientes tareas relacionadas con Internet puede realizar sin la necesidad de recurrir a la ayuda de alguien? Descargar música y películas,0.0,No,1459,54.8909,n >= 30
2008_I_base_completa_270409,g67_8,"¿Cuál de las siguientes tareas relacionadas con Internet puede realizar sin la necesidad de recurrir a la ayuda de alguien? Buscar, descargar e instalar softwares",1.0,Sí,770,28.96915,n >= 30
2008_I_base_completa_270409,g67_8,"¿Cuál de las siguientes tareas relacionadas con Internet puede realizar sin la necesidad de recurrir a la ayuda de alguien? Buscar, descargar e instalar softwares",0.0,No,1888,71.03085,n >= 30
2008_I_base_completa_270409,g67_9,¿Cuál de las siguientes tareas relacionadas con Internet puede realizar sin la necesidad de recurrir a la ayuda de alguien? Programar y diseñar una página web,0.0,No,2388,89.84199,n >= 30
2008_I_base_completa_270409,g67_9,¿Cuál de las siguientes tareas relacionadas con Internet puede realizar sin la necesidad de recurrir a la ayuda de alguien? Programar y diseñar una página web,1.0,Sí,270,10.15801,n >= 30
2008_I_base_completa_270409,g67_10,¿Cuál de las siguientes tareas relacionadas con Internet puede realizar sin la necesidad de recurrir a la ayuda de alguien? Ninguna,0.0,No,2439,92.00302,n >= 30
2008_I_base_completa_270409,g67_10,¿Cuál de las siguientes tareas relacionadas con Internet puede realizar sin la necesidad de recurrir a la ayuda de alguien? Ninguna,1.0,Sí,212,7.99698,n >= 30
2008_I_base_completa_270409,h68,¿Cuán interesado está en desarrollar mayores habilidades en el uso de Internet?,2.0,Interesado,2135,33.25545,n >= 30
2008_I_base_completa_270409,h68,¿Cuán interesado está en desarrollar mayores habilidades en el uso de Internet?,4.0,Nada de interesado,1485,23.13084,n >= 30
2008_I_base_completa_270409,h68,¿Cuán interesado está en desarrollar mayores habilidades en el uso de Internet?,3.0,No muy interesado,1718,26.76012,n >= 30
2008_I_base_completa_270409,h68,¿Cuán interesado está en desarrollar mayores habilidades en el uso de Internet?,1.0,Muy interesado,1082,16.85358,n >= 30
2008_I_base_completa_270409,h69,¿Qué efecto siente que ha tenido el uso de Internet para mejorar su productividad laboral?,5.0,No ha tenido efecto,640,24.07825,n >= 30
2008_I_base_completa_270409,h69,¿Qué efecto siente que ha tenido el uso de Internet para mejorar su productividad laboral?,6.0,No trabaja,309,11.62528,n >= 30
2008_I_base_completa_270409,h69,¿Qué efecto siente que ha tenido el uso de Internet para mejorar su productividad laboral?,2.0,La ha mejorado algo,725,27.27615,n >= 30
2008_I_base_completa_270409,h69,¿Qué efecto siente que ha tenido el uso de Internet para mejorar su productividad laboral?,1.0,La ha mejorado bastante,943,35.4778,n >= 30
2008_I_base_completa_270409,h70,¿Qué efecto siente que ha tenido el uso de Internet para mejorar el desempeño educativo de su(s) hijo(s)?,2.0,La ha mejorado algo,432,16.25282,n >= 30
2008_I_base_completa_270409,h70,¿Qué efecto siente que ha tenido el uso de Internet para mejorar el desempeño educativo de su(s) hijo(s)?,1.0,La ha mejorado bastante,1591,59.85704,n >= 30
2008_I_base_completa_270409,h70,¿Qué efecto siente que ha tenido el uso de Internet para mejorar el desempeño educativo de su(s) hijo(s)?,6.0,No tiene hijos,278,10.45899,n >= 30
2008_I_base_completa_270409,h70,¿Qué efecto siente que ha tenido el uso de Internet para mejorar el desempeño educativo de su(s) hijo(s)?,5.0,No ha tenido efecto,339,12.75395,n >= 30
2008_I_base_completa_270409,h71,¿Qué efecto siente que ha tenido el uso de Internet para mejorar sus relaciones sociales?,5.0,No ha tenido efecto,1031,38.78856,n >= 30
2008_I_base_completa_270409,h71,¿Qué efecto siente que ha tenido el uso de Internet para mejorar sus relaciones sociales?,1.0,La ha mejorado bastante,772,29.04439,n >= 30
2008_I_base_completa_270409,h71,¿Qué efecto siente que ha tenido el uso de Internet para mejorar sus relaciones sociales?,2.0,La ha mejorado algo,776,29.19488,n >= 30
2008_I_base_completa_270409,h71,¿Qué efecto siente que ha tenido el uso de Internet para mejorar sus relaciones sociales?,3.0,La ha empeorado algo,42,1.58014,n >= 30
2008_I_base_completa_270409,h71,¿Qué efecto siente que ha tenido el uso de Internet para mejorar sus relaciones sociales?,4.0,La ha empeorado bastante,37,1.39202,n >= 30
2008_I_base_completa_270409,h72,¿Qué tan útil siente que ha sido Internet en gestiones relacionadas con la compra de bienes y servicios?,2.0,Ãštil,468,17.60722,n >= 30
2008_I_base_completa_270409,h72,¿Qué tan útil siente que ha sido Internet en gestiones relacionadas con la compra de bienes y servicios?,5.0,No ha realizado compra de bienes y servicios por Internet,1492,56.13243,n >= 30
2008_I_base_completa_270409,h72,¿Qué tan útil siente que ha sido Internet en gestiones relacionadas con la compra de bienes y servicios?,1.0,Muy útil,413,15.538,n >= 30
2008_I_base_completa_270409,h72,¿Qué tan útil siente que ha sido Internet en gestiones relacionadas con la compra de bienes y servicios?,3.0,No muy útil,220,8.2769,n >= 30
2008_I_base_completa_270409,h72,¿Qué tan útil siente que ha sido Internet en gestiones relacionadas con la compra de bienes y servicios?,4.0,Inútil,65,2.44545,n >= 30
2008_I_base_completa_270409,h73,¿Qué tan útil siente que ha sido Internet para la búsqueda de información?,1.0,Muy útil,1773,66.70429,n >= 30
2008_I_base_completa_270409,h73,¿Qué tan útil siente que ha sido Internet para la búsqueda de información?,2.0,Útil,792,29.79684,n >= 30
2008_I_base_completa_270409,h73,¿Qué tan útil siente que ha sido Internet para la búsqueda de información?,3.0,No muy útil,71,2.67118,n >= 30
2008_I_base_completa_270409,i74,"Si todas las compañías aumentaran el precio del teléfono fijo, de modo que tuviera que pagar $5.000 más, por lo que habla hoy mensualmente, ¿contrataría el servicio o preferiría quedarse sin teléfono fijo?",1.0,Conservo el teléfono fijo,253,49.41406,n >= 30
2008_I_base_completa_270409,i74,"Si todas las compañías aumentaran el precio del teléfono fijo, de modo que tuviera que pagar $5.000 más, por lo que habla hoy mensualmente, ¿contrataría el servicio o preferiría quedarse sin teléfono fijo?",2.0,Me quedo sin teléfono fijo,259,50.58594,n >= 30
2008_I_base_completa_270409,i75,"Y si le aumentara $10.000, ¿conservaría el teléfono fijo?",2.0,Me quedo sin teléfono fijo,127,50.19763,n >= 30
2008_I_base_completa_270409,i75,"Y si le aumentara $10.000, ¿conservaría el teléfono fijo?",1.0,Conservo el teléfono fijo,126,49.80237,n >= 30
2008_I_base_completa_270409,i76,¿Y en ese caso contrataría algún servicio de teléfono móvil?,2.0,No,169,65.25097,n >= 30
2008_I_base_completa_270409,i76,¿Y en ese caso contrataría algún servicio de teléfono móvil?,1.0,Sí,90,34.74903,n >= 30
2008_I_base_completa_270409,i77,"Y si le aumentase $2.000 el fijo, ¿conservaría el teléfono fijo?",1.0,Conservo el teléfono fijo,142,54.82625,n >= 30
2008_I_base_completa_270409,i77,"Y si le aumentase $2.000 el fijo, ¿conservaría el teléfono fijo?",2.0,Me quedo sin teléfono fijo,117,45.17375,n >= 30
2008_I_base_completa_270409,i78,¿Y en ese caso contrataría algún servicio de teléfono móvil?,2.0,No,289,74.87047,n >= 30
2008_I_base_completa_270409,i78,¿Y en ese caso contrataría algún servicio de teléfono móvil?,1.0,Sí,97,25.12953,n >= 30
2008_I_base_completa_270409,i79,"Si le ofrecieran $5.000 de descuento en su paquete a cambio de dejar de tener el servicio de telefonía fija manteniendo el resto del paquete sin cambios, ¿aceptaría cancelar el fijo?",2.0,No,401,94.79905,n >= 30
2008_I_base_completa_270409,i80,"Y si le ofrecieran $10.000 de descuento, ¿aceptaría cancelar el teléfono fijo?",2.0,No,323,81.3602,n >= 30
2008_I_base_completa_270409,i80,"Y si le ofrecieran $10.000 de descuento, ¿aceptaría cancelar el teléfono fijo?",1.0,"Sí, aceptaría cancelarlo",74,18.6398,n >= 30
2008_I_base_completa_270409,i84,¿Tiene posibilidad de tener teléfono fijo en su casa? ¿Hay acceso?,2.0,No,1103,52.64916,n >= 30
2008_I_base_completa_270409,i84,¿Tiene posibilidad de tener teléfono fijo en su casa? ¿Hay acceso?,1.0,Sí,992,47.35084,n >= 30
2008_I_base_completa_270409,i85a,¿Contrataría el servicio si estuviera disponible?,2.0,No,915,91.5,n >= 30
2008_I_base_completa_270409,i85a,¿Contrataría el servicio si estuviera disponible?,1.0,Sí,85,8.5,n >= 30
2008_I_base_completa_270409,i85b,¿Contrataría el servicio si estuviera disponible?,2.0,No,93,90.29126,n >= 30
2008_I_base_completa_270409,i89a,"Si todas las empresas de telefonía móvil aumentaran sus precios y tuviera que pagar $8.000 más por la misma cantidad de minutos que usa actualmente (y la misma cantidad de mensajes), ¿conservaría el celular?",2.0,No,1476,83.81601,n >= 30
2008_I_base_completa_270409,i89a,"Si todas las empresas de telefonía móvil aumentaran sus precios y tuviera que pagar $8.000 más por la misma cantidad de minutos que usa actualmente (y la misma cantidad de mensajes), ¿conservaría el celular?",1.0,Sí,285,16.18399,n >= 30
2008_I_base_completa_270409,i89b,"Si todas las empresas de telefonía móvil aumentaran sus precios y tuviera que pagar $8.000 más por la misma cantidad de minutos que usa actualmente (y la misma cantidad de mensajes),  ¿conservaría el celular?",1.0,Sí,91,39.05579,n >= 30
2008_I_base_completa_270409,i89b,"Si todas las empresas de telefonía móvil aumentaran sus precios y tuviera que pagar $8.000 más por la misma cantidad de minutos que usa actualmente (y la misma cantidad de mensajes),  ¿conservaría el celular?",2.0,No,142,60.94421,n >= 30
2008_I_base_completa_270409,i90,"Y si le aumentara $15.000, ¿conservaría el celular?",2.0,No conservaría el celular,235,62.5,n >= 30
2008_I_base_completa_270409,i90,"Y si le aumentara $15.000, ¿conservaría el celular?",1.0,"Sí, conservaría el celular",141,37.5,n >= 30
2008_I_base_completa_270409,i91,"¿Y si le aumentara el celular en $4.000, lo conservaría?",1.0,Sí,544,33.49754,n >= 30
2008_I_base_completa_270409,i91,"¿Y si le aumentara el celular en $4.000, lo conservaría?",2.0,No,1080,66.50246,n >= 30
2008_I_base_completa_270409,i92,¿Y en ese caso contrataría algún servicio de telefonía fija?,2.0,No,1384,74.44863,n >= 30
2008_I_base_completa_270409,i92,¿Y en ese caso contrataría algún servicio de telefonía fija?,1.0,Sí,475,25.55137,n >= 30
2008_I_base_completa_270409,i93,"Si le ofreciesen $5.000 de descuento en su paquete a cambio de dejar de tener el servicio de telefonía fija manteniendo el resto del paquete sin cambios, ¿dejaría el fijo?",2.0,No,1535,86.82127,n >= 30
2008_I_base_completa_270409,i93,"Si le ofreciesen $5.000 de descuento en su paquete a cambio de dejar de tener el servicio de telefonía fija manteniendo el resto del paquete sin cambios, ¿dejaría el fijo?",1.0,Sí,233,13.17873,n >= 30
2008_I_base_completa_270409,i94,"Y si le ofrecieran $10.000 de descuento, ¿dejaría el teléfono fijo?",2.0,No,1278,83.25733,n >= 30
2008_I_base_completa_270409,i94,"Y si le ofrecieran $10.000 de descuento, ¿dejaría el teléfono fijo?",1.0,Sí,257,16.74267,n >= 30
2008_I_base_completa_270409,i95,"¿Y si le redujeran en $2.000, dejaría el fijo?",2.0,No,110,47.2103,n >= 30
2008_I_base_completa_270409,i95,"¿Y si le redujeran en $2.000, dejaría el fijo?",1.0,Sí,123,52.7897,n >= 30
2008_I_base_completa_270409,i96,"Si todas las compañías aumentaran el precio del teléfono fijo, de modo que  tuviera que pagar $5.000 más por la misma cantidad de minutos que Ud habla hoy mensualmente, ¿contrataría el servicio o preferiría quedarse sin teléfono fijo?",2.0,Me quedo sin teléfono fijo,546,58.08511,n >= 30
2008_I_base_completa_270409,i96,"Si todas las compañías aumentaran el precio del teléfono fijo, de modo que  tuviera que pagar $5.000 más por la misma cantidad de minutos que Ud habla hoy mensualmente, ¿contrataría el servicio o preferiría quedarse sin teléfono fijo?",1.0,Conservo el teléfono fijo,394,41.91489,n >= 30
2008_I_base_completa_270409,i97,"Y si le aumentase $10.000, ¿conservaría el teléfono fijo?",1.0,Conservo el teléfono fijo,188,47.71574,n >= 30
2008_I_base_completa_270409,i97,"Y si le aumentase $10.000, ¿conservaría el teléfono fijo?",2.0,Me quedo sin teléfono fijo,206,52.28426,n >= 30
2008_I_base_completa_270409,i98,¿Y si le aumentase $2.000 el fijo?,1.0,Conservo el teléfono fijo,274,50.18315,n >= 30
2008_I_base_completa_270409,i98,¿Y si le aumentase $2.000 el fijo?,2.0,Me quedo sin teléfono fijo,272,49.81685,n >= 30
2008_I_base_completa_270409,j99,"Actualmente, ¿cuál es su actividad principal?",1.0,Trabajador (asalariado o independiente),3783,58.92523,n >= 30
2008_I_base_completa_270409,j99,"Actualmente, ¿cuál es su actividad principal?",4.0,Labores del hogar,1525,23.75389,n >= 30
2008_I_base_completa_270409,j99,"Actualmente, ¿cuál es su actividad principal?",3.0,Jubilado/a,783,12.19626,n >= 30
2008_I_base_completa_270409,j99,"Actualmente, ¿cuál es su actividad principal?",2.0,Busca trabajo,201,3.13084,n >= 30
2008_I_base_completa_270409,j99,"Actualmente, ¿cuál es su actividad principal?",5.0,Estudiante,73,1.13707,n >= 30
2008_I_base_completa_270409,j99,"Actualmente, ¿cuál es su actividad principal?",6.0,Otra,55,0.8567,n >= 30
2008_I_base_completa_270409,j99e,¿Cuál es esa actividad principal?,,,6365,99.1433,n >= 30
2008_I_base_completa_270409,j100,En su ocupación actual ud. trabaja como:,5.0,Empleado u obrero del sector privado,1730,45.70674,n >= 30
2008_I_base_completa_270409,j100,En su ocupación actual ud. trabaja como:,2.0,Trabajador por cuenta propia,1099,29.03567,n >= 30
2008_I_base_completa_270409,j100,En su ocupación actual ud. trabaja como:,3.0,Empleado u obrero del sector público (Gob. Central o Municip,231,6.10304,n >= 30
2008_I_base_completa_270409,j100,En su ocupación actual ud. trabaja como:,4.0,Empleado u obrero de empresa pública,295,7.79392,n >= 30
2008_I_base_completa_270409,j100,En su ocupación actual ud. trabaja como:,7.0,Servicio doméstico puertas afuera,155,4.09511,n >= 30
2008_I_base_completa_270409,j100,En su ocupación actual ud. trabaja como:,1.0,Patrón o empleador,196,5.17834,n >= 30
2008_I_base_completa_270409,j100,En su ocupación actual ud. trabaja como:,9.0,FF.AA. y de Orden,60,1.5852,n >= 30
2008_I_base_completa_270409,j102,¿Dónde realiza su actividad principal?,4.0,En un establecimiento independiente,1987,52.4967,n >= 30
2008_I_base_completa_270409,j102,¿Dónde realiza su actividad principal?,3.0,Taller o local anexo a su vivienda,205,5.41612,n >= 30
2008_I_base_completa_270409,j102,¿Dónde realiza su actividad principal?,8.0,En otro lugar,375,9.90753,n >= 30
2008_I_base_completa_270409,j102,¿Dónde realiza su actividad principal?,6.0,A domicilio,186,4.91413,n >= 30
2008_I_base_completa_270409,j102,¿Dónde realiza su actividad principal?,5.0,En la vía pública,451,11.91546,n >= 30
2008_I_base_completa_270409,j102,¿Dónde realiza su actividad principal?,1.0,Dentro de su vivienda,316,8.34875,n >= 30
2008_I_base_completa_270409,j102,¿Dónde realiza su actividad principal?,2.0,Dentro de otra vivienda,207,5.46896,n >= 30
2008_I_base_completa_270409,j102,¿Dónde realiza su actividad principal?,7.0,Teletrabajo,58,1.53236,n >= 30
2008_I_base_completa_270409,i102a,¿Quién aporta el principal ingreso de su hogar? (Nº de orden),1.0,1.0,4494,70.42783,n >= 30
2008_I_base_completa_270409,i102a,¿Quién aporta el principal ingreso de su hogar? (Nº de orden),2.0,2.0,1467,22.99013,n >= 30
2008_I_base_completa_270409,i102a,¿Quién aporta el principal ingreso de su hogar? (Nº de orden),3.0,3.0,230,3.60445,n >= 30
2008_I_base_completa_270409,i102a,¿Quién aporta el principal ingreso de su hogar? (Nº de orden),4.0,4.0,112,1.75521,n >= 30
2008_I_base_completa_270409,i102a,¿Quién aporta el principal ingreso de su hogar? (Nº de orden),5.0,5.0,54,0.84626,n >= 30
2008_I_base_completa_270409,j103_3,Ingresos del trabajo del tercer perceptor,0.0,0.0,4538,70.68536,n >= 30
2008_I_base_completa_270409,j103_3,Ingresos del trabajo del tercer perceptor,200000.0,200000.0,41,0.63863,n >= 30
2008_I_base_completa_270409,j103_3,Ingresos del trabajo del tercer perceptor,100000.0,100000.0,30,0.46729,n >= 30
2008_I_base_completa_270409,j103_3,Ingresos del trabajo del tercer perceptor,999.0,999.0,1419,22.1028,n >= 30
2008_I_base_completa_270409,j103_3,Ingresos del trabajo del tercer perceptor,150000.0,150000.0,39,0.60748,n >= 30
2008_I_base_completa_270409,j103_3,Ingresos del trabajo del tercer perceptor,50000.0,50000.0,48,0.74766,n >= 30
2008_I_base_completa_270409,j103_3,Ingresos del trabajo del tercer perceptor,99.0,99.0,58,0.90343,n >= 30
2008_I_base_completa_270409,j103_5,"Dividendo (acciones, intereses por depósitos, bonos)",0.0,0.0,5016,78.13084,n >= 30
2008_I_base_completa_270409,j103_5,"Dividendo (acciones, intereses por depósitos, bonos)",999.0,999.0,1315,20.48287,n >= 30
2008_I_base_completa_270409,j103_5,"Dividendo (acciones, intereses por depósitos, bonos)",99.0,99.0,46,0.71651,n >= 30
2008_I_base_completa_270409,j103_6,Arriendos,0.0,0.0,4983,77.61682,n >= 30
2008_I_base_completa_270409,j103_6,Arriendos,999.0,999.0,1318,20.5296,n >= 30
2008_I_base_completa_270409,j103_6,Arriendos,99.0,99.0,46,0.71651,n >= 30
2008_I_base_completa_270409,j104a,"¿Recibió Ud. o alguien en su hogar el mes pasado ingresos por alguna de las siguientes pensiones asistenciales: de vejez o ancianidad,  de invalidez y/o por deficiencia mental?",2.0,No,5874,91.49533,n >= 30
2008_I_base_completa_270409,j104a,"¿Recibió Ud. o alguien en su hogar el mes pasado ingresos por alguna de las siguientes pensiones asistenciales: de vejez o ancianidad,  de invalidez y/o por deficiencia mental?",1.0,Si,479,7.46106,n >= 30
2008_I_base_completa_270409,j104a,"¿Recibió Ud. o alguien en su hogar el mes pasado ingresos por alguna de las siguientes pensiones asistenciales: de vejez o ancianidad,  de invalidez y/o por deficiencia mental?",3.0,NS/NR,67,1.04361,n >= 30
2008_I_base_completa_270409,j104am,"En total, ¿cuánto recibió el mes pasado por esa(s) Pension(es) Asistencial(es)?",999.0,999.0,72,15.03132,n >= 30
2008_I_base_completa_270409,j104am,"En total, ¿cuánto recibió el mes pasado por esa(s) Pension(es) Asistencial(es)?",60000.0,60000.0,239,49.89562,n >= 30
2008_I_base_completa_270409,j104am,"En total, ¿cuánto recibió el mes pasado por esa(s) Pension(es) Asistencial(es)?",120000.0,120000.0,31,6.47182,n >= 30
2008_I_base_completa_270409,j104b,"¿Recibió Ud. o alguien en su hogar el mes pasado ingresos por alguno de los siguientes subsidios familiares: al menor o recién nacido, a la mujer embarazada y/o a la madre?",2.0,No,5865,91.35514,n >= 30
2008_I_base_completa_270409,j104b,"¿Recibió Ud. o alguien en su hogar el mes pasado ingresos por alguno de los siguientes subsidios familiares: al menor o recién nacido, a la mujer embarazada y/o a la madre?",3.0,NS/NR,55,0.8567,n >= 30
2008_I_base_completa_270409,j104b,"¿Recibió Ud. o alguien en su hogar el mes pasado ingresos por alguno de los siguientes subsidios familiares: al menor o recién nacido, a la mujer embarazada y/o a la madre?",1.0,Si,500,7.78816,n >= 30
2008_I_base_completa_270409,j104c,¿Recibió Ud. o alguien en su hogar el mes pasado ingresos por alguno de los siguientes subsidios familiares: por deficiencia mental y/o por invalidez?,2.0,No,6342,98.78505,n >= 30
2008_I_base_completa_270409,j104c,¿Recibió Ud. o alguien en su hogar el mes pasado ingresos por alguno de los siguientes subsidios familiares: por deficiencia mental y/o por invalidez?,1.0,Si,48,0.74766,n >= 30
2008_I_base_completa_270409,j104c,¿Recibió Ud. o alguien en su hogar el mes pasado ingresos por alguno de los siguientes subsidios familiares: por deficiencia mental y/o por invalidez?,3.0,NS/NR,30,0.46729,n >= 30
2008_I_base_completa_270409,j104d,¿Recibió Ud. o alguien en su hogar el mes pasado ingresos por Subsidio de Cesantía?,2.0,No,6058,94.36137,n >= 30
2008_I_base_completa_270409,j104d,¿Recibió Ud. o alguien en su hogar el mes pasado ingresos por Subsidio de Cesantía?,3.0,NS/NR,295,4.59502,n >= 30
2008_I_base_completa_270409,j104d,¿Recibió Ud. o alguien en su hogar el mes pasado ingresos por Subsidio de Cesantía?,1.0,Si,67,1.04361,n >= 30
2008_I_base_completa_270409,j104e,¿Recibió Ud. o alguien en su hogar el mes pasado ingresos por  el Bono del Sistema de Protección Social?,2.0,No,6164,96.01246,n >= 30
2008_I_base_completa_270409,j104e,¿Recibió Ud. o alguien en su hogar el mes pasado ingresos por  el Bono del Sistema de Protección Social?,1.0,Si,172,2.67913,n >= 30
2008_I_base_completa_270409,j104e,¿Recibió Ud. o alguien en su hogar el mes pasado ingresos por  el Bono del Sistema de Protección Social?,3.0,NS/NR,84,1.30841,n >= 30
2008_I_base_completa_270409,j104em,"En total, ¿cuánto recibió el mes pasado por ese/esos Bono/s de Protección Social?",5000.0,5000.0,41,23.83721,n >= 30
2008_I_base_completa_270409,j104f,¿Recibió Ud. o alguien en su hogar el mes pasado ingresos por Subsidio de Agua Potable?,2.0,No,5220,81.30841,n >= 30
2008_I_base_completa_270409,j104f,¿Recibió Ud. o alguien en su hogar el mes pasado ingresos por Subsidio de Agua Potable?,1.0,Si,1071,16.68224,n >= 30
2008_I_base_completa_270409,j104f,¿Recibió Ud. o alguien en su hogar el mes pasado ingresos por Subsidio de Agua Potable?,3.0,NS/NR,129,2.00935,n >= 30
2008_I_base_completa_270409,j104g,"¿Recibió Ud. o alguien en su hogar el mes pasado ingresos por otro subsidio del Estado (Subsidio a la basura, bono agrícola, etc)?",2.0,No,6280,97.81931,n >= 30
2008_I_base_completa_270409,j104g,"¿Recibió Ud. o alguien en su hogar el mes pasado ingresos por otro subsidio del Estado (Subsidio a la basura, bono agrícola, etc)?",1.0,Si,81,1.26168,n >= 30
2008_I_base_completa_270409,j104g,"¿Recibió Ud. o alguien en su hogar el mes pasado ingresos por otro subsidio del Estado (Subsidio a la basura, bono agrícola, etc)?",3.0,NS/NR,59,0.919,n >= 30
2008_I_base_completa_270409,j104h,¿Recibió Ud. o alguien en su hogar el mes pasado ingresos por concepto de Becas?,2.0,No,6248,97.32087,n >= 30
2008_I_base_completa_270409,j104h,¿Recibió Ud. o alguien en su hogar el mes pasado ingresos por concepto de Becas?,3.0,NS/NR,79,1.23053,n >= 30
2008_I_base_completa_270409,j104h,¿Recibió Ud. o alguien en su hogar el mes pasado ingresos por concepto de Becas?,1.0,Si,93,1.4486,n >= 30
2008_I_base_completa_270409,i104i_1,Su hogar cuenta con: Automóvil para uso personal o familiar,1.0,Si,2194,34.17445,n >= 30
2008_I_base_completa_270409,i104i_1,Su hogar cuenta con: Automóvil para uso personal o familiar,2.0,No,4140,64.48598,n >= 30
2008_I_base_completa_270409,i104i_1,Su hogar cuenta con: Automóvil para uso personal o familiar,3.0,NS/NR,86,1.33956,n >= 30
2008_I_base_completa_270409,i104i_2,Su hogar cuenta con: TV color,1.0,Si,6294,98.03738,n >= 30
2008_I_base_completa_270409,i104i_2,Su hogar cuenta con: TV color,2.0,No,105,1.63551,n >= 30
2008_I_base_completa_270409,i104i_3,Su hogar cuenta con: Lavadora,1.0,Si,5977,93.09969,n >= 30
2008_I_base_completa_270409,i104i_3,Su hogar cuenta con: Lavadora,2.0,No,403,6.27726,n >= 30
2008_I_base_completa_270409,i104i_3,Su hogar cuenta con: Lavadora,3.0,NS/NR,40,0.62305,n >= 30
2008_I_base_completa_270409,i104i_4,Su hogar cuenta con: Refrigerador,1.0,Si,6170,96.10592,n >= 30
2008_I_base_completa_270409,i104i_4,Su hogar cuenta con: Refrigerador,2.0,No,229,3.56698,n >= 30
2008_I_base_completa_270409,i104i_5,Su hogar cuenta con: Calefón u otro sistema de agua caliente,1.0,Si,4904,76.38629,n >= 30
2008_I_base_completa_270409,i104i_5,Su hogar cuenta con: Calefón u otro sistema de agua caliente,2.0,No,1461,22.75701,n >= 30
2008_I_base_completa_270409,i104i_5,Su hogar cuenta con: Calefón u otro sistema de agua caliente,3.0,NS/NR,55,0.8567,n >= 30
2008_I_base_completa_270409,i104i_6,Su hogar cuenta con: Horno Microondas,2.0,No,2468,38.44237,n >= 30
2008_I_base_completa_270409,i104i_6,Su hogar cuenta con: Horno Microondas,1.0,Si,3863,60.17134,n >= 30
2008_I_base_completa_270409,i104i_6,Su hogar cuenta con: Horno Microondas,3.0,NS/NR,89,1.38629,n >= 30
2008_I_base_completa_270409,i104i_7,Su hogar cuenta con: Ducha,1.0,Si,6054,94.29907,n >= 30
2008_I_base_completa_270409,i104i_7,Su hogar cuenta con: Ducha,2.0,No,351,5.46729,n >= 30
2008_I_base_completa_270409,i104i_8,Su hogar cuenta con: Cámara filmadora,2.0,No,5119,79.7352,n >= 30
2008_I_base_completa_270409,i104i_8,Su hogar cuenta con: Cámara filmadora,1.0,Si,1112,17.32087,n >= 30
2008_I_base_completa_270409,i104i_8,Su hogar cuenta con: Cámara filmadora,3.0,NS/NR,189,2.94393,n >= 30
2008_I_base_completa_270409,r106a,"Indique quién responde los Módulos 12, 13 y 14",1.0,Jefe de Hogar,4785,79.60406,n >= 30
2008_I_base_completa_270409,r106a,"Indique quién responde los Módulos 12, 13 y 14",2.0,Miembro seleccionado,1226,20.39594,n >= 30
2008_I_base_completa_270409,k107,¿Cuál es la actividad principal actualmente de (Nombre de la persona seleccionada)?,4.0,Labores del hogar,1552,25.81933,n >= 30
2008_I_base_completa_270409,k107,¿Cuál es la actividad principal actualmente de (Nombre de la persona seleccionada)?,5.0,Estudiante,1366,22.725,n >= 30
2008_I_base_completa_270409,k107,¿Cuál es la actividad principal actualmente de (Nombre de la persona seleccionada)?,1.0,Trabajador (asalariado o independiente),2251,37.44801,n >= 30
2008_I_base_completa_270409,k107,¿Cuál es la actividad principal actualmente de (Nombre de la persona seleccionada)?,3.0,Jubilado/a,330,5.48994,n >= 30
2008_I_base_completa_270409,k107,¿Cuál es la actividad principal actualmente de (Nombre de la persona seleccionada)?,2.0,Busca trabajo,387,6.4382,n >= 30
2008_I_base_completa_270409,k107,¿Cuál es la actividad principal actualmente de (Nombre de la persona seleccionada)?,6.0,Otra,125,2.07952,n >= 30
2008_I_base_completa_270409,k107e,¿Cuál es esa actividad principal?,,,6295,98.05296,n >= 30
2008_I_base_completa_270409,k108,En su ocupación actual (Nombre de la persona seleccionada) trabaja como:,5.0,Empleado u obrero del sector privado,1305,57.97423,n >= 30
2008_I_base_completa_270409,k108,En su ocupación actual (Nombre de la persona seleccionada) trabaja como:,2.0,Trabajador por cuenta propia,411,18.25855,n >= 30
2008_I_base_completa_270409,k108,En su ocupación actual (Nombre de la persona seleccionada) trabaja como:,4.0,Empleado u obrero de empresa pública,164,7.28565,n >= 30
2008_I_base_completa_270409,k108,En su ocupación actual (Nombre de la persona seleccionada) trabaja como:,1.0,Patrón o empleador,136,6.04176,n >= 30
2008_I_base_completa_270409,k108,En su ocupación actual (Nombre de la persona seleccionada) trabaja como:,3.0,Empleado u obrero del sector público (Gob. Central o Municip,149,6.61928,n >= 30
2008_I_base_completa_270409,k108,En su ocupación actual (Nombre de la persona seleccionada) trabaja como:,7.0,Servicio doméstico puertas afuera,56,2.48778,n >= 30
2008_I_base_completa_270409,k110,¿Dónde realiza su actividad principal (Nombre de la persona seleccionada)?,8.0,En otro lugar,263,11.6837,n >= 30
2008_I_base_completa_270409,k110,¿Dónde realiza su actividad principal (Nombre de la persona seleccionada)?,4.0,En un establecimiento independiente,1458,64.77121,n >= 30
2008_I_base_completa_270409,k110,¿Dónde realiza su actividad principal (Nombre de la persona seleccionada)?,2.0,Dentro de otra vivienda,92,4.08707,n >= 30
2008_I_base_completa_270409,k110,¿Dónde realiza su actividad principal (Nombre de la persona seleccionada)?,6.0,A domicilio,72,3.19858,n >= 30
2008_I_base_completa_270409,k110,¿Dónde realiza su actividad principal (Nombre de la persona seleccionada)?,5.0,En la vía pública,173,7.68547,n >= 30
2008_I_base_completa_270409,k110,¿Dónde realiza su actividad principal (Nombre de la persona seleccionada)?,3.0,Taller o local anexo a su vivienda,72,3.19858,n >= 30
2008_I_base_completa_270409,k110,¿Dónde realiza su actividad principal (Nombre de la persona seleccionada)?,1.0,Dentro de su vivienda,74,3.28743,n >= 30
2008_I_base_completa_270409,k110,¿Dónde realiza su actividad principal (Nombre de la persona seleccionada)?,7.0,Teletrabajo,47,2.08796,n >= 30
2008_I_base_completa_270409,l111,¿(Nombre de la persona seleccionada) ha utilizado un computador alguna vez?,1.0,Sí,4104,68.27483,n >= 30
2008_I_base_completa_270409,l111,¿(Nombre de la persona seleccionada) ha utilizado un computador alguna vez?,2.0,No,1907,31.72517,n >= 30
2008_I_base_completa_270409,l112,"En los últimos 3 meses, ¿ha utilizado Internet o solicitado a alguien que lo haga por el/ella (incluyendo el uso de correos electrónico, descarga de música, película, chat, escuchar música)?",1.0,Sí,3469,57.71086,n >= 30
2008_I_base_completa_270409,l112,"En los últimos 3 meses, ¿ha utilizado Internet o solicitado a alguien que lo haga por el/ella (incluyendo el uso de correos electrónico, descarga de música, película, chat, escuchar música)?",2.0,No,2542,42.28914,n >= 30
2008_I_base_completa_270409,l113,¿Con qué frecuencia (Nombre de la persona seleccionada) ha recurrido a alguien para que le brinde ayuda con alguna aplicación de Internet?,4.0,Muy rara vez,802,23.11905,n >= 30
2008_I_base_completa_270409,l113,¿Con qué frecuencia (Nombre de la persona seleccionada) ha recurrido a alguien para que le brinde ayuda con alguna aplicación de Internet?,3.0,De vez en cuando,963,27.76016,n >= 30
2008_I_base_completa_270409,l113,¿Con qué frecuencia (Nombre de la persona seleccionada) ha recurrido a alguien para que le brinde ayuda con alguna aplicación de Internet?,2.0,Frecuentemente,451,13.00086,n >= 30
2008_I_base_completa_270409,l113,¿Con qué frecuencia (Nombre de la persona seleccionada) ha recurrido a alguien para que le brinde ayuda con alguna aplicación de Internet?,6.0,NS/NR,267,7.69674,n >= 30
2008_I_base_completa_270409,l113,¿Con qué frecuencia (Nombre de la persona seleccionada) ha recurrido a alguien para que le brinde ayuda con alguna aplicación de Internet?,5.0,Nunca,614,17.69963,n >= 30
2008_I_base_completa_270409,l113,¿Con qué frecuencia (Nombre de la persona seleccionada) ha recurrido a alguien para que le brinde ayuda con alguna aplicación de Internet?,1.0,Muy frecuentemente,372,10.72355,n >= 30
2008_I_base_completa_270409,l114,¿Cuál es la principal razón por la cual no ha utilizado Internet?,2.0,No le interesa por ahora,559,22.02522,n >= 30
2008_I_base_completa_270409,l114,¿Cuál es la principal razón por la cual no ha utilizado Internet?,4.0,No sabe para qué sirve,128,5.04334,n >= 30
2008_I_base_completa_270409,l114,¿Cuál es la principal razón por la cual no ha utilizado Internet?,3.0,No sabe usarlo,1098,43.26241,n >= 30
2008_I_base_completa_270409,l114,¿Cuál es la principal razón por la cual no ha utilizado Internet?,1.0,No lo necesita por ahora,477,18.79433,n >= 30
2008_I_base_completa_270409,l114,¿Cuál es la principal razón por la cual no ha utilizado Internet?,6.0,NS/NR,125,4.92514,n >= 30
2008_I_base_completa_270409,l114,¿Cuál es la principal razón por la cual no ha utilizado Internet?,5.0,Otra,151,5.94957,n >= 30
2008_I_base_completa_270409,l114e,¿Cuál es esa otra razón por la cual no ha utilizado Internet?,,,6269,97.64798,n >= 30
2008_I_base_completa_270409,l115,¿Hace cuanto tiempo utiliza Internet?,5.0,Más de 5 años,1150,33.15076,n >= 30
2008_I_base_completa_270409,l115,¿Hace cuanto tiempo utiliza Internet?,4.0,"Más de 2 años, hasta 5 años",1130,32.57423,n >= 30
2008_I_base_completa_270409,l115,¿Hace cuanto tiempo utiliza Internet?,6.0,NS/NR,246,7.09138,n >= 30
2008_I_base_completa_270409,l115,¿Hace cuanto tiempo utiliza Internet?,2.0,"Más de 6 meses, hasta 1 año",212,6.11127,n >= 30
2008_I_base_completa_270409,l115,¿Hace cuanto tiempo utiliza Internet?,3.0,"Más de 1 año, hasta 2 años",554,15.97002,n >= 30
2008_I_base_completa_270409,l115,¿Hace cuanto tiempo utiliza Internet?,1.0,Hace 6 meses o menos,177,5.10233,n >= 30
2008_I_base_completa_270409,l116_1,Enviar y recibir correos electrónicos,1.0,Frecuentemente,1831,52.78178,n >= 30
2008_I_base_completa_270409,l116_1,Enviar y recibir correos electrónicos,2.0,De vez en cuando,1018,29.34563,n >= 30
2008_I_base_completa_270409,l116_1,Enviar y recibir correos electrónicos,4.0,No sabe,374,10.7812,n >= 30
2008_I_base_completa_270409,l116_1,Enviar y recibir correos electrónicos,3.0,Nunca,246,7.09138,n >= 30
2008_I_base_completa_270409,l116_2,"Chatear (Messenger, Skype)",2.0,De vez en cuando,988,28.48083,n >= 30
2008_I_base_completa_270409,l116_2,"Chatear (Messenger, Skype)",1.0,Frecuentemente,1596,46.00749,n >= 30
2008_I_base_completa_270409,l116_2,"Chatear (Messenger, Skype)",3.0,Nunca,533,15.36466,n >= 30
2008_I_base_completa_270409,l116_2,"Chatear (Messenger, Skype)",4.0,No sabe,352,10.14702,n >= 30
2008_I_base_completa_270409,l116_3,Ver televisión por Internet,3.0,Nunca,2113,60.91093,n >= 30
2008_I_base_completa_270409,l116_3,Ver televisión por Internet,2.0,De vez en cuando,550,15.85471,n >= 30
2008_I_base_completa_270409,l116_3,Ver televisión por Internet,4.0,No sabe,564,16.25829,n >= 30
2008_I_base_completa_270409,l116_3,Ver televisión por Internet,1.0,Frecuentemente,242,6.97607,n >= 30
2008_I_base_completa_270409,l116_4,"Utilizar Facebook, Hi-5, Myspace",1.0,Frecuentemente,1084,31.2482,n >= 30
2008_I_base_completa_270409,l116_4,"Utilizar Facebook, Hi-5, Myspace",3.0,Nunca,956,27.55837,n >= 30
2008_I_base_completa_270409,l116_4,"Utilizar Facebook, Hi-5, Myspace",2.0,De vez en cuando,742,21.38945,n >= 30
2008_I_base_completa_270409,l116_4,"Utilizar Facebook, Hi-5, Myspace",4.0,No sabe,687,19.80398,n >= 30
2008_I_base_completa_270409,l116_5,Escuchar música por Internet,1.0,Frecuentemente,1147,33.06428,n >= 30
2008_I_base_completa_270409,l116_5,Escuchar música por Internet,2.0,De vez en cuando,1121,32.31479,n >= 30
2008_I_base_completa_270409,l116_5,Escuchar música por Internet,4.0,No sabe,495,14.26924,n >= 30
2008_I_base_completa_270409,l116_5,Escuchar música por Internet,3.0,Nunca,706,20.35169,n >= 30
2008_I_base_completa_270409,l116_6,Bajar música y/o películas,2.0,De vez en cuando,963,27.76016,n >= 30
2008_I_base_completa_270409,l116_6,Bajar música y/o películas,3.0,Nunca,1047,30.18161,n >= 30
2008_I_base_completa_270409,l116_6,Bajar música y/o películas,4.0,No sabe,694,20.00577,n >= 30
2008_I_base_completa_270409,l116_6,Bajar música y/o películas,1.0,Frecuentemente,765,22.05246,n >= 30
2008_I_base_completa_270409,l116_7,Jugar en línea,2.0,De vez en cuando,641,18.47795,n >= 30
2008_I_base_completa_270409,l116_7,Jugar en línea,3.0,Nunca,1790,51.59988,n >= 30
2008_I_base_completa_270409,l116_7,Jugar en línea,4.0,No sabe,684,19.7175,n >= 30
2008_I_base_completa_270409,l116_7,Jugar en línea,1.0,Frecuentemente,354,10.20467,n >= 30
2008_I_base_completa_270409,l116_8,Visitar Fotologs/blogs,2.0,De vez en cuando,809,23.32084,n >= 30
2008_I_base_completa_270409,l116_8,Visitar Fotologs/blogs,3.0,Nunca,1266,36.49467,n >= 30
2008_I_base_completa_270409,l116_8,Visitar Fotologs/blogs,1.0,Frecuentemente,630,18.16085,n >= 30
2008_I_base_completa_270409,l116_8,Visitar Fotologs/blogs,4.0,No sabe,764,22.02364,n >= 30
2008_I_base_completa_270409,l116_9,"Hablar (telefonía IP, Skype)",3.0,Nunca,2164,62.38109,n >= 30
2008_I_base_completa_270409,l116_9,"Hablar (telefonía IP, Skype)",4.0,No sabe,770,22.1966,n >= 30
2008_I_base_completa_270409,l116_9,"Hablar (telefonía IP, Skype)",2.0,De vez en cuando,318,9.16691,n >= 30
2008_I_base_completa_270409,l116_9,"Hablar (telefonía IP, Skype)",1.0,Frecuentemente,217,6.25541,n >= 30
2008_I_base_completa_270409,l116_10,Crear Fotologs/blogs,2.0,De vez en cuando,516,14.8746,n >= 30
2008_I_base_completa_270409,l116_10,Crear Fotologs/blogs,3.0,Nunca,1718,49.52436,n >= 30
2008_I_base_completa_270409,l116_10,Crear Fotologs/blogs,4.0,No sabe,891,25.68464,n >= 30
2008_I_base_completa_270409,l116_10,Crear Fotologs/blogs,1.0,Frecuentemente,344,9.9164,n >= 30
2008_I_base_completa_270409,l116_11,Ver videos por Internet (youtube),2.0,De vez en cuando,1240,35.74517,n >= 30
2008_I_base_completa_270409,l116_11,Ver videos por Internet (youtube),3.0,Nunca,842,24.27212,n >= 30
2008_I_base_completa_270409,l116_11,Ver videos por Internet (youtube),4.0,No sabe,644,18.56443,n >= 30
2008_I_base_completa_270409,l116_11,Ver videos por Internet (youtube),1.0,Frecuentemente,743,21.41828,n >= 30
2008_I_base_completa_270409,l116_12,"Subir vídeos, música y otros archivos",2.0,De vez en cuando,662,19.17173,n >= 30
2008_I_base_completa_270409,l116_12,"Subir vídeos, música y otros archivos",3.0,Nunca,1491,43.17984,n >= 30
2008_I_base_completa_270409,l116_12,"Subir vídeos, música y otros archivos",4.0,No sabe,918,26.58558,n >= 30
2008_I_base_completa_270409,l116_12,"Subir vídeos, música y otros archivos",1.0,Frecuentemente,382,11.06284,n >= 30
2008_I_base_completa_270409,l117_1,Transacciones bancarias en general,3.0,Nunca,2674,77.08273,n >= 30
2008_I_base_completa_270409,l117_1,Transacciones bancarias en general,4.0,No sabe,384,11.06947,n >= 30
2008_I_base_completa_270409,l117_1,Transacciones bancarias en general,1.0,Frecuentemente,167,4.81407,n >= 30
2008_I_base_completa_270409,l117_1,Transacciones bancarias en general,2.0,De vez en cuando,244,7.03373,n >= 30
2008_I_base_completa_270409,l117_2,"Pagar servicios básicos (Luz, Agua, Gas)",3.0,Nunca,2950,85.03892,n >= 30
2008_I_base_completa_270409,l117_2,"Pagar servicios básicos (Luz, Agua, Gas)",4.0,No sabe,312,8.99395,n >= 30
2008_I_base_completa_270409,l117_2,"Pagar servicios básicos (Luz, Agua, Gas)",1.0,Frecuentemente,70,2.01787,n >= 30
2008_I_base_completa_270409,l117_2,"Pagar servicios básicos (Luz, Agua, Gas)",2.0,De vez en cuando,137,3.94926,n >= 30
2008_I_base_completa_270409,l117_3,"Solicitar certificados (Registro Civil, otros)",3.0,Nunca,2748,79.21591,n >= 30
2008_I_base_completa_270409,l117_3,"Solicitar certificados (Registro Civil, otros)",4.0,No sabe,422,12.16489,n >= 30
2008_I_base_completa_270409,l117_3,"Solicitar certificados (Registro Civil, otros)",1.0,Frecuentemente,40,1.15307,n >= 30
2008_I_base_completa_270409,l117_3,"Solicitar certificados (Registro Civil, otros)",2.0,De vez en cuando,259,7.46613,n >= 30
2008_I_base_completa_270409,l117_4,Pagar contribuciones,3.0,Nunca,2943,84.83713,n >= 30
2008_I_base_completa_270409,l117_4,Pagar contribuciones,4.0,No sabe,363,10.46411,n >= 30
2008_I_base_completa_270409,l117_4,Pagar contribuciones,2.0,De vez en cuando,122,3.51686,n >= 30
2008_I_base_completa_270409,l117_4,Pagar contribuciones,1.0,Frecuentemente,41,1.1819,n >= 30
2008_I_base_completa_270409,l117_5,Compra de bienes y servicios,3.0,Nunca,2617,75.43961,n >= 30
2008_I_base_completa_270409,l117_5,Compra de bienes y servicios,4.0,No sabe,387,11.15595,n >= 30
2008_I_base_completa_270409,l117_5,Compra de bienes y servicios,2.0,De vez en cuando,310,8.93629,n >= 30
2008_I_base_completa_270409,l117_5,Compra de bienes y servicios,1.0,Frecuentemente,155,4.46815,n >= 30
2008_I_base_completa_270409,l117_6,Buscar información de interés personal (no laboral / ni de estudio),2.0,De vez en cuando,1078,31.07524,n >= 30
2008_I_base_completa_270409,l117_6,Buscar información de interés personal (no laboral / ni de estudio),3.0,Nunca,913,26.31882,n >= 30
2008_I_base_completa_270409,l117_6,Buscar información de interés personal (no laboral / ni de estudio),4.0,No sabe,305,8.79216,n >= 30
2008_I_base_completa_270409,l117_6,Buscar información de interés personal (no laboral / ni de estudio),1.0,Frecuentemente,1173,33.81378,n >= 30
2008_I_base_completa_270409,l117_7,Buscar información relacionada a su trabajo,3.0,Nunca,1879,54.16547,n >= 30
2008_I_base_completa_270409,l117_7,Buscar información relacionada a su trabajo,2.0,De vez en cuando,552,15.91237,n >= 30
2008_I_base_completa_270409,l117_7,Buscar información relacionada a su trabajo,4.0,No sabe,416,11.99193,n >= 30
2008_I_base_completa_270409,l117_7,Buscar información relacionada a su trabajo,1.0,Frecuentemente,622,17.93024,n >= 30
2008_I_base_completa_270409,l117_8,Buscar información relacionada a sus estudios,1.0,Frecuentemente,1063,30.64284,n >= 30
2008_I_base_completa_270409,l117_8,Buscar información relacionada a sus estudios,3.0,Nunca,1510,43.52839,n >= 30
2008_I_base_completa_270409,l117_8,Buscar información relacionada a sus estudios,4.0,No sabe,308,8.87864,n >= 30
2008_I_base_completa_270409,l117_8,Buscar información relacionada a sus estudios,2.0,De vez en cuando,588,16.95013,n >= 30
2008_I_base_completa_270409,l117_9,"Leer diarios, noticias o revistas",2.0,De vez en cuando,1210,34.88037,n >= 30
2008_I_base_completa_270409,l117_9,"Leer diarios, noticias o revistas",3.0,Nunca,1120,32.28596,n >= 30
2008_I_base_completa_270409,l117_9,"Leer diarios, noticias o revistas",4.0,No sabe,534,15.39349,n >= 30
2008_I_base_completa_270409,l117_9,"Leer diarios, noticias o revistas",1.0,Frecuentemente,605,17.44018,n >= 30
2008_I_base_completa_270409,l117_10,Obtener información de bienes y servicios (vitrinear),3.0,Nunca,1480,43.06081,n >= 30
2008_I_base_completa_270409,l117_10,Obtener información de bienes y servicios (vitrinear),4.0,No sabe,647,18.82456,n >= 30
2008_I_base_completa_270409,l117_10,Obtener información de bienes y servicios (vitrinear),2.0,De vez en cuando,884,25.7201,n >= 30
2008_I_base_completa_270409,l117_10,Obtener información de bienes y servicios (vitrinear),1.0,Frecuentemente,426,12.39453,n >= 30
2008_I_base_completa_270409,l118_1,Buscar trabajo por Internet o publicar su CV en alguna bolsa de trabajo electrónica,2.0,No,2373,68.40588,n >= 30
2008_I_base_completa_270409,l118_1,Buscar trabajo por Internet o publicar su CV en alguna bolsa de trabajo electrónica,3.0,NS/NR,475,13.69271,n >= 30
2008_I_base_completa_270409,l118_1,Buscar trabajo por Internet o publicar su CV en alguna bolsa de trabajo electrónica,1.0,Si,621,17.90141,n >= 30
2008_I_base_completa_270409,l118_2,Buscar información sobre temas de salud,2.0,No,1627,46.90112,n >= 30
2008_I_base_completa_270409,l118_2,Buscar información sobre temas de salud,1.0,Si,1249,36.00461,n >= 30
2008_I_base_completa_270409,l118_2,Buscar información sobre temas de salud,3.0,NS/NR,593,17.09426,n >= 30
2008_I_base_completa_270409,l118_3,Buscar información en algún sitio de servicios o administración pública,2.0,No,1979,57.04814,n >= 30
2008_I_base_completa_270409,l118_3,Buscar información en algún sitio de servicios o administración pública,1.0,Si,859,24.76218,n >= 30
2008_I_base_completa_270409,l118_3,Buscar información en algún sitio de servicios o administración pública,3.0,NS/NR,631,18.18968,n >= 30
2008_I_base_completa_270409,n119_1,Copiar o mover archivos y carpetas,1.0,Si,2730,66.52047,n >= 30
2008_I_base_completa_270409,n119_1,Copiar o mover archivos y carpetas,3.0,NS/NR,732,17.83626,n >= 30
2008_I_base_completa_270409,n119_1,Copiar o mover archivos y carpetas,2.0,No,642,15.64327,n >= 30
2008_I_base_completa_270409,n119_2,Utilizar un procesador de texto (Word),1.0,Si,3142,76.55945,n >= 30
2008_I_base_completa_270409,n119_2,Utilizar un procesador de texto (Word),3.0,NS/NR,473,11.52534,n >= 30
2008_I_base_completa_270409,n119_2,Utilizar un procesador de texto (Word),2.0,No,489,11.9152,n >= 30
2008_I_base_completa_270409,n119_3,"Usar las aplicaciones copiar, cortar y pegar en un documento",1.0,Si,2674,65.15595,n >= 30
2008_I_base_completa_270409,n119_3,"Usar las aplicaciones copiar, cortar y pegar en un documento",3.0,NS/NR,809,19.71248,n >= 30
2008_I_base_completa_270409,n119_3,"Usar las aplicaciones copiar, cortar y pegar en un documento",2.0,No,621,15.13158,n >= 30
2008_I_base_completa_270409,n119_4,Usar fórmulas matemáticas simples en una hoja de cálculo (excel),1.0,Si,1838,44.78558,n >= 30
2008_I_base_completa_270409,n119_4,Usar fórmulas matemáticas simples en una hoja de cálculo (excel),2.0,No,1192,29.04483,n >= 30
2008_I_base_completa_270409,n119_4,Usar fórmulas matemáticas simples en una hoja de cálculo (excel),3.0,NS/NR,1074,26.16959,n >= 30
2008_I_base_completa_270409,n119_5,Comprimir archivos o carpetas,1.0,Si,1808,44.05458,n >= 30
2008_I_base_completa_270409,n119_5,Comprimir archivos o carpetas,2.0,No,1234,30.06823,n >= 30
2008_I_base_completa_270409,n119_5,Comprimir archivos o carpetas,3.0,NS/NR,1062,25.87719,n >= 30
2008_I_base_completa_270409,n119_6,"Conectar o instalar dispositivos como una impresora, scanner, entre otros",1.0,Si,1890,46.05263,n >= 30
2008_I_base_completa_270409,n119_6,"Conectar o instalar dispositivos como una impresora, scanner, entre otros",2.0,No,1299,31.65205,n >= 30
2008_I_base_completa_270409,n119_6,"Conectar o instalar dispositivos como una impresora, scanner, entre otros",3.0,NS/NR,915,22.29532,n >= 30
2008_I_base_completa_270409,n119_7,Conectar el computador a un área de red local o módem,1.0,Si,1377,33.55263,n >= 30
2008_I_base_completa_270409,n119_7,Conectar el computador a un área de red local o módem,2.0,No,1663,40.52144,n >= 30
2008_I_base_completa_270409,n119_7,Conectar el computador a un área de red local o módem,3.0,NS/NR,1064,25.92593,n >= 30
2008_I_base_completa_270409,n119_8,"Solucionar problemas leves del computador (por ejemplo, funcionamiento muy lento)",1.0,Si,1348,32.846,n >= 30
2008_I_base_completa_270409,n119_8,"Solucionar problemas leves del computador (por ejemplo, funcionamiento muy lento)",2.0,No,1715,41.7885,n >= 30
2008_I_base_completa_270409,n119_8,"Solucionar problemas leves del computador (por ejemplo, funcionamiento muy lento)",3.0,NS/NR,1041,25.3655,n >= 30
2008_I_base_completa_270409,n119_9,"Solucionar problemas críticos del computador (por ejemplo, virus, gusanos y espías)",1.0,Si,804,19.59064,n >= 30
2008_I_base_completa_270409,n119_9,"Solucionar problemas críticos del computador (por ejemplo, virus, gusanos y espías)",2.0,No,2229,54.31287,n >= 30
2008_I_base_completa_270409,n119_9,"Solucionar problemas críticos del computador (por ejemplo, virus, gusanos y espías)",3.0,NS/NR,1071,26.09649,n >= 30
2008_I_base_completa_270409,n119_10,Escribir un programa usando un lenguaje de programación,1.0,Si,351,8.55263,n >= 30
2008_I_base_completa_270409,n119_10,Escribir un programa usando un lenguaje de programación,2.0,No,2739,66.73977,n >= 30
2008_I_base_completa_270409,n119_10,Escribir un programa usando un lenguaje de programación,3.0,NS/NR,1014,24.7076,n >= 30
2008_I_base_completa_270409,n120_1,"Usar un buscador para buscar información (google, yahoo, Altavista, Msn, Alexa)",1.0,Si,2960,85.32718,n >= 30
2008_I_base_completa_270409,n120_1,"Usar un buscador para buscar información (google, yahoo, Altavista, Msn, Alexa)",3.0,NS/NR,308,8.87864,n >= 30
2008_I_base_completa_270409,n120_1,"Usar un buscador para buscar información (google, yahoo, Altavista, Msn, Alexa)",2.0,No,201,5.79418,n >= 30
2008_I_base_completa_270409,n120_2,"Utilizar un navegador (explorer, firefox) para navegar por Internet",1.0,Si,2450,70.62554,n >= 30
2008_I_base_completa_270409,n120_2,"Utilizar un navegador (explorer, firefox) para navegar por Internet",3.0,NS/NR,608,17.52666,n >= 30
2008_I_base_completa_270409,n120_2,"Utilizar un navegador (explorer, firefox) para navegar por Internet",2.0,No,411,11.84779,n >= 30
2008_I_base_completa_270409,n120_3,Enviar un correo electrónico,1.0,Si,2824,81.40675,n >= 30
2008_I_base_completa_270409,n120_3,Enviar un correo electrónico,3.0,NS/NR,372,10.72355,n >= 30
2008_I_base_completa_270409,n120_3,Enviar un correo electrónico,2.0,No,273,7.8697,n >= 30
2008_I_base_completa_270409,n120_4,Enviar un correo electrónico con un archivo adjunto,1.0,Si,2262,65.20611,n >= 30
2008_I_base_completa_270409,n120_4,Enviar un correo electrónico con un archivo adjunto,3.0,NS/NR,651,18.76622,n >= 30
2008_I_base_completa_270409,n120_4,Enviar un correo electrónico con un archivo adjunto,2.0,No,556,16.02767,n >= 30
2008_I_base_completa_270409,n120_5,"Enviar mensajes en chats, grupos de noticias o foros de discusión",1.0,Si,2016,58.11473,n >= 30
2008_I_base_completa_270409,n120_5,"Enviar mensajes en chats, grupos de noticias o foros de discusión",3.0,NS/NR,690,19.89046,n >= 30
2008_I_base_completa_270409,n120_5,"Enviar mensajes en chats, grupos de noticias o foros de discusión",2.0,No,763,21.99481,n >= 30
2008_I_base_completa_270409,n120_6,Usar Internet para hacer llamadas telefónicas,2.0,No,1858,53.5601,n >= 30
2008_I_base_completa_270409,n120_6,Usar Internet para hacer llamadas telefónicas,1.0,Si,766,22.08129,n >= 30
2008_I_base_completa_270409,n120_6,Usar Internet para hacer llamadas telefónicas,3.0,NS/NR,845,24.3586,n >= 30
2008_I_base_completa_270409,n120_7,Descargar música y películas,1.0,Si,1802,51.94581,n >= 30
2008_I_base_completa_270409,n120_7,Descargar música y películas,3.0,NS/NR,749,21.59124,n >= 30
2008_I_base_completa_270409,n120_7,Descargar música y películas,2.0,No,918,26.46296,n >= 30
2008_I_base_completa_270409,n120_8,"Buscar, descargar e instalar softwares",1.0,Si,1139,32.83367,n >= 30
2008_I_base_completa_270409,n120_8,"Buscar, descargar e instalar softwares",2.0,No,1434,41.33756,n >= 30
2008_I_base_completa_270409,n120_8,"Buscar, descargar e instalar softwares",3.0,NS/NR,896,25.82877,n >= 30
2008_I_base_completa_270409,n120_9,Programar una página web,2.0,No,2118,61.05506,n >= 30
2008_I_base_completa_270409,n120_9,Programar una página web,3.0,NS/NR,875,25.22341,n >= 30
2008_I_base_completa_270409,n120_9,Programar una página web,1.0,Si,476,13.72153,n >= 30
2008_I_base_completa_270409,o122,"Y Ud., ¿estaría dispuesto a responder está encuesta el próximo año?",1.0,Sí,4533,70.60748,n >= 30
2008_I_base_completa_270409,o122,"Y Ud., ¿estaría dispuesto a responder está encuesta el próximo año?",2.0,No,777,12.1028,n >= 30
2008_I_base_completa_270409,o122,"Y Ud., ¿estaría dispuesto a responder está encuesta el próximo año?",3.0,No sabe,1110,17.28972,n >= 30
2008_I_base_completa_270409,orden,Nº de orden integrante del hogar,1.0,1.0,1717,26.74455,n >= 30
2008_I_base_completa_270409,orden,Nº de orden integrante del hogar,2.0,2.0,1585,24.68847,n >= 30
2008_I_base_completa_270409,orden,Nº de orden integrante del hogar,3.0,3.0,1296,20.18692,n >= 30
2008_I_base_completa_270409,orden,Nº de orden integrante del hogar,4.0,4.0,924,14.39252,n >= 30
2008_I_base_completa_270409,orden,Nº de orden integrante del hogar,5.0,5.0,500,7.78816,n >= 30
2008_I_base_completa_270409,orden,Nº de orden integrante del hogar,6.0,6.0,240,3.73832,n >= 30
2008_I_base_completa_270409,orden,Nº de orden integrante del hogar,7.0,7.0,98,1.52648,n >= 30
2008_I_base_completa_270409,orden,Nº de orden integrante del hogar,8.0,8.0,38,0.5919,n >= 30
2008_I_base_completa_270409,id2,Parentesco,1.0,Jefe(a) de hogar,1717,26.74455,n >= 30
2008_I_base_completa_270409,id2,Parentesco,2.0,Cónyuge/pareja,1100,17.13396,n >= 30
2008_I_base_completa_270409,id2,Parentesco,3.0,Hijo(a) de ambos,2010,31.30841,n >= 30
2008_I_base_completa_270409,id2,Parentesco,6.0,Padre/madre,154,2.39875,n >= 30
2008_I_base_completa_270409,id2,Parentesco,9.0,Nieto(a),423,6.58879,n >= 30
2008_I_base_completa_270409,id2,Parentesco,10.0,Hermano(a),133,2.07165,n >= 30
2008_I_base_completa_270409,id2,Parentesco,12.0,Otro familiar,155,2.41433,n >= 30
2008_I_base_completa_270409,id2,Parentesco,4.0,Hijo(a) sólo de J. de Hogar,468,7.28972,n >= 30
2008_I_base_completa_270409,id2,Parentesco,13.0,No familiar,52,0.80997,n >= 30
2008_I_base_completa_270409,id2,Parentesco,8.0,Yerno/nuera,94,1.46417,n >= 30
2008_I_base_completa_270409,id2,Parentesco,5.0,Hijo(a) sólo de cónyuge,48,0.74766,n >= 30
2008_I_base_completa_270409,id2,Parentesco,11.0,Cuñado(a),30,0.46729,n >= 30
2008_I_base_completa_270409,id2,Parentesco,7.0,Suegro(a),33,0.51402,n >= 30
2008_I_base_completa_270409,id3,Sexo,1.0,Hombre,3063,47.71028,n >= 30
2008_I_base_completa_270409,id3,Sexo,2.0,Mujer,3357,52.28972,n >= 30
2008_I_base_completa_270409,id5,¿Cuál es su estado civil actual?,2.0,Conviviente,461,7.18069,n >= 30
2008_I_base_completa_270409,id5,¿Cuál es su estado civil actual?,8.0,Soltero(a),3274,50.99688,n >= 30
2008_I_base_completa_270409,id5,¿Cuál es su estado civil actual?,5.0,Separado(a) de unión de hecho,170,2.64798,n >= 30
2008_I_base_completa_270409,id5,¿Cuál es su estado civil actual?,1.0,Casado(a),2085,32.47664,n >= 30
2008_I_base_completa_270409,id5,¿Cuál es su estado civil actual?,7.0,Viudo(a),278,4.33022,n >= 30
2008_I_base_completa_270409,id5,¿Cuál es su estado civil actual?,4.0,Separado(a) de unión legal,107,1.66667,n >= 30
2008_I_base_completa_270409,id6,¿Asiste a algún establecimiento educacional?,2.0,No,4423,68.89408,n >= 30
2008_I_base_completa_270409,id6,¿Asiste a algún establecimiento educacional?,1.0,Si,1997,31.10592,n >= 30
2008_I_base_completa_270409,id7,¿Cuál es el curso que se encuentra realizando o ultimo curso aprobado?,4.0,4.0,2021,31.47975,n >= 30
2008_I_base_completa_270409,id7,¿Cuál es el curso que se encuentra realizando o ultimo curso aprobado?,2.0,2.0,851,13.25545,n >= 30
2008_I_base_completa_270409,id7,¿Cuál es el curso que se encuentra realizando o ultimo curso aprobado?,0.0,0.0,540,8.41121,n >= 30
2008_I_base_completa_270409,id7,¿Cuál es el curso que se encuentra realizando o ultimo curso aprobado?,1.0,1.0,578,9.00312,n >= 30
2008_I_base_completa_270409,id7,¿Cuál es el curso que se encuentra realizando o ultimo curso aprobado?,3.0,3.0,693,10.79439,n >= 30
2008_I_base_completa_270409,id7,¿Cuál es el curso que se encuentra realizando o ultimo curso aprobado?,8.0,8.0,514,8.00623,n >= 30
2008_I_base_completa_270409,id7,¿Cuál es el curso que se encuentra realizando o ultimo curso aprobado?,6.0,6.0,528,8.2243,n >= 30
2008_I_base_completa_270409,id7,¿Cuál es el curso que se encuentra realizando o ultimo curso aprobado?,5.0,5.0,516,8.03738,n >= 30
2008_I_base_completa_270409,id7,¿Cuál es el curso que se encuentra realizando o ultimo curso aprobado?,7.0,7.0,167,2.60125,n >= 30
2008_I_base_completa_270409,id8,¿Cuál es el nivel de estudio que se encuentra realizando o último nivel de estudio aprobado?,6.0,Educación Media Científico Humanista,2179,33.94081,n >= 30
2008_I_base_completa_270409,id8,¿Cuál es el nivel de estudio que se encuentra realizando o último nivel de estudio aprobado?,3.0,Educación Basica,1647,25.65421,n >= 30
2008_I_base_completa_270409,id8,¿Cuál es el nivel de estudio que se encuentra realizando o último nivel de estudio aprobado?,16.0,Ninguno,362,5.63863,n >= 30
2008_I_base_completa_270409,id8,¿Cuál es el nivel de estudio que se encuentra realizando o último nivel de estudio aprobado?,9.0,Centro de Formación Técnica incompleta (Sin titulo),33,0.51402,n >= 30
2008_I_base_completa_270409,id8,¿Cuál es el nivel de estudio que se encuentra realizando o último nivel de estudio aprobado?,8.0,Educación Media Técnica Profesional,329,5.12461,n >= 30
2008_I_base_completa_270409,id8,¿Cuál es el nivel de estudio que se encuentra realizando o último nivel de estudio aprobado?,13.0,Educación Universitaria incompleta (Sin titulo),364,5.66978,n >= 30
2008_I_base_completa_270409,id8,¿Cuál es el nivel de estudio que se encuentra realizando o último nivel de estudio aprobado?,5.0,Humanidades (S. Antiguo),274,4.26791,n >= 30
2008_I_base_completa_270409,id8,¿Cuál es el nivel de estudio que se encuentra realizando o último nivel de estudio aprobado?,10.0,Centro de Formación Técnica completa (Con titulo),98,1.52648,n >= 30
2008_I_base_completa_270409,id8,¿Cuál es el nivel de estudio que se encuentra realizando o último nivel de estudio aprobado?,7.0,"Técnica, Comercial, Industrial o Normalista (S. Antiguo)",38,0.5919,n >= 30
2008_I_base_completa_270409,id8,¿Cuál es el nivel de estudio que se encuentra realizando o último nivel de estudio aprobado?,2.0,Preparatoria (S. Antiguo),325,5.06231,n >= 30
2008_I_base_completa_270409,id8,¿Cuál es el nivel de estudio que se encuentra realizando o último nivel de estudio aprobado?,12.0,Instituto Profesional completa (Con titulo),132,2.05607,n >= 30
2008_I_base_completa_270409,id8,¿Cuál es el nivel de estudio que se encuentra realizando o último nivel de estudio aprobado?,1.0,Educación Preescolar/Parvularia,166,2.58567,n >= 30
2008_I_base_completa_270409,id8,¿Cuál es el nivel de estudio que se encuentra realizando o último nivel de estudio aprobado?,14.0,Educación Universitaria completa (Con titulo),358,5.57632,n >= 30
2008_I_base_completa_270409,id8,¿Cuál es el nivel de estudio que se encuentra realizando o último nivel de estudio aprobado?,11.0,Instituto Profesional incompleta (Sin titulo),65,1.01246,n >= 30
2008_I_base_completa_270409,id9,¿Utiliza Internet en el hogar o fuera del hogar?,1.0,Sí,2554,51.10044,n >= 30
2008_I_base_completa_270409,id9,¿Utiliza Internet en el hogar o fuera del hogar?,2.0,No,2441,48.83954,n >= 30
2008_I_base_completa_270409,b10,"¿Ud., tiene en uso y funcionamiento teléfono móvil?",1.0,"Sí, con tarjeta de prepago",3023,60.48419,n >= 30
2008_I_base_completa_270409,b10,"¿Ud., tiene en uso y funcionamiento teléfono móvil?",2.0,"Sí, con contrato",804,16.08643,n >= 30
2008_I_base_completa_270409,b10,"¿Ud., tiene en uso y funcionamiento teléfono móvil?",3.0,No tiene teléfono móvil,1165,23.30932,n >= 30
2008_I_base_completa_270409,b10b,Nº de orden Kish,1.0,1.0,1550,47.28493,n >= 30
2008_I_base_completa_270409,b10b,Nº de orden Kish,2.0,2.0,956,29.16412,n >= 30
2008_I_base_completa_270409,b10b,Nº de orden Kish,3.0,3.0,502,15.31422,n >= 30
2008_I_base_completa_270409,b10b,Nº de orden Kish,4.0,4.0,189,5.76571,n >= 30
2008_I_base_completa_270409,b10b,Nº de orden Kish,5.0,5.0,59,1.79988,n >= 30
2008_I_base_completa_270409,tot_sel,Total personas seleccionables,1.0,1.0,1739,27.08723,n >= 30
2008_I_base_completa_270409,tot_sel,Total personas seleccionables,0.0,0.0,228,3.5514,n >= 30
2008_I_base_completa_270409,tot_sel,Total personas seleccionables,2.0,2.0,1744,27.16511,n >= 30
2008_I_base_completa_270409,tot_sel,Total personas seleccionables,3.0,3.0,1492,23.23988,n >= 30
2008_I_base_completa_270409,tot_sel,Total personas seleccionables,5.0,5.0,292,4.54829,n >= 30
2008_I_base_completa_270409,tot_sel,Total personas seleccionables,4.0,4.0,786,12.24299,n >= 30
2008_I_base_completa_270409,tot_sel,Total personas seleccionables,6.0,6.0,103,1.60436,n >= 30
2008_I_base_completa_270409,May_15,Tramo de Edad (15 años),2.0,Mayor de 15 años,4998,77.85047,n >= 30
2008_I_base_completa_270409,May_15,Tramo de Edad (15 años),1.0,Menor de 15 años,1422,22.14953,n >= 30
