region,region_nombre,provincia,provincia_nombre,comuna,comuna_nombre,hogares_total,hogares_validos_internet,hogares_sin_internet_n,hogares_sin_internet_pct,hogares_trampa_movil_n,hogares_trampa_movil_pct,hogares_con_tel_movil_n,hogares_con_tel_movil_pct,hogares_con_computador_n,hogares_con_computador_pct,hogares_con_internet_fija_n,hogares_con_internet_fija_pct,hogares_con_internet_movil_n,hogares_con_internet_movil_pct,hogares_con_internet_satelital_n,hogares_con_internet_satelital_pct,hogares_urbanos_n,hogares_urbanos_pct,hogares_rurales_n,hogares_rurales_pct,pct_hacinamiento,pct_hacinamiento_critico,pct_no_propietario,pct_arrendatario,pct_tenencia_irregular,pct_monoparental,pct_hogares_con_nna,pct_hogares_con_mayores,pct_hogares_con_discapacidad,pct_jefatura_femenina,pct_hogares_multigeneracionales,macrozona_operativa,ookla_fixed_tiles_2026q1,ookla_fixed_tests_2026q1,ookla_fixed_devices_sum_2026q1,ookla_fixed_download_mbps_2026q1,ookla_fixed_upload_mbps_2026q1,ookla_fixed_latency_ms_2026q1,ookla_fixed_loaded_latency_down_ms_2026q1,ookla_fixed_loaded_latency_up_ms_2026q1,ookla_fixed_tests_2025q4,ookla_fixed_download_delta_pct_q4_to_q1,ookla_fixed_upload_delta_pct_q4_to_q1,ookla_fixed_latency_delta_pct_q4_to_q1,ookla_mobile_tiles_2026q1,ookla_mobile_tests_2026q1,ookla_mobile_devices_sum_2026q1,ookla_mobile_download_mbps_2026q1,ookla_mobile_upload_mbps_2026q1,ookla_mobile_latency_ms_2026q1,ookla_mobile_loaded_latency_down_ms_2026q1,ookla_mobile_loaded_latency_up_ms_2026q1,ookla_mobile_tests_2025q4,ookla_mobile_download_delta_pct_q4_to_q1,ookla_mobile_upload_delta_pct_q4_to_q1,ookla_mobile_latency_delta_pct_q4_to_q1,ookla_observed_any_2026q1,ookla_period,ookla_spatial_method,claro_4g_point_records_2025m03,entel_4g_point_records_2025m03,movistar_4g_point_records_2025m03,wom_4g_point_records_2025m03,mobile_4g_point_records_2025m03,mobile_4g_operators_present_2025m03,claro_5g_point_records_2025m03,entel_5g_point_records_2025m03,movistar_5g_point_records_2025m03,wom_5g_point_records_2025m03,mobile_5g_point_records_2025m03,mobile_5g_operators_present_2025m03,mineduc_aulas_selected_establishments_2025,mineduc_aulas_waitlist_establishments_2025,mineduc_aulas_selected_rural_establishments_2025,mineduc_aulas_selected_enrollment_2025,mineduc_aulas_selected_with_coordinates_2025,fixed_access_public_layers_present,fixed_access_public_operators_present,subtel_fixed_connections_total_2026m03,subtel_fixed_connections_residential_2026m03,subtel_fixed_residential_share_pct_2026m03,subtel_fixed_residential_per_100_censo_households_2026m03,subtel_fixed_source_status_2026m03
1,Tarapacá,11,Iquique,1101,Iquique,71344,69606,2513,3.6103,13178,18.9323,68642,96.2127,40337,56.5387,53580,75.1009,62503,87.6079,3144,4.4068,70097,98.2521,1247,1.7479,8.4447,1.3304,57.8252,44.1519,2.8496,13.192,40.2493,25.6132,18.596,45.7264,6.1017,Norte,87.0,5292.0,1794.0,443.733,368.08,21.698,330.144,245.284,5385.0,3.564,3.301,-5.079,98.0,667.0,390.0,85.075,22.932,58.999,1444.575,1233.978,766.0,11.515,4.35,9.751,yes,2026Q1,tile centroid within BCN commune polygon,21,66,46,54,187,4,0,26,11,9,46,3,12,0,0,6870,12,6,4,58491,52286,89.3915,73.2872,reported
1,Tarapacá,11,Iquique,1107,Alto Hospicio,42399,42078,2012,4.7816,14062,33.4189,41480,97.8325,18240,43.0199,25449,60.0226,36583,86.2827,2395,5.6487,42226,99.592,173,0.408,13.119,1.4492,44.2064,22.9609,12.446,17.3381,56.325,14.6619,24.6643,51.3903,4.2847,Norte,74.0,2941.0,978.0,407.473,323.401,23.209,372.508,262.126,3262.0,-2.293,-4.228,9.766,66.0,522.0,236.0,55.12,17.989,55.789,1826.824,1275.475,511.0,3.521,6.963,1.16,yes,2026Q1,tile centroid within BCN commune polygon,9,40,16,12,77,4,0,7,4,3,14,3,1,0,0,1142,1,6,4,25233,23982,95.0422,56.5627,reported
1,Tarapacá,14,Del Tamarugal,1401,Pozo Almonte,5675,5596,471,8.4167,2793,49.9107,5468,96.3524,2138,37.674,2161,38.0793,4805,84.6696,372,6.5551,4500,79.2952,1175,20.7048,12.4491,2.1119,48.4935,22.9096,6.7748,13.4427,44.91,24.015,23.177,45.3557,4.0292,Norte,76.0,412.0,164.0,205.55,144.286,33.682,476.801,406.731,391.0,-1.768,-4.623,7.07,53.0,233.0,101.0,74.091,15.816,60.185,1572.773,1329.163,188.0,16.398,23.389,-9.993,yes,2026Q1,tile centroid within BCN commune polygon,3,14,8,5,30,4,0,4,2,2,8,3,2,2,2,1455,2,4,3,2890,2586,89.481,45.5683,reported
1,Tarapacá,14,Del Tamarugal,1402,Camiña,489,489,121,24.7444,337,68.9162,465,95.092,120,24.5399,25,5.1125,364,74.4376,10,2.045,0,0.0,489,100.0,16.7015,3.3403,34.1513,12.2699,1.227,11.0429,100.0,0.0,25.9714,44.5808,0.0,Norte,4.0,5.0,4.0,277.804,33.294,45.6,167.6,61.2,22.0,-0.258,-16.242,-22.473,3.0,7.0,4.0,140.451,10.712,72.857,996.286,1031.429,2.0,-16.92,-76.103,36.181,yes,2026Q1,tile centroid within BCN commune polygon,1,1,2,0,4,3,0,0,2,0,2,1,0,0,0,0,0,0,0,57,41,71.9298,8.3845,reported
1,Tarapacá,14,Del Tamarugal,1403,Colchane,353,245,107,43.6735,126,51.4286,200,56.6572,22,6.2323,7,1.983,131,37.1105,6,1.6997,0,0.0,353,100.0,23.2365,5.3942,48.1781,17.8138,1.6194,12.5506,100.0,0.0,28.7449,39.6761,0.0,Norte,7.0,17.0,9.0,114.408,22.545,45.647,310.353,282.765,6.0,22.538,3.072,-85.948,2.0,2.0,2.0,16.524,4.994,114.5,4553.0,1493.0,,,,,yes,2026Q1,tile centroid within BCN commune polygon,0,2,0,0,2,1,0,0,0,0,0,0,0,0,0,0,0,0,0,149,126,84.5638,35.6941,reported
1,Tarapacá,14,Del Tamarugal,1404,Huara,1039,1025,185,18.0488,716,69.8537,978,94.129,275,26.4678,99,9.5284,826,79.4995,44,4.2348,437,42.0597,602,57.9403,14.1724,2.6759,44.112,17.9537,4.5367,12.0656,100.0,0.0,26.9305,42.8571,0.0,Norte,12.0,47.0,15.0,199.154,78.394,67.277,301.362,225.404,128.0,57.171,19.073,10.786,26.0,113.0,37.0,42.588,10.277,53.522,1911.832,1908.292,43.0,-6.529,-31.796,-14.95,yes,2026Q1,tile centroid within BCN commune polygon,2,6,2,3,13,4,0,2,1,2,5,3,1,0,1,503,1,1,1,352,299,84.9432,28.7777,reported
1,Tarapacá,14,Del Tamarugal,1405,Pica,2184,2172,188,8.6556,1241,57.1363,2134,97.7106,869,39.7894,679,31.0897,1881,86.1264,136,6.2271,1538,70.4212,646,29.5788,11.1605,1.1358,52.8899,32.0642,1.789,14.2661,44.7706,30.0459,21.8807,48.9908,5.4128,Norte,37.0,180.0,94.0,146.002,105.263,47.45,571.233,632.922,211.0,-6.207,-11.406,-3.256,36.0,130.0,63.0,90.451,16.155,48.254,1208.651,1440.138,194.0,-9.953,-10.09,-1.242,yes,2026Q1,tile centroid within BCN commune polygon,1,12,2,3,18,4,0,3,1,1,5,3,3,0,3,1209,3,2,1,791,695,87.8635,31.8223,reported
2,Antofagasta,21,Antofagasta,2101,Antofagasta,135023,133677,3476,2.6003,24385,18.2417,132406,98.0618,81209,60.1446,105070,77.8164,122463,90.6979,5686,4.2111,134450,99.5756,573,0.4244,6.7357,0.808,51.5728,34.4207,6.5091,13.8267,42.9072,22.1552,18.3762,47.1166,5.2014,Norte,240.0,10299.0,3459.0,452.314,379.847,15.788,269.393,236.847,10079.0,5.665,3.73,-0.978,220.0,1707.0,787.0,82.831,21.341,38.596,1849.167,1214.757,1765.0,-5.75,-1.034,2.182,yes,2026Q1,tile centroid within BCN commune polygon,39,151,68,72,330,4,17,26,23,3,69,4,25,1,0,16591,25,6,4,120596,111930,92.814,82.8970,reported
2,Antofagasta,21,Antofagasta,2102,Mejillones,4774,4730,189,3.9958,1531,32.3679,4669,97.8006,2162,45.287,2948,61.7512,4224,88.4793,426,8.9233,4573,95.7897,201,4.2103,8.559,1.2162,45.865,29.9578,5.865,16.1814,48.1646,18.692,24.7257,48.692,3.9241,Norte,29.0,233.0,92.0,220.136,196.28,16.73,241.515,235.236,254.0,-16.49,-2.031,-1.105,31.0,140.0,57.0,60.092,15.274,45.021,1904.457,874.136,148.0,10.006,-7.988,1.913,yes,2026Q1,tile centroid within BCN commune polygon,2,10,8,6,26,4,0,6,5,2,13,3,2,0,0,3056,2,5,4,3185,2858,89.7331,59.8659,reported
2,Antofagasta,21,Antofagasta,2103,Sierra Gorda,487,393,22,5.598,253,64.3766,477,97.9466,279,57.2895,115,23.614,360,73.922,19,3.9014,0,0.0,487,100.0,13.4529,2.4664,51.1435,29.7297,4.3659,16.4241,100.0,0.0,13.3056,57.5884,0.0,Norte,49.0,140.0,88.0,121.962,32.01,32.764,509.557,365.321,116.0,-14.453,-53.37,2.279,68.0,204.0,120.0,27.134,11.74,50.701,2208.813,1394.172,186.0,21.334,-5.039,2.381,yes,2026Q1,tile centroid within BCN commune polygon,3,14,7,1,25,4,0,1,0,0,1,1,0,0,0,0,0,3,2,926,700,75.594,143.7372,reported
2,Antofagasta,21,Antofagasta,2104,Taltal,4129,4094,425,10.381,1524,37.2252,4020,97.3601,1788,43.3035,2033,49.2371,3264,79.0506,379,9.179,3776,91.4507,353,8.5493,6.4961,0.4765,29.0488,13.1463,4.8049,15.4878,43.7805,29.6098,25.6341,50.7561,6.4878,Norte,40.0,364.0,102.0,273.462,234.838,20.508,321.907,358.835,250.0,-3.782,11.184,3.513,35.0,84.0,51.0,90.421,31.04,40.512,1441.095,854.476,86.0,23.712,50.833,1.694,yes,2026Q1,tile centroid within BCN commune polygon,1,13,3,6,23,4,0,3,3,3,9,3,0,1,0,0,0,3,2,3217,2517,78.2406,60.9591,reported
2,Antofagasta,22,El Loa,2201,Calama,56541,55625,2053,3.6908,12539,22.542,55300,97.8051,31559,55.8161,40587,71.7833,50025,88.4756,2706,4.7859,55003,97.2799,1538,2.7201,9.316,1.1992,52.5524,38.4191,3.1617,15.4322,45.3261,20.835,17.7036,43.8808,5.1887,Norte,188.0,4597.0,1682.0,448.081,388.362,21.945,289.595,267.428,4650.0,5.364,3.157,-2.31,156.0,1004.0,480.0,93.026,24.088,44.402,1697.271,1122.134,935.0,3.874,-3.582,-2.274,yes,2026Q1,tile centroid within BCN commune polygon,16,81,48,40,185,4,0,21,8,2,31,3,7,2,0,3209,7,6,4,48122,45297,94.1295,80.1135,reported
2,Antofagasta,22,El Loa,2202,Ollagüe,102,102,11,10.7843,71,69.6078,98,96.0784,40,39.2157,13,12.7451,90,88.2353,8,7.8431,0,0.0,102,100.0,8.9888,1.1236,80.3922,24.5098,2.9412,14.7059,100.0,0.0,30.3922,48.0392,0.0,Norte,3.0,8.0,4.0,154.726,20.699,29.25,141.125,438.0,11.0,517.028,-0.318,-60.522,2.0,2.0,2.0,122.971,17.404,43.5,320.5,1090.0,2.0,27.932,2.733,8.75,yes,2026Q1,tile centroid within BCN commune polygon,1,1,0,0,2,2,0,0,0,0,0,0,0,0,0,0,0,1,1,59,43,72.8814,42.1569,reported
2,Antofagasta,22,El Loa,2203,San Pedro de Atacama,3919,3846,457,11.8825,2968,77.1711,3837,97.9076,1624,41.4391,262,6.6854,3350,85.481,189,4.8227,2442,62.3118,1477,37.6882,13.6856,2.7913,65.3145,37.1245,7.6765,13.6842,38.4852,17.561,15.9178,53.5815,3.0809,Norte,77.0,383.0,250.0,131.25,29.172,30.809,382.402,267.428,402.0,-4.821,-6.263,-13.763,47.0,261.0,103.0,58.65,16.023,69.218,1715.93,1514.95,204.0,-38.671,-17.594,22.404,yes,2026Q1,tile centroid within BCN commune polygon,2,15,3,3,23,4,0,2,1,0,3,2,1,0,0,1009,1,3,2,1663,1502,90.3187,38.3261,reported
2,Antofagasta,23,Tocopilla,2301,Tocopilla,8811,8661,641,7.401,1942,22.4224,8491,96.3682,3905,44.3196,5930,67.3022,7249,82.2722,752,8.5348,8363,94.9154,448,5.0846,5.7532,0.5166,41.3003,21.7491,5.4776,16.0759,42.8193,30.1726,26.7204,51.8297,5.7192,Norte,27.0,390.0,163.0,387.345,363.028,17.787,281.992,288.651,573.0,1.992,-0.291,0.651,22.0,127.0,55.0,98.453,21.207,34.079,2111.976,1055.087,76.0,12.985,20.714,-23.667,yes,2026Q1,tile centroid within BCN commune polygon,4,7,4,7,22,4,0,4,3,3,10,3,5,1,0,2823,5,5,4,6817,6429,94.3083,72.9656,reported
2,Antofagasta,23,Tocopilla,2302,María Elena,1649,1633,68,4.1641,757,46.3564,1619,98.1807,868,52.638,758,45.9673,1513,91.7526,123,7.4591,1543,93.5719,106,6.4281,16.2879,1.0101,94.0061,47.0336,1.1621,13.0275,100.0,0.0,15.1682,38.9602,0.0,Norte,22.0,98.0,39.0,152.866,23.419,28.786,278.878,210.571,71.0,-16.365,-19.633,-32.437,23.0,55.0,43.0,35.096,12.447,56.636,1829.964,1927.509,104.0,2.635,-26.336,28.13,yes,2026Q1,tile centroid within BCN commune polygon,1,5,3,5,14,4,0,0,1,2,3,2,2,0,0,968,2,3,2,1428,1281,89.7059,77.6834,reported
3,Atacama,31,Copiapó,3101,Copiapó,57356,56774,2653,4.6729,15713,27.6764,56160,97.9148,30572,53.3022,37776,65.8623,50552,88.1372,2484,4.3308,55116,96.0946,2240,3.9054,5.8614,0.4948,35.7258,22.9766,3.3974,15.6254,43.7491,24.6683,20.7041,48.0152,5.2681,Norte,181.0,3809.0,1519.0,440.291,387.506,14.059,209.012,257.444,4485.0,2.768,1.883,-1.527,154.0,832.0,445.0,89.904,22.814,32.142,2001.924,1209.636,980.0,2.351,2.03,-1.384,yes,2026Q1,tile centroid within BCN commune polygon,13,71,47,44,175,4,0,22,4,5,31,3,7,1,1,4418,7,5,3,46317,43864,94.7039,76.4767,reported
3,Atacama,31,Copiapó,3102,Caldera,6984,6901,469,6.7961,3045,44.124,6792,97.2509,3115,44.6019,3181,45.547,6123,87.6718,533,7.6317,6092,87.2279,892,12.7721,4.7528,0.3395,30.5981,18.0584,2.7593,16.1803,38.6449,29.7602,27.7088,52.6726,4.7963,Norte,50.0,532.0,215.0,347.437,280.323,18.5,229.036,236.468,455.0,-14.21,-20.029,5.467,69.0,270.0,151.0,65.675,16.566,51.737,2009.187,1822.656,253.0,-2.905,3.447,10.375,yes,2026Q1,tile centroid within BCN commune polygon,5,12,13,10,40,4,0,5,3,3,11,3,3,0,0,1532,3,4,3,5222,5035,96.419,72.0934,reported
3,Atacama,31,Copiapó,3103,Tierra Amarilla,3889,3828,440,11.4943,2278,59.5089,3745,96.2972,1562,40.1646,1004,25.8164,3272,84.1347,202,5.1941,2941,75.6236,948,24.3764,7.802,0.7264,34.8717,10.63,4.6668,15.5043,46.3054,26.8084,21.8564,47.6018,6.2225,Norte,53.0,357.0,137.0,327.897,259.383,17.171,324.179,203.294,547.0,-4.289,-6.367,6.791,47.0,146.0,64.0,69.149,13.547,35.521,1719.815,1568.568,208.0,-10.21,-40.518,4.326,yes,2026Q1,tile centroid within BCN commune polygon,1,14,5,6,26,4,0,3,1,2,6,3,1,0,0,613,1,1,1,2276,2130,93.5852,54.7699,reported
3,Atacama,32,Chañaral,3201,Chañaral,4415,4349,424,9.7494,2997,68.9124,4292,97.214,2050,46.4326,769,17.4179,3860,87.4292,219,4.9604,3645,82.5595,770,17.4405,5.3733,0.2559,32.6945,14.6475,3.3995,16.3815,40.0639,32.0329,23.2945,55.3046,5.2019,Norte,32.0,257.0,85.0,424.169,251.087,19.49,270.856,163.763,293.0,-14.951,-24.986,-4.996,25.0,106.0,60.0,91.75,23.754,36.953,1383.585,1139.226,98.0,-29.842,-16.999,-15.761,yes,2026Q1,tile centroid within BCN commune polygon,4,8,6,9,27,4,0,4,3,6,13,3,2,0,0,638,2,2,2,2427,2360,97.2394,53.4541,reported
3,Atacama,32,Chañaral,3202,Diego de Almagro,4168,4146,279,6.7294,2290,55.234,4086,98.0326,2117,50.7917,1456,34.9328,3748,89.9232,280,6.7179,3943,94.6017,225,5.3983,5.0868,0.5869,56.6274,18.7154,3.1754,14.7703,43.084,22.9492,24.6813,44.6716,3.4159,Norte,40.0,191.0,85.0,327.311,280.917,21.56,157.346,171.634,164.0,57.764,130.926,12.891,35.0,156.0,84.0,104.98,21.496,40.353,1558.167,1172.391,164.0,9.731,-5.325,-8.378,yes,2026Q1,tile centroid within BCN commune polygon,3,9,8,7,27,4,0,3,3,2,8,3,1,0,0,571,1,3,2,2432,2194,90.2138,52.6392,reported
3,Atacama,33,Huasco,3301,Vallenar,18778,18570,1520,8.1852,6197,33.371,18253,97.2042,8372,44.5841,10407,55.4212,15720,83.715,989,5.2668,15526,82.6819,3252,17.3181,5.6953,0.3823,33.7789,15.7971,4.7343,16.4627,41.9485,32.716,25.051,49.8926,6.7096,Norte,98.0,1383.0,511.0,429.044,359.255,14.299,189.387,209.046,1251.0,5.616,1.758,20.342,77.0,341.0,166.0,74.214,18.104,42.657,1582.669,1298.481,304.0,-18.774,-21.746,7.216,yes,2026Q1,tile centroid within BCN commune polygon,8,23,22,19,72,4,0,5,3,4,12,3,0,1,0,0,0,5,4,13992,13119,93.7607,69.8637,reported
3,Atacama,33,Huasco,3302,Alto del Carmen,1922,1905,378,19.8425,1405,73.7533,1854,96.462,570,29.6566,85,4.4225,1506,78.3559,49,2.5494,0,0.0,1922,100.0,4.4032,0.3714,32.8296,8.963,8.025,13.5487,100.0,0.0,20.4794,44.5023,0.0,Norte,11.0,46.0,12.0,152.584,31.87,30.152,348.109,386.804,38.0,-1.254,27.915,-42.997,22.0,48.0,24.0,48.886,7.501,48.479,1672.354,1660.812,42.0,-49.226,-37.818,-4.093,yes,2026Q1,tile centroid within BCN commune polygon,2,5,3,8,18,4,0,0,1,3,4,2,1,0,1,183,1,1,1,228,197,86.4035,10.2497,reported
3,Atacama,33,Huasco,3303,Freirina,2736,2725,333,12.2202,2024,74.2752,2671,97.6243,1075,39.2909,282,10.307,2352,85.9649,111,4.057,1614,58.9912,1122,41.0088,5.6364,0.3733,24.0029,7.9034,3.9517,15.7702,39.7731,32.5284,26.3081,52.1771,5.4885,Norte,23.0,189.0,43.0,217.567,94.278,27.233,226.212,261.349,127.0,14.804,122.869,-16.278,23.0,201.0,56.0,84.437,18.014,55.443,1201.542,1355.214,432.0,-39.466,-38.569,-35.755,yes,2026Q1,tile centroid within BCN commune polygon,2,3,3,2,10,4,0,1,2,2,5,3,0,0,0,0,0,2,1,364,341,93.6813,12.4635,reported
3,Atacama,33,Huasco,3304,Huasco,3491,3457,330,9.5458,2191,63.3787,3411,97.7084,1382,39.5875,805,23.0593,3046,87.2529,274,7.8488,2842,81.4093,649,18.5907,5.3577,0.3238,28.5714,12.9896,4.2051,14.5161,36.2903,34.9654,27.6498,46.3998,5.9332,Norte,21.0,174.0,56.0,367.74,307.124,12.126,172.385,223.282,207.0,-9.923,-12.39,-3.754,25.0,245.0,89.0,119.745,23.03,43.241,1319.792,1194.151,215.0,8.837,-13.388,-34.177,yes,2026Q1,tile centroid within BCN commune polygon,2,7,4,7,20,4,0,3,3,2,8,3,1,1,0,530,1,3,2,1617,1513,93.5683,43.3400,reported
4,Coquimbo,41,Elqui,4101,La Serena,86795,86184,3850,4.4672,19164,22.2361,85233,98.2004,53488,61.6257,61481,70.8347,76414,88.0396,5451,6.2803,77488,89.277,9307,10.723,3.9053,0.2806,36.9149,26.5993,1.748,15.3074,40.0072,28.1252,21.3935,49.5824,5.2555,Norte,365.0,8117.0,3286.0,422.926,346.136,12.287,197.485,215.949,7794.0,0.591,-4.354,13.885,235.0,1645.0,850.0,89.028,22.639,32.076,1616.716,1163.226,1423.0,0.788,-4.95,4.598,yes,2026Q1,tile centroid within BCN commune polygon,30,107,67,85,289,4,0,27,7,16,50,3,9,2,4,2767,9,6,4,80881,76191,94.2014,87.7827,reported
4,Coquimbo,41,Elqui,4102,Coquimbo,90296,89753,4590,5.114,21879,24.3769,88170,97.6455,48799,54.0434,61892,68.5435,78999,87.4889,5442,6.0268,83853,92.8646,6443,7.1354,4.8549,0.35,33.9653,22.9994,1.7203,15.5209,42.3191,28.5764,22.658,48.3575,5.5747,Norte,363.0,7386.0,2981.0,398.575,351.881,10.856,210.456,265.062,7219.0,-0.448,-3.119,3.538,305.0,1995.0,902.0,78.106,19.033,31.411,1704.754,1274.61,1595.0,-5.464,-17.485,6.122,yes,2026Q1,tile centroid within BCN commune polygon,34,124,66,82,306,4,0,6,6,9,21,3,0,0,0,0,0,6,4,75274,72293,96.0398,80.0622,reported
4,Coquimbo,41,Elqui,4103,Andacollo,4067,4062,589,14.5002,2281,56.1546,3967,97.5412,1803,44.3324,915,22.4982,3390,83.3538,410,10.0811,3293,80.9688,774,19.0312,3.826,0.2001,23.9911,8.7106,2.8051,16.4862,38.6319,36.6142,28.3711,45.9892,5.9301,Norte,16.0,117.0,38.0,463.507,324.021,5.239,258.974,385.009,80.0,11.25,1.64,-37.257,22.0,42.0,30.0,109.241,21.24,31.524,1495.707,1013.762,41.0,-19.176,-32.623,-1.862,yes,2026Q1,tile centroid within BCN commune polygon,3,9,4,12,28,4,0,3,2,6,11,3,1,0,0,158,1,4,3,1727,1697,98.2629,41.7261,reported
4,Coquimbo,41,Elqui,4104,La Higuera,1626,1622,229,14.1184,1127,69.4821,1564,96.187,484,29.7663,204,12.5461,1356,83.3948,84,5.1661,362,22.2632,1264,77.7368,5.7321,0.4361,23.4932,7.8106,2.952,12.1771,100.0,0.0,30.6273,41.2054,0.0,Norte,15.0,30.0,17.0,147.059,69.448,28.467,450.9,580.267,41.0,-54.868,-70.747,65.084,25.0,111.0,32.0,48.459,7.565,80.604,1226.369,2290.216,163.0,-55.128,-82.724,181.941,yes,2026Q1,tile centroid within BCN commune polygon,2,6,4,7,19,4,0,0,3,3,6,2,0,0,0,0,0,0,0,450,432,96.0,26.5683,reported
4,Coquimbo,41,Elqui,4105,Paihuano,1870,1859,166,8.9295,1420,76.3852,1832,97.9679,739,39.5187,181,9.6791,1678,89.7326,124,6.631,0,0.0,1870,100.0,4.9261,0.3284,37.8088,16.058,2.5242,14.4468,100.0,0.0,26.6917,47.1536,0.0,Norte,18.0,51.0,26.0,97.606,18.55,37.686,340.686,364.51,62.0,-19.547,-18.626,-11.327,41.0,144.0,74.0,66.577,12.598,43.861,1737.528,1595.819,31.0,0.407,-4.416,33.041,yes,2026Q1,tile centroid within BCN commune polygon,3,3,6,4,16,4,0,1,4,2,7,3,0,0,0,0,0,0,0,177,153,86.4407,8.1818,reported
4,Coquimbo,41,Elqui,4106,Vicuña,9842,9785,1027,10.4957,4415,45.1201,9606,97.6021,4086,41.516,3893,39.555,8096,82.2597,761,7.7322,5682,57.7322,4160,42.2678,4.9937,0.3649,32.3622,15.626,2.3021,16.1964,39.8391,33.7068,26.719,50.8506,5.7146,Norte,63.0,309.0,132.0,269.666,206.011,13.744,310.246,361.343,408.0,-21.59,-31.559,25.585,62.0,154.0,93.0,97.003,19.449,32.123,1485.099,1129.851,193.0,34.001,7.518,12.397,yes,2026Q1,tile centroid within BCN commune polygon,5,13,6,12,36,4,0,3,4,5,12,3,2,0,0,363,2,4,3,3243,3097,95.498,31.4672,reported
4,Coquimbo,42,Choapa,4201,Illapel,11593,11545,1446,12.5249,4647,40.2512,11398,98.318,5350,46.1485,5083,43.8454,9362,80.7556,658,5.6758,7321,63.1502,4272,36.8498,4.5515,0.2382,31.1069,17.1952,2.3849,15.3893,38.2269,35.3322,25.0756,49.1748,5.6079,Norte,94.0,902.0,255.0,362.994,273.828,16.021,274.34,280.153,728.0,-1.025,-9.992,24.358,59.0,177.0,100.0,81.893,17.147,34.525,1876.576,1700.966,173.0,7.669,3.376,-5.478,yes,2026Q1,tile centroid within BCN commune polygon,5,15,10,12,42,4,0,4,4,4,12,3,3,0,1,577,3,5,4,5342,5083,95.1516,43.8454,reported
4,Coquimbo,42,Choapa,4202,Canela,3779,3769,838,22.234,2388,63.359,3645,96.4541,1060,28.0497,493,13.0458,2873,76.0254,88,2.3287,758,20.0582,3021,79.9418,3.762,0.1067,19.7724,7.9142,2.4881,13.9227,30.1218,44.6797,26.9455,44.9974,4.6585,Norte,28.0,86.0,41.0,292.756,202.59,19.919,267.919,279.616,61.0,2.494,1.081,33.086,28.0,97.0,38.0,42.455,12.679,127.938,1348.812,2361.794,53.0,-37.585,6.18,204.477,yes,2026Q1,tile centroid within BCN commune polygon,3,13,4,9,29,4,0,2,2,2,6,3,0,0,0,0,0,1,1,1199,1176,98.0817,31.1193,reported
4,Coquimbo,42,Choapa,4203,Los Vilos,8543,8496,949,11.17,3578,42.1139,8344,97.6706,3527,41.2853,3805,44.5394,7106,83.1792,478,5.5952,6692,78.3331,1851,21.6669,5.5562,0.4942,33.6152,17.5711,2.2551,15.5626,38.3603,32.981,27.4607,50.6108,4.8861,Norte,64.0,575.0,222.0,389.207,293.305,16.209,268.617,256.743,501.0,16.267,5.816,17.066,99.0,544.0,237.0,67.017,14.251,110.369,1810.445,1499.89,297.0,-39.675,-35.373,69.018,yes,2026Q1,tile centroid within BCN commune polygon,2,31,12,18,63,4,0,5,5,4,14,3,0,1,0,0,0,4,3,5996,5729,95.547,67.0608,reported
4,Coquimbo,42,Choapa,4204,Salamanca,10058,10013,1337,13.3526,4710,47.0388,9795,97.3852,4408,43.8258,3803,37.8107,8106,80.5926,393,3.9073,5536,55.0408,4522,44.9592,4.3935,0.2141,28.7593,14.5989,3.1689,15.426,39.7309,33.5625,23.438,46.8261,5.8695,Norte,112.0,537.0,244.0,243.499,170.204,15.851,342.565,364.06,374.0,9.258,-3.796,-10.365,84.0,243.0,142.0,75.862,18.249,71.267,1516.678,1261.609,347.0,47.471,40.626,94.019,yes,2026Q1,tile centroid within BCN commune polygon,2,23,6,15,46,4,0,4,4,5,13,3,0,0,0,0,0,2,1,2287,2118,92.6104,21.0579,reported
4,Coquimbo,43,Limarí,4301,Ovalle,42363,42016,4024,9.5773,16061,38.2259,41266,97.4105,17549,41.4253,21013,49.6022,35105,82.8671,2798,6.6048,33469,79.0053,8894,20.9947,4.6269,0.2892,33.2961,19.3777,1.6116,17.6402,40.0703,31.122,24.7181,49.8635,5.8461,Norte,172.0,2003.0,728.0,381.954,340.072,12.115,183.264,222.676,2253.0,3.242,0.827,-3.381,153.0,606.0,288.0,69.692,19.125,33.38,1704.384,1437.85,648.0,8.687,20.488,1.152,yes,2026Q1,tile centroid within BCN commune polygon,14,55,36,27,132,4,0,3,3,5,11,3,10,2,2,2701,10,5,4,21612,20182,93.3833,47.6406,reported
4,Coquimbo,43,Limarí,4302,Combarbalá,5256,5246,1107,21.1018,2837,54.0793,5066,96.3851,1592,30.2892,1142,21.7275,3883,73.8775,249,4.7374,2085,39.6689,3171,60.3311,4.0569,0.2307,31.219,12.9714,4.419,15.8667,29.9048,42.7429,31.8857,50.6857,4.8381,Norte,37.0,338.0,75.0,334.822,277.724,16.565,212.595,684.571,213.0,39.241,21.868,1.651,27.0,110.0,47.0,116.029,21.519,53.318,1044.5,1126.791,94.0,-11.264,-4.36,3.382,yes,2026Q1,tile centroid within BCN commune polygon,3,6,5,8,22,4,0,3,4,6,13,3,1,0,0,679,1,3,2,1469,1389,94.5541,26.4269,reported
4,Coquimbo,43,Limarí,4303,Monte Patria,11220,11198,1728,15.4313,7254,64.7794,10951,97.6025,3328,29.6613,2080,18.5383,9206,82.0499,271,2.4153,4907,43.7344,6313,56.2656,6.1309,0.3791,33.4077,11.0972,3.7823,17.9037,37.0027,34.2819,29.1704,49.6521,4.8707,Norte,51.0,283.0,115.0,406.122,358.755,12.724,163.569,234.035,251.0,27.859,24.66,-4.006,55.0,154.0,75.0,40.181,12.062,40.117,2039.627,1461.869,120.0,-31.673,-12.575,-10.136,yes,2026Q1,tile centroid within BCN commune polygon,3,19,9,7,38,4,0,6,2,3,11,3,7,0,1,2417,7,2,2,2333,2246,96.2709,20.0178,reported
4,Coquimbo,43,Limarí,4304,Punitaqui,4463,4456,802,17.9982,2633,59.0889,4344,97.3336,1440,32.2653,911,20.4123,3468,77.7056,202,4.5261,1969,44.1183,2494,55.8817,5.0447,0.3669,29.7467,11.7238,2.8917,17.2607,38.2425,35.5974,30.2847,48.9352,5.3127,Norte,21.0,71.0,32.0,408.937,268.359,11.0,232.873,193.465,56.0,-13.206,-28.383,-41.22,21.0,52.0,26.0,63.381,11.739,36.058,1244.837,1869.808,57.0,-32.389,-39.201,9.675,yes,2026Q1,tile centroid within BCN commune polygon,1,6,4,9,20,4,0,2,2,5,9,3,0,2,0,0,0,0,0,1267,1219,96.2115,27.3135,reported
4,Coquimbo,43,Limarí,4305,Río Hurtado,1882,1879,411,21.8733,1336,71.1016,1831,97.2901,568,30.1807,103,5.4729,1448,76.9394,35,1.8597,0,0.0,1882,100.0,4.4324,0.3243,30.1064,9.9468,6.117,14.5745,100.0,0.0,30.7979,45.0,0.0,Norte,12.0,30.0,14.0,165.731,59.751,24.733,309.633,261.433,43.0,37.322,39.834,26.311,11.0,23.0,14.0,57.306,8.645,32.043,998.739,1097.435,29.0,48.3,18.717,-17.4,yes,2026Q1,tile centroid within BCN commune polygon,1,8,4,0,13,3,0,7,4,0,11,2,1,0,1,250,1,0,0,172,137,79.6512,7.2795,reported
5,Valparaíso,51,Valparaíso,5101,Valparaíso,109579,108471,6001,5.5324,25808,23.7925,106334,97.0387,62516,57.0511,76028,69.3819,96374,87.9493,3701,3.3775,108963,99.4378,616,0.5622,4.5544,0.4655,47.7123,30.9211,4.2904,15.0308,32.4168,32.2265,24.6661,54.2835,4.5883,Centro,228.0,7060.0,2726.0,407.412,346.073,7.831,223.336,237.235,7339.0,9.889,9.099,-5.01,232.0,1847.0,871.0,93.962,20.18,25.069,1462.292,1225.49,1708.0,-13.209,-19.319,2.406,yes,2026Q1,tile centroid within BCN commune polygon,49,120,69,116,354,4,16,31,13,17,77,4,2,0,0,372,2,6,4,88512,83865,94.7499,76.5338,reported
5,Valparaíso,51,Valparaíso,5102,Casablanca,10603,10507,803,7.6425,4590,43.6852,10342,97.5384,4696,44.2894,4592,43.3085,9140,86.202,982,9.2615,6649,62.7087,3954,37.2913,4.7917,0.4041,35.1855,19.2162,1.4483,15.7516,39.1518,30.585,22.0087,48.2298,5.0265,Centro,115.0,972.0,293.0,230.513,146.224,20.838,280.415,274.289,733.0,14.55,-4.384,17.982,137.0,397.0,208.0,76.962,17.673,39.431,1507.065,1352.894,299.0,3.567,17.977,36.695,yes,2026Q1,tile centroid within BCN commune polygon,14,20,12,24,70,4,0,4,5,3,12,3,0,0,0,0,0,4,3,6193,5924,95.6564,55.8710,reported
5,Valparaíso,51,Valparaíso,5103,Concón,18259,18099,494,2.7294,3723,20.5702,17974,98.4391,11944,65.4143,13797,75.5627,16595,90.8867,938,5.1372,16767,91.8287,1492,8.1713,3.3881,0.341,44.5463,34.3361,1.2516,13.4819,33.7158,29.9446,17.4892,49.2397,3.8865,Centro,69.0,2817.0,1010.0,406.63,334.378,8.375,227.519,212.033,2382.0,6.235,3.32,-1.563,65.0,421.0,218.0,103.716,18.648,25.705,1424.344,1220.675,582.0,-25.7,-28.299,15.747,yes,2026Q1,tile centroid within BCN commune polygon,8,13,16,27,64,4,6,1,8,9,24,4,0,0,0,0,0,6,4,20753,18986,91.4856,103.9816,reported
5,Valparaíso,51,Valparaíso,5104,Juan Fernández,376,372,6,1.6129,57,15.3226,368,97.8723,214,56.9149,6,1.5957,327,86.9681,308,81.9149,0,0.0,376,100.0,8.3558,0.5391,37.9679,21.3904,1.6043,10.4278,100.0,0.0,12.2995,39.3048,0.0,Centro,,,,,,,,,,,,,,,,,,,,,,,,,no,2026Q1,tile centroid within BCN commune polygon,0,0,0,0,0,0,0,0,0,0,0,0,0,0,0,0,0,0,0,236,221,93.6441,58.7766,reported
5,Valparaíso,51,Valparaíso,5105,Puchuncaví,8504,8460,654,7.7305,3589,42.4232,8285,97.4247,3891,45.7549,4003,47.072,7307,85.9243,649,7.6317,7152,84.1016,1352,15.8984,4.4572,0.3475,34.2925,17.783,1.7335,12.2759,34.941,35.5778,26.4033,48.1958,4.5519,Centro,153.0,1196.0,517.0,328.247,270.463,12.135,315.666,277.777,1056.0,-15.688,-21.208,32.017,110.0,503.0,270.0,93.016,18.571,28.308,1709.204,1248.899,281.0,-28.692,-15.911,7.435,yes,2026Q1,tile centroid within BCN commune polygon,8,15,17,24,64,4,0,4,10,3,17,3,5,0,1,1942,5,4,3,8791,8656,98.4643,101.7874,reported
5,Valparaíso,51,Valparaíso,5107,Quintero,13113,12974,808,6.2278,4158,32.0487,12768,97.369,5642,43.026,7695,58.6822,11307,86.2274,978,7.4582,10725,81.7891,2388,18.2109,5.9915,0.521,40.8428,21.1851,4.3061,14.4151,37.7802,32.9751,28.5539,50.5066,4.8971,Centro,69.0,1120.0,388.0,422.184,374.395,8.366,212.829,185.079,864.0,9.696,12.999,-22.794,83.0,438.0,213.0,70.359,14.964,29.5,1932.443,1545.845,303.0,-31.7,-38.204,7.511,yes,2026Q1,tile centroid within BCN commune polygon,5,19,12,14,50,4,0,4,8,0,12,2,2,1,0,954,2,5,4,9581,9246,96.5035,70.5102,reported
5,Valparaíso,51,Valparaíso,5109,Viña del Mar,132347,131461,5560,4.2294,28377,21.5859,129560,97.8942,82629,62.4336,96812,73.1501,118829,89.7859,5443,4.1127,132224,99.9071,123,0.0929,4.4022,0.7166,46.9485,32.1732,3.5328,14.3103,29.8238,32.7611,20.9595,52.5903,3.9326,Centro,262.0,11729.0,4557.0,421.57,353.462,7.504,230.912,228.962,11220.0,4.336,2.324,-5.3,226.0,3063.0,1234.0,108.068,25.818,25.832,1578.865,976.661,3276.0,-2.894,-10.788,3.122,yes,2026Q1,tile centroid within BCN commune polygon,59,130,115,129,433,4,16,28,24,8,76,4,18,3,0,3874,18,6,4,126819,118809,93.6839,89.7708,reported
5,Valparaíso,52,Isla de Pascua,5201,Isla de Pascua,2077,2010,130,6.4677,1080,53.7313,1998,96.1964,1116,53.7313,147,7.0775,1830,88.1078,749,36.0616,1952,93.9817,125,6.0183,6.2893,0.387,41.1793,31.6095,0.5317,11.6965,100.0,0.0,10.9715,50.8942,0.0,Centro,,,,,,,,,,,,,,,,,,,,,,,,,no,2026Q1,tile centroid within BCN commune polygon,0,9,2,0,11,2,0,2,1,0,3,2,0,0,0,0,0,0,0,2542,2463,96.8922,118.5845,reported
5,Valparaíso,53,Los Andes,5301,Los Andes,23192,22989,1285,5.5896,4992,21.7147,22702,97.8872,12813,55.2475,16571,71.4514,20212,87.1507,1078,4.6482,21747,93.7694,1445,6.2306,4.2148,0.2733,36.6392,27.7277,1.6349,16.5178,38.9592,31.1101,23.5212,49.9393,4.3886,Centro,75.0,1425.0,573.0,438.903,381.689,7.352,246.046,235.999,1587.0,7.76,5.944,-5.961,84.0,755.0,225.0,73.266,16.717,25.212,1261.334,1181.51,380.0,-28.741,-11.937,-18.023,yes,2026Q1,tile centroid within BCN commune polygon,8,35,21,16,80,4,0,8,10,6,24,3,5,1,0,1271,5,6,4,22063,20607,93.4007,88.8539,reported
5,Valparaíso,53,Los Andes,5302,Calle Larga,5769,5760,383,6.6493,1634,28.3681,5690,98.6306,2929,50.7714,3624,62.8185,5050,87.5368,291,5.0442,4238,73.4616,1531,26.5384,5.2192,0.284,30.0208,16.3718,1.6129,14.8977,44.8491,28.4079,25.0607,44.5196,4.9254,Centro,55.0,489.0,181.0,431.851,368.633,7.102,225.583,199.638,498.0,13.504,9.259,-11.314,27.0,51.0,38.0,111.311,15.514,21.647,1243.667,1373.922,93.0,36.632,-33.296,-0.633,yes,2026Q1,tile centroid within BCN commune polygon,4,6,6,7,23,4,0,3,3,3,9,3,2,0,1,445,2,6,4,4427,4277,96.6117,74.1376,reported
5,Valparaíso,53,Los Andes,5303,Rinconada,4046,4039,336,8.3189,1132,28.0267,3964,97.9733,2052,50.7168,2458,60.7514,3463,85.5907,317,7.8349,3081,76.1493,965,23.8507,5.0152,0.228,26.2924,13.8016,1.583,15.5578,45.7581,29.0131,21.8155,44.8924,5.7136,Centro,43.0,442.0,126.0,300.613,218.47,13.719,254.233,366.805,473.0,-4.492,-2.499,12.876,23.0,59.0,29.0,93.329,14.084,21.305,2131.746,1524.695,59.0,10.353,18.902,-13.668,yes,2026Q1,tile centroid within BCN commune polygon,2,3,3,9,17,4,0,2,3,4,9,3,0,0,0,0,0,5,4,3023,2939,97.2213,72.6396,reported
5,Valparaíso,53,Los Andes,5304,San Esteban,7132,7115,524,7.3647,2028,28.5032,7008,98.2614,3745,52.5098,4445,62.3247,6190,86.7919,334,4.6831,3906,54.7672,3226,45.2328,4.7238,0.2426,30.9948,17.0198,1.7679,14.4521,42.2057,30.2231,24.1336,44.3665,5.0933,Centro,58.0,393.0,145.0,346.747,273.607,10.634,214.56,201.156,501.0,-8.187,-10.611,44.386,31.0,75.0,43.0,100.762,15.727,21.533,1381.216,1142.149,93.0,7.196,14.52,-15.929,yes,2026Q1,tile centroid within BCN commune polygon,5,9,7,12,33,4,0,3,4,7,14,3,4,0,1,802,4,3,2,4126,4001,96.9704,56.0993,reported
5,Valparaíso,54,Petorca,5401,La Ligua,14322,14264,1249,8.7563,6442,45.1626,14060,98.1706,6275,43.8137,6281,43.8556,12275,85.7073,705,4.9225,9181,64.1042,5141,35.8958,4.6982,0.3003,29.1404,15.4697,2.086,15.7987,37.0363,34.1313,26.3335,49.279,4.9909,Centro,126.0,904.0,337.0,331.713,272.607,11.421,258.392,258.583,620.0,-4.629,-0.175,-3.58,122.0,751.0,277.0,63.827,17.416,84.762,1716.097,1279.658,282.0,-14.16,19.002,128.192,yes,2026Q1,tile centroid within BCN commune polygon,9,26,10,25,70,4,0,6,6,6,18,3,4,0,0,2283,4,5,4,8011,7734,96.5423,54.0008,reported
5,Valparaíso,54,Petorca,5402,Cabildo,6779,6767,666,9.8419,3480,51.426,6651,98.1118,3170,46.7621,2519,37.1589,5804,85.6173,304,4.4844,3955,58.3419,2824,41.6581,4.8044,0.3324,29.0837,14.2541,1.4903,15.5378,41.4785,34.6171,25.8521,44.5772,5.9318,Centro,65.0,374.0,128.0,180.294,147.477,11.575,283.973,218.759,387.0,6.122,20.014,-17.445,30.0,149.0,47.0,102.466,18.336,29.725,1747.718,1292.416,117.0,37.496,17.208,-20.833,yes,2026Q1,tile centroid within BCN commune polygon,4,9,7,8,28,4,0,4,4,3,11,3,1,0,0,243,1,4,3,2587,2507,96.9076,36.9819,reported
5,Valparaíso,54,Petorca,5403,Papudo,2715,2681,128,4.7743,1207,45.0205,2684,98.8582,1385,51.0129,1269,46.7403,2515,92.6335,172,6.3352,2115,77.9006,600,22.0994,5.8446,0.5279,29.9668,15.739,1.5481,12.864,37.265,34.9429,25.8017,43.826,5.6027,Centro,40.0,592.0,277.0,320.762,283.843,8.076,205.726,214.693,298.0,-5.41,-4.676,-17.86,44.0,405.0,162.0,66.795,20.27,37.41,1487.538,1220.706,109.0,-70.113,-53.472,78.611,yes,2026Q1,tile centroid within BCN commune polygon,3,9,5,13,30,4,0,0,5,4,9,2,0,0,0,0,0,3,2,2662,2489,93.5011,91.6759,reported
5,Valparaíso,54,Petorca,5404,Petorca,3820,3814,431,11.3005,2593,67.9864,3735,97.7749,1551,40.6021,744,19.4764,3320,86.911,82,2.1466,1426,37.3298,2394,62.6702,3.6224,0.0264,26.775,12.3657,4.1394,15.431,35.1585,36.2326,29.29,52.7116,4.9253,Centro,20.0,90.0,35.0,151.715,86.129,20.078,510.156,471.589,120.0,-17.11,-34.566,-46.93,23.0,66.0,24.0,65.839,11.017,173.439,1321.076,2141.015,106.0,15.692,-10.489,41.246,yes,2026Q1,tile centroid within BCN commune polygon,3,5,7,4,19,4,0,2,4,2,8,3,0,0,0,0,0,3,2,886,810,91.4221,21.2042,reported
5,Valparaíso,54,Petorca,5405,Zapallar,2815,2799,185,6.6095,1308,46.731,2777,98.6501,1432,50.8703,1198,42.5577,2511,89.2007,266,9.4494,1727,61.3499,1088,38.6501,4.1953,0.1085,31.4123,13.0914,2.5614,11.6329,38.3138,37.0687,22.412,42.974,5.3362,Centro,91.0,906.0,315.0,284.658,189.648,17.33,283.531,267.579,549.0,11.998,10.345,1.28,56.0,271.0,118.0,141.33,31.488,31.513,1169.133,1000.893,318.0,-7.916,-14.625,43.875,yes,2026Q1,tile centroid within BCN commune polygon,6,15,15,12,48,4,0,0,6,3,9,2,0,0,0,0,0,3,2,3388,3164,93.3884,112.3979,reported
5,Valparaíso,55,Quillota,5501,Quillota,33899,33617,2039,6.0654,8719,25.9363,33151,97.7934,17490,51.5944,22472,66.291,29512,87.0586,1387,4.0916,29286,86.3919,4613,13.6081,4.0461,0.2614,35.5602,23.2869,2.0836,16.2804,39.508,33.1802,25.2075,51.2211,5.2579,Centro,147.0,2331.0,787.0,409.827,354.554,8.161,202.078,217.436,2258.0,9.217,7.095,-5.005,106.0,536.0,230.0,89.114,18.417,24.125,1645.886,1230.508,656.0,0.95,-14.491,-3.353,yes,2026Q1,tile centroid within BCN commune polygon,17,38,20,23,98,4,0,4,7,5,16,3,6,1,0,2340,6,6,4,27359,26079,95.3215,76.9315,reported
5,Valparaíso,55,Quillota,5502,Calera,17536,17369,1455,8.377,4775,27.4915,16992,96.8978,7987,45.5463,10922,62.2833,14378,81.9913,729,4.1572,16739,95.4551,797,4.5449,5.052,0.3172,37.1721,20.713,3.4043,16.7977,40.0999,34.87,28.3885,52.15,6.0107,Centro,55.0,863.0,334.0,439.007,371.079,7.754,237.738,181.009,934.0,13.286,15.898,-6.926,45.0,332.0,140.0,64.93,17.248,26.148,1853.644,998.117,302.0,-12.762,-13.148,10.862,yes,2026Q1,tile centroid within BCN commune polygon,7,19,8,14,48,4,0,5,5,4,14,3,4,1,0,924,4,6,4,14004,13439,95.9654,76.6366,reported
5,Valparaíso,55,Quillota,5503,Hijuelas,6682,6619,645,9.7447,3378,51.0349,6524,97.6354,2753,41.2002,2522,37.7432,5781,86.516,260,3.8911,4711,70.5028,1971,29.4972,6.3055,0.2908,32.1856,11.8862,3.3383,14.9701,42.0958,31.003,25.4341,46.2575,5.2844,Centro,67.0,547.0,131.0,271.421,203.771,18.799,219.599,164.612,373.0,-26.27,-26.353,52.108,41.0,154.0,70.0,71.462,12.038,24.714,1708.24,1098.448,200.0,-42.602,-71.056,24.629,yes,2026Q1,tile centroid within BCN commune polygon,3,10,6,10,29,4,0,3,4,5,12,3,3,0,3,576,3,4,4,3768,3707,98.3811,55.4774,reported
5,Valparaíso,55,Quillota,5504,La Cruz,8582,8567,397,4.6341,1631,19.0382,8496,98.9979,5553,64.7052,6368,74.2018,7709,89.8275,619,7.2128,7450,86.8096,1132,13.1904,3.8967,0.1658,31.9231,19.3357,2.1096,16.0839,45.676,26.6084,21.3054,47.4476,4.1958,Centro,50.0,547.0,223.0,421.748,356.746,6.389,203.049,276.475,531.0,11.109,7.974,-15.646,31.0,110.0,48.0,89.839,16.854,31.618,2392.56,1838.036,115.0,-8.037,-11.023,33.432,yes,2026Q1,tile centroid within BCN commune polygon,1,2,2,8,13,4,0,2,2,4,8,3,1,0,0,220,1,6,4,7449,7126,95.6638,83.0343,reported
5,Valparaíso,55,Quillota,5506,Nogales,7534,7486,784,10.4729,2878,38.4451,7389,98.0754,3119,41.399,3701,49.124,6393,84.8553,393,5.2164,6138,81.4707,1396,18.5293,5.6244,0.3268,33.5947,14.0199,2.3123,14.99,39.9203,36.7708,28.6512,47.6279,6.5914,Centro,57.0,235.0,111.0,365.988,283.101,12.089,255.077,273.191,297.0,21.967,21.649,8.47,50.0,125.0,72.0,65.798,14.114,30.672,1393.744,1569.52,159.0,-17.277,-3.553,3.895,yes,2026Q1,tile centroid within BCN commune polygon,2,8,8,8,26,4,0,2,2,4,8,3,0,0,0,0,0,2,2,4543,4450,97.9529,59.0656,reported
5,Valparaíso,56,San Antonio,5601,San Antonio,34941,34673,2567,7.4035,11736,33.8477,33990,97.2783,15391,44.0485,19851,56.8129,29851,85.4326,1737,4.9712,33050,94.588,1891,5.412,5.9072,0.5916,32.9678,16.1327,5.5436,17.497,39.1676,32.0237,28.6676,54.4426,5.4716,Centro,129.0,2004.0,704.0,376.702,333.364,8.617,253.997,291.645,1639.0,6.856,5.641,-4.669,129.0,881.0,414.0,96.679,18.439,27.756,1678.028,1403.3,737.0,-28.485,-33.284,18.829,yes,2026Q1,tile centroid within BCN commune polygon,11,61,22,20,114,4,0,3,9,4,16,3,5,1,1,943,5,5,3,25163,24286,96.5147,69.5057,reported
5,Valparaíso,56,San Antonio,5602,Algarrobo,6448,6404,292,4.5597,2631,41.0837,6348,98.4491,3636,56.3896,3308,51.3027,5802,89.9814,458,7.103,4493,69.6805,1955,30.3195,3.8529,0.3171,35.1944,18.196,1.4774,11.4152,28.818,44.4168,21.5552,49.1913,4.7434,Centro,114.0,1312.0,582.0,327.441,280.578,11.016,235.406,290.255,801.0,-0.944,-1.523,9.005,104.0,622.0,274.0,79.47,17.562,33.129,1706.317,1376.109,392.0,-46.397,-39.51,26.824,yes,2026Q1,tile centroid within BCN commune polygon,16,30,14,26,86,4,0,3,8,4,15,3,0,0,0,0,0,5,3,8881,8475,95.4284,131.4361,reported
5,Valparaíso,56,San Antonio,5603,Cartagena,9318,9228,977,10.5873,3938,42.6745,9052,97.1453,3156,33.8699,4183,44.8916,7752,83.1938,518,5.5591,8518,91.4145,800,8.5855,6.5565,0.5325,38.049,14.557,7.5429,13.4348,34.5096,40.5849,32.5672,52.606,5.9998,Centro,60.0,819.0,277.0,331.735,306.138,3.753,258.502,404.355,659.0,15.469,5.985,-19.064,57.0,471.0,207.0,70.312,14.671,32.76,2111.321,1436.677,292.0,-43.594,-26.35,22.499,yes,2026Q1,tile centroid within BCN commune polygon,6,23,11,16,56,4,0,2,6,5,13,3,0,0,0,0,0,5,3,7272,7247,99.6562,77.7742,reported
5,Valparaíso,56,San Antonio,5604,El Quisco,7727,7665,387,5.0489,3155,41.1611,7562,97.8646,3355,43.4192,3986,51.5854,6889,89.1549,457,5.9143,7043,91.1479,684,8.8521,4.5934,0.3872,41.567,21.1149,2.7937,12.2531,29.08,44.3217,25.4678,51.1305,4.5348,Centro,77.0,791.0,325.0,372.618,306.053,6.355,326.601,314.726,632.0,9.484,13.72,-26.92,81.0,729.0,275.0,128.502,29.924,28.593,1663.466,1083.818,350.0,-9.979,-4.139,6.124,yes,2026Q1,tile centroid within BCN commune polygon,11,21,11,19,62,4,0,1,9,4,14,3,3,0,1,1617,3,5,3,8618,8556,99.2806,110.7286,reported
5,Valparaíso,56,San Antonio,5605,El Tabo,6787,6714,422,6.2854,3202,47.6914,6673,98.3203,2725,40.1503,2990,44.0548,6017,88.6548,375,5.5253,6492,95.6535,295,4.3465,4.6361,0.4681,33.4959,14.2942,3.1633,10.643,26.0458,46.8884,28.8396,51.2639,4.5528,Centro,95.0,898.0,366.0,369.473,340.796,6.285,300.017,305.0,688.0,1.967,2.541,11.082,85.0,684.0,335.0,88.087,18.448,43.839,1874.351,1141.287,333.0,-30.335,-15.905,66.536,yes,2026Q1,tile centroid within BCN commune polygon,6,26,13,16,61,4,0,3,7,4,14,3,0,0,0,0,0,4,2,7770,7593,97.722,111.8756,reported
5,Valparaíso,56,San Antonio,5606,Santo Domingo,4663,4641,322,6.9382,1713,36.9101,4583,98.2844,2654,56.9161,2445,52.4341,3957,84.8595,311,6.6695,2406,51.5977,2257,48.4023,3.4438,0.2833,28.1699,12.3579,1.1585,11.0277,38.1892,36.9663,18.6012,39.7983,4.9131,Centro,111.0,937.0,395.0,282.399,219.014,10.986,230.671,245.369,620.0,2.311,6.179,0.807,69.0,243.0,109.0,79.266,17.226,30.877,1730.485,1233.227,169.0,-35.572,-41.464,33.459,yes,2026Q1,tile centroid within BCN commune polygon,6,26,17,14,63,4,0,2,6,4,12,3,2,0,1,1374,2,4,3,5090,4849,95.2652,103.9888,reported
5,Valparaíso,57,San Felipe de Aconcagua,5701,San Felipe,29681,29457,2142,7.2716,9185,31.181,28956,97.5574,14623,49.2672,17733,59.7453,25432,85.6844,1497,5.0436,25935,87.3791,3746,12.6209,5.379,0.3133,40.237,28.5743,2.3806,16.2817,39.0349,28.6048,24.6969,50.8026,4.9543,Centro,103.0,1591.0,626.0,404.228,309.123,9.389,238.869,219.083,1965.0,-2.257,-13.894,6.355,74.0,473.0,220.0,90.015,18.52,24.3,1313.078,1323.879,597.0,15.06,13.238,-1.191,yes,2026Q1,tile centroid within BCN commune polygon,10,31,10,17,68,4,0,5,3,3,11,3,4,3,0,857,4,5,3,20317,19367,95.3241,65.2505,reported
5,Valparaíso,57,San Felipe de Aconcagua,5702,Catemu,4928,4913,677,13.7798,2975,60.5536,4815,97.707,1677,34.03,1108,22.4838,4087,82.9343,237,4.8093,2849,57.8125,2079,42.1875,5.2675,0.2881,26.2848,13.0205,1.5031,15.6815,39.5287,35.1209,27.8082,49.7867,5.7282,Centro,26.0,172.0,58.0,382.914,290.75,12.523,274.203,270.209,114.0,24.131,42.412,-14.361,40.0,169.0,64.0,85.802,15.241,31.101,1171.857,1108.583,134.0,14.725,7.444,-18.682,yes,2026Q1,tile centroid within BCN commune polygon,3,7,8,8,26,4,0,3,5,6,14,3,0,0,0,0,0,3,2,1870,1823,97.4866,36.9927,reported
5,Valparaíso,57,San Felipe de Aconcagua,5703,Llaillay,8937,8901,861,9.6731,3586,40.2876,8665,96.9565,3915,43.8066,4309,48.2153,7566,84.6593,461,5.1583,6234,69.755,2703,30.245,5.6645,0.5963,30.7416,17.2108,2.1878,15.7523,41.1422,32.4582,27.2972,49.7588,5.8454,Centro,47.0,498.0,161.0,436.889,358.616,8.576,244.496,242.46,578.0,17.14,23.149,-25.192,58.0,233.0,92.0,71.401,17.754,23.133,1187.815,1034.682,176.0,-9.593,12.119,-6.876,yes,2026Q1,tile centroid within BCN commune polygon,3,10,6,14,33,4,0,2,4,2,8,3,2,0,0,382,2,6,4,5647,5448,96.476,60.9601,reported
5,Valparaíso,57,San Felipe de Aconcagua,5704,Panquehue,2442,2436,206,8.4565,1181,48.4811,2403,98.4029,1006,41.1957,976,39.9672,2175,89.0663,135,5.5283,878,35.9541,1564,64.0459,4.9979,0.2082,30.3564,11.5936,1.188,14.9939,40.9668,34.0434,22.5727,53.093,6.186,Centro,33.0,171.0,60.0,337.167,255.016,14.292,189.468,146.462,112.0,-5.156,-6.42,46.314,36.0,256.0,70.0,113.491,16.725,26.059,1363.686,982.266,126.0,-16.406,-11.212,25.32,yes,2026Q1,tile centroid within BCN commune polygon,3,3,5,9,20,4,0,1,5,3,9,3,3,0,0,608,3,3,3,1657,1590,95.9565,65.1106,reported
5,Valparaíso,57,San Felipe de Aconcagua,5705,Putaendo,6049,6025,644,10.6888,2957,49.0788,5883,97.2557,2707,44.7512,2263,37.4111,5125,84.7247,358,5.9183,2700,44.6355,3349,55.3645,4.9591,0.4772,31.191,12.059,5.6982,14.5933,38.6782,37.4358,29.6671,47.6727,6.7418,Centro,71.0,370.0,123.0,374.755,279.217,8.762,280.997,179.832,471.0,12.614,-0.199,-13.024,31.0,93.0,40.0,89.634,13.244,101.978,1291.522,1430.444,105.0,4.892,-5.386,143.856,yes,2026Q1,tile centroid within BCN commune polygon,2,7,6,12,27,4,0,5,4,5,14,3,1,0,0,204,1,1,1,2828,2770,97.9491,45.7927,reported
5,Valparaíso,57,San Felipe de Aconcagua,5706,Santa María,5362,5352,636,11.8834,2145,40.0785,5176,96.5311,2216,41.3279,2452,45.7292,4484,83.6255,284,5.2965,3334,62.1783,2028,37.8217,4.4835,0.2838,29.0858,12.9664,3.7687,16.3993,38.8993,34.5149,26.7537,47.7239,5.8769,Centro,42.0,252.0,84.0,387.039,319.551,7.44,159.206,283.115,229.0,12.475,17.682,12.676,27.0,62.0,41.0,104.627,15.287,19.274,1297.656,1247.508,90.0,26.918,49.287,-36.599,yes,2026Q1,tile centroid within BCN commune polygon,2,5,5,3,15,4,0,2,3,2,7,3,0,1,0,0,0,3,2,2573,2482,96.4633,46.2887,reported
5,Valparaíso,58,Marga Marga,5801,Quilpué,59724,59186,2893,4.888,11591,19.584,58440,97.8501,35909,60.1249,44365,74.2834,52585,88.0467,2330,3.9013,58396,97.7764,1328,2.2236,4.3469,0.7233,37.3349,24.8188,2.8797,16.2756,34.6537,35.0625,23.3554,52.1219,4.8157,Centro,148.0,4353.0,1707.0,426.361,377.755,7.621,219.604,219.164,4251.0,7.191,7.731,-14.342,131.0,1025.0,439.0,94.403,21.109,24.029,1329.74,1224.893,920.0,5.491,0.543,-8.45,yes,2026Q1,tile centroid within BCN commune polygon,18,50,22,37,127,4,0,3,8,8,19,3,7,0,0,2092,7,6,4,54829,52390,95.5516,87.7202,reported
5,Valparaíso,58,Marga Marga,5802,Limache,19916,19706,1293,6.5615,6285,31.8938,19355,97.1832,10186,51.1448,11713,58.812,17132,86.0213,1087,5.4579,16042,80.5483,3874,19.4517,4.741,0.3298,32.4957,17.9391,2.5331,15.942,39.6552,32.5463,25.6447,49.9292,5.137,Centro,172.0,1644.0,598.0,365.744,310.749,9.325,202.841,235.662,1748.0,-2.109,2.71,-2.151,115.0,413.0,199.0,81.01,15.642,30.237,1573.749,1360.157,680.0,-9.958,0.237,4.111,yes,2026Q1,tile centroid within BCN commune polygon,5,13,8,23,49,4,0,4,5,8,17,3,4,0,0,1320,4,6,4,15099,14491,95.9732,72.7606,reported
5,Valparaíso,58,Marga Marga,5803,Olmué,7450,7416,667,8.9941,3493,47.1009,7280,97.7181,3444,46.2282,2955,39.6644,6382,85.6644,541,7.2617,5193,69.7047,2257,30.2953,5.2524,0.3674,30.3396,10.6726,3.92,12.4983,34.5952,38.0185,26.1377,46.6506,4.5509,Centro,97.0,583.0,213.0,301.755,241.673,11.103,284.799,223.677,502.0,7.103,0.026,19.812,81.0,334.0,146.0,82.313,14.768,30.458,1369.453,1167.231,269.0,-5.374,6.29,-1.107,yes,2026Q1,tile centroid within BCN commune polygon,4,7,9,14,34,4,0,4,6,4,14,3,4,0,1,995,4,3,2,4634,4514,97.4104,60.5906,reported
5,Valparaíso,58,Marga Marga,5804,Villa Alemana,50084,49852,1971,3.9537,8399,16.8479,49289,98.4127,31567,63.0281,39247,78.3624,44922,89.6933,1619,3.2326,49497,98.828,587,1.172,3.3472,0.1967,32.0635,21.8421,2.132,17.1438,38.6355,32.1115,22.2365,54.5302,4.7804,Centro,113.0,4295.0,1640.0,437.596,384.446,7.374,199.719,201.481,4264.0,8.745,7.855,-5.884,94.0,595.0,268.0,117.901,24.019,27.371,1451.573,1003.654,693.0,23.898,27.395,-6.026,yes,2026Q1,tile centroid within BCN commune polygon,14,43,15,28,100,4,0,6,8,6,20,3,4,0,0,824,4,6,4,49009,47000,95.9008,93.8423,reported
6,Libertador General Bernardo O'Higgins,61,Cachapoal,6101,Rancagua,92917,92195,5168,5.6055,20075,21.7745,90793,97.7141,51237,55.1428,66245,71.2948,79606,85.6743,3747,4.0326,89987,96.8466,2930,3.1534,4.5714,0.2884,38.5658,29.2409,2.0801,16.3672,38.8461,28.7182,24.8339,50.3052,4.4049,Centro,232.0,5910.0,2482.0,417.355,358.831,5.711,197.079,200.759,5968.0,-1.651,1.922,-2.459,186.0,1184.0,584.0,102.56,22.637,22.981,1194.68,1105.074,1392.0,5.443,-1.621,4.711,yes,2026Q1,tile centroid within BCN commune polygon,28,107,43,56,234,4,0,27,15,11,53,3,8,4,3,2952,8,6,4,78248,74459,95.1577,80.1350,reported
6,Libertador General Bernardo O'Higgins,61,Cachapoal,6102,Codegua,4660,4648,439,9.4449,1716,36.9191,4580,98.2833,2230,47.8541,2238,48.0258,3901,83.7124,445,9.5494,2603,55.8584,2057,44.1416,4.9213,0.35,31.7147,12.5054,1.8264,13.9665,40.9755,32.1014,27.847,46.9703,6.3386,Centro,44.0,201.0,77.0,319.473,310.806,4.716,307.075,284.9,131.0,9.34,22.131,-22.878,18.0,44.0,26.0,89.52,15.711,23.773,1132.093,1377.395,65.0,23.218,18.128,-9.529,yes,2026Q1,tile centroid within BCN commune polygon,1,8,5,4,18,4,0,2,4,3,9,3,2,0,0,1083,2,2,1,1672,1660,99.2823,35.6223,reported
6,Libertador General Bernardo O'Higgins,61,Cachapoal,6103,Coinco,2796,2791,350,12.5403,1241,44.4643,2711,96.9599,1237,44.2418,1106,39.5565,2332,83.4049,232,8.2976,1158,41.4163,1638,58.5837,5.5172,0.2904,32.1288,11.0912,4.4723,13.9177,36.9589,37.5671,28.3005,43.6494,5.975,Centro,27.0,127.0,36.0,494.21,428.795,4.795,321.031,407.543,125.0,13.97,28.109,39.714,14.0,41.0,20.0,98.522,10.663,26.146,1090.854,1442.366,34.0,-21.683,-46.027,8.81,yes,2026Q1,tile centroid within BCN commune polygon,2,6,4,7,19,4,0,3,4,2,9,3,1,0,1,202,1,1,1,1513,1503,99.3391,53.7554,reported
6,Libertador General Bernardo O'Higgins,61,Cachapoal,6104,Coltauco,7553,7519,1100,14.6296,3018,40.1383,7367,97.5374,3108,41.1492,3146,41.6523,5835,77.2541,506,6.6993,3971,52.5751,3582,47.4249,5.6576,0.2971,29.5668,12.2798,2.8216,14.28,39.1708,34.19,30.4411,45.8074,5.0603,Centro,106.0,725.0,167.0,350.585,297.204,5.917,175.032,215.153,477.0,7.213,3.941,-8.448,56.0,377.0,80.0,31.14,7.542,37.589,2306.016,1430.79,104.0,-61.269,-47.439,35.363,yes,2026Q1,tile centroid within BCN commune polygon,2,9,3,10,24,4,0,3,3,8,14,3,2,1,1,367,2,0,0,3776,3735,98.9142,49.4505,reported
6,Libertador General Bernardo O'Higgins,61,Cachapoal,6105,Doñihue,7708,7684,760,9.8907,3053,39.7319,7540,97.8204,3609,46.8215,3781,49.0529,6566,85.1842,329,4.2683,5875,76.2195,1833,23.7805,5.5256,0.2105,36.5892,19.7818,4.0265,15.2098,41.4989,32.3808,27.7569,50.552,5.4812,Centro,59.0,267.0,129.0,423.874,337.4,5.79,213.026,290.839,332.0,-1.545,0.858,44.967,40.0,103.0,69.0,135.33,22.002,26.854,1466.284,1242.255,139.0,21.798,9.845,5.625,yes,2026Q1,tile centroid within BCN commune polygon,3,9,5,12,29,4,0,5,5,8,18,3,0,0,0,0,0,2,2,4477,4390,98.0567,56.9538,reported
6,Libertador General Bernardo O'Higgins,61,Cachapoal,6106,Graneros,12187,12086,683,5.6512,3030,25.0703,11902,97.6614,5976,49.0359,8251,67.7033,10172,83.466,480,3.9386,10836,88.9144,1351,11.0856,5.9231,0.3248,31.8463,21.5448,1.0657,15.3242,44.5188,26.9062,22.8583,48.0215,5.3779,Centro,52.0,626.0,260.0,411.013,356.196,4.8,211.827,264.006,679.0,-4.104,-1.989,-8.502,40.0,101.0,66.0,95.768,19.74,20.465,1205.85,1021.762,107.0,-24.515,-3.547,1.052,yes,2026Q1,tile centroid within BCN commune polygon,4,10,6,11,31,4,0,4,5,8,17,3,1,0,1,307,1,4,3,9191,9023,98.1721,74.0379,reported
6,Libertador General Bernardo O'Higgins,61,Cachapoal,6107,Las Cabras,9846,9801,1056,10.7744,5689,58.0451,9630,97.8062,3766,38.249,2720,27.6254,8429,85.6084,475,4.8243,3465,35.192,6381,64.808,6.2649,0.3948,33.0347,15.7386,1.3743,12.7151,38.4302,33.6048,27.3033,45.2408,5.1105,Centro,236.0,1510.0,550.0,201.537,150.435,14.715,244.045,267.028,898.0,-2.934,-2.711,6.569,144.0,471.0,239.0,60.686,14.557,60.454,1435.1,1463.783,493.0,-10.354,-19.06,66.503,yes,2026Q1,tile centroid within BCN commune polygon,6,17,9,11,43,4,0,4,4,2,10,3,4,2,3,982,4,2,1,2245,2179,97.0601,22.1308,reported
6,Libertador General Bernardo O'Higgins,61,Cachapoal,6108,Machalí,20491,20424,698,3.4175,3785,18.5321,20234,98.7458,14042,68.5276,15668,76.4628,18477,90.1713,1575,7.6863,20001,97.6087,490,2.3913,3.318,0.1981,29.768,20.4493,2.0708,13.8559,47.4481,24.1758,20.3614,43.8877,4.7326,Centro,112.0,2253.0,758.0,398.158,340.551,6.568,217.899,301.628,2203.0,0.895,5.563,-3.298,81.0,275.0,159.0,98.598,20.947,22.789,1059.796,1086.055,485.0,20.397,2.101,3.178,yes,2026Q1,tile centroid within BCN commune polygon,8,19,21,9,57,4,0,4,5,6,15,3,0,0,0,0,0,6,4,18088,17372,96.0416,84.7787,reported
6,Libertador General Bernardo O'Higgins,61,Cachapoal,6109,Malloa,4937,4930,623,12.6369,2768,56.146,4812,97.4681,2012,40.7535,1424,28.8434,4171,84.4845,200,4.051,1943,39.3559,2994,60.6441,5.5348,0.3109,30.3933,9.854,4.0552,14.1119,36.9221,36.4558,28.9335,41.6464,5.9611,Centro,50.0,215.0,84.0,268.41,206.437,12.874,176.791,324.353,233.0,25.333,27.087,13.019,50.0,141.0,72.0,71.437,16.36,31.284,1532.629,1192.617,62.0,8.294,1.773,-13.139,yes,2026Q1,tile centroid within BCN commune polygon,2,12,7,5,26,4,0,3,6,3,12,3,1,1,1,241,1,2,1,1295,1268,97.9151,25.6836,reported
6,Libertador General Bernardo O'Higgins,61,Cachapoal,6110,Mostazal,9140,9105,733,8.0505,2858,31.3893,8904,97.4179,4450,48.6871,5347,58.5011,7782,85.1422,517,5.6565,7138,78.0963,2002,21.9037,6.8182,0.5254,34.1126,15.4319,2.6342,14.3672,42.7176,32.1589,27.5601,51.0592,6.355,Centro,88.0,733.0,209.0,341.523,269.558,7.55,197.045,252.84,601.0,13.257,12.873,3.98,45.0,155.0,82.0,109.759,20.14,31.161,1048.461,1205.465,126.0,14.206,-3.788,15.108,yes,2026Q1,tile centroid within BCN commune polygon,4,11,9,6,30,4,0,4,4,4,12,3,0,0,0,0,0,2,2,4835,4710,97.4147,51.5317,reported
6,Libertador General Bernardo O'Higgins,61,Cachapoal,6111,Olivar,4713,4699,407,8.6614,1766,37.5825,4618,97.9843,2446,51.899,2401,50.9442,4083,86.6327,277,5.8774,3192,67.7276,1521,32.2724,5.1791,0.2374,36.6398,16.8224,2.3152,13.1266,40.9728,32.3704,25.8921,43.7128,5.5013,Centro,41.0,276.0,84.0,482.088,419.657,4.388,223.138,273.025,230.0,41.484,44.794,-28.113,27.0,80.0,44.0,143.833,25.732,20.788,1201.38,835.062,77.0,-10.191,-19.685,12.483,yes,2026Q1,tile centroid within BCN commune polygon,2,6,4,9,21,4,0,1,3,7,11,3,0,0,0,0,0,3,2,2648,2555,96.4879,54.2118,reported
6,Libertador General Bernardo O'Higgins,61,Cachapoal,6112,Peumo,4867,4858,585,12.042,1454,29.93,4727,97.1235,2151,44.1956,2782,57.1605,3949,81.1383,123,2.5272,4154,85.3503,713,14.6497,5.9786,0.5874,30.0576,12.8906,2.7549,14.7204,38.384,36.2664,31.9285,46.9367,6.3528,Centro,55.0,344.0,154.0,251.837,213.047,8.901,340.108,294.462,334.0,0.728,-0.326,12.146,28.0,90.0,51.0,113.492,24.04,34.367,867.356,1203.522,76.0,1.441,9.507,8.694,yes,2026Q1,tile centroid within BCN commune polygon,1,6,3,5,15,4,0,3,3,3,9,3,0,0,0,0,0,2,1,1468,1455,99.1144,29.8952,reported
6,Libertador General Bernardo O'Higgins,61,Cachapoal,6113,Pichidegua,7253,7241,1008,13.9207,3341,46.14,7067,97.4355,2776,38.2738,2651,36.5504,5858,80.7666,479,6.6042,2643,36.4401,4610,63.5599,6.1022,0.2265,26.5728,9.8096,3.3526,12.9001,37.9001,37.0861,29.5254,45.0055,5.3808,Centro,84.0,470.0,146.0,269.861,225.852,8.051,222.251,464.083,358.0,-19.085,-16.148,13.876,53.0,297.0,78.0,73.946,19.013,52.572,879.759,1140.767,272.0,-22.829,-11.932,-10.398,yes,2026Q1,tile centroid within BCN commune polygon,2,9,4,13,28,4,0,4,4,7,15,3,5,1,4,1386,5,2,1,1826,1800,98.5761,24.8173,reported
6,Libertador General Bernardo O'Higgins,61,Cachapoal,6114,Quinta de Tilcoco,4856,4855,626,12.8939,2346,48.3213,4772,98.2702,2103,43.3072,1632,33.6079,4066,83.7315,310,6.3839,2795,57.5577,2061,42.4423,5.513,0.3619,30.2718,14.6005,1.2974,14.3122,37.4176,33.9168,31.2809,46.0873,5.6013,Centro,46.0,172.0,92.0,402.439,312.118,23.145,266.488,306.413,164.0,35.92,51.051,177.684,26.0,135.0,40.0,103.254,21.52,23.874,1257.133,992.081,72.0,9.087,8.375,-12.389,yes,2026Q1,tile centroid within BCN commune polygon,2,5,2,6,15,4,0,3,2,4,9,3,0,0,0,0,0,2,1,2309,2288,99.0905,47.1170,reported
6,Libertador General Bernardo O'Higgins,61,Cachapoal,6115,Rengo,22445,22307,1927,8.6385,7116,31.9003,21918,97.652,10761,47.9439,12922,57.5718,19031,84.7895,1012,4.5088,17979,80.1025,4466,19.8975,5.7073,0.3209,31.8471,18.802,2.7218,16.6129,41.6062,29.264,25.8752,51.1997,4.7274,Centro,109.0,1706.0,586.0,421.561,354.843,7.113,160.506,185.047,1569.0,10.751,10.481,-13.118,94.0,406.0,177.0,83.693,15.38,29.704,1699.656,1473.17,304.0,-20.219,-21.551,24.896,yes,2026Q1,tile centroid within BCN commune polygon,10,30,8,22,70,4,0,3,3,9,15,3,8,1,4,3026,8,5,3,15316,14739,96.2327,65.6672,reported
6,Libertador General Bernardo O'Higgins,61,Cachapoal,6116,Requínoa,9858,9821,876,8.9197,3293,33.5302,9633,97.7176,4908,49.787,5480,55.5894,8360,84.8042,360,3.6519,6438,65.3074,3420,34.6926,5.7315,0.3634,29.8586,13.9225,1.3322,13.8005,42.9777,29.0756,24.3466,43.8117,5.0036,Centro,85.0,440.0,192.0,358.767,294.58,7.55,215.293,256.875,658.0,21.385,27.605,-31.761,62.0,228.0,103.0,103.633,18.974,22.377,958.974,1153.163,218.0,-14.527,-12.526,-8.922,yes,2026Q1,tile centroid within BCN commune polygon,6,16,9,8,39,4,0,4,4,2,10,3,4,0,3,1232,4,5,3,4372,4225,96.6377,42.8586,reported
6,Libertador General Bernardo O'Higgins,61,Cachapoal,6117,San Vicente,17860,17808,1873,10.5177,6806,38.2188,17438,97.6372,8215,45.9966,8602,48.1635,14844,83.1131,1144,6.4054,9745,54.5633,8115,45.4367,5.2007,0.4344,35.4208,18.1645,4.3393,15.1315,37.5904,35.2357,29.3827,47.138,6.1333,Centro,174.0,1171.0,364.0,254.072,223.959,13.209,198.543,383.576,1362.0,-7.814,2.261,41.197,93.0,267.0,152.0,91.236,15.621,40.116,1468.106,1423.451,237.0,-11.916,-15.567,29.39,yes,2026Q1,tile centroid within BCN commune polygon,2,18,10,11,41,4,0,3,4,2,9,3,3,1,1,1967,3,5,3,6644,6428,96.7489,35.9910,reported
6,Libertador General Bernardo O'Higgins,62,Cardenal Caro,6201,Pichilemu,7752,7687,657,8.5469,3078,40.0416,7585,97.8457,3715,47.9231,3729,48.1037,6643,85.694,457,5.8953,5925,76.4319,1827,23.5681,4.3444,0.3141,42.0522,24.1406,3.5927,13.1688,34.8281,30.9512,24.7997,49.4055,3.4247,Centro,90.0,784.0,343.0,289.43,219.471,15.704,237.853,272.761,697.0,-12.128,-13.937,28.912,88.0,546.0,292.0,99.643,21.036,51.487,1098.273,1340.868,268.0,-21.003,-23.26,37.109,yes,2026Q1,tile centroid within BCN commune polygon,7,15,10,20,52,4,0,4,5,9,18,3,3,1,2,909,3,4,3,5930,5788,97.6054,74.6646,reported
6,Libertador General Bernardo O'Higgins,62,Cardenal Caro,6202,La Estrella,1814,1811,215,11.8719,1223,67.5318,1782,98.2359,714,39.3605,309,17.0342,1562,86.108,90,4.9614,512,28.2249,1302,71.7751,5.157,0.3363,30.1876,8.6645,4.5806,10.6512,100.0,0.0,27.3179,40.3422,0.0,Centro,40.0,147.0,55.0,231.091,113.281,26.918,295.422,308.534,106.0,49.013,174.8,24.869,46.0,168.0,58.0,54.167,12.492,65.024,1641.5,1791.287,106.0,-22.827,-26.292,46.589,yes,2026Q1,tile centroid within BCN commune polygon,1,4,2,5,12,4,0,1,2,3,6,3,0,0,0,0,0,0,0,602,584,97.01,32.1940,reported
6,Libertador General Bernardo O'Higgins,62,Cardenal Caro,6203,Litueche,3410,3407,383,11.2416,2315,67.9483,3339,97.9179,1463,42.9032,579,16.9795,2985,87.5367,172,5.044,1268,37.1848,2142,62.8152,5.5838,0.5375,29.4308,14.4953,2.054,10.9742,33.8322,36.6197,30.3991,44.1021,4.284,Centro,76.0,313.0,98.0,215.657,75.176,25.719,283.249,197.061,260.0,1.034,10.537,21.362,37.0,126.0,54.0,86.601,14.614,32.214,1016.508,1064.238,184.0,-3.801,13.648,-9.366,yes,2026Q1,tile centroid within BCN commune polygon,3,7,7,8,25,4,0,3,5,4,12,3,0,0,0,0,0,2,1,1240,1210,97.5806,35.4839,reported
6,Libertador General Bernardo O'Higgins,62,Cardenal Caro,6204,Marchihue,3307,3300,552,16.7273,1940,58.7879,3188,96.4016,1340,40.5201,661,19.9879,2679,81.01,203,6.1385,902,27.2755,2405,72.7245,5.3555,0.3386,27.2094,11.8644,1.9068,11.6223,33.0811,36.9552,30.115,44.0678,4.54,Centro,33.0,168.0,49.0,144.601,69.241,19.077,290.435,318.149,163.0,-13.523,79.562,-9.972,46.0,197.0,64.0,98.124,13.165,46.396,1056.325,1368.416,152.0,4.821,-23.473,21.548,yes,2026Q1,tile centroid within BCN commune polygon,1,6,4,3,14,4,0,1,2,2,5,3,2,0,1,535,2,0,0,635,605,95.2756,18.2945,reported
6,Libertador General Bernardo O'Higgins,62,Cardenal Caro,6205,Navidad,3678,3668,565,15.4035,2065,56.2977,3552,96.5742,1434,38.9886,773,21.0169,2967,80.6688,356,9.6792,453,12.3165,3225,87.6835,4.7133,0.2481,30.7567,14.1807,3.2934,10.4518,29.3413,39.276,24.4148,44.7469,3.6745,Centro,81.0,366.0,156.0,327.283,215.589,17.809,366.216,258.817,309.0,15.204,12.744,12.908,53.0,214.0,107.0,73.581,18.547,77.051,1467.516,1690.159,97.0,-7.543,25.03,62.514,yes,2026Q1,tile centroid within BCN commune polygon,3,10,4,8,25,4,0,1,4,4,9,3,0,0,0,0,0,1,1,2240,2220,99.1071,60.3589,reported
6,Libertador General Bernardo O'Higgins,62,Cardenal Caro,6206,Paredones,2857,2852,641,22.4755,1899,66.5849,2717,95.0998,894,31.2916,237,8.2954,2171,75.9888,99,3.4652,693,24.2562,2164,75.7438,4.1711,0.2121,28.6664,8.3304,7.0704,11.5856,29.8915,41.4071,33.5317,41.4771,4.7602,Centro,36.0,157.0,56.0,168.977,79.266,26.561,258.394,353.665,43.0,-12.782,31.66,6.842,53.0,200.0,83.0,61.922,14.839,33.525,1031.869,1160.583,100.0,-25.695,-0.429,-6.537,yes,2026Q1,tile centroid within BCN commune polygon,2,7,5,6,20,4,0,3,3,1,7,3,2,0,0,630,2,0,0,270,246,91.1111,8.6104,reported
6,Libertador General Bernardo O'Higgins,63,Colchagua,6301,San Fernando,27372,27248,1990,7.3033,7771,28.5195,26729,97.6509,13671,49.9452,17171,62.732,23445,85.6532,1250,4.5667,23877,87.2315,3495,12.7685,5.1006,0.2679,34.8425,22.2967,3.1465,17.0879,39.956,30.7949,28.1026,53.1502,4.7216,Centro,138.0,1557.0,611.0,388.317,318.283,8.821,234.787,296.222,2342.0,-4.138,-3.422,28.962,113.0,384.0,233.0,104.509,19.933,26.404,1418.801,1316.869,552.0,3.854,11.908,4.599,yes,2026Q1,tile centroid within BCN commune polygon,11,39,19,16,85,4,0,6,2,7,15,3,10,1,2,4060,10,5,3,18763,17088,91.0729,62.4288,reported
6,Libertador General Bernardo O'Higgins,63,Colchagua,6302,Chépica,5533,5528,855,15.4667,3020,54.631,5392,97.4517,2107,38.0806,1503,27.1643,4493,81.2037,193,3.4882,3098,55.9913,2435,44.0087,5.433,0.204,24.0282,9.6728,2.8928,15.0606,37.1,36.883,27.6984,47.6044,5.3336,Centro,87.0,492.0,192.0,164.406,150.038,10.417,199.909,441.557,251.0,-32.259,-21.827,-2.763,28.0,79.0,42.0,74.331,10.661,47.165,1442.19,1676.658,176.0,116.173,-20.588,-45.915,yes,2026Q1,tile centroid within BCN commune polygon,3,8,3,7,21,4,0,3,2,4,9,3,0,0,0,0,0,2,1,1142,1119,97.986,20.2241,reported
6,Libertador General Bernardo O'Higgins,63,Colchagua,6303,Chimbarongo,13280,13270,1559,11.7483,6033,45.4635,13013,97.9895,5651,42.5527,5340,40.2108,11062,83.2982,754,5.6777,8692,65.4518,4588,34.5482,5.7615,0.4,30.5039,12.0133,4.4588,15.7867,39.0148,31.9349,30.8503,45.5525,4.9107,Centro,74.0,372.0,130.0,238.722,185.312,8.944,126.29,210.752,461.0,-3.757,-2.71,-13.743,84.0,803.0,123.0,109.386,30.317,21.224,806.695,546.521,487.0,-14.421,-0.6,-31.635,yes,2026Q1,tile centroid within BCN commune polygon,5,17,9,22,53,4,0,2,4,3,9,3,6,1,4,1167,6,3,3,3714,3590,96.6613,27.0331,reported
6,Libertador General Bernardo O'Higgins,63,Colchagua,6304,Lolol,2898,2894,531,18.3483,1785,61.6793,2805,96.7909,1119,38.6128,520,17.9434,2293,79.1235,78,2.6915,887,30.6073,2011,69.3927,5.9197,0.1762,28.9955,11.0459,3.7625,11.9779,34.3459,38.2465,27.0625,41.146,4.4874,Centro,33.0,202.0,55.0,186.0,148.556,16.366,258.381,183.129,276.0,0.311,23.815,22.445,78.0,275.0,113.0,90.598,19.174,25.767,1345.38,832.12,112.0,-23.679,5.817,-14.82,yes,2026Q1,tile centroid within BCN commune polygon,1,7,3,5,16,4,0,4,3,3,10,3,0,0,0,0,0,1,1,672,655,97.4702,22.6018,reported
6,Libertador General Bernardo O'Higgins,63,Colchagua,6305,Nancagua,6523,6504,710,10.9164,2785,42.8198,6402,98.145,2667,40.8861,2944,45.1326,5453,83.5965,170,2.6062,4210,64.5409,2313,35.4591,6.2639,0.3985,29.2619,15.3905,4.097,16.081,40.31,32.162,26.7915,49.2865,4.7721,Centro,53.0,207.0,103.0,286.468,245.675,6.884,185.304,301.903,277.0,3.835,5.524,-33.814,30.0,71.0,43.0,113.684,19.993,27.014,1173.282,1406.549,163.0,-4.68,-16.305,-50.245,yes,2026Q1,tile centroid within BCN commune polygon,3,6,4,6,19,4,0,3,4,2,9,3,4,0,2,1212,4,2,1,2462,2407,97.766,36.9002,reported
6,Libertador General Bernardo O'Higgins,63,Colchagua,6306,Palmilla,4455,4449,591,13.2839,1762,39.6044,4357,97.8002,1787,40.1122,1867,41.908,3533,79.3042,410,9.2031,1129,25.3423,3326,74.6577,5.7821,0.3916,22.4568,8.3539,2.9643,12.3288,39.7709,36.3575,34.0669,41.1633,6.5349,Centro,55.0,264.0,78.0,132.684,98.454,15.348,288.319,386.617,233.0,-4.038,-16.108,6.65,37.0,75.0,44.0,111.444,24.227,32.133,959.176,1335.427,93.0,16.651,71.434,-17.493,yes,2026Q1,tile centroid within BCN commune polygon,2,4,3,6,15,4,0,3,3,4,10,3,0,0,0,0,0,2,1,539,526,97.5881,11.8070,reported
6,Libertador General Bernardo O'Higgins,63,Colchagua,6307,Peralillo,4486,4481,497,11.0913,2204,49.1854,4392,97.9046,1968,43.8698,1743,38.8542,3851,85.8449,56,1.2483,2336,52.0731,2150,47.9269,5.1497,0.3403,27.1795,14.0468,2.3411,12.5307,36.1427,35.3846,32.0178,45.864,5.2174,Centro,55.0,282.0,94.0,227.12,175.042,9.319,123.504,228.493,213.0,-2.741,4.582,-9.813,41.0,93.0,55.0,102.077,30.415,33.086,1142.902,1029.011,129.0,25.576,79.514,6.567,yes,2026Q1,tile centroid within BCN commune polygon,3,5,3,4,15,4,0,2,1,2,5,3,0,0,0,0,0,1,1,926,910,98.2721,20.2853,reported
6,Libertador General Bernardo O'Higgins,63,Colchagua,6308,Placilla,3288,3282,371,11.3041,1624,49.482,3209,97.5973,1320,40.146,1198,36.4355,2784,84.6715,175,5.3224,814,24.7567,2474,75.2433,5.5091,0.3714,34.4691,10.861,5.324,14.0858,38.0286,34.9559,32.2787,43.2309,5.8412,Centro,25.0,93.0,31.0,160.613,153.173,11.14,289.204,395.645,113.0,-17.282,-2.954,16.661,22.0,85.0,24.0,80.11,11.904,25.153,991.8,1115.214,128.0,-25.213,-32.19,13.604,yes,2026Q1,tile centroid within BCN commune polygon,0,3,3,3,9,3,0,2,2,2,6,3,2,0,1,529,2,1,1,365,348,95.3425,10.5839,reported
6,Libertador General Bernardo O'Higgins,63,Colchagua,6309,Pumanque,1777,1777,290,16.3196,1306,73.4947,1731,97.4114,622,35.0028,124,6.9781,1468,82.6111,76,4.2769,0,0.0,1777,100.0,3.7671,0.2854,27.4057,5.7963,5.4024,12.2116,100.0,0.0,28.081,42.4873,0.0,Centro,18.0,49.0,24.0,180.891,66.505,16.98,85.776,164.918,66.0,87.757,19.326,-22.871,30.0,69.0,36.0,29.32,7.821,34.507,2305.176,2565.899,32.0,-26.925,86.17,-18.267,yes,2026Q1,tile centroid within BCN commune polygon,3,5,3,6,17,4,0,0,3,3,6,2,0,0,0,0,0,1,1,144,128,88.8889,7.2032,reported
6,Libertador General Bernardo O'Higgins,63,Colchagua,6310,Santa Cruz,14864,14817,1503,10.1438,5832,39.3602,14571,98.0288,6967,46.8716,7047,47.4098,12504,84.1227,780,5.2476,8880,59.7417,5984,40.2583,4.9681,0.3331,32.6635,20.0,2.5421,15.9946,39.3392,31.8274,27.0196,51.3621,4.8483,Centro,99.0,735.0,307.0,324.028,280.779,12.005,221.335,250.556,890.0,-2.404,-3.521,20.242,82.0,354.0,162.0,87.029,16.742,29.46,1267.559,1332.969,339.0,8.377,13.682,1.607,yes,2026Q1,tile centroid within BCN commune polygon,6,24,10,17,57,4,0,4,1,3,8,3,0,0,0,0,0,5,4,7082,6522,92.0926,43.8778,reported
7,Maule,71,Talca,7101,Talca,85310,84579,5280,6.2427,20721,24.499,83740,98.1597,48939,57.3661,58220,68.2452,73793,86.4998,2806,3.2892,81197,95.1788,4113,4.8212,4.5164,0.2623,33.8055,24.6788,2.269,15.2967,36.4278,29.7338,24.3798,50.7436,4.3779,Centro,271.0,5495.0,2230.0,432.998,398.948,6.553,162.458,182.898,5691.0,1.961,1.515,1.96,204.0,1442.0,704.0,126.17,26.153,30.686,1324.911,1191.257,1796.0,5.616,5.371,16.908,yes,2026Q1,tile centroid within BCN commune polygon,33,117,47,42,239,4,0,5,33,6,44,3,9,2,2,1970,9,6,4,68314,64108,93.8431,75.1471,reported
7,Maule,71,Talca,7102,Constitución,17599,17522,2259,12.8924,8750,49.9372,17109,97.2158,7066,40.15,6308,35.8429,14560,82.732,602,3.4206,14249,80.9648,3350,19.0352,4.9614,0.3051,32.3231,18.9074,3.156,15.1589,39.256,28.4721,27.2189,45.0268,4.1871,Centro,79.0,756.0,255.0,401.692,290.525,11.893,212.507,194.231,741.0,10.186,9.718,-3.466,81.0,340.0,188.0,79.415,19.444,34.679,1314.768,1309.437,335.0,7.804,-5.244,20.715,yes,2026Q1,tile centroid within BCN commune polygon,9,42,13,21,85,4,0,4,4,1,9,3,6,0,3,2696,6,5,3,8120,7751,95.4557,44.0423,reported
7,Maule,71,Talca,7103,Curepto,3791,3781,1046,27.6646,2003,52.9754,3658,96.4917,1193,31.4693,649,17.1195,2644,69.7441,203,5.3548,1238,32.6563,2553,67.3437,4.5079,0.2934,27.9039,8.6853,6.1246,13.1468,28.2471,44.8522,32.3918,42.8194,4.5935,Centro,23.0,114.0,36.0,268.052,167.723,32.228,220.561,458.272,27.0,14.962,-4.475,-24.792,36.0,141.0,49.0,45.047,14.518,28.66,1217.241,1257.319,108.0,-57.721,-35.037,12.884,yes,2026Q1,tile centroid within BCN commune polygon,2,8,4,8,22,4,0,2,4,4,10,3,0,0,0,0,0,2,1,388,369,95.1031,9.7336,reported
7,Maule,71,Talca,7104,Empedrado,1464,1462,246,16.8263,1085,74.2134,1434,97.9508,540,36.8852,119,8.1284,1202,82.1038,18,1.2295,984,67.2131,480,32.7869,4.9383,0.2743,30.417,15.6528,2.5974,12.4402,100.0,0.0,33.6979,39.0294,0.0,Centro,5.0,15.0,6.0,584.645,564.604,8.6,112.267,151.733,20.0,74.23,112.351,-86.739,12.0,16.0,13.0,37.329,12.44,30.062,1938.0,1070.938,8.0,-22.403,-10.044,-22.67,yes,2026Q1,tile centroid within BCN commune polygon,2,5,4,2,13,4,0,0,4,0,4,1,0,1,0,0,0,2,1,278,269,96.7626,18.3743,reported
7,Maule,71,Talca,7105,Maule,20409,20346,1246,6.1241,5976,29.3719,20124,98.6036,11495,56.3232,12905,63.2319,17767,87.0547,858,4.204,15935,78.0783,4474,21.9217,6.6362,0.4315,25.913,17.0842,1.1716,17.1724,49.8799,19.5304,24.2169,49.8554,3.7845,Centro,126.0,1159.0,450.0,347.886,319.181,7.832,155.897,205.763,1402.0,6.813,4.414,10.966,98.0,465.0,184.0,57.559,14.436,26.254,1534.312,1198.248,456.0,-16.693,-13.995,-4.042,yes,2026Q1,tile centroid within BCN commune polygon,2,16,10,13,41,4,0,3,4,2,9,3,4,0,3,1287,4,4,3,10095,9816,97.2363,48.0964,reported
7,Maule,71,Talca,7106,Pelarco,3247,3142,404,12.8581,1858,59.1343,3206,98.7373,1240,38.1891,833,25.6545,2696,83.0305,110,3.3877,877,27.0095,2370,72.9905,5.7662,0.1567,26.9172,7.0219,3.4801,12.9658,38.7127,35.8177,33.631,38.7127,5.3896,Centro,52.0,264.0,81.0,187.146,128.224,14.133,228.14,281.0,249.0,17.37,-4.653,19.7,21.0,50.0,28.0,81.028,14.745,30.26,1834.84,2045.46,52.0,-36.109,-31.243,41.886,yes,2026Q1,tile centroid within BCN commune polygon,2,4,4,4,14,4,0,2,3,2,7,3,0,0,0,0,0,0,0,410,386,94.1463,11.8879,reported
7,Maule,71,Talca,7107,Pencahue,3423,3419,568,16.613,1821,53.2612,3345,97.7213,1345,39.293,966,28.2209,2787,81.4198,122,3.5641,1040,30.3827,2383,69.6173,4.5468,0.2067,27.1266,8.8278,4.9401,13.0956,34.6682,35.3698,23.5896,38.0298,4.5016,Centro,32.0,92.0,40.0,161.614,90.08,18.228,203.217,300.011,62.0,-41.514,-63.249,63.553,59.0,97.0,60.0,44.632,9.169,35.124,1999.771,1945.344,106.0,-27.164,-7.701,36.579,yes,2026Q1,tile centroid within BCN commune polygon,4,9,7,7,27,4,0,3,5,4,12,3,0,0,0,0,0,2,2,588,520,88.4354,15.1914,reported
7,Maule,71,Talca,7108,Río Claro,5132,5123,700,13.6639,3025,59.0474,5031,98.032,1861,36.2627,1309,25.5066,4237,82.5604,165,3.2151,1280,24.9415,3852,75.0585,5.837,0.2374,25.731,7.6998,2.2027,13.0604,37.5049,35.2632,29.0643,37.8558,4.6199,Centro,53.0,233.0,80.0,190.321,151.699,15.283,530.305,473.302,112.0,-2.241,-8.736,46.924,38.0,80.0,48.0,136.195,21.881,27.625,1411.924,1490.05,93.0,1.001,-24.449,29.234,yes,2026Q1,tile centroid within BCN commune polygon,2,11,2,7,22,4,0,2,2,3,7,3,0,0,0,0,0,2,2,875,865,98.8571,16.8550,reported
7,Maule,71,Talca,7109,San Clemente,16662,16614,1957,11.7792,8080,48.6337,16317,97.9294,6482,38.9029,6235,37.4205,13868,83.2313,857,5.1434,8874,53.2589,7788,46.7411,6.363,0.3603,26.9965,10.6221,2.8762,14.2909,39.8943,32.3946,31.3558,42.8426,4.3953,Centro,174.0,974.0,350.0,244.041,192.037,13.362,226.002,270.82,920.0,-15.242,-15.331,6.504,142.0,341.0,189.0,36.617,9.652,32.443,1725.955,1530.115,344.0,-23.002,-23.633,-0.813,yes,2026Q1,tile centroid within BCN commune polygon,7,26,8,16,57,4,0,2,1,2,5,3,0,0,0,0,0,2,2,5504,5308,96.439,31.8569,reported
7,Maule,71,Talca,7110,San Rafael,3925,3917,474,12.1011,2260,57.6972,3854,98.1911,1674,42.6497,1084,27.6178,3304,84.1783,162,4.1274,2023,51.5414,1902,48.4586,6.1277,0.5407,25.0319,8.4374,2.8804,13.8669,40.4028,32.8575,36.2223,46.3676,4.7923,Centro,49.0,236.0,69.0,160.063,88.16,18.123,258.178,254.547,152.0,-10.336,-22.728,64.366,37.0,92.0,50.0,130.504,22.945,27.076,1148.054,1423.554,101.0,22.192,0.162,9.081,yes,2026Q1,tile centroid within BCN commune polygon,2,5,1,4,12,4,0,2,1,1,4,3,0,0,0,0,0,0,0,764,746,97.644,19.0064,reported
7,Maule,72,Cauquenes,7201,Cauquenes,16229,16172,2999,18.5444,6080,37.5958,15776,97.2087,6280,38.6962,6922,42.652,11847,72.999,416,2.5633,12736,78.4768,3493,21.5232,5.4578,0.3056,28.8758,15.6269,4.4163,15.9975,35.6578,37.029,26.0593,51.2353,4.6325,Centro,80.0,698.0,233.0,428.236,370.883,12.1,163.92,243.441,638.0,10.78,9.872,-13.652,85.0,280.0,144.0,65.736,13.598,29.9,2044.812,1880.518,319.0,-28.838,-17.055,4.747,yes,2026Q1,tile centroid within BCN commune polygon,6,26,7,17,56,4,0,4,2,7,13,3,3,0,0,937,3,3,2,9576,9287,96.982,57.2247,reported
7,Maule,72,Cauquenes,7202,Chanco,3486,3475,815,23.4532,1936,55.7122,3375,96.8158,1181,33.8784,693,19.8795,2505,71.8589,75,2.1515,1416,40.6196,2070,59.3804,5.562,0.233,26.3415,9.7848,4.132,13.5725,35.208,37.4175,29.3831,41.8364,5.1363,Centro,12.0,60.0,21.0,170.026,89.879,21.1,389.233,263.833,60.0,-44.013,-70.434,10.662,23.0,143.0,51.0,80.36,26.591,104.329,1705.39,1491.437,52.0,36.335,17.899,128.716,yes,2026Q1,tile centroid within BCN commune polygon,4,11,3,6,24,4,0,3,3,3,9,3,0,0,0,0,0,2,1,416,408,98.0769,11.7040,reported
7,Maule,72,Cauquenes,7203,Pelluhue,3488,3466,527,15.2048,2149,62.0023,3385,97.047,1243,35.6365,703,20.1548,2858,81.9381,169,4.8452,1650,47.305,1838,52.695,4.1159,0.2319,27.6406,14.3513,1.9518,11.1653,32.1757,35.9931,27.8129,46.814,3.2434,Centro,39.0,159.0,81.0,294.397,198.673,16.491,181.994,270.918,145.0,1.026,3.521,13.92,67.0,361.0,149.0,53.33,14.929,97.928,1343.953,1564.958,22.0,-31.784,-15.774,160.198,yes,2026Q1,tile centroid within BCN commune polygon,3,12,5,16,36,4,0,2,4,6,12,3,2,0,1,1193,2,2,1,1831,1823,99.5631,52.2649,reported
7,Maule,73,Curicó,7301,Curicó,57624,57250,3790,6.6201,13036,22.7703,56444,97.9522,31646,54.9181,39789,69.0494,49311,85.5737,2385,4.1389,50761,88.09,6863,11.91,5.1668,0.3507,32.6128,22.0338,1.8946,16.0883,39.9452,28.5846,24.9682,49.8788,4.501,Centro,267.0,3791.0,1442.0,369.842,325.491,8.504,193.588,237.417,4195.0,0.171,-3.315,4.832,168.0,791.0,413.0,119.661,22.254,27.281,1272.518,1347.869,781.0,4.647,-9.374,7.334,yes,2026Q1,tile centroid within BCN commune polygon,18,78,27,30,153,4,0,7,8,6,21,3,9,1,2,2772,9,5,3,47247,44132,93.407,76.5861,reported
7,Maule,73,Curicó,7302,Hualañé,4069,4044,676,16.7161,1830,45.2522,3948,97.0263,1573,38.6581,1483,36.4463,3217,79.0612,135,3.3178,1857,45.6377,2212,54.3623,4.7476,0.2999,30.9641,14.5844,4.7467,13.0595,33.4973,39.2523,29.5622,44.4663,5.7304,Centro,20.0,83.0,28.0,300.71,191.482,16.193,189.554,152.084,71.0,21.791,-3.961,76.876,42.0,113.0,59.0,78.684,19.451,49.85,1067.336,1519.434,98.0,-4.37,2.358,72.868,yes,2026Q1,tile centroid within BCN commune polygon,7,6,5,10,28,4,0,3,4,4,11,3,3,0,1,1325,3,2,2,915,900,98.3607,22.1185,reported
7,Maule,73,Curicó,7303,Licantén,2668,2665,414,15.5347,1299,48.743,2603,97.5637,1126,42.2039,903,33.8456,2161,80.997,104,3.8981,1719,64.4303,949,35.5697,5.2772,0.153,34.8087,16.9542,7.3518,14.5161,33.7209,36.084,24.7937,47.5619,4.3886,Centro,32.0,267.0,72.0,495.477,410.409,8.648,127.432,203.019,262.0,-12.738,-5.47,27.514,31.0,107.0,70.0,93.54,20.164,40.234,1158.925,1350.841,80.0,-24.095,-42.701,50.972,yes,2026Q1,tile centroid within BCN commune polygon,3,13,5,13,34,4,0,2,5,5,12,3,0,0,0,0,0,2,1,1498,1488,99.3324,55.7721,reported
7,Maule,73,Curicó,7304,Molina,17351,17282,1648,9.5359,5615,32.4905,17014,98.0577,7911,45.5939,9872,56.8959,14489,83.5053,571,3.2909,13424,77.3673,3927,22.6327,6.6281,0.3659,29.0289,15.9306,1.9191,16.3064,40.0578,32.0578,28.8728,50.3873,4.7861,Centro,113.0,1001.0,402.0,343.41,308.311,7.215,178.811,270.41,1286.0,11.578,11.092,-1.327,101.0,427.0,214.0,102.068,19.53,28.817,1159.376,1107.326,620.0,10.405,-1.667,17.784,yes,2026Q1,tile centroid within BCN commune polygon,6,13,6,25,50,4,0,4,5,4,13,3,3,0,1,1089,3,3,3,6003,5797,96.5684,33.4102,reported
7,Maule,73,Curicó,7305,Rauco,4073,4067,604,14.8512,1948,47.8977,3991,97.9867,1686,41.3945,1361,33.4152,3303,81.095,222,5.4505,1858,45.6175,2215,54.3825,5.9515,0.3251,30.1817,11.002,5.7711,15.3487,37.3527,34.4794,32.5884,44.6709,4.4941,Centro,39.0,214.0,73.0,232.107,189.218,9.033,218.556,221.196,222.0,-26.542,-26.038,-6.384,24.0,101.0,34.0,76.709,13.299,28.723,1222.238,1627.554,84.0,-10.306,-32.162,-7.664,yes,2026Q1,tile centroid within BCN commune polygon,3,5,4,6,18,4,0,2,4,2,8,3,3,0,2,726,3,0,0,1323,1313,99.2441,32.2367,reported
7,Maule,73,Curicó,7306,Romeral,6128,6102,596,9.7673,2840,46.5421,6020,98.2376,2775,45.2839,2472,40.3394,5251,85.6886,331,5.4014,2953,48.1886,3175,51.8114,6.053,0.2835,29.1183,11.3529,1.6686,15.2626,39.9477,29.3637,27.9732,47.2599,4.2369,Centro,69.0,419.0,152.0,252.726,225.556,20.131,304.933,419.833,370.0,0.358,6.07,90.942,50.0,227.0,92.0,88.987,14.124,29.709,2126.791,1473.434,347.0,-2.837,0.405,7.79,yes,2026Q1,tile centroid within BCN commune polygon,2,9,2,8,21,4,0,3,1,3,7,3,0,0,0,0,0,3,3,2762,2589,93.7364,42.2487,reported
7,Maule,73,Curicó,7307,Sagrada Familia,6735,6714,882,13.1367,2863,42.6422,6618,98.2628,2798,41.5442,2829,42.0045,5553,82.4499,244,3.6229,3122,46.3549,3613,53.6451,6.0123,0.2405,27.4443,9.2273,2.8529,12.9421,38.6478,34.3982,25.0371,39.3165,5.9138,Centro,81.0,293.0,119.0,232.414,215.191,10.331,223.01,260.976,190.0,16.057,25.85,24.952,39.0,96.0,54.0,66.397,11.005,40.615,1274.305,1559.781,117.0,-23.323,-41.191,63.863,yes,2026Q1,tile centroid within BCN commune polygon,2,8,3,7,20,4,0,2,2,2,6,3,0,0,0,0,0,1,1,308,288,93.5065,4.2762,reported
7,Maule,73,Curicó,7308,Teno,10737,10721,1250,11.6594,5714,53.2973,10528,98.0535,4309,40.1323,3404,31.7035,9126,84.9958,538,5.0107,3343,31.1353,7394,68.8647,5.9727,0.3223,27.4709,9.9022,3.2138,15.184,38.5841,33.1439,27.4243,44.3689,4.7788,Centro,136.0,606.0,218.0,200.673,159.146,15.528,236.472,299.228,864.0,-4.551,-2.227,11.93,84.0,148.0,101.0,63.125,10.692,42.101,1808.24,1586.932,203.0,-21.488,-36.722,33.811,yes,2026Q1,tile centroid within BCN commune polygon,3,12,2,7,24,4,0,3,1,3,7,3,2,1,1,856,2,4,2,2497,2405,96.3156,22.3992,reported
7,Maule,73,Curicó,7309,Vichuquén,1894,1889,318,16.8343,1226,64.9021,1848,97.5713,709,37.434,304,16.0507,1544,81.5206,62,3.2735,402,21.2249,1492,78.7751,4.2667,0.0,33.2981,11.9979,7.6638,10.9408,100.0,0.0,30.7082,40.4863,0.0,Centro,47.0,224.0,79.0,241.213,173.779,18.429,248.767,205.767,178.0,7.057,14.004,9.566,35.0,74.0,44.0,77.025,18.886,40.892,1261.865,1491.108,55.0,0.872,-30.197,75.706,yes,2026Q1,tile centroid within BCN commune polygon,3,5,6,7,21,4,0,3,4,2,9,3,0,0,0,0,0,0,0,807,789,97.7695,41.6579,reported
7,Maule,74,Linares,7401,Linares,35302,35015,3457,9.8729,11265,32.1719,34453,97.595,17070,48.3542,19825,56.1583,29160,82.6016,1389,3.9346,27829,78.8312,7473,21.1688,5.0728,0.3089,31.0111,18.9747,2.3156,16.8698,39.2111,32.3583,28.6129,50.9712,4.9473,Centro,237.0,2670.0,939.0,362.691,330.056,10.085,184.899,235.246,2660.0,-6.122,-9.475,19.803,144.0,567.0,307.0,82.111,15.868,34.596,1672.057,1485.69,844.0,-13.715,-14.264,-4.917,yes,2026Q1,tile centroid within BCN commune polygon,12,30,15,26,83,4,0,4,6,6,16,3,3,0,0,505,3,5,3,20174,18857,93.4718,53.4162,reported
7,Maule,74,Linares,7402,Colbún,8224,8200,1075,13.1098,4730,57.6829,8071,98.1396,3223,39.1902,2322,28.2344,6906,83.9737,160,1.9455,3307,40.2116,4917,59.7884,5.813,0.3195,25.292,10.5353,2.8954,15.7299,39.2214,34.1241,29.0876,47.7494,4.6107,Centro,90.0,521.0,160.0,205.991,160.311,14.94,251.877,305.284,314.0,-26.747,-22.111,35.695,72.0,239.0,100.0,62.719,13.217,29.987,1535.567,1389.071,203.0,-5.952,-10.913,-8.018,yes,2026Q1,tile centroid within BCN commune polygon,5,13,4,9,31,4,0,3,2,3,8,3,0,0,0,0,0,2,1,1626,1594,98.032,19.3823,reported
7,Maule,74,Linares,7403,Longaví,12001,11977,1978,16.515,6972,58.2116,11691,97.4169,4028,33.5639,2656,22.1315,9560,79.66,517,4.308,3237,26.9728,8764,73.0272,6.727,0.33,22.9762,8.2368,1.8174,12.8554,38.3493,34.2976,32.5719,38.4243,4.9937,Centro,147.0,729.0,231.0,205.246,108.119,18.86,175.731,293.759,618.0,1.24,-24.99,46.759,107.0,300.0,142.0,43.91,11.344,34.3,1931.279,1711.73,197.0,-31.839,-49.759,-10.24,yes,2026Q1,tile centroid within BCN commune polygon,8,21,3,8,40,4,0,3,2,1,6,3,2,0,2,520,2,2,1,4314,4208,97.5429,35.0637,reported
7,Maule,74,Linares,7404,Parral,17047,17018,2252,13.233,7038,41.3562,16687,97.8882,7082,41.544,7521,44.1192,13909,81.5921,502,2.9448,12084,70.8864,4963,29.1136,5.4105,0.2907,27.4979,14.9994,2.2895,15.3047,37.4486,34.2257,27.4803,48.2271,4.1153,Centro,117.0,755.0,315.0,303.302,266.33,11.613,218.599,280.878,807.0,3.308,18.114,-13.491,94.0,595.0,181.0,56.337,15.084,141.119,1510.364,1727.358,433.0,-22.343,-10.348,35.802,yes,2026Q1,tile centroid within BCN commune polygon,10,19,8,14,51,4,0,3,3,2,8,3,4,0,0,871,4,4,3,11498,11110,96.6255,65.1728,reported
7,Maule,74,Linares,7405,Retiro,8220,8194,1468,17.9155,3967,48.4135,8001,97.3358,2797,34.0268,2661,32.3723,6300,76.6423,187,2.2749,2650,32.2384,5570,67.7616,5.6912,0.2208,23.4242,7.5931,2.2147,13.1297,37.2232,34.6556,30.8104,41.1292,4.0764,Centro,81.0,300.0,126.0,152.512,125.4,12.147,202.767,295.67,211.0,-7.511,7.522,5.865,52.0,107.0,62.0,37.69,10.849,41.421,2432.76,2159.121,111.0,-42.557,-25.241,39.874,yes,2026Q1,tile centroid within BCN commune polygon,4,13,5,16,38,4,0,3,4,1,8,3,1,0,0,884,1,2,1,3684,3621,98.2899,44.0511,reported
7,Maule,74,Linares,7406,San Javier,18078,18023,2204,12.2288,5797,32.1645,17671,97.7486,7464,41.2878,9612,53.1696,14463,80.0033,809,4.4751,12988,71.8442,5090,28.1558,6.2237,0.3865,25.4126,12.9084,2.8519,17.2777,39.6777,31.4764,27.9156,50.8971,4.1533,Centro,93.0,1017.0,339.0,342.382,314.739,9.791,193.345,293.08,903.0,-4.066,-3.077,-4.179,87.0,336.0,140.0,58.971,18.227,34.72,1437.764,1163.345,185.0,-28.074,20.981,-19.387,yes,2026Q1,tile centroid within BCN commune polygon,8,25,14,24,71,4,0,3,4,6,13,3,4,2,2,823,4,4,3,6633,6205,93.5474,34.3235,reported
7,Maule,74,Linares,7407,Villa Alegre,6674,6653,881,13.2421,2612,39.2605,6528,97.8124,2617,39.2119,3050,45.6997,5336,79.9521,207,3.1016,3939,59.0201,2735,40.9799,5.8539,0.3025,25.8765,9.8142,4.3302,15.7477,37.1292,36.0953,33.9976,47.8124,4.7048,Centro,38.0,208.0,84.0,296.226,278.576,10.389,133.197,264.024,207.0,2.435,11.998,28.928,40.0,83.0,58.0,85.892,11.314,29.217,1491.8,1875.578,75.0,-19.558,-47.989,-7.579,yes,2026Q1,tile centroid within BCN commune polygon,4,8,4,7,23,4,0,2,2,4,8,3,1,0,0,213,1,0,0,1426,1405,98.5273,21.0518,reported
7,Maule,74,Linares,7408,Yerbas Buenas,7105,7078,926,13.0828,4192,59.2258,6916,97.3399,2492,35.0739,1804,25.3906,5880,82.7586,268,3.772,2224,31.3019,4881,68.6981,6.459,0.3715,24.3975,8.062,3.3122,13.9112,40.0141,32.8259,30.1903,39.1825,4.6512,Centro,65.0,258.0,94.0,248.758,233.599,11.291,158.698,212.857,318.0,-12.662,-2.777,23.17,52.0,171.0,79.0,100.597,20.123,28.93,1474.136,1316.222,214.0,3.374,17.24,7.037,yes,2026Q1,tile centroid within BCN commune polygon,3,8,3,7,21,4,0,2,3,3,8,3,0,1,0,0,0,3,2,1661,1556,93.6785,21.9001,reported
8,Biobío,81,Concepción,8101,Concepción,92197,91625,3432,3.7457,17061,18.6205,90399,98.0498,65292,70.8179,70734,76.7205,83282,90.3305,2951,3.2008,90327,97.9717,1870,2.0283,3.6059,0.4252,49.6347,37.262,3.0757,13.04,28.1286,27.252,20.6328,50.1265,3.6765,Centro,182.0,6481.0,2588.0,461.087,392.587,7.565,226.794,222.646,5784.0,5.304,4.45,-0.735,151.0,1310.0,690.0,98.317,24.769,31.913,1738.144,1186.726,1252.0,-4.781,1.788,18.407,yes,2026Q1,tile centroid within BCN commune polygon,30,102,60,67,259,4,17,26,15,9,67,4,1,0,1,170,1,6,4,6572,6346,96.5612,6.8831,reported
8,Biobío,81,Concepción,8102,Coronel,41939,41859,2804,6.6987,6842,16.3453,41119,98.0448,22133,52.7743,32057,76.4372,34666,82.6581,890,2.1221,40558,96.7071,1381,3.2929,5.446,0.2809,23.9513,14.1053,2.526,16.8652,43.7985,28.4159,29.9081,49.2969,4.7726,Centro,124.0,1880.0,798.0,502.336,408.092,7.739,252.795,297.475,1949.0,8.423,4.161,13.458,101.0,376.0,239.0,106.466,20.428,33.439,1821.579,1265.362,339.0,7.878,-13.871,16.132,yes,2026Q1,tile centroid within BCN commune polygon,14,45,23,26,108,4,0,6,3,11,20,3,13,1,0,3749,13,5,4,6327,6265,99.0201,14.9384,reported
8,Biobío,81,Concepción,8103,Chiguayante,29395,29331,1329,4.531,3799,12.9522,28958,98.5134,19093,64.9532,24083,81.9289,25882,88.049,1140,3.8782,29378,99.9422,17,0.0578,3.709,0.2288,30.1771,17.6404,3.1971,16.728,38.5019,32.8056,27.1161,51.1781,5.1685,Centro,75.0,1835.0,646.0,422.188,346.014,7.071,208.71,230.098,1632.0,3.74,2.773,1.697,44.0,150.0,90.0,87.711,19.664,37.167,2000.577,1513.466,124.0,-37.302,-26.081,9.418,yes,2026Q1,tile centroid within BCN commune polygon,10,13,17,11,51,4,0,6,6,5,17,3,0,0,0,0,0,5,3,94519,86548,91.5668,294.4310,reported
8,Biobío,81,Concepción,8104,Florida,4956,4947,832,16.8183,2944,59.5108,4820,97.2559,2055,41.4649,1005,20.2785,4024,81.1945,237,4.7821,1553,31.3358,3403,68.6642,5.1626,0.3252,25.8885,10.521,1.7165,12.7423,32.5727,37.9443,30.8562,42.9927,4.2407,Centro,63.0,226.0,75.0,229.834,112.864,18.004,207.677,218.934,162.0,9.585,0.891,-49.911,72.0,169.0,84.0,80.137,13.478,33.74,1841.448,1981.935,155.0,-0.036,-2.749,13.199,yes,2026Q1,tile centroid within BCN commune polygon,5,10,7,12,34,4,0,3,4,5,12,3,0,0,0,0,0,1,1,11552,11498,99.5325,232.0016,reported
8,Biobío,81,Concepción,8105,Hualqui,8824,8807,929,10.5484,2701,30.6688,8586,97.3028,4045,45.8409,5035,57.0603,7366,83.4769,337,3.8191,7057,79.9751,1767,20.0249,5.5785,0.3444,29.1889,13.6472,3.3693,16.2791,42.2689,31.0267,32.3653,50.8111,4.9461,Centro,49.0,252.0,115.0,381.231,300.042,11.619,211.689,426.211,274.0,12.904,17.951,-22.333,71.0,197.0,94.0,79.314,15.906,33.655,1978.462,1368.756,105.0,19.717,17.301,-10.013,yes,2026Q1,tile centroid within BCN commune polygon,3,8,4,7,22,4,0,3,3,3,9,3,1,0,1,202,1,3,2,5696,5621,98.6833,63.7013,reported
8,Biobío,81,Concepción,8106,Lota,13835,13789,1391,10.0878,2635,19.1094,13464,97.3184,6010,43.4405,9730,70.3289,10955,79.1832,296,2.1395,13764,99.4868,71,0.5132,6.4732,0.3829,24.4477,9.9239,2.8251,15.632,36.7983,37.4067,36.7983,51.4741,6.2948,Centro,32.0,486.0,154.0,542.299,425.986,4.975,222.815,238.195,508.0,15.139,6.745,-4.235,27.0,111.0,53.0,99.046,18.685,26.685,1907.757,1401.018,66.0,-14.422,0.967,6.032,yes,2026Q1,tile centroid within BCN commune polygon,3,18,6,21,48,4,0,7,5,5,17,3,9,0,0,3074,9,3,3,51272,49575,96.6902,358.3303,reported
8,Biobío,81,Concepción,8107,Penco,16858,16810,1118,6.6508,3435,20.4343,16527,98.0365,9410,55.8192,12069,71.5921,14639,86.8371,1074,6.3709,16591,98.4162,267,1.5838,5.1899,0.3088,33.0026,15.3366,4.7537,16.6736,39.1467,33.4244,31.3804,51.3162,5.8114,Centro,56.0,890.0,358.0,418.976,336.257,10.135,297.117,299.258,521.0,-4.88,-4.249,32.605,39.0,129.0,82.0,76.385,19.059,31.566,1703.233,975.651,171.0,58.801,-15.612,15.487,yes,2026Q1,tile centroid within BCN commune polygon,6,11,11,17,45,4,0,4,4,6,14,3,2,0,1,362,2,6,4,3046,3008,98.7525,17.8432,reported
8,Biobío,81,Concepción,8108,San Pedro de La paz,52351,52226,1858,3.5576,8005,15.3276,51599,98.5635,34931,66.7246,42170,80.5524,47242,90.2409,1937,3.7,52310,99.9217,41,0.0783,4.5361,0.242,29.2899,21.7374,1.3467,16.3848,43.8975,23.5834,22.3075,51.0521,3.8203,Centro,127.0,3578.0,1355.0,448.55,365.109,7.098,236.203,220.604,4271.0,6.945,5.174,9.74,90.0,449.0,219.0,116.517,22.354,27.746,1622.808,1192.951,434.0,24.441,3.692,-13.755,yes,2026Q1,tile centroid within BCN commune polygon,16,42,16,35,109,4,14,4,8,7,33,4,4,0,0,1431,4,5,3,839,808,96.3051,1.5434,reported
8,Biobío,81,Concepción,8109,Santa Juana,5603,5591,875,15.6502,2732,48.8642,5417,96.6803,2268,40.4783,1889,33.7141,4558,81.3493,165,2.9449,3547,63.3054,2056,36.6946,5.4624,0.3065,22.0993,10.8354,2.517,15.4945,36.3977,33.9165,31.5066,49.9821,3.5523,Centro,36.0,171.0,66.0,258.834,179.773,17.24,248.941,376.129,175.0,-19.208,-18.519,36.576,58.0,181.0,63.0,89.155,11.763,30.718,2284.0,2482.204,206.0,177.543,16.454,-48.832,yes,2026Q1,tile centroid within BCN commune polygon,1,9,6,13,29,4,0,3,4,3,10,3,1,0,0,173,1,1,1,4998,4806,96.1585,85.7755,reported
8,Biobío,81,Concepción,8110,Talcahuano,51086,50838,2894,5.6926,8915,17.5361,50013,97.8996,30874,60.4353,38899,76.1441,44924,87.938,1263,2.4723,50944,99.722,142,0.278,4.8368,0.3739,33.9361,19.0179,4.0604,15.8037,37.4055,34.3052,27.1563,50.3642,5.6096,Centro,126.0,2483.0,1018.0,464.069,403.345,8.069,217.281,217.136,2757.0,11.766,13.275,-8.887,92.0,505.0,287.0,105.971,25.553,30.085,1802.994,1283.002,650.0,2.236,14.582,7.932,yes,2026Q1,tile centroid within BCN commune polygon,27,45,35,48,155,4,14,6,9,7,36,4,0,0,0,0,0,6,4,385,309,80.2597,0.6049,reported
8,Biobío,81,Concepción,8111,Tomé,20751,20709,2035,9.8266,6331,30.5712,20270,97.682,10227,49.2844,12161,58.6044,17127,82.5358,448,2.1589,18423,88.7813,2328,11.2187,4.6034,0.3791,28.981,14.143,2.9541,16.5758,35.9849,36.2359,32.7123,53.4633,5.2228,Centro,73.0,912.0,310.0,465.77,374.307,7.74,217.66,231.639,644.0,12.158,23.004,-48.029,66.0,236.0,141.0,68.13,17.759,59.653,1710.553,1469.838,143.0,-11.79,-12.071,106.698,yes,2026Q1,tile centroid within BCN commune polygon,16,32,14,24,86,4,0,3,3,10,16,3,3,0,2,536,3,4,3,379,350,92.3483,1.6867,reported
8,Biobío,81,Concepción,8112,Hualpén,30684,30541,1403,4.5938,4978,16.2994,30160,98.2923,18729,61.0383,24065,78.4285,27169,88.5445,909,2.9625,30449,99.2341,235,0.7659,4.5997,0.3091,32.5564,20.6669,2.4975,16.7963,36.8911,33.8771,28.8264,52.0693,5.541,Centro,53.0,1836.0,724.0,464.708,404.338,7.996,228.911,225.073,1840.0,8.124,7.258,-4.787,56.0,337.0,161.0,83.432,19.342,33.884,2105.579,1480.533,273.0,-26.982,-19.311,11.788,yes,2026Q1,tile centroid within BCN commune polygon,13,36,10,10,69,4,11,5,6,1,23,4,0,0,0,0,0,6,4,5071,4968,97.9688,16.1908,reported
8,Biobío,82,Arauco,8201,Lebu,8825,8776,983,11.201,2701,30.7771,8577,97.1898,3768,42.6969,5028,56.9745,6920,78.4136,201,2.2776,7846,88.9065,979,11.0935,4.9666,0.1959,23.1286,12.1682,1.8571,15.7457,41.905,30.8192,33.6106,49.5386,5.2752,Centro,39.0,211.0,101.0,435.965,349.71,11.066,274.267,137.938,173.0,-6.515,-1.083,6.24,45.0,150.0,68.0,90.585,22.375,57.187,1116.9,1302.147,120.0,-41.293,-23.778,54.802,yes,2026Q1,tile centroid within BCN commune polygon,5,11,7,15,38,4,0,4,3,6,13,3,0,0,0,0,0,4,3,13232,12936,97.763,146.5836,reported
8,Biobío,82,Arauco,8202,Arauco,13212,13178,1383,10.4948,5071,38.4808,12914,97.7445,5993,45.3603,6609,50.0227,10955,82.917,335,2.5356,9675,73.2289,3537,26.7711,4.9526,0.3004,25.0739,12.1957,2.7,15.6086,40.9025,30.0721,29.7914,46.0372,4.3231,Centro,63.0,434.0,186.0,433.292,372.249,8.871,247.417,287.744,348.0,-8.162,-6.352,-2.28,52.0,208.0,92.0,72.97,21.547,42.572,1417.5,1236.409,138.0,16.026,39.807,17.876,yes,2026Q1,tile centroid within BCN commune polygon,11,25,12,12,60,4,0,4,6,2,12,3,0,0,0,0,0,4,3,8677,8432,97.1764,63.8208,reported
8,Biobío,82,Arauco,8203,Cañete,12568,12521,1825,14.5755,6652,53.1267,12241,97.3982,4934,39.2584,3878,30.8561,10121,80.5299,357,2.8405,6435,51.2015,6133,48.7985,4.8431,0.2735,24.7087,12.7853,3.0008,15.5148,41.4605,31.2849,31.2769,49.2658,4.8364,Centro,103.0,548.0,216.0,273.608,183.628,17.859,273.819,246.75,430.0,-13.75,-29.414,-8.859,82.0,366.0,151.0,89.058,18.125,38.719,1763.096,1377.041,292.0,10.551,-6.161,0.91,yes,2026Q1,tile centroid within BCN commune polygon,3,22,7,20,52,4,0,4,4,1,9,3,4,0,2,1205,4,3,2,26835,26057,97.1008,207.3281,reported
8,Biobío,82,Arauco,8204,Contulmo,2290,2282,430,18.8431,1080,47.3269,2157,94.1921,708,30.917,734,32.0524,1730,75.5459,65,2.8384,905,39.5197,1385,60.4803,3.6548,0.1321,27.6661,11.9755,3.1469,13.8986,100.0,0.0,36.9755,48.4703,0.0,Centro,12.0,50.0,18.0,573.329,419.239,9.18,200.16,276.64,35.0,55.128,28.482,-24.401,33.0,132.0,42.0,63.05,10.325,35.667,2080.364,1262.22,48.0,-44.838,-44.88,17.503,yes,2026Q1,tile centroid within BCN commune polygon,6,6,6,4,22,4,0,3,5,2,10,3,1,0,0,341,1,0,0,4188,4119,98.3524,179.8690,reported
8,Biobío,82,Arauco,8205,Curanilahue,11133,11056,1089,9.8499,3316,29.9928,10807,97.0718,4576,41.103,6572,59.0317,8882,79.7808,182,1.6348,10166,91.3141,967,8.6859,4.7684,0.2366,25.4709,9.0131,6.1018,17.1429,41.1266,31.5367,27.7693,45.6963,4.6598,Centro,35.0,262.0,94.0,341.961,276.559,6.477,303.958,337.095,321.0,11.999,0.921,-24.032,29.0,70.0,41.0,58.845,13.337,31.971,1889.143,1758.814,70.0,9.396,-29.631,-2.782,yes,2026Q1,tile centroid within BCN commune polygon,2,10,7,18,37,4,0,4,5,7,16,3,0,0,0,0,0,3,3,4910,4868,99.1446,43.7259,reported
8,Biobío,82,Arauco,8206,Los Álamos,7997,7964,962,12.0794,3210,40.3064,7557,94.4979,2798,34.9881,3458,43.2412,6497,81.243,825,10.3164,6674,83.4563,1323,16.5437,4.7439,0.2776,23.1434,9.2674,4.7339,16.6437,42.3168,28.4158,26.1991,50.407,4.1077,Centro,37.0,271.0,82.0,369.771,285.23,13.79,282.801,246.871,196.0,10.58,17.677,-21.362,32.0,66.0,43.0,141.665,29.189,30.273,1561.136,1187.591,46.0,-8.933,5.566,14.801,yes,2026Q1,tile centroid within BCN commune polygon,3,8,6,14,31,4,0,3,5,4,12,3,5,0,4,1935,5,2,2,570,554,97.193,6.9276,reported
8,Biobío,82,Arauco,8207,Tirúa,3609,3606,758,21.0205,2680,74.3206,3455,95.7329,1105,30.6179,90,2.4938,2793,77.3899,92,2.5492,937,25.9629,2672,74.0371,6.4543,0.1956,22.0682,11.0618,1.5803,15.0818,45.2731,25.9218,30.9121,47.1306,4.0477,Centro,26.0,91.0,36.0,101.005,20.927,48.857,355.462,199.857,42.0,-28.66,-8.041,56.043,58.0,344.0,126.0,57.819,15.602,44.241,1629.971,1553.804,292.0,19.817,24.448,1.417,yes,2026Q1,tile centroid within BCN commune polygon,6,6,4,6,22,4,0,2,4,1,7,3,2,1,1,580,2,0,0,1083,1061,97.9686,29.3987,reported
8,Biobío,83,Biobío,8301,Los Ángeles,78739,78287,6813,8.7026,26652,34.044,77140,97.9692,39941,50.7258,43537,55.2928,67014,85.109,3036,3.8558,56398,71.6265,22341,28.3735,4.784,0.2388,31.7675,20.2537,1.902,15.5969,41.3653,27.9725,25.2891,47.9482,4.1711,Centro,675.0,5272.0,2106.0,328.872,264.489,12.564,251.934,295.201,5071.0,-6.492,-10.24,3.903,343.0,1507.0,730.0,70.61,16.998,35.052,2002.652,1441.458,1335.0,-15.675,-9.136,5.849,yes,2026Q1,tile centroid within BCN commune polygon,30,103,43,64,240,4,0,4,5,5,14,3,7,1,3,3232,7,5,3,195,169,86.6667,0.2146,reported
8,Biobío,83,Biobío,8302,Antuco,1723,1721,262,15.2237,1065,61.8826,1689,98.0267,701,40.6849,378,21.9385,1425,82.7046,34,1.9733,793,46.0244,930,53.9756,4.174,0.1176,26.0163,11.6144,3.5424,16.0859,100.0,0.0,30.2555,47.0964,0.0,Centro,29.0,102.0,43.0,102.037,70.172,20.588,382.673,367.069,174.0,-22.249,51.168,-37.883,23.0,54.0,34.0,28.103,10.632,35.019,2612.17,1512.778,82.0,-64.513,-32.211,-10.682,yes,2026Q1,tile centroid within BCN commune polygon,3,4,4,4,15,4,0,0,2,1,3,2,0,1,0,0,0,2,1,203,187,92.1182,10.8532,reported
8,Biobío,83,Biobío,8303,Cabrero,11393,11386,1445,12.691,4596,40.3654,11183,98.1568,4869,42.7368,5134,45.0628,9130,80.1369,412,3.6163,7780,68.2875,3613,31.7125,4.5111,0.1598,28.3519,14.8564,2.441,16.0594,39.1343,30.6875,29.7743,46.6064,4.2585,Centro,109.0,620.0,247.0,236.193,179.435,15.073,268.098,304.911,462.0,3.751,20.501,-19.374,81.0,245.0,141.0,64.083,12.468,32.086,2449.597,1545.98,187.0,-39.377,-29.095,7.954,yes,2026Q1,tile centroid within BCN commune polygon,5,21,6,20,52,4,0,3,2,1,6,3,3,0,0,1628,3,4,3,5476,5336,97.4434,46.8358,reported
8,Biobío,83,Biobío,8304,Laja,8565,8547,1274,14.9058,3219,37.6623,8328,97.2329,3683,43.0006,3907,45.6159,6598,77.0344,356,4.1565,5514,64.3783,3051,35.6217,4.8706,0.3074,27.6571,14.6344,1.9855,15.2534,38.4256,34.4195,33.9991,46.8115,4.8937,Centro,41.0,234.0,112.0,292.632,201.072,11.808,301.5,308.009,358.0,-16.103,-24.99,-2.598,48.0,101.0,67.0,78.378,14.351,30.624,2143.842,1358.723,110.0,-32.652,-29.652,-1.704,yes,2026Q1,tile centroid within BCN commune polygon,2,14,4,12,32,4,0,4,3,6,13,3,0,0,0,0,0,4,3,854,838,98.1265,9.7840,reported
8,Biobío,83,Biobío,8305,Mulchén,10169,10157,1244,12.2477,3616,35.6011,9897,97.3252,4000,39.3352,5199,51.126,8029,78.9556,296,2.9108,7821,76.9102,2348,23.0898,5.8375,0.3711,31.8607,13.8247,4.7821,15.9697,40.0571,34.2222,29.8239,48.6175,5.4413,Centro,49.0,419.0,135.0,332.703,244.22,14.714,285.407,263.864,416.0,2.008,-7.06,13.246,51.0,130.0,82.0,82.475,14.67,36.469,1469.231,1721.271,252.0,3.755,-18.78,-3.968,yes,2026Q1,tile centroid within BCN commune polygon,4,15,8,12,39,4,0,3,5,2,10,3,3,0,0,965,3,3,2,540,536,99.2593,5.2709,reported
8,Biobío,83,Biobío,8306,Nacimiento,9234,9205,1231,13.3732,3246,35.2634,9012,97.5958,4178,45.2458,4674,50.6173,7374,79.8571,151,1.6353,7755,83.9831,1479,16.0169,5.0071,0.1977,31.3617,16.1738,3.8891,16.0004,40.234,32.8892,27.9276,44.6322,5.1999,Centro,49.0,416.0,130.0,301.284,203.61,13.663,244.555,240.349,299.0,-19.42,-23.692,23.424,51.0,155.0,74.0,66.415,10.584,34.813,2053.545,1874.755,82.0,-43.098,-26.1,25.317,yes,2026Q1,tile centroid within BCN commune polygon,1,14,6,12,33,4,0,4,3,2,9,3,2,0,0,380,2,4,3,2085,2043,97.9856,22.1248,reported
8,Biobío,83,Biobío,8307,Negrete,3762,3761,492,13.0816,2287,60.8083,3675,97.6874,1484,39.4471,901,23.95,3170,84.2637,151,4.0138,2031,53.9872,1731,46.0128,4.918,0.0806,26.0766,10.7921,1.9139,14.0617,40.9091,32.8017,35.6459,43.8596,5.1302,Centro,21.0,53.0,29.0,196.995,118.328,12.528,267.34,479.698,70.0,-38.216,-46.261,-5.599,22.0,82.0,47.0,79.046,18.228,49.878,1612.488,1031.756,72.0,-44.993,-21.651,47.424,yes,2026Q1,tile centroid within BCN commune polygon,3,6,2,6,17,4,0,3,2,2,7,3,2,0,1,1136,2,1,1,3322,3288,98.9765,87.4003,reported
8,Biobío,83,Biobío,8308,Quilaco,1731,1708,297,17.3888,944,55.2693,1670,96.476,531,30.6759,424,24.4945,1345,77.7008,71,4.1017,765,44.1941,966,55.8059,4.5694,0.1172,29.4731,10.4806,4.9797,14.2444,100.0,0.0,36.4215,49.1604,0.0,Centro,18.0,92.0,27.0,251.827,98.522,23.652,137.054,165.946,35.0,-15.346,-47.485,12.629,15.0,21.0,17.0,81.16,8.983,44.762,1735.0,1958.667,38.0,15.945,-36.295,-39.683,yes,2026Q1,tile centroid within BCN commune polygon,2,4,4,6,16,4,0,2,3,2,7,3,0,0,0,0,0,3,2,14420,13991,97.025,808.2611,reported
8,Biobío,83,Biobío,8309,Quilleco,3584,3582,659,18.3975,1719,47.9899,3470,96.8192,1286,35.8817,1090,30.4129,2720,75.8929,176,4.9107,1976,55.1339,1608,44.8661,4.8063,0.311,29.7878,10.5807,5.1089,15.215,35.3434,41.1223,30.8487,42.4065,5.416,Centro,38.0,156.0,72.0,124.573,82.712,13.474,182.058,861.34,154.0,-14.096,-13.651,-6.281,26.0,67.0,34.0,67.474,11.695,33.582,1199.03,2282.194,40.0,-48.89,-61.975,13.166,yes,2026Q1,tile centroid within BCN commune polygon,2,4,3,6,15,4,0,2,3,2,7,3,1,0,0,141,1,2,1,1860,1814,97.5269,50.6138,reported
8,Biobío,83,Biobío,8310,San Rosendo,1323,1322,215,16.2632,539,40.7716,1288,97.3545,524,39.607,550,41.5722,1027,77.6266,62,4.6863,1045,78.9872,278,21.0128,3.9021,0.5356,28.4418,12.0272,5.3707,14.6747,100.0,0.0,30.4841,48.7141,0.0,Centro,7.0,42.0,16.0,361.814,267.579,7.952,143.024,134.833,36.0,16.957,32.835,-33.272,6.0,9.0,7.0,59.727,17.274,30.778,2440.556,782.889,37.0,0.899,-18.603,0.068,yes,2026Q1,tile centroid within BCN commune polygon,1,1,2,7,11,4,0,0,1,2,3,2,1,0,0,347,1,1,1,1854,1747,94.2287,132.0484,reported
8,Biobío,83,Biobío,8311,Santa Bárbara,5218,5209,897,17.2202,2737,52.5437,5111,97.9494,1913,36.6616,1463,28.0376,4116,78.8808,168,3.2196,2828,54.197,2390,45.803,5.4637,0.2333,30.6424,14.5925,2.9722,16.3758,37.9291,34.535,31.7737,46.3279,4.8897,Centro,49.0,156.0,86.0,247.196,132.019,23.519,363.628,360.808,159.0,-25.035,-40.397,28.064,52.0,124.0,70.0,64.317,11.989,35.395,2091.259,2023.211,88.0,-23.511,-31.577,1.16,yes,2026Q1,tile centroid within BCN commune polygon,0,12,2,7,21,3,0,4,2,4,10,3,1,0,0,188,1,3,2,8129,7869,96.8016,150.8049,reported
8,Biobío,83,Biobío,8312,Tucapel,6182,6170,878,14.2301,2410,39.06,6018,97.3471,2449,39.615,2823,45.6648,4783,77.3698,177,2.8632,5071,82.0285,1111,17.9715,3.7936,0.1465,28.1736,13.7791,2.9793,15.9974,35.4598,35.897,32.4158,52.2021,4.0155,Centro,52.0,303.0,119.0,276.248,212.674,14.254,322.828,307.855,321.0,-8.052,-8.019,-7.116,25.0,72.0,34.0,66.82,14.369,31.042,1832.197,1201.264,107.0,-15.366,-0.076,-40.846,yes,2026Q1,tile centroid within BCN commune polygon,3,8,6,8,25,4,0,4,3,2,9,3,1,1,0,626,1,2,1,4777,4673,97.8229,75.5904,reported
8,Biobío,83,Biobío,8313,Yumbel,8894,8886,1740,19.5814,4154,46.7477,8550,96.1322,3134,35.2372,2799,31.4707,6586,74.0499,398,4.4749,4844,54.4637,4050,45.5363,4.0897,0.2039,26.6929,11.3836,3.5996,14.2745,33.3408,38.9089,30.8099,48.3465,4.3982,Centro,66.0,371.0,115.0,443.536,329.806,12.415,197.798,293.763,267.0,45.856,49.315,-21.543,74.0,227.0,111.0,64.617,12.357,36.467,1979.288,2025.106,108.0,-44.096,-39.69,16.385,yes,2026Q1,tile centroid within BCN commune polygon,2,17,6,13,38,4,0,2,3,5,10,3,0,1,0,0,0,1,1,11487,11200,97.5015,125.9276,reported
8,Biobío,83,Biobío,8314,Alto Biobío,2030,2022,758,37.4876,1071,52.9674,1749,86.1576,444,21.8719,97,4.7783,1169,57.5862,115,5.665,0,0.0,2030,100.0,12.2632,0.8973,15.032,4.9778,2.0207,14.7856,48.2997,21.1927,32.8241,40.8083,3.105,Centro,17.0,84.0,26.0,211.764,161.966,23.405,165.369,237.821,61.0,-15.703,-11.06,28.74,13.0,16.0,14.0,14.304,3.587,42.25,1384.8,1578.312,48.0,-43.075,-18.681,-20.408,yes,2026Q1,tile centroid within BCN commune polygon,1,3,4,2,10,4,0,0,2,0,2,1,2,0,2,502,2,2,1,384,331,86.1979,16.3054,reported
9,La Araucanía,91,Cautín,9101,Temuco,110729,110209,5819,5.28,27675,25.1114,108718,98.1839,66803,60.3302,75995,68.6315,97209,87.79,4196,3.7894,103194,93.1951,7535,6.8049,4.3935,0.3627,37.3172,26.9485,2.5123,16.1445,36.5262,26.2435,22.9085,51.4299,3.6427,Sur,376.0,7984.0,3219.0,396.134,364.555,9.598,179.591,233.582,8493.0,6.316,7.554,-2.628,254.0,1928.0,1024.0,103.971,22.146,32.498,1362.333,1188.595,2148.0,-5.202,-9.741,-3.297,yes,2026Q1,tile centroid within BCN commune polygon,36,79,56,124,295,4,0,12,32,9,53,3,0,0,0,0,0,6,4,1596,1548,96.9925,1.3980,reported
9,La Araucanía,91,Cautín,9102,Carahue,9095,9067,2064,22.7639,4903,54.0752,8684,95.481,2917,32.0726,1870,20.5607,6673,73.37,415,4.5629,4406,48.4442,4689,51.5558,5.2381,0.3544,25.7096,10.187,4.6645,15.4345,39.0209,37.1727,34.8405,48.8889,5.7096,Sur,51.0,207.0,80.0,202.331,128.607,23.773,284.464,217.444,154.0,-4.141,-14.101,29.454,60.0,182.0,82.0,70.733,10.816,37.066,1339.956,1281.33,144.0,16.015,-8.61,-3.777,yes,2026Q1,tile centroid within BCN commune polygon,3,15,11,9,38,4,0,4,7,2,13,3,0,0,0,0,0,2,1,1772,1753,98.9278,19.2743,reported
9,La Araucanía,91,Cautín,9103,Cunco,7332,7303,1329,18.198,4023,55.087,7085,96.6312,2491,33.9744,1704,23.2406,5692,77.6323,391,5.3328,3421,46.6585,3911,53.3415,4.9718,0.3434,29.2463,10.527,4.9836,14.3774,34.858,38.012,30.5707,45.2622,4.2736,Sur,85.0,447.0,133.0,274.853,200.078,17.394,232.327,241.572,242.0,-12.025,-8.444,-4.486,77.0,534.0,118.0,54.34,9.337,47.528,1951.389,2267.075,378.0,1.808,-1.602,11.083,yes,2026Q1,tile centroid within BCN commune polygon,6,6,7,15,34,4,0,3,3,4,10,3,1,0,0,726,1,2,1,99016,92328,93.2455,1259.2471,reported
9,La Araucanía,91,Cautín,9104,Curarrehue,2907,2900,497,17.1379,1921,66.2414,2770,95.2872,902,31.0286,419,14.4135,2305,79.2914,89,3.0616,717,24.6646,2190,75.3354,7.0983,0.554,29.5251,11.9408,4.68,13.627,39.2292,29.8004,27.839,46.0771,4.2326,Sur,58.0,183.0,80.0,134.301,91.818,26.164,328.082,256.869,159.0,7.288,-4.54,7.414,20.0,46.0,26.0,45.238,7.602,37.304,1910.652,1619.522,126.0,388.162,62.679,-24.975,yes,2026Q1,tile centroid within BCN commune polygon,4,4,3,2,13,4,0,1,0,1,2,2,0,0,0,0,0,2,1,1104,1064,96.3768,36.6013,reported
9,La Araucanía,91,Cautín,9105,Freire,9724,9700,2152,22.1856,5259,54.2165,9258,95.2077,3121,32.0958,1964,20.1974,7123,73.2517,450,4.6277,2166,22.2748,7558,77.7252,5.261,0.3528,26.3759,8.1679,3.6313,13.6406,35.5107,35.5313,28.8036,42.3722,4.4543,Sur,118.0,473.0,190.0,222.755,161.045,35.091,378.07,349.814,313.0,13.041,14.998,49.393,83.0,271.0,113.0,48.777,9.012,35.185,2085.242,2268.446,219.0,-57.733,-63.452,19.987,yes,2026Q1,tile centroid within BCN commune polygon,4,7,6,14,31,4,0,2,4,2,8,3,0,0,0,0,0,3,2,9123,8826,96.7445,90.7651,reported
9,La Araucanía,91,Cautín,9106,Galvarino,4516,4510,1120,24.8337,2696,59.7783,4265,94.442,1201,26.5943,607,13.4411,3298,73.0292,188,4.163,1494,33.0824,3022,66.9176,7.0791,0.3796,19.7342,5.8693,2.9014,13.7763,40.1329,35.0166,33.887,46.9989,5.6921,Sur,18.0,140.0,33.0,301.353,187.724,19.164,203.836,323.829,172.0,8.524,-12.333,32.595,28.0,200.0,48.0,108.318,19.003,32.075,1752.585,1856.725,236.0,106.458,34.763,-7.777,yes,2026Q1,tile centroid within BCN commune polygon,2,8,5,14,29,4,0,3,4,1,8,3,0,0,0,0,0,2,2,3900,3807,97.6154,84.3003,reported
9,La Araucanía,91,Cautín,9107,Gorbea,5587,5575,1000,17.9372,2675,47.9821,5437,97.3152,1954,34.974,1823,32.6293,4322,77.3582,145,2.5953,3637,65.0975,1950,34.9025,4.0883,0.199,33.2796,14.5621,4.657,17.3383,33.0647,39.0292,27.333,53.6092,4.5674,Sur,42.0,185.0,76.0,330.877,270.534,15.005,199.397,163.8,115.0,-11.963,-15.091,39.387,34.0,197.0,48.0,56.496,19.13,32.426,1306.33,1136.148,226.0,-34.85,18.181,-3.485,yes,2026Q1,tile centroid within BCN commune polygon,5,16,5,7,33,4,0,3,5,3,11,3,1,0,0,146,1,1,1,17768,17114,96.3192,306.3182,reported
9,La Araucanía,91,Cautín,9108,Lautaro,14825,14770,2031,13.7508,5415,36.6622,14375,96.9646,6132,41.3626,7063,47.6425,11588,78.1653,708,4.7757,10268,69.2614,4557,30.7386,5.6919,0.2856,25.9297,13.6465,2.0449,17.1357,42.3703,29.3987,26.7126,48.8763,4.3261,Sur,89.0,697.0,249.0,312.636,274.501,21.085,235.83,242.74,666.0,14.037,23.889,-19.59,96.0,468.0,138.0,69.155,9.711,46.013,2375.107,2037.267,334.0,4.714,-17.255,26.594,yes,2026Q1,tile centroid within BCN commune polygon,5,14,6,18,43,4,0,4,4,2,10,3,5,0,0,1726,5,3,2,221851,211371,95.2761,1425.7740,reported
9,La Araucanía,91,Cautín,9109,Loncoche,9576,9501,1475,15.5247,3879,40.8273,9277,96.8776,3564,37.218,3949,41.2385,7283,76.0547,404,4.2189,6001,62.6671,3575,37.3329,5.0778,0.368,28.0727,12.1342,4.1806,15.4369,35.9114,35.786,31.1873,50.324,4.6927,Sur,149.0,816.0,292.0,295.296,232.76,14.929,215.322,315.388,854.0,0.581,3.85,-17.569,75.0,306.0,114.0,91.419,17.046,34.542,1641.475,1471.395,187.0,51.532,14.372,17.378,yes,2026Q1,tile centroid within BCN commune polygon,5,12,6,15,38,4,0,3,5,2,10,3,2,0,0,460,2,3,2,7681,7289,94.8965,76.1174,reported
9,La Araucanía,91,Cautín,9110,Melipeuco,2632,2619,463,17.6785,1902,72.6231,2524,95.8967,844,32.0669,191,7.2568,2125,80.7371,96,3.6474,1024,38.9058,1608,61.0942,5.711,0.115,30.4116,13.1098,5.2973,13.3384,36.2424,36.2043,28.125,48.1707,4.8018,Sur,35.0,164.0,51.0,104.78,19.791,31.561,326.927,352.36,61.0,-17.072,-8.439,-38.804,26.0,79.0,36.0,51.281,12.521,52.557,2087.241,1342.696,55.0,-55.655,-39.707,-46.09,yes,2026Q1,tile centroid within BCN commune polygon,3,5,2,2,12,4,0,0,2,0,2,1,0,0,0,0,0,0,0,1718,1629,94.8196,61.8921,reported
9,La Araucanía,91,Cautín,9111,Nueva Imperial,12117,12093,2522,20.855,5345,44.1991,11566,95.4527,4283,35.347,4012,33.1105,8821,72.7985,494,4.0769,5915,48.8157,6202,51.1843,6.2271,0.3913,26.5175,11.7764,3.8897,15.8395,39.2188,35.9567,32.6617,50.3758,5.7395,Sur,65.0,417.0,153.0,325.745,250.649,15.384,213.962,295.928,412.0,17.262,13.876,-6.378,56.0,134.0,82.0,82.082,15.079,32.896,1610.78,1558.963,406.0,-4.244,-24.058,-4.757,yes,2026Q1,tile centroid within BCN commune polygon,4,8,6,21,39,4,0,4,5,1,10,3,0,0,0,0,0,3,3,536,484,90.2985,3.9944,reported
9,La Araucanía,91,Cautín,9112,Padre Las Casas,27719,27613,3364,12.1827,12758,46.2029,26910,97.0814,11905,42.9489,11034,39.8066,23045,83.1379,1134,4.0911,15916,57.4191,11803,42.5809,6.7021,0.4769,23.264,13.2128,1.92,16.5331,43.5975,27.5624,25.9384,47.932,4.4103,Sur,126.0,782.0,356.0,336.407,293.954,13.999,189.453,220.427,648.0,-14.609,-8.323,-7.53,147.0,356.0,228.0,65.12,13.61,37.761,1691.594,1675.244,310.0,-29.973,-29.449,12.448,yes,2026Q1,tile centroid within BCN commune polygon,9,35,11,28,83,4,0,4,7,5,16,3,2,0,2,372,2,5,3,244,230,94.2623,0.8298,reported
9,La Araucanía,91,Cautín,9113,Perquenco,2742,2738,437,15.9606,1537,56.1359,2654,96.7907,948,34.5733,738,26.9147,2161,78.8111,44,1.6047,1342,48.9424,1400,51.0576,5.6693,0.4389,24.3982,9.6645,2.5164,16.7761,39.0956,33.7345,30.744,50.0,5.0328,Sur,17.0,134.0,33.0,546.34,430.378,10.836,146.216,292.082,39.0,262.633,246.791,-42.19,18.0,31.0,22.0,52.623,8.363,42.29,2035.645,2012.677,24.0,-57.993,-55.45,30.961,yes,2026Q1,tile centroid within BCN commune polygon,1,4,3,5,13,4,0,3,2,1,6,3,1,0,0,359,1,1,1,1665,1564,93.9339,57.0387,reported
9,La Araucanía,91,Cautín,9114,Pitrufquén,10272,10232,1447,14.1419,4273,41.7611,9961,96.9724,4085,39.7683,4113,40.0409,8125,79.0985,707,6.8828,6389,62.1982,3883,37.8018,5.0893,0.286,30.3843,14.0265,4.6918,17.7624,37.4073,33.9739,31.6426,52.7214,4.6137,Sur,90.0,640.0,238.0,364.715,301.704,13.402,172.434,230.158,657.0,14.602,14.33,-13.087,59.0,199.0,100.0,78.412,13.968,35.688,1811.364,1681.193,265.0,-2.322,-0.1,-7.282,yes,2026Q1,tile centroid within BCN commune polygon,5,11,4,13,33,4,0,4,4,2,10,3,1,1,0,222,1,4,3,1288,1244,96.5839,12.1106,reported
9,La Araucanía,91,Cautín,9115,Pucón,12565,12495,916,7.3309,5863,46.9228,12324,98.082,6031,47.9984,5182,41.2415,10877,86.5659,923,7.3458,6923,55.0975,5642,44.9025,5.3427,0.4526,45.561,28.7297,2.4147,13.9146,37.6395,25.9165,22.131,48.9162,3.395,Sur,377.0,2480.0,1130.0,246.584,229.949,15.783,206.968,319.329,1664.0,-7.284,-8.017,11.722,199.0,705.0,402.0,66.521,15.327,45.651,1681.771,1624.223,422.0,-27.873,-24.21,33.284,yes,2026Q1,tile centroid within BCN commune polygon,9,47,24,22,102,4,0,5,6,3,14,3,2,0,2,439,2,5,4,4904,4737,96.5946,37.7000,reported
9,La Araucanía,91,Cautín,9116,Saavedra,4930,4916,1395,28.3767,3074,62.5305,4578,92.86,1130,22.9209,414,8.3976,3460,70.1826,100,2.0284,981,19.8986,3949,80.1014,6.4021,0.5932,22.9598,6.2322,3.9586,14.6366,36.1957,37.8197,34.8762,46.5286,6.3743,Sur,22.0,101.0,34.0,244.364,186.42,17.238,321.723,752.515,50.0,2.331,-5.213,-38.215,31.0,90.0,53.0,107.114,21.572,37.0,1270.364,1808.722,123.0,19.394,1.649,5.395,yes,2026Q1,tile centroid within BCN commune polygon,5,11,8,9,33,4,0,3,4,3,10,3,0,0,0,0,0,2,1,4034,3925,97.298,79.6146,reported
9,La Araucanía,91,Cautín,9117,Teodoro Schmidt,6051,6032,1408,23.3422,3523,58.4052,5801,95.8685,1594,26.3428,942,15.5677,4426,73.1449,237,3.9167,1833,30.2925,4218,69.7075,5.9478,0.2991,23.3135,8.8294,3.4392,13.4755,34.4246,39.0542,32.8538,44.957,4.8942,Sur,44.0,150.0,57.0,387.703,289.335,19.193,311.127,417.5,44.0,37.147,64.265,0.777,50.0,225.0,65.0,56.795,7.545,39.142,1737.351,1762.25,92.0,-36.793,-74.445,32.878,yes,2026Q1,tile centroid within BCN commune polygon,4,6,4,9,23,4,0,3,3,2,8,3,0,0,0,0,0,2,1,1541,1488,96.5607,24.5910,reported
9,La Araucanía,91,Cautín,9118,Toltén,3860,3857,910,23.5935,2436,63.1579,3700,95.8549,1133,29.3523,447,11.5803,2891,74.8964,118,3.057,952,24.6632,2908,75.3368,5.4351,0.1045,27.9751,11.2263,5.315,14.0264,35.4421,36.1939,32.3827,46.0461,4.6668,Sur,18.0,53.0,28.0,171.912,103.932,24.34,366.827,441.208,34.0,-7.874,101.696,-1.129,27.0,71.0,43.0,61.641,13.587,45.282,2052.186,1871.197,121.0,37.457,-44.847,51.943,yes,2026Q1,tile centroid within BCN commune polygon,7,6,4,3,20,4,0,3,4,1,8,3,0,0,0,0,0,2,1,46144,44174,95.7308,1144.4041,reported
9,La Araucanía,91,Cautín,9119,Vilcún,11237,11222,1806,16.0934,5706,50.8466,10878,96.8052,4760,42.3601,3556,31.6455,9012,80.1993,304,2.7053,5824,51.8288,5413,48.1712,6.3407,0.4836,24.4991,11.5326,2.4312,15.46,41.8648,29.7088,26.1466,45.4983,4.0787,Sur,82.0,448.0,164.0,292.257,193.161,19.652,156.15,162.324,295.0,-2.494,-8.928,1.351,164.0,391.0,222.0,52.341,10.994,43.422,1564.779,1841.607,190.0,-10.998,-32.123,27.633,yes,2026Q1,tile centroid within BCN commune polygon,5,14,6,13,38,4,0,3,4,2,9,3,0,0,0,0,0,4,3,1054,1018,96.5844,9.0594,reported
9,La Araucanía,91,Cautín,9120,Villarrica,25214,25083,2245,8.9503,8856,35.3068,24638,97.7156,11866,47.0612,13232,52.4788,20813,82.5454,1648,6.5361,14277,56.6233,10937,43.3767,5.8094,0.4388,34.7207,19.845,2.5084,14.5816,39.4912,29.684,23.7726,47.4419,4.1542,Sur,594.0,4210.0,1623.0,274.976,227.866,14.369,225.86,355.117,2848.0,-5.169,-8.316,12.249,235.0,986.0,555.0,58.211,12.976,43.674,1768.531,1526.55,529.0,-17.133,-30.743,13.51,yes,2026Q1,tile centroid within BCN commune polygon,11,39,23,27,100,4,0,3,6,3,12,3,3,0,0,769,3,4,3,14711,13991,95.1057,55.4890,reported
9,La Araucanía,91,Cautín,9121,Cholchol,4553,4536,970,21.3845,2618,57.716,4350,95.5414,1456,31.9789,882,19.3718,3450,75.7742,115,2.5258,1311,28.7942,3242,71.2058,7.1033,0.3983,21.6531,8.4194,2.7698,13.9371,42.295,33.8976,31.4794,47.5049,5.4298,Sur,25.0,174.0,48.0,263.139,201.153,12.149,252.328,491.115,105.0,2.278,-17.353,-22.455,34.0,97.0,43.0,68.107,12.895,32.196,1670.406,2007.546,59.0,19.54,11.8,6.18,yes,2026Q1,tile centroid within BCN commune polygon,3,7,2,6,18,4,0,3,2,2,7,3,0,0,0,0,0,2,1,1330,1318,99.0977,28.9479,reported
9,La Araucanía,92,Malleco,9201,Angol,19276,19121,2065,10.7996,6085,31.8236,18865,97.8678,8543,44.3194,10836,56.215,15670,81.2928,667,3.4603,17612,91.3675,1664,8.6325,4.8021,0.2216,29.1571,17.4922,2.924,17.8356,40.692,32.4142,29.7607,53.1322,5.2706,Sur,91.0,1302.0,379.0,422.867,319.602,8.785,239.22,264.62,1475.0,3.844,-14.778,-0.543,72.0,218.0,150.0,102.328,18.842,38.729,1585.209,1538.023,434.0,-2.796,-17.537,31.593,yes,2026Q1,tile centroid within BCN commune polygon,10,27,10,19,66,4,0,4,7,1,12,3,2,0,0,438,2,4,3,8022,7598,94.7145,39.4169,reported
9,La Araucanía,92,Malleco,9202,Collipulli,8814,8736,1412,16.163,4043,46.2798,8498,96.4148,2911,33.027,3153,35.7726,6773,76.8437,364,4.1298,6527,74.0526,2287,25.9474,5.0381,0.312,27.4304,12.9507,3.503,17.0584,40.9973,32.9986,33.5121,49.8174,5.1803,Sur,65.0,354.0,128.0,292.812,185.466,17.703,381.336,378.732,317.0,-3.091,-16.677,-2.709,41.0,145.0,69.0,74.935,16.304,35.566,1562.168,1314.821,136.0,-39.641,-18.021,2.893,yes,2026Q1,tile centroid within BCN commune polygon,5,10,4,18,37,4,0,4,4,3,11,3,1,0,0,257,1,4,3,608,597,98.1908,6.7733,reported
9,La Araucanía,92,Malleco,9203,Curacautín,7109,7094,1002,14.1246,3498,49.3093,6928,97.4539,2859,40.2166,2291,32.2268,5702,80.2082,453,6.3722,4889,68.772,2220,31.228,5.2453,0.1697,28.3441,13.2075,3.7736,15.4604,36.018,36.9896,29.9916,48.6483,4.8719,Sur,99.0,324.0,155.0,242.714,160.372,27.546,319.347,325.377,318.0,-8.927,-17.19,28.991,39.0,132.0,62.0,114.713,18.847,36.364,1061.159,1356.144,92.0,28.296,-3.329,6.849,yes,2026Q1,tile centroid within BCN commune polygon,7,8,4,13,32,4,0,4,4,2,10,3,2,0,0,1267,2,2,1,1363,1351,99.1196,19.0041,reported
9,La Araucanía,92,Malleco,9204,Ercilla,2789,2781,897,32.2546,1219,43.8332,2602,93.2951,726,26.0308,647,23.1983,1757,62.9975,43,1.5418,1410,50.5558,1379,49.4442,8.6469,0.7236,27.4848,8.8626,6.8174,16.0746,40.7248,34.8044,30.8934,52.0632,5.3104,Sur,18.0,135.0,43.0,616.476,390.283,12.481,253.733,270.941,65.0,24.021,3.574,4.008,23.0,100.0,36.0,66.397,14.136,48.13,1834.67,1260.64,67.0,-17.515,-24.684,28.016,yes,2026Q1,tile centroid within BCN commune polygon,2,4,2,7,15,4,0,2,2,2,6,3,2,0,0,488,2,1,1,3241,3214,99.1669,115.2384,reported
9,La Araucanía,92,Malleco,9205,Lonquimay,3774,3752,762,20.3092,2705,72.0949,3597,95.31,1088,28.8288,196,5.1934,2942,77.9544,123,3.2591,1381,36.5925,2393,63.4075,8.8526,0.1605,20.1967,10.2312,1.7008,13.3404,39.4366,32.0223,22.0569,44.6187,3.8002,Sur,36.0,195.0,68.0,211.328,129.938,25.692,311.456,347.318,185.0,-23.985,-24.203,36.109,29.0,92.0,51.0,66.961,16.135,49.13,1529.077,1039.62,104.0,70.623,42.952,6.582,yes,2026Q1,tile centroid within BCN commune polygon,3,12,3,3,21,4,0,5,2,1,8,3,1,0,0,571,1,2,1,5253,5046,96.0594,133.7043,reported
9,La Araucanía,92,Malleco,9206,Los Sauces,2720,2708,555,20.4948,1348,49.7784,2597,95.4779,860,31.6176,754,27.7206,2041,75.0368,82,3.0147,1614,59.3382,1106,40.6618,5.4275,0.1859,29.1237,12.4816,4.2342,14.9116,37.3711,35.7879,31.8115,45.8027,5.5596,Sur,14.0,90.0,31.0,418.449,290.288,30.911,316.967,256.389,130.0,23.103,7.198,105.867,20.0,124.0,30.0,58.748,12.402,60.597,1592.71,1465.444,148.0,-57.764,-21.887,90.899,yes,2026Q1,tile centroid within BCN commune polygon,4,7,5,4,20,4,0,2,4,0,6,2,1,0,0,368,1,1,1,10252,9820,95.7862,361.0294,reported
9,La Araucanía,92,Malleco,9207,Lumaco,3404,3396,853,25.1178,2331,68.6396,3210,94.3008,824,24.2068,133,3.9072,2489,73.1199,96,2.8202,1446,42.4794,1958,57.5206,7.2335,0.4429,25.3455,10.4675,6.0276,13.7019,38.3711,35.813,33.1373,44.4869,5.6748,Sur,27.0,123.0,42.0,105.841,19.808,34.0,489.138,132.894,288.0,23.379,8.418,-21.4,59.0,155.0,73.0,43.369,13.914,130.839,1533.252,1830.626,151.0,12.233,-26.968,-47.892,yes,2026Q1,tile centroid within BCN commune polygon,3,7,6,4,20,4,0,2,5,1,8,3,0,0,0,0,0,2,1,856,774,90.4206,22.7380,reported
9,La Araucanía,92,Malleco,9208,Purén,4518,4509,716,15.8794,2287,50.7208,4409,97.5874,1616,35.768,1313,29.0615,3557,78.7295,403,8.9199,2706,59.8938,1812,40.1062,5.5556,0.1785,26.9546,12.5803,3.6102,16.2791,39.3134,35.1052,30.8306,54.2414,5.3378,Sur,18.0,77.0,38.0,437.946,326.708,10.377,240.091,231.908,46.0,15.615,7.85,-29.389,25.0,115.0,41.0,83.496,18.496,74.591,765.678,898.139,66.0,8.808,18.93,120.762,yes,2026Q1,tile centroid within BCN commune polygon,3,10,4,9,26,4,0,4,4,3,11,3,1,0,0,528,1,1,1,868,816,94.0092,18.0611,reported
9,La Araucanía,92,Malleco,9209,Renaico,3837,3826,569,14.8719,2087,54.5478,3745,97.6023,1465,38.1809,1061,27.6518,3143,81.913,162,4.222,3013,78.5249,824,21.4751,5.8263,0.2913,25.3782,13.1455,1.904,17.0579,41.3146,32.7856,34.0115,49.8696,5.6338,Sur,15.0,108.0,43.0,534.56,345.068,12.546,225.852,105.343,152.0,3.159,-20.694,68.606,18.0,57.0,33.0,81.014,12.528,34.825,1922.509,1600.088,108.0,-22.947,-45.78,-26.384,yes,2026Q1,tile centroid within BCN commune polygon,2,7,3,6,18,4,0,3,2,2,7,3,0,0,0,0,0,2,1,724,660,91.1602,17.2009,reported
9,La Araucanía,92,Malleco,9210,Traiguén,7044,7012,1142,16.2864,3207,45.7359,6776,96.1953,2451,34.7956,2606,36.996,5514,78.2794,238,3.3788,5415,76.8739,1629,23.1261,5.6482,0.3737,28.8927,13.8059,4.6114,17.6487,37.2189,36.8488,32.2232,55.0954,5.2092,Sur,30.0,183.0,69.0,436.098,305.983,8.404,236.514,326.202,200.0,17.772,2.114,-24.796,29.0,61.0,39.0,92.449,19.024,49.705,1452.393,1582.533,86.0,-29.843,-32.414,63.53,yes,2026Q1,tile centroid within BCN commune polygon,6,9,4,10,29,4,0,3,4,3,10,3,0,0,0,0,0,2,1,465,418,89.8925,5.9341,reported
9,La Araucanía,92,Malleco,9211,Victoria,12479,12453,1878,15.0807,4171,33.4939,12045,96.5222,4969,39.8189,6239,49.996,9510,76.208,378,3.0291,8752,70.1338,3727,29.8662,6.1964,0.3883,30.2126,15.3871,3.2571,15.9005,38.1629,35.2667,27.5491,50.6057,5.343,Sur,60.0,381.0,151.0,337.407,291.325,16.871,205.937,286.239,374.0,1.959,-9.055,17.543,60.0,179.0,105.0,106.51,20.148,41.207,1600.379,1437.079,162.0,12.605,2.005,27.249,yes,2026Q1,tile centroid within BCN commune polygon,6,23,8,17,54,4,0,4,4,4,12,3,0,0,0,0,0,4,3,68933,65757,95.3926,526.9413,reported
10,Los Lagos,101,Llanquihue,10101,Puerto Montt,100585,99752,5109,5.1217,31085,31.1623,98737,98.1627,54709,54.3908,62115,61.7537,88839,88.3223,4928,4.8993,86121,85.6201,14464,14.3799,4.9497,0.3199,35.9304,26.2921,1.7332,15.0854,40.7146,21.7875,20.4656,50.5366,3.5842,Sur,526.0,6007.0,2167.0,420.576,342.659,10.651,273.4,258.517,5885.0,1.889,3.342,-2.275,355.0,1619.0,812.0,79.643,18.473,37.634,1915.01,1307.985,1511.0,-22.502,-23.504,-4.989,yes,2026Q1,tile centroid within BCN commune polygon,38,116,55,147,356,4,0,29,24,20,73,3,12,2,5,3312,12,6,4,185,155,83.7838,0.1541,reported
10,Los Lagos,101,Llanquihue,10102,Calbuco,13417,13387,1947,14.544,7454,55.6809,13012,96.9814,5051,37.6463,3675,27.3906,10953,81.6352,501,3.7341,5945,44.3095,7472,55.6905,5.163,0.2922,22.7591,12.4236,1.8792,14.2207,38.4787,30.261,25.5108,47.1216,3.7733,Sur,40.0,132.0,47.0,181.924,37.941,23.477,384.045,145.326,101.0,-11.793,-24.657,-3.375,51.0,132.0,62.0,72.06,11.768,50.492,2488.434,1332.121,98.0,-40.142,-28.226,30.01,yes,2026Q1,tile centroid within BCN commune polygon,8,19,9,25,61,4,0,6,5,5,16,3,1,1,0,184,1,1,1,1586,1516,95.5864,11.2991,reported
10,Los Lagos,101,Llanquihue,10103,Cochamó,1891,1885,325,17.2414,1298,68.8594,1809,95.6637,600,31.7292,134,7.0862,1515,80.1163,149,7.8794,0,0.0,1891,100.0,2.8177,0.3721,25.7022,11.6057,2.0668,10.1219,100.0,0.0,20.7207,41.9714,0.0,Sur,65.0,140.0,76.0,213.635,134.636,29.986,382.836,270.386,130.0,-34.181,-55.685,112.667,25.0,65.0,31.0,41.221,10.047,48.292,2907.27,1665.825,40.0,93.226,329.176,7.555,yes,2026Q1,tile centroid within BCN commune polygon,2,6,2,4,14,4,0,2,2,1,5,3,0,1,0,0,0,0,0,584,508,86.9863,26.8641,reported
10,Los Lagos,101,Llanquihue,10104,Fresia,4856,4848,643,13.2632,2449,50.5157,4739,97.5906,1653,34.0404,1647,33.9168,3984,82.0428,247,5.0865,2907,59.8641,1949,40.1359,4.4872,0.2275,26.8082,11.6217,2.3697,13.9295,34.4117,34.5353,27.9621,46.5897,3.8121,Sur,41.0,152.0,62.0,308.099,227.1,17.329,277.621,220.4,213.0,-27.592,-35.994,107.956,35.0,91.0,41.0,65.054,11.288,37.132,2255.088,1625.462,103.0,2.875,-27.132,-7.528,yes,2026Q1,tile centroid within BCN commune polygon,8,12,5,6,31,4,0,4,3,2,9,3,1,0,0,433,1,2,1,1572,1526,97.0738,31.4250,reported
10,Los Lagos,101,Llanquihue,10105,Frutillar,8164,8145,680,8.3487,2624,32.2161,8038,98.4566,4002,49.0201,4661,57.0921,6884,84.3214,569,6.9696,5553,68.0181,2611,31.9819,5.3459,0.3589,33.6438,17.5512,1.3972,13.7149,40.581,28.729,21.1055,48.6824,3.6402,Sur,158.0,780.0,325.0,340.359,256.035,12.513,335.146,295.24,631.0,14.699,23.18,-15.986,58.0,158.0,105.0,90.576,17.925,36.076,1959.045,1313.582,134.0,-17.035,-9.57,-1.021,yes,2026Q1,tile centroid within BCN commune polygon,5,13,7,8,33,4,0,4,4,4,12,3,1,0,0,303,1,4,3,,,,,source_not_reported
10,Los Lagos,101,Llanquihue,10106,Los Muermos,6666,6643,1007,15.1588,3771,56.7665,6521,97.8248,2302,34.5335,1731,25.9676,5439,81.5932,247,3.7054,2933,43.9994,3733,56.0006,4.5269,0.1811,28.1508,12.2578,1.6824,13.1441,35.2111,35.0458,23.9447,42.0159,3.9958,Sur,55.0,204.0,80.0,320.909,270.244,15.5,276.685,313.294,123.0,-11.583,7.883,-2.029,49.0,125.0,62.0,75.728,13.337,41.384,1866.05,1509.821,92.0,5.182,0.603,4.942,yes,2026Q1,tile centroid within BCN commune polygon,7,18,5,7,37,4,0,3,3,1,7,3,2,0,1,1096,2,2,1,1510,1413,93.5762,21.1971,reported
10,Los Lagos,101,Llanquihue,10107,Llanquihue,6209,6192,502,8.1072,1810,29.2313,6101,98.2606,3071,49.4605,3791,61.0565,5330,85.8431,206,3.3178,4895,78.8372,1314,21.1628,5.7916,0.4594,33.0487,16.3874,2.5943,13.4869,39.2846,32.2269,24.1702,46.4067,5.3819,Sur,80.0,330.0,156.0,349.29,271.653,9.939,310.243,239.769,363.0,21.32,21.437,5.275,37.0,71.0,57.0,99.847,21.532,48.577,1672.536,1252.366,71.0,21.21,55.871,43.232,yes,2026Q1,tile centroid within BCN commune polygon,3,8,4,12,27,4,0,3,2,5,10,3,2,0,0,1028,2,3,2,842,788,93.5867,12.6913,reported
10,Los Lagos,101,Llanquihue,10108,Maullín,5965,5952,982,16.4987,3994,67.1035,5808,97.368,1959,32.8416,903,15.1383,4897,82.0956,107,1.7938,2642,44.2917,3323,55.7083,3.2492,0.0673,21.3758,10.1678,2.9698,12.5,32.0638,36.2752,28.557,43.3389,3.6913,Sur,34.0,119.0,59.0,348.088,257.078,16.832,427.798,397.37,78.0,-6.81,1.938,108.73,45.0,141.0,82.0,82.636,16.356,42.184,2196.617,1567.603,120.0,5.199,-11.012,10.429,yes,2026Q1,tile centroid within BCN commune polygon,2,10,4,13,29,4,0,3,3,4,10,3,4,1,0,921,4,1,1,837,796,95.1016,13.3445,reported
10,Los Lagos,101,Llanquihue,10109,Puerto Varas,19137,19051,859,4.5089,4669,24.5079,18849,98.4951,12187,63.6829,13129,68.6053,16680,87.161,1171,6.119,13195,68.9502,5942,31.0498,4.2122,0.245,39.35,26.9364,1.1723,12.7434,40.7787,24.5656,17.4848,48.3986,3.8518,Sur,350.0,2125.0,926.0,302.166,232.666,11.592,297.136,368.267,1999.0,-9.748,-13.059,8.723,143.0,487.0,239.0,72.15,14.879,47.23,1739.705,1449.072,318.0,-32.591,-28.781,6.722,yes,2026Q1,tile centroid within BCN commune polygon,12,34,17,32,95,4,0,3,7,3,13,3,3,0,1,1520,3,6,4,560,535,95.5357,2.7956,reported
10,Los Lagos,102,Chiloé,10201,Castro,18004,17818,1563,8.772,7989,44.8367,17542,97.4339,8251,45.8287,7869,43.707,15366,85.3477,873,4.8489,12602,69.9956,5402,30.0044,4.4952,0.1466,36.2682,26.5479,1.3846,15.6887,38.4121,25.1856,23.2594,51.1697,3.3331,Sur,101.0,476.0,214.0,339.129,273.464,12.288,326.248,303.105,843.0,-17.68,-15.163,2.511,54.0,185.0,99.0,71.676,18.041,57.686,2048.511,1425.643,198.0,9.259,-21.38,53.62,yes,2026Q1,tile centroid within BCN commune polygon,7,24,13,26,70,4,0,5,4,4,13,3,0,0,0,0,0,3,2,500,463,92.6,2.5717,reported
10,Los Lagos,102,Chiloé,10202,Ancud,15726,15627,1826,11.6849,7681,49.1521,15343,97.5645,6481,41.212,5638,35.8515,13136,83.5305,816,5.1889,10578,67.2644,5148,32.7356,3.3856,0.1927,27.8529,16.3965,2.1254,15.3115,35.2247,31.8994,26.4297,50.4212,3.9763,Sur,116.0,662.0,223.0,211.413,119.619,19.796,295.621,490.562,662.0,25.614,19.024,7.226,76.0,323.0,133.0,78.928,18.895,47.954,2053.202,1505.193,210.0,11.135,21.161,14.293,yes,2026Q1,tile centroid within BCN commune polygon,10,19,13,25,67,4,0,3,4,3,10,3,1,0,0,156,1,4,3,3482,3362,96.5537,21.3786,reported
10,Los Lagos,102,Chiloé,10203,Chonchi,6357,6341,804,12.6794,3991,62.9396,6217,97.7977,2379,37.4233,1318,20.7331,5377,84.5839,343,5.3956,2139,33.6479,4218,66.3521,4.8034,0.2854,28.0566,17.0732,1.7781,13.4225,36.129,26.5303,23.2887,47.8678,3.273,Sur,40.0,97.0,46.0,165.455,69.463,26.536,392.412,300.392,140.0,-10.549,-30.19,-6.659,41.0,84.0,48.0,59.933,11.265,41.964,1951.988,1380.5,309.0,71.125,17.638,-34.268,yes,2026Q1,tile centroid within BCN commune polygon,6,16,7,16,45,4,0,3,4,4,11,3,0,0,0,0,0,2,1,805,746,92.6708,11.7351,reported
10,Los Lagos,102,Chiloé,10204,Curaco de Vélez,1423,1419,296,20.8598,876,61.7336,1372,96.416,559,39.2832,222,15.6008,1095,76.9501,38,2.6704,0,0.0,1423,100.0,4.0903,0.0,20.1687,10.4006,1.4055,13.3521,100.0,0.0,25.5095,51.1595,0.0,Sur,2.0,4.0,2.0,493.095,677.741,12.0,99.75,35.0,6.0,30.107,162.551,-1.373,8.0,31.0,11.0,105.375,11.433,41.387,1220.387,2404.742,38.0,146.445,-8.594,-2.073,yes,2026Q1,tile centroid within BCN commune polygon,2,2,2,4,10,4,0,0,2,2,4,2,0,0,0,0,0,0,0,1959,1920,98.0092,134.9262,reported
10,Los Lagos,102,Chiloé,10205,Dalcahue,5615,5599,811,14.4847,3422,61.1181,5513,98.1834,2121,37.7738,1193,21.2467,4657,82.9386,258,4.5948,2190,39.0027,3425,60.9973,4.7406,0.1789,26.0963,18.7522,0.9269,13.5116,40.6061,26.1497,20.4278,47.451,2.959,Sur,24.0,98.0,35.0,97.781,56.734,27.02,543.316,457.102,52.0,-47.593,-30.982,21.122,12.0,19.0,14.0,86.762,16.016,48.158,1661.947,1337.526,15.0,83.826,-2.496,4.238,yes,2026Q1,tile centroid within BCN commune polygon,4,6,6,10,26,4,0,3,6,5,14,3,0,0,0,0,0,1,1,224,185,82.5893,3.2947,reported
10,Los Lagos,102,Chiloé,10206,Puqueldón,1558,1555,299,19.2283,1054,67.7814,1529,98.1386,581,37.2914,184,11.81,1233,79.1399,31,1.9897,0,0.0,1558,100.0,4.0103,0.194,17.7378,8.8046,0.6427,11.6967,100.0,0.0,26.0283,49.2931,0.0,Sur,5.0,30.0,10.0,269.112,220.462,14.667,160.033,312.233,20.0,40.589,110.36,10.278,14.0,62.0,16.0,23.647,9.249,37.484,2345.306,999.968,18.0,-69.389,-13.851,-18.808,yes,2026Q1,tile centroid within BCN commune polygon,1,5,1,8,15,4,0,0,0,2,2,1,0,0,0,0,0,0,0,55,44,80.0,2.8241,reported
10,Los Lagos,102,Chiloé,10207,Queilén,2241,2236,445,19.9016,1343,60.0626,2155,96.1624,769,34.315,400,17.8492,1736,77.4654,108,4.8193,887,39.5805,1354,60.4195,4.133,0.0898,20.3397,11.0863,0.9835,13.1426,100.0,0.0,25.9276,52.3022,0.0,Sur,,,,,,,,,10.0,,,,6.0,11.0,6.0,33.278,7.405,51.636,3350.273,2205.364,28.0,90.76,34.416,3.939,yes,2026Q1,tile centroid within BCN commune polygon,2,5,5,4,16,4,0,1,5,1,7,3,0,0,0,0,0,1,1,,,,,source_not_reported
10,Los Lagos,102,Chiloé,10208,Quellón,10904,10819,1210,11.184,5905,54.5799,10564,96.8819,3935,36.0877,3295,30.2183,9111,83.5565,654,5.9978,6714,61.5737,4190,38.4263,5.7823,0.3347,34.7454,26.531,0.7091,15.0751,41.7073,19.2191,24.2195,49.9586,2.6246,Sur,50.0,265.0,89.0,283.162,145.041,18.423,196.204,289.925,200.0,-7.299,-24.617,18.628,25.0,72.0,33.0,80.682,16.103,55.0,1943.083,1742.764,64.0,-30.409,-28.044,14.397,yes,2026Q1,tile centroid within BCN commune polygon,5,16,10,21,52,4,0,3,5,4,12,3,3,1,1,685,3,2,1,421,355,84.323,3.2557,reported
10,Los Lagos,102,Chiloé,10209,Quemchi,3376,3367,697,20.7009,2121,62.9938,3258,96.5047,1101,32.6126,473,14.0107,2599,76.9846,111,3.2879,975,28.8803,2401,71.1197,3.2431,0.119,20.249,11.2066,2.4904,12.0961,32.4637,34.0943,26.1488,43.5814,3.0833,Sur,9.0,20.0,9.0,194.7,30.648,27.65,581.95,165.3,22.0,7.373,-3.943,-8.112,11.0,51.0,14.0,99.081,21.208,65.49,1726.176,1044.902,30.0,-27.745,-24.179,52.657,yes,2026Q1,tile centroid within BCN commune polygon,4,7,2,9,22,4,0,6,2,3,11,3,2,0,0,373,2,1,1,43,33,76.7442,0.9775,reported
10,Los Lagos,102,Chiloé,10210,Quinchao,3016,2998,647,21.5811,1874,62.5083,2847,94.3966,1051,34.8475,443,14.6883,2321,76.9562,72,2.3873,1272,42.1751,1744,57.8249,4.494,0.1664,21.2222,13.7164,1.1292,13.816,33.8094,34.7061,25.274,51.2786,3.3544,Sur,8.0,19.0,10.0,366.812,272.68,11.158,317.316,222.842,33.0,23.146,50.774,-17.256,11.0,32.0,17.0,103.188,17.247,56.5,1451.312,1066.5,14.0,68.834,59.65,42.781,yes,2026Q1,tile centroid within BCN commune polygon,2,4,4,9,19,4,0,1,2,2,5,3,0,0,0,0,0,3,2,8954,7941,88.6866,263.2958,reported
10,Los Lagos,103,Osorno,10301,Osorno,62744,62346,4497,7.213,19142,30.7029,61386,97.8356,31811,50.6997,37771,60.1986,53593,85.4153,2871,4.5757,56796,90.5202,5948,9.4798,4.9206,0.3498,37.3059,23.2888,2.6173,16.353,37.4051,28.9855,22.6861,51.8922,4.3729,Sur,275.0,3359.0,1313.0,444.221,364.849,11.577,244.108,219.971,3522.0,-2.386,0.888,-0.541,231.0,878.0,501.0,80.67,20.793,41.114,1776.139,1124.774,910.0,-9.857,-8.308,21.013,yes,2026Q1,tile centroid within BCN commune polygon,22,67,32,65,186,4,0,4,3,3,10,3,7,0,0,2515,7,6,4,15702,15007,95.5738,23.9178,reported
10,Los Lagos,103,Osorno,10302,Puerto Octay,3354,3343,408,12.2046,2099,62.7879,3299,98.3602,1203,35.8676,747,22.2719,2787,83.0948,149,4.4425,665,19.8271,2689,80.1729,5.7402,0.2417,41.4751,9.2565,1.3437,11.0481,35.8017,33.2338,27.5605,41.4452,3.822,Sur,93.0,427.0,132.0,283.882,141.438,23.192,288.939,154.002,220.0,-5.241,-16.214,9.629,61.0,187.0,73.0,43.929,7.692,65.187,1960.045,1356.712,54.0,-32.734,-40.367,-14.416,yes,2026Q1,tile centroid within BCN commune polygon,6,9,7,9,31,4,0,3,3,3,9,3,2,0,0,423,2,2,1,273,248,90.8425,7.3942,reported
10,Los Lagos,103,Osorno,10303,Purranque,7312,7296,911,12.4863,2949,40.4194,7153,97.8255,2891,39.5377,3305,45.1997,5851,80.0191,307,4.1986,5130,70.1586,2182,29.8414,4.8957,0.3894,39.5126,14.9918,4.3812,14.759,36.5005,36.4321,29.3949,47.7547,5.2437,Sur,63.0,380.0,129.0,490.946,388.254,13.684,231.687,207.405,373.0,-4.285,4.688,-34.838,40.0,77.0,56.0,81.997,19.063,43.169,1584.895,1219.727,69.0,-45.132,-20.785,24.943,yes,2026Q1,tile centroid within BCN commune polygon,5,11,9,14,39,4,0,3,4,3,10,3,2,1,0,358,2,4,3,,,,,source_not_reported
10,Los Lagos,103,Osorno,10304,Puyehue,4409,4396,510,11.6015,2787,63.3985,4326,98.1175,1637,37.1286,986,22.3633,3783,85.8018,164,3.7197,1874,42.504,2535,57.496,5.5111,0.343,34.7411,9.673,2.1117,13.5786,35.5813,33.6512,26.8619,41.3261,4.178,Sur,81.0,346.0,140.0,211.084,119.118,23.121,307.606,172.379,190.0,-7.958,-8.642,31.057,54.0,171.0,72.0,48.06,10.697,47.035,2301.714,1574.585,100.0,-9.753,-4.286,-6.935,yes,2026Q1,tile centroid within BCN commune polygon,8,13,10,8,39,4,0,3,4,2,9,3,0,1,0,0,0,2,1,25661,24387,95.0353,553.1186,reported
10,Los Lagos,103,Osorno,10305,Río Negro,5277,5263,821,15.5995,2801,53.2206,5135,97.3091,1917,36.3275,1538,29.1453,4227,80.1023,226,4.2827,2623,49.7063,2654,50.2937,4.8458,0.3065,32.6817,10.3056,3.3213,12.8108,34.9972,36.3257,30.67,45.948,4.8206,Sur,38.0,291.0,89.0,583.833,425.726,14.131,226.756,303.983,200.0,5.518,11.319,7.665,53.0,148.0,63.0,77.5,17.888,95.25,2384.041,1113.196,35.0,12.247,-18.005,80.203,yes,2026Q1,tile centroid within BCN commune polygon,4,15,4,15,38,4,0,3,3,3,9,3,3,0,0,803,3,2,1,2141,1950,91.0789,36.9528,reported
10,Los Lagos,103,Osorno,10306,San Juan de la Costa,3343,3338,965,28.9095,2251,67.4356,3143,94.0173,656,19.6231,81,2.423,2343,70.0867,55,1.6452,0,0.0,3343,100.0,4.8663,0.4205,18.4731,3.2335,2.0958,12.6347,27.4551,39.3114,32.1557,43.024,4.1617,Sur,21.0,45.0,25.0,159.253,26.849,29.044,178.533,63.422,62.0,20.694,22.063,-0.072,34.0,62.0,46.0,108.309,16.302,51.097,1759.39,1557.968,31.0,33.971,18.088,27.64,yes,2026Q1,tile centroid within BCN commune polygon,5,13,6,8,32,4,0,2,4,4,10,3,1,0,1,186,1,0,0,90,72,80.0,2.1538,reported
10,Los Lagos,103,Osorno,10307,San Pablo,4195,4179,656,15.6975,2156,51.5913,4054,96.6389,1470,35.0417,1236,29.4636,3348,79.8093,247,5.888,1934,46.1025,2261,53.8975,4.3562,0.2407,30.1765,8.9695,2.7672,13.3826,33.8979,37.4046,26.0496,48.02,5.0811,Sur,34.0,110.0,58.0,565.93,420.895,13.409,271.318,299.236,109.0,31.054,61.12,-12.164,52.0,174.0,63.0,64.605,15.004,36.04,1500.676,1109.316,109.0,-30.395,-19.264,-0.244,yes,2026Q1,tile centroid within BCN commune polygon,8,8,5,5,26,4,0,4,3,3,10,3,1,1,0,233,1,1,1,44606,41205,92.3755,982.2408,reported
10,Los Lagos,104,Palena,10401,Chaitén,1681,1672,185,11.0646,991,59.2703,1635,97.2635,647,38.489,424,25.2231,1426,84.8305,112,6.6627,724,43.0696,957,56.9304,3.3053,0.2404,38.7232,18.7351,7.5776,12.5895,100.0,0.0,20.9427,43.9737,0.0,Sur,51.0,171.0,102.0,149.711,67.833,20.708,379.942,421.953,74.0,9.583,19.616,-12.336,21.0,35.0,28.0,56.336,14.403,50.429,1715.0,1824.6,26.0,-45.085,-35.623,2.916,yes,2026Q1,tile centroid within BCN commune polygon,7,4,6,5,22,4,0,2,4,1,7,3,0,0,0,0,0,3,2,3625,3473,95.8069,206.6032,reported
10,Los Lagos,104,Palena,10402,Futaleufú,1337,1326,105,7.9186,607,45.7768,1290,96.4847,682,51.0097,512,38.2947,1146,85.7143,129,9.6485,877,65.5946,460,34.4054,4.2232,0.2262,41.1853,28.3571,1.3503,13.3533,100.0,0.0,13.7284,46.9617,0.0,Sur,33.0,77.0,49.0,175.988,88.266,22.143,321.909,241.896,57.0,-0.704,-23.324,-17.989,7.0,12.0,11.0,94.546,22.39,54.5,1535.75,1346.167,33.0,89.593,69.249,19.105,yes,2026Q1,tile centroid within BCN commune polygon,2,1,2,3,8,4,0,2,2,1,5,3,0,0,0,0,0,3,2,188991,180482,95.4977,13499.0277,reported
10,Los Lagos,104,Palena,10403,Hualaihué,3713,3709,521,14.0469,2502,67.4575,3574,96.2564,1329,35.7932,562,15.136,3097,83.4096,175,4.7132,1428,38.4595,2285,61.5405,4.415,0.4063,20.0863,12.5101,1.1054,12.9145,36.8563,27.4468,22.2971,46.9938,2.9658,Sur,37.0,165.0,76.0,291.336,257.887,24.4,348.261,365.115,107.0,-21.359,-21.547,135.84,28.0,110.0,46.0,34.998,11.351,39.455,2555.518,1575.027,42.0,-35.334,-32.985,2.989,yes,2026Q1,tile centroid within BCN commune polygon,4,8,5,3,20,4,0,1,5,1,7,3,0,0,0,0,0,1,1,5457,5191,95.1255,139.8061,reported
10,Los Lagos,104,Palena,10404,Palena,869,866,158,18.2448,375,43.3025,813,93.5558,381,43.8435,273,31.4154,642,73.878,75,8.6306,483,55.5811,386,44.4189,3.1323,0.0,39.0553,19.8157,6.4516,13.3641,100.0,0.0,15.0922,48.5023,0.0,Sur,10.0,19.0,13.0,140.626,106.216,28.684,774.895,346.368,16.0,-31.78,32.868,14.165,3.0,3.0,3.0,41.739,6.182,47.333,813.333,3239.0,15.0,109.67,1.228,7.088,yes,2026Q1,tile centroid within BCN commune polygon,1,1,1,4,7,4,0,1,1,0,2,2,0,0,0,0,0,0,0,240,210,87.5,24.1657,reported
11,Aysén del General Carlos Ibáñez del Campo,111,Coyhaique,11101,Coyhaique,22543,22346,1594,7.1333,8111,36.2973,22105,98.057,12239,54.2918,12012,53.2848,19284,85.5432,1239,5.4962,17938,79.5724,4605,20.4276,5.46,0.428,39.7806,28.1318,2.2566,16.6659,40.0169,24.5284,21.3263,53.1865,3.1664,Sur,158.0,883.0,382.0,314.677,233.468,21.438,299.442,282.94,668.0,-11.161,-19.354,3.962,100.0,386.0,182.0,95.635,18.706,54.728,1648.082,1394.333,287.0,-24.078,-19.071,16.634,yes,2026Q1,tile centroid within BCN commune polygon,11,28,15,20,74,4,0,6,6,5,17,3,1,0,0,169,1,3,2,22256,21457,96.41,95.1825,reported
11,Aysén del General Carlos Ibáñez del Campo,111,Coyhaique,11102,Lago Verde,376,370,82,22.1622,183,49.4595,346,92.0213,103,27.3936,40,10.6383,259,68.883,72,19.1489,0,0.0,376,100.0,3.2432,0.0,42.0912,19.8391,5.63,10.1877,100.0,0.0,20.3753,45.3083,0.0,Sur,9.0,12.0,9.0,272.205,95.146,26.917,147.417,113.417,3.0,699.216,729.304,-17.602,16.0,37.0,21.0,12.559,7.326,66.162,2015.0,1993.028,2.0,-78.819,-25.685,14.072,yes,2026Q1,tile centroid within BCN commune polygon,0,0,2,4,6,2,0,0,2,0,2,1,0,0,0,0,0,0,0,23225,22295,95.9957,5929.5213,reported
11,Aysén del General Carlos Ibáñez del Campo,112,Aysén,11201,Aysén,9126,9038,906,10.0243,3606,39.8982,8905,97.5783,4399,48.2029,4297,47.0853,7419,81.2952,381,4.1749,7671,84.0565,1455,15.9435,4.4808,0.2001,36.5574,24.5225,2.2303,17.3015,39.6378,23.6502,22.1817,53.9031,3.0915,Sur,73.0,307.0,135.0,214.215,156.24,19.065,329.964,326.235,254.0,-32.271,-27.967,-11.309,65.0,151.0,79.0,83.448,12.324,60.49,1815.993,2220.556,145.0,-33.029,-44.318,12.162,yes,2026Q1,tile centroid within BCN commune polygon,4,11,7,17,39,4,0,4,5,5,14,3,6,0,0,1685,6,3,2,73,66,90.411,0.7232,reported
11,Aysén del General Carlos Ibáñez del Campo,112,Aysén,11202,Cisnes,2183,2171,218,10.0415,873,40.2119,2093,95.8772,980,44.8923,934,42.7852,1724,78.9739,202,9.2533,1507,69.0334,676,30.9666,4.3759,0.4146,37.2018,23.3028,2.3394,14.0826,100.0,0.0,17.5229,51.055,0.0,Sur,46.0,169.0,85.0,165.867,89.092,25.278,511.556,497.207,151.0,41.59,29.509,1.596,18.0,48.0,33.0,66.708,14.97,79.812,1479.042,1685.542,11.0,-44.469,-34.05,-14.515,yes,2026Q1,tile centroid within BCN commune polygon,2,4,3,4,13,4,0,1,3,1,5,3,1,0,0,206,1,2,2,56671,51902,91.5848,2377.5538,reported
11,Aysén del General Carlos Ibáñez del Campo,112,Aysén,11203,Guaitecas,609,604,58,9.6026,431,71.3576,596,97.8654,260,42.6929,88,14.4499,532,87.3563,45,7.3892,555,91.133,54,8.867,4.6434,0.1658,30.6931,23.1023,1.4851,9.4059,100.0,0.0,22.1122,42.5743,0.0,Sur,,,,,,,,,4.0,,,,,,,,,,,,,,,,no,2026Q1,tile centroid within BCN commune polygon,1,1,1,0,3,3,0,0,0,0,0,0,0,0,0,0,0,0,0,3690,3600,97.561,591.1330,reported
11,Aysén del General Carlos Ibáñez del Campo,113,Capitán Prat,11301,Cochrane,1469,1460,216,14.7945,645,44.1781,1402,95.4391,737,50.1702,560,38.1212,1166,79.3737,55,3.744,1121,76.3104,348,23.6896,5.5901,0.4141,41.1765,27.4282,2.6676,14.2955,100.0,0.0,20.8618,53.2148,0.0,Sur,33.0,72.0,48.0,253.265,144.695,30.194,382.264,181.639,42.0,23.128,46.991,-14.256,14.0,29.0,23.0,96.34,17.673,93.966,2463.379,1978.69,28.0,35.313,-26.184,32.614,yes,2026Q1,tile centroid within BCN commune polygon,1,1,2,0,4,3,0,2,2,0,4,2,1,0,1,382,1,2,2,2787,2755,98.8518,187.5425,reported
11,Aysén del General Carlos Ibáñez del Campo,113,Capitán Prat,11302,O'Higgins,292,291,31,10.6529,129,44.3299,275,94.1781,161,55.137,34,11.6438,231,79.1096,128,43.8356,0,0.0,292,100.0,5.1546,0.3436,52.3973,31.1644,1.3699,13.3562,100.0,0.0,13.3562,52.3973,0.0,Sur,4.0,10.0,4.0,132.077,41.048,37.7,206.2,53.6,15.0,120.676,188.481,-10.521,13.0,32.0,14.0,13.908,2.932,53.812,1897.781,2371.844,,,,,yes,2026Q1,tile centroid within BCN commune polygon,0,0,0,0,0,0,0,0,0,0,0,0,0,0,0,0,0,0,0,29243,28302,96.7821,9692.4658,reported
11,Aysén del General Carlos Ibáñez del Campo,113,Capitán Prat,11303,Tortel,234,231,8,3.4632,195,84.4156,228,97.4359,120,51.2821,19,8.1197,219,93.5897,14,5.9829,0,0.0,234,100.0,4.7619,0.4329,49.3506,30.7359,3.4632,12.1212,100.0,0.0,18.1818,46.7532,0.0,Sur,10.0,20.0,12.0,142.921,29.238,34.85,297.85,178.75,11.0,38.457,-6.612,-8.069,9.0,11.0,11.0,20.2,4.119,101.364,2025.5,1583.0,15.0,71.71,-5.98,91.734,yes,2026Q1,tile centroid within BCN commune polygon,0,1,0,0,1,1,0,0,0,0,0,0,0,0,0,0,0,0,0,30703,29529,96.1763,12619.2308,reported
11,Aysén del General Carlos Ibáñez del Campo,114,General Carrera,11401,Chile Chico,2114,2103,268,12.7437,933,44.3652,2062,97.5402,1003,47.4456,859,40.6339,1650,78.0511,106,5.0142,1271,60.123,843,39.877,3.7673,0.1431,41.5363,24.4666,5.2157,14.6041,100.0,0.0,20.4836,51.1143,0.0,Sur,49.0,231.0,84.0,181.806,81.951,28.026,315.904,405.641,182.0,9.002,45.375,-11.091,10.0,13.0,12.0,42.39,13.996,85.692,1568.0,772.769,19.0,-48.761,-15.196,25.145,yes,2026Q1,tile centroid within BCN commune polygon,3,7,3,2,15,4,0,3,2,2,7,3,0,0,0,0,0,3,2,203,181,89.1626,8.5620,reported
11,Aysén del General Carlos Ibáñez del Campo,114,General Carrera,11402,Río Ibáñez,1239,1231,154,12.5102,731,59.3826,1193,96.2873,540,43.5835,317,25.5851,1038,83.7772,50,4.0355,0,0.0,1239,100.0,4.89,0.4075,40.13,18.9277,5.6864,12.5914,100.0,0.0,23.5581,49.3907,0.0,Sur,59.0,164.0,108.0,179.174,77.482,29.902,331.988,256.372,72.0,15.432,6.92,-2.14,20.0,33.0,27.0,38.866,8.987,53.818,1670.182,1532.091,48.0,-11.088,-35.54,-10.922,yes,2026Q1,tile centroid within BCN commune polygon,2,6,2,0,10,3,0,0,1,0,1,1,0,0,0,0,0,2,1,40358,38452,95.2773,3103.4705,reported
12,Magallanes y de la Antártica Chilena,121,Magallanes,12101,Punta Arenas,49779,49378,2093,4.2387,9235,18.7027,48846,98.1257,30399,61.0679,37835,76.0059,44063,88.5172,1951,3.9193,47230,94.8794,2549,5.1206,3.9501,0.2764,35.9202,23.4774,2.3845,15.4042,36.1159,29.5435,19.2794,48.8411,3.8551,Sur,153.0,1417.0,596.0,399.088,300.111,46.855,332.873,264.804,1445.0,-3.129,-0.914,-3.709,91.0,190.0,137.0,59.229,19.444,72.353,1658.588,1078.757,268.0,-18.132,-6.375,-8.871,yes,2026Q1,tile centroid within BCN commune polygon,26,42,47,37,152,4,0,7,7,8,22,3,8,0,0,2849,8,4,3,120747,116208,96.2409,233.4478,reported
12,Magallanes y de la Antártica Chilena,121,Magallanes,12102,Laguna Blanca,101,98,17,17.3469,64,65.3061,95,94.0594,34,33.6634,5,4.9505,75,74.2574,14,13.8614,0,0.0,101,100.0,4.2105,0.0,83.6735,9.1837,3.0612,2.0408,100.0,0.0,15.3061,21.4286,0.0,Sur,22.0,27.0,23.0,127.688,19.36,71.111,359.333,353.926,17.0,-17.65,8.593,-7.789,11.0,17.0,12.0,33.901,6.263,60.529,962.625,406.688,1.0,445.91,83.182,-14.748,yes,2026Q1,tile centroid within BCN commune polygon,1,1,1,0,3,3,0,0,1,0,1,1,0,0,0,0,0,0,0,29079,26695,91.8016,26430.6931,reported
12,Magallanes y de la Antártica Chilena,121,Magallanes,12103,Río Verde,63,63,6,9.5238,44,69.8413,61,96.8254,14,22.2222,9,14.2857,57,90.4762,4,6.3492,0,0.0,63,100.0,0.0,0.0,92.0635,1.5873,1.5873,1.5873,100.0,0.0,11.1111,14.2857,0.0,Sur,3.0,3.0,3.0,54.829,34.615,52.667,218.667,206.667,,,,,3.0,3.0,3.0,138.771,32.511,46.333,382.0,223.667,,,,,yes,2026Q1,tile centroid within BCN commune polygon,0,0,2,0,2,1,0,0,2,0,2,1,0,0,0,0,0,0,0,25836,25156,97.368,39930.1587,reported
12,Magallanes y de la Antártica Chilena,121,Magallanes,12104,San Gregorio,113,110,15,13.6364,77,70.0,108,95.5752,38,33.6283,18,15.9292,93,82.3009,1,0.885,0,0.0,113,100.0,0.9259,0.0,74.5455,11.8182,1.8182,8.1818,100.0,0.0,9.0909,31.8182,0.0,Sur,12.0,23.0,12.0,108.099,17.236,64.696,262.304,946.304,35.0,-16.236,-8.828,-15.823,9.0,17.0,11.0,52.918,15.492,109.647,1640.941,2037.765,25.0,4.061,16.578,17.244,yes,2026Q1,tile centroid within BCN commune polygon,2,2,3,0,7,3,0,0,3,0,3,1,0,0,0,0,0,0,0,16739,16618,99.2771,14706.1947,reported
12,Magallanes y de la Antártica Chilena,122,Antártica Chilena,12201,Cabo de Hornos,622,617,19,3.0794,307,49.7569,610,98.0707,471,75.7235,268,43.0868,569,91.4791,56,9.0032,569,91.4791,53,8.5209,6.0556,0.491,70.9887,32.577,0.4862,5.5105,100.0,0.0,12.1556,38.7358,0.0,Sur,10.0,27.0,17.0,191.912,23.721,63.296,315.778,102.667,13.0,77.497,67.699,-20.88,18.0,43.0,22.0,41.024,8.363,60.442,1070.744,489.907,6.0,-76.09,-68.183,-55.393,yes,2026Q1,tile centroid within BCN commune polygon,0,2,1,0,3,2,0,1,1,0,2,2,1,0,0,376,1,2,1,55642,53543,96.2277,8608.1994,reported
12,Magallanes y de la Antártica Chilena,122,Antártica Chilena,12202,Antártica,4,0,0,,0,,0,0.0,0,0.0,0,0.0,0,0.0,0,0.0,0,0.0,4,100.0,,,,,,,,,,,,Sur,,,,,,,,,,,,,,,,,,,,,,,,,no,2026Q1,tile centroid within BCN commune polygon,0,0,0,0,0,0,0,0,0,0,0,0,0,0,0,0,0,0,0,6809,6731,98.8545,168275.0000,reported
12,Magallanes y de la Antártica Chilena,123,Tierra del Fuego,12301,Porvenir,2781,2766,173,6.2545,750,27.115,2710,97.447,1386,49.8382,1832,65.8756,2441,87.7742,60,2.1575,2478,89.1046,303,10.8954,4.9469,0.3298,45.4152,30.6137,2.0578,12.5993,35.9928,22.2022,17.0758,44.1516,2.5993,Sur,27.0,106.0,51.0,360.655,262.713,50.821,803.248,264.657,107.0,-1.073,-11.305,-10.782,14.0,22.0,16.0,79.795,14.097,89.909,1312.636,1918.0,15.0,-21.94,-20.826,49.35,yes,2026Q1,tile centroid within BCN commune polygon,1,3,4,0,8,3,0,3,3,0,6,2,2,0,0,846,2,4,3,6633,6471,97.5577,232.6861,reported
12,Magallanes y de la Antártica Chilena,123,Tierra del Fuego,12302,Primavera,181,181,13,7.1823,120,66.2983,174,96.1326,79,43.6464,39,21.547,164,90.6077,17,9.3923,0,0.0,181,100.0,1.6949,0.0,63.5359,28.1768,2.7624,11.0497,100.0,0.0,12.1547,37.0166,0.0,Sur,12.0,33.0,18.0,262.473,24.254,56.242,291.333,175.758,27.0,46.044,20.727,-25.305,3.0,8.0,5.0,198.432,34.181,57.5,1000.125,645.0,19.0,532.03,427.81,-28.077,yes,2026Q1,tile centroid within BCN commune polygon,1,2,2,0,5,3,0,0,2,0,2,1,0,0,0,0,0,2,2,35929,34179,95.1293,18883.4254,reported
12,Magallanes y de la Antártica Chilena,123,Tierra del Fuego,12303,Timaukel,63,61,4,6.5574,33,54.0984,60,95.2381,35,55.5556,9,14.2857,51,80.9524,18,28.5714,0,0.0,63,100.0,6.6667,1.6667,90.3226,17.7419,1.6129,3.2258,100.0,0.0,4.8387,37.0968,0.0,Sur,6.0,8.0,7.0,154.738,18.58,83.625,582.125,1298.375,11.0,32.118,-29.714,14.985,30.0,44.0,33.0,47.395,7.359,74.136,959.302,1433.386,,,,,yes,2026Q1,tile centroid within BCN commune polygon,0,0,1,2,3,2,0,0,1,0,1,1,0,0,0,0,0,0,0,29675,27221,91.7304,43207.9365,reported
12,Magallanes y de la Antártica Chilena,124,Última Esperanza,12401,Natales,9536,9454,575,6.0821,1942,20.5416,9330,97.8398,5205,54.5826,6867,72.0113,7991,83.7982,285,2.9887,8422,88.318,1114,11.682,4.7583,0.3529,35.5111,25.8588,1.6754,14.0885,35.9115,27.6396,21.0327,52.4552,3.2982,Sur,95.0,695.0,381.0,263.19,198.02,43.698,388.387,422.767,828.0,11.931,9.587,-7.049,49.0,135.0,69.0,72.184,15.234,91.711,1635.842,1590.496,85.0,-32.142,-32.23,18.778,yes,2026Q1,tile centroid within BCN commune polygon,2,8,10,7,27,4,0,5,4,3,12,3,2,0,0,562,2,3,2,34165,32462,95.0154,340.4153,reported
12,Magallanes y de la Antártica Chilena,124,Última Esperanza,12402,Torres del Paine,101,100,7,7.0,52,52.0,96,95.0495,51,50.495,20,19.802,80,79.2079,30,29.703,0,0.0,101,100.0,3.0612,0.0,75.0,29.0,1.0,4.0,100.0,0.0,18.0,31.0,0.0,Sur,60.0,139.0,121.0,110.25,18.365,50.115,544.662,509.626,162.0,-2.237,-8.886,3.185,4.0,4.0,4.0,33.289,6.195,89.25,1764.75,1623.5,10.0,5.182,60.909,28.974,yes,2026Q1,tile centroid within BCN commune polygon,0,2,1,0,3,2,0,0,1,0,1,1,0,0,0,0,0,0,0,23968,22750,94.9182,22524.7525,reported
13,Metropolitana de Santiago,131,Santiago,13101,Santiago,208348,205778,5045,2.4517,57204,27.7989,204122,97.9717,135006,64.7983,142743,68.5118,191252,91.7945,5927,2.8448,208348,100.0,0,0.0,9.8305,2.4461,76.9876,72.0626,0.605,9.7463,22.4821,13.9074,12.1482,48.142,1.6909,Gran Santiago,92.0,17369.0,6709.0,425.167,372.177,4.473,200.647,197.637,16927.0,4.169,4.181,-6.442,92.0,4729.0,2287.0,130.757,29.978,21.389,1222.486,943.174,5649.0,5.351,3.469,1.231,yes,2026Q1,tile centroid within BCN commune polygon,132,248,262,340,982,4,20,112,47,67,246,4,6,0,0,2982,6,6,4,828,738,89.1304,0.3542,reported
13,Metropolitana de Santiago,131,Santiago,13102,Cerrillos,28279,28005,1552,5.5419,7269,25.9561,27586,97.5494,14442,51.0697,19023,67.269,24795,87.6799,1159,4.0984,28279,100.0,0,0.0,7.1521,0.5442,37.3483,22.3019,3.892,15.4438,41.8186,29.394,23.7494,51.8165,5.7121,Gran Santiago,56.0,2496.0,1046.0,430.106,374.646,4.895,226.904,213.341,2307.0,3.92,5.614,-5.702,55.0,471.0,282.0,138.043,29.691,21.928,1185.987,954.13,519.0,8.873,22.68,-2.836,yes,2026Q1,tile centroid within BCN commune polygon,13,49,32,25,119,4,11,13,10,6,40,4,0,0,0,0,0,6,4,42677,40490,94.8755,143.1805,reported
13,Metropolitana de Santiago,131,Santiago,13103,Cerro Navia,42018,41715,3941,9.4474,10305,24.7033,40629,96.6943,17360,41.3156,27119,64.5414,34488,82.0791,2549,6.0664,42018,100.0,0,0.0,9.9995,1.2431,46.2569,24.9737,3.2797,15.8919,39.8672,34.132,29.5337,53.3609,7.3667,Gran Santiago,38.0,2742.0,1147.0,428.943,381.392,3.998,230.397,209.286,2962.0,6.572,5.084,-4.102,38.0,519.0,222.0,135.468,22.852,20.694,1320.99,1045.341,444.0,-1.855,-10.926,0.155,yes,2026Q1,tile centroid within BCN commune polygon,9,57,14,29,109,4,0,5,6,3,14,3,3,0,0,1082,3,5,3,149918,145370,96.9663,345.9708,reported
13,Metropolitana de Santiago,131,Santiago,13104,Conchalí,40890,40659,2675,6.5791,9245,22.7379,39758,97.2316,20730,50.697,28579,69.8924,35260,86.2314,1597,3.9056,40890,100.0,0,0.0,8.6879,0.99,50.895,31.4435,5.6032,15.4222,37.6654,35.6447,27.5026,51.7347,7.15,Gran Santiago,40.0,3062.0,1353.0,434.783,392.279,4.125,224.257,245.922,3148.0,0.386,1.649,-5.129,40.0,593.0,224.0,164.441,27.616,22.906,1020.725,1028.45,832.0,17.902,-8.723,10.194,yes,2026Q1,tile centroid within BCN commune polygon,14,60,17,42,133,4,12,16,12,8,48,4,4,0,0,1114,4,6,4,20104,19371,96.354,47.3734,reported
13,Metropolitana de Santiago,131,Santiago,13105,El Bosque,50477,50039,3572,7.1384,10583,21.1495,48867,96.8104,24171,47.8852,35734,70.7926,42961,85.1101,1640,3.249,50477,100.0,0,0.0,7.955,0.7107,41.8709,23.5702,4.4433,16.2941,40.5988,35.7335,31.4236,53.9864,7.3517,Gran Santiago,51.0,3241.0,1387.0,474.594,412.393,4.838,203.162,210.188,3317.0,1.102,2.017,-4.331,48.0,376.0,239.0,135.084,26.276,17.585,1277.505,1110.261,426.0,15.876,18.703,-9.22,yes,2026Q1,tile centroid within BCN commune polygon,10,50,17,27,104,4,0,10,8,6,24,3,13,3,0,3992,13,6,4,21688,21078,97.1874,41.7576,reported
13,Metropolitana de Santiago,131,Santiago,13106,Estación Central,68183,67468,2789,4.1338,15666,23.2199,66588,97.6607,32120,47.1085,48733,71.4738,59460,87.2065,2320,3.4026,68183,100.0,0,0.0,15.3944,2.8054,67.9366,59.1757,2.0466,12.5306,35.879,21.5189,18.5789,49.2056,3.9293,Gran Santiago,49.0,4840.0,1941.0,437.292,378.736,4.767,217.571,207.204,5225.0,-3.167,-3.218,7.1,50.0,761.0,409.0,105.955,29.618,19.929,1504.767,944.112,829.0,3.485,18.624,-15.48,yes,2026Q1,tile centroid within BCN commune polygon,21,68,60,62,211,4,13,19,18,2,52,4,0,0,0,0,0,6,4,23818,23143,97.166,33.9425,reported
13,Metropolitana de Santiago,131,Santiago,13107,Huechuraba,32057,31906,1521,4.7671,5353,16.7774,31440,98.0753,21233,66.2351,24941,77.802,28429,88.6827,1153,3.5967,32032,99.922,25,0.078,6.2572,0.6866,35.736,21.5986,2.9313,14.835,46.357,26.8168,23.119,49.7419,6.6542,Gran Santiago,87.0,5336.0,1864.0,398.527,349.157,4.541,190.515,222.79,6124.0,3.081,6.628,-5.356,76.0,806.0,431.0,146.023,25.572,18.223,1192.809,935.462,1390.0,-2.547,-15.851,4.143,yes,2026Q1,tile centroid within BCN commune polygon,19,31,21,47,118,4,11,7,13,5,36,4,0,0,0,0,0,6,4,24184,23391,96.721,72.9669,reported
13,Metropolitana de Santiago,131,Santiago,13108,Independencia,45569,45296,1646,3.6339,11843,26.1458,44760,98.2247,23342,51.2234,31645,69.4441,40965,89.8966,1330,2.9187,45569,100.0,0,0.0,13.8961,2.1068,74.4159,65.9334,2.7879,13.0035,35.6742,20.7219,16.747,48.8186,3.6753,Gran Santiago,27.0,2845.0,1189.0,457.527,396.939,4.435,191.856,238.833,3008.0,2.951,2.914,-0.404,27.0,454.0,241.0,116.01,24.091,20.282,1245.659,990.068,538.0,-8.559,-16.156,0.645,yes,2026Q1,tile centroid within BCN commune polygon,14,50,40,38,142,4,14,7,9,3,33,4,0,0,0,0,0,6,4,57726,55577,96.2772,121.9623,reported
13,Metropolitana de Santiago,131,Santiago,13109,La Cisterna,38159,37916,1662,4.3834,7051,18.5964,37340,97.8537,22919,60.0618,28932,75.8196,33902,88.844,1388,3.6374,38159,100.0,0,0.0,6.4214,0.6413,56.0643,44.2353,3.7353,15.4435,36.1364,27.8692,20.0988,51.4274,4.771,Gran Santiago,39.0,4121.0,1609.0,469.099,406.533,5.016,205.995,187.803,4240.0,6.288,8.151,1.17,39.0,575.0,316.0,110.949,23.0,18.362,1380.419,1071.061,663.0,-6.046,-10.818,-2.351,yes,2026Q1,tile centroid within BCN commune polygon,15,46,40,31,132,4,0,10,10,5,25,3,3,0,0,1489,3,6,4,76440,63395,82.9343,166.1338,reported
13,Metropolitana de Santiago,131,Santiago,13110,La Florida,133971,133316,4996,3.7475,20352,15.266,131740,98.3347,87579,65.3716,107651,80.354,120315,89.8067,4386,3.2738,133924,99.9649,47,0.0351,4.7638,0.3975,39.1391,29.7783,1.4488,15.4762,35.2254,33.1001,21.822,51.2291,5.6506,Gran Santiago,155.0,14336.0,5255.0,469.977,406.822,4.624,191.478,232.839,14142.0,3.444,2.764,-2.959,138.0,1588.0,950.0,125.322,26.157,20.999,1175.948,1002.47,1760.0,1.639,2.084,-3.386,yes,2026Q1,tile centroid within BCN commune polygon,49,110,79,87,325,4,19,33,23,12,87,4,4,0,0,845,4,6,4,59019,56495,95.7234,42.1696,reported
13,Metropolitana de Santiago,131,Santiago,13111,La Granja,37274,37010,2721,7.3521,8346,22.5507,36134,96.9416,17094,45.8604,25727,69.0213,31433,84.3296,1191,3.1953,37274,100.0,0,0.0,8.1426,0.7733,44.1942,24.6538,3.9253,16.065,38.4611,36.5537,28.8189,51.7646,7.266,Gran Santiago,39.0,2930.0,1222.0,459.354,412.236,4.469,211.697,216.432,2770.0,-0.664,0.489,-8.572,37.0,465.0,251.0,103.238,20.056,24.116,1330.114,1258.929,348.0,13.13,7.177,15.107,yes,2026Q1,tile centroid within BCN commune polygon,11,49,8,25,93,4,0,6,5,1,12,3,0,0,0,0,0,6,4,145884,142210,97.4816,381.5260,reported
13,Metropolitana de Santiago,131,Santiago,13112,La Pintana,54319,53844,4253,7.8987,11908,22.1157,52556,96.7544,21488,39.5589,37234,68.5469,44341,81.6307,3437,6.3274,54319,100.0,0,0.0,9.4816,0.8003,31.0504,18.2758,1.5496,17.5993,46.4662,31.7863,32.0884,56.188,7.7774,Gran Santiago,80.0,2115.0,867.0,459.631,391.682,4.143,201.871,314.19,2314.0,8.729,7.678,-7.728,81.0,544.0,319.0,121.199,21.857,19.487,1296.654,1233.368,804.0,11.882,7.479,-13.717,yes,2026Q1,tile centroid within BCN commune polygon,17,78,20,30,145,4,0,9,14,12,35,3,1,1,0,384,1,6,4,51352,49052,95.5211,90.3036,reported
13,Metropolitana de Santiago,131,Santiago,13113,La Reina,30645,30474,696,2.2839,2921,9.5852,30259,98.7404,25113,81.9481,26822,87.5249,28070,91.5973,994,3.2436,30645,100.0,0,0.0,2.4635,0.2726,37.0249,26.879,1.4391,13.6292,36.0077,35.8736,16.1902,49.251,4.8538,Gran Santiago,72.0,4935.0,1697.0,413.378,344.88,5.372,246.035,235.789,5722.0,1.296,-1.319,0.317,62.0,695.0,320.0,153.981,31.756,20.941,1072.85,863.988,613.0,10.28,13.127,15.111,yes,2026Q1,tile centroid within BCN commune polygon,19,48,60,36,163,4,12,8,18,5,43,4,0,0,0,0,0,6,4,36233,33812,93.3182,110.3345,reported
13,Metropolitana de Santiago,131,Santiago,13114,Las Condes,116322,115565,1593,1.3784,7831,6.7763,115094,98.9443,100326,86.2485,106202,91.3,107512,92.4262,4591,3.9468,116322,100.0,0,0.0,1.6051,0.1694,46.544,40.7993,0.5302,11.3655,26.3807,31.8259,10.9334,48.6848,2.8595,Gran Santiago,171.0,21266.0,7630.0,394.783,319.015,5.564,222.372,243.582,23406.0,0.914,-0.332,-0.144,143.0,5687.0,1467.0,185.538,39.899,24.852,999.144,818.887,6885.0,12.016,17.102,-9.813,yes,2026Q1,tile centroid within BCN commune polygon,77,177,260,115,629,4,17,66,32,16,131,4,0,0,0,0,0,6,4,34637,33254,96.0072,28.5879,reported
13,Metropolitana de Santiago,131,Santiago,13115,Lo Barnechea,32513,32134,590,1.8361,4173,12.9862,32129,98.8189,25912,79.6974,27371,84.1848,29405,90.4407,1956,6.0161,32243,99.1696,270,0.8304,3.0206,0.3851,30.5718,23.1222,1.4326,12.0494,44.8795,26.8809,12.0124,41.8911,4.418,Gran Santiago,177.0,8032.0,2442.0,319.847,234.388,5.623,235.141,256.03,8389.0,-0.192,2.088,2.985,100.0,427.0,273.0,110.05,25.245,29.916,1051.323,1051.454,406.0,6.138,8.609,33.221,yes,2026Q1,tile centroid within BCN commune polygon,32,61,53,41,187,4,14,5,8,6,33,4,1,0,0,175,1,6,4,69599,67539,97.0402,207.7292,reported
13,Metropolitana de Santiago,131,Santiago,13116,Lo Espejo,27529,27306,2378,8.7087,6704,24.5514,26499,96.2585,11792,42.8348,17795,64.6409,22933,83.3049,2388,8.6745,27529,100.0,0,0.0,9.4899,0.9954,45.7808,20.5316,5.9627,14.5872,40.6799,37.3644,32.7601,53.7992,8.4931,Gran Santiago,31.0,1483.0,628.0,429.402,367.378,4.214,216.797,243.716,2070.0,4.018,5.449,2.034,32.0,322.0,155.0,123.222,22.805,27.59,1376.801,1080.432,370.0,7.709,3.9,42.813,yes,2026Q1,tile centroid within BCN commune polygon,9,37,9,21,76,4,0,8,4,3,15,3,9,3,0,2606,9,5,3,26562,25177,94.7858,91.4563,reported
13,Metropolitana de Santiago,131,Santiago,13117,Lo Prado,31971,31801,2128,6.6916,8141,25.5998,31079,97.21,15316,47.9059,21330,66.7167,27417,85.7558,1470,4.5979,31971,100.0,0,0.0,8.7957,1.1091,48.4433,32.0507,3.7882,15.8339,35.1673,35.6977,29.9008,53.6941,6.6035,Gran Santiago,27.0,2036.0,860.0,433.267,388.463,4.029,204.671,189.76,2246.0,3.763,3.051,-13.411,27.0,250.0,170.0,115.448,23.794,21.0,1355.616,1060.652,422.0,-24.838,-22.267,-5.452,yes,2026Q1,tile centroid within BCN commune polygon,5,26,32,25,88,4,0,4,5,1,10,3,2,0,0,429,2,5,3,2110,2011,95.3081,6.2901,reported
13,Metropolitana de Santiago,131,Santiago,13118,Macul,47638,47400,1660,3.5021,7239,15.2722,46880,98.4088,32522,68.269,38391,80.589,43237,90.7616,1721,3.6127,47638,100.0,0,0.0,4.8421,0.6061,49.8833,39.3797,1.943,14.724,31.1134,30.7034,20.4037,52.2216,5.0699,Gran Santiago,52.0,6114.0,2240.0,463.337,399.717,4.327,191.547,195.664,7432.0,-2.156,-2.029,1.145,53.0,827.0,431.0,130.148,25.291,18.996,1435.825,1198.528,1062.0,0.195,-9.494,-5.058,yes,2026Q1,tile centroid within BCN commune polygon,19,33,25,41,118,4,14,6,17,7,44,4,1,0,0,240,1,6,4,56238,52506,93.3639,110.2187,reported
13,Metropolitana de Santiago,131,Santiago,13119,Maipú,167650,166924,5548,3.3237,24598,14.736,165428,98.6746,108798,64.8959,136362,81.3373,151572,90.4098,5747,3.428,166795,99.49,855,0.51,4.0928,0.2662,28.7006,21.6193,1.2648,16.3649,38.6174,31.4745,22.4121,51.0422,6.0586,Gran Santiago,212.0,14283.0,5880.0,433.634,396.055,4.974,253.612,244.426,14244.0,1.295,2.118,-8.313,223.0,2466.0,1051.0,110.849,23.395,20.337,1434.944,1164.299,2526.0,-5.726,-5.114,4.201,yes,2026Q1,tile centroid within BCN commune polygon,56,159,96,132,443,4,17,26,13,11,67,4,6,0,0,3779,6,6,4,613,582,94.9429,0.3472,reported
13,Metropolitana de Santiago,131,Santiago,13120,Ñuñoa,108724,108283,1847,1.7057,10622,9.8095,107557,98.9266,90535,83.2705,95629,87.9557,101277,93.1505,3233,2.9736,108724,100.0,0,0.0,2.3398,0.2283,51.9101,45.6773,0.993,12.5291,24.2789,23.8791,11.7148,53.9063,2.5121,Gran Santiago,61.0,12590.0,4710.0,446.642,385.583,4.377,211.215,208.847,12430.0,3.777,3.623,-3.633,61.0,1411.0,741.0,136.926,29.879,20.288,1105.617,933.427,1683.0,3.411,3.284,-3.482,yes,2026Q1,tile centroid within BCN commune polygon,31,64,47,76,218,4,14,39,23,9,85,4,0,0,0,0,0,6,4,16051,15403,95.9629,14.1671,reported
13,Metropolitana de Santiago,131,Santiago,13121,Pedro Aguirre Cerda,32556,32084,2484,7.7422,7406,23.0832,31260,96.0192,15498,47.6041,22073,67.8001,27203,83.5576,1380,4.2388,32556,100.0,0,0.0,8.1471,0.7706,48.7843,25.9373,7.1548,14.9035,35.9193,40.0643,31.8393,53.4397,7.857,Gran Santiago,32.0,1843.0,846.0,416.779,365.247,4.466,263.283,247.468,2114.0,-5.24,-3.112,-1.63,32.0,339.0,186.0,132.712,26.666,18.549,1443.392,1002.201,420.0,20.082,11.817,-23.291,yes,2026Q1,tile centroid within BCN commune polygon,14,39,12,26,91,4,14,8,5,2,29,4,10,0,0,2769,10,6,4,,,,,source_not_reported
13,Metropolitana de Santiago,131,Santiago,13122,Peñalolén,76321,75921,3878,5.1079,15907,20.952,74648,97.8079,45041,59.0152,55876,73.2118,67884,88.9454,2819,3.6936,76321,100.0,0,0.0,6.1906,0.7213,38.5736,24.7365,1.9638,15.931,41.1985,31.2193,24.028,52.8405,6.6866,Gran Santiago,115.0,8516.0,2819.0,416.151,345.46,5.13,206.521,228.174,7962.0,3.76,4.17,6.83,108.0,934.0,417.0,126.0,31.008,20.118,1433.297,996.961,1081.0,2.648,33.442,0.005,yes,2026Q1,tile centroid within BCN commune polygon,27,92,55,73,247,4,15,19,18,18,70,4,0,0,0,0,0,6,4,491,457,93.0754,0.5988,reported
13,Metropolitana de Santiago,131,Santiago,13123,Providencia,69431,69039,925,1.3398,7682,11.127,68668,98.9011,62027,89.3362,60319,86.8762,65510,94.3527,1923,2.7697,69431,100.0,0,0.0,1.6344,0.2484,57.1887,51.1373,0.5654,10.1436,20.1064,24.2029,10.0886,53.111,1.6181,Gran Santiago,55.0,9862.0,3885.0,415.695,351.421,5.112,224.179,242.145,10779.0,2.555,4.834,-13.473,55.0,1751.0,1005.0,155.663,33.521,21.079,1005.224,874.498,2075.0,6.238,2.089,-15.822,yes,2026Q1,tile centroid within BCN commune polygon,57,95,171,120,443,4,15,55,26,22,118,4,0,0,0,0,0,6,4,8949,8672,96.9047,12.4901,reported
13,Metropolitana de Santiago,131,Santiago,13124,Pudahuel,74288,73917,3781,5.1152,14519,19.6423,72858,98.0751,40627,54.6885,55194,74.2973,65516,88.1919,3902,5.2525,72158,97.1328,2130,2.8672,6.3499,0.5506,34.0001,23.1711,1.6414,16.1982,42.4808,28.7225,25.0796,52.8836,6.2379,Gran Santiago,167.0,6664.0,2650.0,413.824,366.32,6.04,233.285,206.817,7108.0,2.766,4.021,5.447,202.0,1468.0,822.0,116.995,24.221,32.771,1284.493,1029.626,1537.0,4.873,-9.711,11.122,yes,2026Q1,tile centroid within BCN commune polygon,27,95,73,62,257,4,17,28,10,6,61,4,1,0,0,354,1,6,4,830,798,96.1446,1.0742,reported
13,Metropolitana de Santiago,131,Santiago,13125,Quilicura,65227,64853,1868,2.8804,11755,18.1256,64458,98.821,38773,59.4432,50944,78.1026,59231,90.8075,2897,4.4414,65060,99.744,167,0.256,5.7829,0.3522,31.2732,26.0241,0.6671,16.6741,46.8682,21.3022,22.6594,50.4803,5.0969,Gran Santiago,131.0,6294.0,2313.0,429.354,363.921,4.73,193.257,213.728,6450.0,-1.342,-1.91,-5.702,129.0,923.0,502.0,119.384,26.08,20.228,1218.294,943.622,1460.0,-1.996,-3.268,-0.775,yes,2026Q1,tile centroid within BCN commune polygon,27,70,31,67,195,4,17,29,15,4,65,4,5,1,0,1886,5,6,4,2540,2461,96.8898,3.7730,reported
13,Metropolitana de Santiago,131,Santiago,13126,Quinta Normal,45855,45553,2098,4.6056,10799,23.7065,44904,97.9261,24089,52.533,32430,70.7229,40679,88.7122,1747,3.8098,45855,100.0,0,0.0,9.7517,1.6805,62.1466,45.5295,5.3479,14.1772,37.6761,27.6893,22.0044,50.9628,5.2954,Gran Santiago,46.0,3087.0,1321.0,455.315,400.066,4.248,200.695,184.634,3417.0,4.762,3.996,-5.934,46.0,538.0,249.0,128.356,25.161,19.803,1379.66,938.405,614.0,-4.31,-14.22,4.756,yes,2026Q1,tile centroid within BCN commune polygon,16,33,24,35,108,4,14,7,13,2,36,4,2,0,0,1445,2,5,3,1160,1133,97.6724,2.4708,reported
13,Metropolitana de Santiago,131,Santiago,13127,Recoleta,56276,55400,3499,6.3159,15602,28.1625,54080,96.0978,27234,48.3936,35946,63.8745,48646,86.4418,1453,2.5819,56276,100.0,0,0.0,11.5573,2.5004,59.6232,43.2861,3.6435,14.3184,35.1122,30.3172,23.6708,51.3971,5.9051,Gran Santiago,56.0,3874.0,1608.0,443.739,400.563,4.368,221.543,233.365,3963.0,0.986,3.816,-11.489,53.0,574.0,316.0,127.148,24.274,21.352,1248.228,1001.674,771.0,-12.392,-21.001,8.281,yes,2026Q1,tile centroid within BCN commune polygon,23,41,56,57,177,4,14,10,16,4,44,4,2,1,0,364,2,6,4,3886,3767,96.9377,6.6938,reported
13,Metropolitana de Santiago,131,Santiago,13128,Renca,46588,46261,3086,6.6708,10295,22.2542,45373,97.392,22645,48.6069,32669,70.1232,39383,84.5346,2136,4.5849,46588,100.0,0,0.0,7.8636,0.6684,37.2093,23.7602,2.2631,16.7985,44.3218,30.1895,28.6161,54.0682,6.7181,Gran Santiago,74.0,3233.0,1401.0,412.121,364.436,4.394,264.566,270.182,3165.0,-5.01,-3.343,1.878,75.0,677.0,331.0,117.751,23.188,21.263,1399.944,1163.111,727.0,-13.858,-9.605,1.484,yes,2026Q1,tile centroid within BCN commune polygon,13,52,21,41,127,4,1,14,14,6,35,4,0,0,0,0,0,5,3,3010,2935,97.5083,6.2999,reported
13,Metropolitana de Santiago,131,Santiago,13129,San Joaquín,33568,33387,2049,6.1371,6932,20.7626,32628,97.1997,18740,55.827,24288,72.3546,29227,87.068,1146,3.414,33568,100.0,0,0.0,7.8544,1.0519,52.2608,32.9398,5.5617,14.5094,34.4879,35.1424,27.2108,52.2459,6.6406,Gran Santiago,37.0,2178.0,1057.0,458.102,416.173,4.604,187.32,194.59,2101.0,3.242,7.379,0.634,36.0,401.0,187.0,118.476,27.756,19.137,1556.372,1251.387,382.0,-3.618,17.371,-18.694,yes,2026Q1,tile centroid within BCN commune polygon,12,29,11,33,85,4,10,12,9,4,35,4,1,0,0,302,1,6,4,5695,5548,97.4188,16.5276,reported
13,Metropolitana de Santiago,131,Santiago,13130,San Miguel,60402,60016,1250,2.0828,7739,12.8949,59681,98.8063,44776,74.13,51011,84.4525,55845,92.4555,1969,3.2598,60402,100.0,0,0.0,6.1606,0.5813,59.0542,51.9197,1.8508,12.4778,32.3158,20.9219,14.6009,50.2432,3.4676,Gran Santiago,38.0,6227.0,2591.0,454.737,393.83,4.601,208.978,213.562,6470.0,1.788,3.714,-9.855,38.0,818.0,442.0,123.148,24.655,18.18,1323.985,1009.364,722.0,11.047,6.556,-6.979,yes,2026Q1,tile centroid within BCN commune polygon,17,34,42,35,128,4,13,11,11,8,43,4,2,1,0,524,2,6,4,86483,83483,96.5311,138.2123,reported
13,Metropolitana de Santiago,131,Santiago,13131,San Ramón,25014,24911,1927,7.7355,6038,24.2383,24164,96.6019,11218,44.8469,16481,65.8871,21331,85.2762,1786,7.14,25014,100.0,0,0.0,8.8407,0.9818,46.7011,23.1182,4.0179,15.7273,37.7118,38.7013,33.9623,52.3375,8.0359,Gran Santiago,25.0,1388.0,601.0,473.304,418.55,4.398,210.13,246.036,1732.0,16.422,17.945,-10.61,25.0,321.0,158.0,157.439,30.713,18.47,1171.96,1020.754,333.0,18.927,17.198,-0.672,yes,2026Q1,tile centroid within BCN commune polygon,6,30,15,16,67,4,1,7,7,1,16,4,9,3,0,2658,9,6,4,74,54,72.973,0.2159,reported
13,Metropolitana de Santiago,131,Santiago,13132,Vitacura,31142,30925,284,0.9184,1337,4.3234,30838,99.0238,27659,88.8157,29376,94.3292,28504,91.5291,1312,4.213,31142,100.0,0,0.0,1.1375,0.1235,38.1115,34.155,0.3825,12.4285,32.2749,35.8424,10.0501,47.7213,2.4651,Gran Santiago,85.0,6430.0,2273.0,354.27,280.945,5.444,237.502,249.939,7089.0,1.382,2.141,-7.305,70.0,637.0,380.0,172.443,30.329,19.162,909.819,899.969,855.0,6.358,1.124,-50.105,yes,2026Q1,tile centroid within BCN commune polygon,31,73,35,44,183,4,10,14,16,12,52,4,0,0,0,0,0,6,4,3695,3613,97.7808,11.6017,reported
13,Metropolitana de Santiago,132,Cordillera,13201,Puente Alto,183615,182299,7519,4.1245,29198,16.0165,180201,98.1407,110056,59.9385,144906,78.9184,162850,88.691,8473,4.6145,183609,99.9967,6,0.0033,5.2116,0.3309,26.9186,18.8144,1.7779,16.6679,43.5154,27.5956,25.2812,51.758,5.8216,Gran Santiago,237.0,14671.0,5730.0,439.129,381.77,4.956,212.743,244.724,16386.0,-2.505,-3.143,0.162,220.0,1877.0,1102.0,108.243,21.946,21.864,1320.18,1218.689,1758.0,3.301,-8.471,1.344,yes,2026Q1,tile centroid within BCN commune polygon,41,164,55,92,352,4,17,29,13,10,69,4,21,1,0,11884,21,6,4,2738,2690,98.2469,1.4650,reported
13,Metropolitana de Santiago,132,Cordillera,13202,Pirque,9195,9154,414,4.5226,2764,30.1945,9086,98.8146,5619,61.1093,5840,63.5128,8348,90.7885,577,6.2751,3934,42.7841,5261,57.2159,5.1693,0.2691,29.1081,12.3271,1.0781,11.9133,43.7112,30.5565,21.1042,43.4281,6.1309,Gran Santiago,153.0,798.0,275.0,267.358,216.945,6.754,227.623,324.467,789.0,-3.843,-5.745,-18.509,68.0,183.0,88.0,64.31,12.847,28.027,1505.421,1315.448,172.0,-19.407,-3.246,-20.108,yes,2026Q1,tile centroid within BCN commune polygon,8,15,8,10,41,4,0,1,1,6,8,3,1,0,1,171,1,6,4,1714,1675,97.7246,18.2164,reported
13,Metropolitana de Santiago,132,Cordillera,13203,San José de Maipo,6383,6354,351,5.5241,2162,34.0258,6253,97.9633,3605,56.4781,3713,58.1701,5744,89.989,437,6.8463,4242,66.4578,2141,33.5422,5.264,0.5795,43.6715,18.0433,4.4441,14.0389,36.4636,31.3442,22.1577,48.0685,5.3863,Gran Santiago,77.0,426.0,177.0,297.873,243.302,15.582,263.548,356.906,457.0,15.192,8.6,67.946,66.0,174.0,96.0,92.668,17.715,26.27,1947.202,1507.443,134.0,-11.248,-5.801,25.274,yes,2026Q1,tile centroid within BCN commune polygon,8,10,7,20,45,4,0,4,5,8,17,3,0,0,0,0,0,5,3,50222,48297,96.167,756.6505,reported
13,Metropolitana de Santiago,133,Chacabuco,13301,Colina,51045,50764,2140,4.2156,13565,26.7217,50283,98.5072,30374,59.5044,34296,67.1878,45816,89.7561,3059,5.9928,43136,84.5058,7909,15.4942,6.3903,0.4424,27.8483,20.2667,1.3706,13.1937,55.1172,19.2554,18.7998,46.1022,5.0701,Gran Santiago,458.0,9039.0,2867.0,353.779,291.277,5.763,228.432,256.265,9873.0,1.646,2.889,-2.223,251.0,971.0,499.0,101.637,21.347,21.385,1482.469,1146.134,1110.0,3.796,6.703,-5.81,yes,2026Q1,tile centroid within BCN commune polygon,41,51,40,87,219,4,15,3,10,4,32,4,0,0,0,0,0,5,3,3303,3179,96.2458,6.2278,reported
13,Metropolitana de Santiago,133,Chacabuco,13302,Lampa,45519,45346,1651,3.6409,13553,29.888,44801,98.4226,25155,55.2626,29515,64.8411,41368,90.8807,2223,4.8837,37120,81.5484,8399,18.4516,7.3901,0.6319,29.0087,18.1736,2.0618,13.3348,54.7233,16.367,19.2232,45.7762,4.2645,Gran Santiago,278.0,4903.0,1638.0,383.891,313.675,7.589,236.873,264.338,5164.0,9.002,4.528,17.15,193.0,766.0,399.0,71.841,14.424,22.052,1873.448,1307.841,856.0,5.69,-12.391,-13.937,yes,2026Q1,tile centroid within BCN commune polygon,11,33,18,55,117,4,0,2,8,3,13,3,4,2,0,3463,4,5,3,40106,37147,92.6221,81.6077,reported
13,Metropolitana de Santiago,133,Chacabuco,13303,Tiltil,6592,6574,475,7.2254,2497,37.983,6472,98.1796,3343,50.713,3511,53.2615,5771,87.5455,430,6.5231,4882,74.0595,1710,25.9405,6.1732,0.4198,33.5004,15.5353,2.1109,13.5308,43.7813,29.8102,25.1025,46.4692,5.3303,Gran Santiago,69.0,477.0,187.0,346.416,245.048,8.0,163.011,238.025,494.0,5.311,3.135,-65.387,80.0,237.0,121.0,81.468,18.086,27.916,1344.203,1172.882,301.0,0.107,1.859,-1.259,yes,2026Q1,tile centroid within BCN commune polygon,5,12,9,15,41,4,1,3,5,5,14,4,0,0,0,0,0,4,2,60235,56684,94.1048,859.8908,reported
13,Metropolitana de Santiago,134,Maipo,13401,San Bernardo,99053,98296,4796,4.8791,21058,21.423,96802,97.7275,54317,54.8363,72043,72.7318,86917,87.748,4357,4.3987,97633,98.5664,1420,1.4336,6.8443,0.5019,34.0556,22.4102,1.8756,16.5115,45.5671,26.5622,26.2619,51.6362,5.6939,Gran Santiago,207.0,8428.0,3340.0,443.057,376.217,4.84,209.27,227.091,9321.0,-2.671,-3.438,-0.982,223.0,1718.0,850.0,102.379,20.046,22.623,1398.683,1192.945,1771.0,8.11,0.597,-4.107,yes,2026Q1,tile centroid within BCN commune polygon,37,119,43,69,268,4,17,27,7,5,56,4,31,3,0,13890,31,6,4,5248,5050,96.2271,5.0983,reported
13,Metropolitana de Santiago,134,Maipo,13402,Buin,37708,37537,1720,4.5821,7076,18.8507,37031,98.2046,22770,60.3851,28393,75.297,33374,88.5064,2042,5.4153,33602,89.1111,4106,10.8889,5.4621,0.3409,29.0776,16.9989,1.9086,14.1786,48.6178,24.1494,21.5949,48.2961,5.303,Gran Santiago,222.0,4727.0,1617.0,407.669,347.031,5.355,162.225,258.812,4547.0,3.859,7.838,-9.848,136.0,716.0,347.0,99.595,20.983,25.071,1251.603,1139.704,603.0,-2.247,8.529,-7.258,yes,2026Q1,tile centroid within BCN commune polygon,14,36,18,35,103,4,0,4,5,5,14,3,0,0,0,0,0,5,4,15737,15420,97.9856,40.8932,reported
13,Metropolitana de Santiago,134,Maipo,13403,Calera de Tango,7859,7840,348,4.4388,2603,33.2015,7743,98.524,4602,58.5571,4746,60.3894,7194,91.5384,491,6.2476,3281,41.7483,4578,58.2517,5.818,0.3254,31.8772,14.7224,0.7769,13.2832,43.6195,31.2277,20.2114,43.0846,7.0301,Gran Santiago,101.0,786.0,312.0,295.185,269.147,6.594,236.709,314.009,988.0,4.638,4.151,-19.022,64.0,185.0,108.0,110.069,17.462,24.616,1583.779,1382.853,187.0,26.474,12.506,-6.171,yes,2026Q1,tile centroid within BCN commune polygon,7,14,8,14,43,4,0,3,3,8,14,3,1,1,1,577,1,5,3,22464,21907,97.5205,278.7505,reported
13,Metropolitana de Santiago,134,Maipo,13404,Paine,25952,25787,1614,6.259,6356,24.6481,25427,97.977,12752,49.1369,17174,66.176,22064,85.0185,2136,8.2306,17136,66.0296,8816,33.9704,6.6834,0.4312,35.3291,17.7535,1.8901,14.2901,43.7246,28.6228,25.3991,47.3155,5.1448,Gran Santiago,320.0,1924.0,757.0,329.475,273.117,7.241,217.381,278.456,2434.0,3.095,3.973,2.202,151.0,428.0,244.0,63.345,13.411,25.729,1421.224,1286.369,488.0,1.518,-6.829,-9.529,yes,2026Q1,tile centroid within BCN commune polygon,12,21,14,24,71,4,0,3,4,2,9,3,0,0,0,0,0,5,4,37131,31800,85.6427,122.5339,reported
13,Metropolitana de Santiago,135,Melipilla,13501,Melipilla,46619,46371,3807,8.2099,14903,32.1386,45572,97.7541,21882,46.9379,26674,57.217,39361,84.4312,2356,5.0537,32386,69.4695,14233,30.5305,5.8471,0.3823,33.6182,20.9506,2.1956,15.5434,41.8408,30.1871,24.2418,48.8602,5.3447,Gran Santiago,354.0,3866.0,1125.0,341.215,312.777,7.673,214.424,247.142,4069.0,11.311,9.008,-16.069,226.0,1045.0,492.0,73.243,17.561,27.538,1782.563,1349.937,867.0,-1.45,-5.255,21.051,yes,2026Q1,tile centroid within BCN commune polygon,13,32,23,47,115,4,0,4,6,11,21,3,9,0,7,2069,9,5,3,167630,146092,87.1515,313.3744,reported
13,Metropolitana de Santiago,135,Melipilla,13502,Alhué,2777,2770,186,6.7148,748,27.0036,2710,97.5873,1437,51.7465,1809,65.1422,2395,86.2441,73,2.6287,1496,53.8711,1281,46.1289,7.3595,0.2589,31.5162,18.5199,2.4188,14.2599,43.0686,27.87,23.2852,46.065,4.6931,Gran Santiago,24.0,60.0,31.0,440.403,326.049,10.967,326.867,165.117,60.0,21.466,12.74,10.968,21.0,37.0,23.0,62.086,22.431,59.514,912.194,1016.027,21.0,45.455,119.481,-3.191,yes,2026Q1,tile centroid within BCN commune polygon,2,7,3,13,25,4,0,3,2,5,10,3,1,0,1,259,1,1,1,31295,28367,90.6439,1021.4980,reported
13,Metropolitana de Santiago,135,Melipilla,13503,Curacaví,12020,11967,1015,8.4817,3957,33.0659,11791,98.0948,6014,50.0333,6616,55.0416,10154,84.4759,996,8.2862,6890,57.3211,5130,42.6789,5.3509,0.3403,31.0641,14.8321,1.8748,15.0404,39.98,32.589,23.948,49.3459,5.6829,Gran Santiago,131.0,978.0,288.0,235.321,194.992,9.118,321.781,352.815,919.0,4.622,2.137,-10.818,115.0,388.0,200.0,84.117,17.006,39.655,1490.111,1317.326,251.0,28.509,8.505,51.958,yes,2026Q1,tile centroid within BCN commune polygon,10,13,9,12,44,4,0,4,4,8,16,3,0,0,0,0,0,3,3,109841,103201,93.9549,858.5774,reported
13,Metropolitana de Santiago,135,Melipilla,13504,María Pinto,5248,5240,478,9.1221,1932,36.8702,5109,97.3514,2408,45.8841,2630,50.1143,4407,83.9748,440,8.3841,2242,42.721,3006,57.279,5.0687,0.3289,24.3187,8.6144,1.2769,13.5697,41.1664,33.0475,25.0429,44.5588,5.3554,Gran Santiago,63.0,249.0,98.0,261.628,185.736,7.538,238.695,388.012,230.0,23.87,8.406,-30.094,24.0,36.0,26.0,106.948,16.055,21.333,1252.714,1476.583,33.0,27.251,7.226,6.505,yes,2026Q1,tile centroid within BCN commune polygon,1,2,1,9,13,4,0,1,1,3,5,3,0,0,0,0,0,1,1,15157,14808,97.6974,282.1646,reported
13,Metropolitana de Santiago,135,Melipilla,13505,San Pedro,3975,3969,580,14.6133,2283,57.5208,3863,97.1824,1368,34.4151,855,21.5094,3187,80.1761,363,9.1321,0,0.0,3975,100.0,7.3096,0.7694,29.8263,15.8319,1.0823,10.219,39.1392,34.1304,24.1128,37.78,4.1027,Gran Santiago,55.0,481.0,71.0,138.085,122.982,7.083,603.11,583.252,118.0,-37.845,-23.526,-42.833,35.0,78.0,38.0,72.383,10.896,34.0,1243.269,1543.397,163.0,83.713,48.104,-2.394,yes,2026Q1,tile centroid within BCN commune polygon,3,5,3,8,19,4,0,2,3,3,8,3,2,0,2,991,2,2,1,59213,55813,94.258,1404.1006,reported
13,Metropolitana de Santiago,136,Talagante,13601,Talagante,24483,24366,1365,5.6021,6035,24.7681,24027,98.1375,13209,53.9517,16636,67.9492,21237,86.7418,1325,5.4119,19566,79.9167,4917,20.0833,5.6519,0.3872,32.7861,19.5906,1.9038,15.2426,43.8608,30.0102,23.9263,51.0993,6.3705,Gran Santiago,169.0,2258.0,866.0,360.635,335.264,7.47,215.209,247.548,2263.0,5.844,6.534,9.611,121.0,479.0,234.0,93.943,22.463,23.236,1488.652,1041.95,606.0,19.061,23.838,-9.739,yes,2026Q1,tile centroid within BCN commune polygon,8,33,13,20,74,4,0,4,5,7,16,3,0,0,0,0,0,5,3,120,79,65.8333,0.3227,reported
13,Metropolitana de Santiago,136,Talagante,13602,El Monte,12174,12119,948,7.8224,3946,32.5604,11874,97.5357,5625,46.205,7057,57.9678,10323,84.7955,626,5.1421,10081,82.8076,2093,17.1924,6.7249,0.3526,32.8721,17.1403,2.578,15.6412,45.0128,29.8987,28.3832,52.4257,6.0456,Gran Santiago,71.0,691.0,283.0,364.198,314.447,7.525,257.285,262.403,524.0,4.45,-0.899,29.162,55.0,215.0,99.0,90.375,20.131,26.428,2046.572,1515.619,163.0,-38.14,-16.566,-17.695,yes,2026Q1,tile centroid within BCN commune polygon,4,22,5,18,49,4,0,5,3,7,15,3,0,0,0,0,0,5,3,8466,8208,96.9525,67.4224,reported
13,Metropolitana de Santiago,136,Talagante,13603,Isla de Maipo,13043,12939,920,7.1103,3089,23.8736,12727,97.5772,6614,50.7092,8751,67.0935,10934,83.8304,846,6.4862,9840,75.4428,3203,24.5572,6.0556,0.3553,30.5797,15.0358,2.1557,15.0435,44.3144,29.217,21.6491,47.7558,5.5662,Gran Santiago,125.0,1514.0,471.0,383.118,359.19,6.408,199.735,249.042,1394.0,5.353,6.466,-4.187,65.0,192.0,109.0,87.619,20.868,23.13,1657.063,1607.609,178.0,-8.277,58.547,-3.06,yes,2026Q1,tile centroid within BCN commune polygon,3,13,7,15,38,4,0,3,2,3,8,3,0,0,0,0,0,5,4,4430,4331,97.7652,33.2056,reported
13,Metropolitana de Santiago,136,Talagante,13604,Padre Hurtado,26172,26079,1130,4.333,4875,18.6932,25815,98.6359,15433,58.9676,19863,75.8941,23170,88.5297,1486,5.6778,24475,93.516,1697,6.484,5.7704,0.4305,28.9644,17.6671,1.4805,13.4932,49.5696,22.3918,22.7208,47.7409,5.1111,Gran Santiago,93.0,2839.0,1135.0,423.27,377.173,5.979,230.263,212.968,3063.0,7.728,10.58,-22.381,66.0,296.0,173.0,88.16,19.946,21.574,1554.858,992.493,246.0,3.249,12.785,-12.276,yes,2026Q1,tile centroid within BCN commune polygon,7,20,13,16,56,4,0,2,5,6,13,3,1,0,0,388,1,5,3,3428,3335,97.287,12.7426,reported
13,Metropolitana de Santiago,136,Talagante,13605,Peñaflor,30805,30640,1660,5.4178,6671,21.7722,30213,98.0782,17621,57.2018,21991,71.3878,27220,88.3623,1757,5.7036,28613,92.8843,2192,7.1157,6.0452,0.339,31.6869,19.2915,1.9308,16.1756,44.0953,29.3426,24.2796,50.4347,6.1733,Gran Santiago,108.0,2927.0,1160.0,418.514,377.467,5.963,200.031,218.959,2700.0,7.181,10.165,4.321,86.0,602.0,253.0,103.954,19.874,23.261,1368.258,1099.65,798.0,10.151,-4.42,1.528,yes,2026Q1,tile centroid within BCN commune polygon,8,41,14,19,82,4,0,7,7,5,19,3,0,0,0,0,0,6,4,2080448,1955094,93.9747,6346.6775,reported
14,Los Ríos,141,Valdivia,14101,Valdivia,63322,62826,3067,4.8817,13956,22.2137,61869,97.7054,38679,61.083,45273,71.4965,55418,87.5178,2470,3.9007,56559,89.3197,6763,10.6803,4.1398,0.3169,40.7911,28.2074,2.7973,14.9351,34.9284,28.4787,22.3781,51.7199,4.4585,Sur,303.0,3726.0,1593.0,378.798,324.729,10.709,206.521,272.856,3518.0,1.033,9.804,3.469,201.0,1052.0,592.0,98.524,21.553,38.861,1670.473,1294.964,874.0,-3.245,-2.98,1.965,yes,2026Q1,tile centroid within BCN commune polygon,27,73,41,82,223,4,0,6,12,6,24,3,7,2,1,1885,7,5,3,685,655,95.6204,1.0344,reported
14,Los Ríos,141,Valdivia,14102,Corral,2133,2122,324,15.2686,1401,66.0226,2057,96.4369,724,33.9428,323,15.143,1763,82.6535,100,4.6882,1108,51.9456,1025,48.0544,5.6345,0.3788,19.5214,7.0859,2.2994,12.717,100.0,0.0,30.4083,47.114,0.0,Sur,14.0,92.0,25.0,259.387,201.4,15.935,231.478,399.533,72.0,-34.415,-22.077,-4.786,23.0,58.0,34.0,33.386,10.384,89.379,1845.368,1359.172,13.0,-26.313,-34.63,168.341,yes,2026Q1,tile centroid within BCN commune polygon,2,9,8,7,26,4,0,3,6,3,12,3,0,0,0,0,0,1,1,838,817,97.494,38.3029,reported
14,Los Ríos,141,Valdivia,14103,Lanco,6435,6426,955,14.8615,3012,46.8721,6255,97.2028,2462,38.2595,2395,37.2183,5049,78.4615,250,3.885,4181,64.9728,2254,35.0272,4.164,0.33,28.778,15.0964,3.0473,16.449,37.3756,32.4782,30.7214,53.4826,4.2755,Sur,38.0,400.0,95.0,265.912,187.415,10.37,544.455,280.96,227.0,2.158,-0.968,-33.577,40.0,130.0,65.0,61.642,12.984,66.477,1156.062,1299.227,138.0,2.048,-12.583,76.965,yes,2026Q1,tile centroid within BCN commune polygon,2,16,4,8,30,4,0,3,3,2,8,3,2,0,1,856,2,2,1,377,364,96.5517,5.6566,reported
14,Los Ríos,141,Valdivia,14104,Los Lagos,7910,7902,1027,12.9967,4140,52.3918,7743,97.8887,3245,41.024,2464,31.1504,6466,81.7446,409,5.1707,3705,46.8394,4205,53.1606,4.757,0.2933,33.0931,13.8214,2.4153,13.5559,37.9616,32.562,27.0233,43.3232,4.7041,Sur,92.0,267.0,131.0,208.181,100.954,26.199,324.729,247.782,287.0,15.338,-4.222,-1.57,113.0,174.0,128.0,51.73,10.036,46.603,1278.585,2428.157,133.0,0.149,-30.891,14.695,yes,2026Q1,tile centroid within BCN commune polygon,6,18,6,11,41,4,0,3,3,4,10,3,0,0,0,0,0,3,2,355,350,98.5915,4.4248,reported
14,Los Ríos,141,Valdivia,14105,Máfil,2954,2949,336,11.3937,1606,54.4591,2886,97.698,1306,44.2112,935,31.652,2495,84.4617,134,4.5362,1633,55.281,1321,44.719,3.8974,0.2051,32.3499,13.0553,3.3571,14.6151,38.1824,33.4351,27.0939,48.6606,4.6456,Sur,28.0,75.0,44.0,290.838,211.722,21.693,187.907,513.453,55.0,32.439,23.646,-5.683,32.0,161.0,48.0,32.868,9.31,39.621,2071.101,1670.298,117.0,-25.93,1.273,-14.138,yes,2026Q1,tile centroid within BCN commune polygon,2,8,3,7,20,4,0,2,3,2,7,3,0,0,0,0,0,2,1,890,858,96.4045,29.0454,reported
14,Los Ríos,141,Valdivia,14106,Mariquina,8230,8205,1088,13.2602,4040,49.2383,7959,96.7072,3179,38.627,2806,34.0948,6642,80.7047,586,7.1203,3514,42.6974,4716,57.3026,5.7167,0.3442,28.7,12.842,2.7362,15.8336,41.8582,30.1471,28.1284,48.5954,4.5482,Sur,75.0,344.0,146.0,318.657,246.478,12.922,185.442,416.488,244.0,3.775,12.915,-43.476,101.0,205.0,145.0,43.032,9.672,46.644,1942.84,2476.778,156.0,-20.372,-20.356,4.592,yes,2026Q1,tile centroid within BCN commune polygon,7,13,5,13,38,4,0,4,4,4,12,3,5,0,2,1063,5,3,2,2436,2418,99.2611,29.3803,reported
14,Los Ríos,141,Valdivia,14107,Paillaco,7304,7234,1003,13.8651,3474,48.0232,6856,93.8664,2729,37.3631,2523,34.5427,5661,77.5055,561,7.6807,4048,55.4217,3256,44.5783,5.218,0.3322,33.6715,14.0115,3.5509,14.4777,37.3458,35.5223,24.4722,49.1226,5.2098,Sur,76.0,331.0,142.0,315.012,244.74,16.937,281.337,304.468,217.0,7.603,18.57,-13.644,48.0,117.0,71.0,83.532,16.61,38.761,1741.164,1803.821,82.0,2.164,29.938,-11.955,yes,2026Q1,tile centroid within BCN commune polygon,2,10,3,17,32,4,0,3,3,3,9,3,1,0,0,205,1,1,1,326,314,96.319,4.2990,reported
14,Los Ríos,141,Valdivia,14108,Panguipulli,13326,13280,1964,14.7892,7548,56.8373,12799,96.0453,4827,36.2224,3381,25.3715,10728,80.5043,680,5.1028,5233,39.2691,8093,60.7309,6.0011,0.4021,32.1968,14.1194,2.9065,14.8479,38.0398,31.9414,27.5103,47.7882,4.3485,Sur,378.0,1875.0,697.0,162.806,79.42,28.335,314.716,291.335,831.0,2.848,3.557,6.411,219.0,732.0,412.0,35.84,8.824,48.727,2280.33,1858.592,237.0,-47.447,-27.873,0.088,yes,2026Q1,tile centroid within BCN commune polygon,6,40,10,16,72,4,0,5,5,2,12,3,3,0,2,653,3,4,3,3240,3178,98.0864,23.8481,reported
14,Los Ríos,142,Ranco,14201,La Unión,14616,14565,1856,12.7429,5939,40.7758,14200,97.1538,6446,44.1024,6501,44.4787,11861,81.1508,731,5.0014,9566,65.4488,5050,34.5512,4.9723,0.2075,31.6277,14.3768,3.2787,15.1931,36.5526,34.145,25.7151,49.8251,4.774,Sur,121.0,666.0,272.0,393.513,292.293,17.976,176.735,190.074,875.0,-7.888,-11.022,35.26,88.0,246.0,125.0,76.546,15.694,40.049,1718.62,1664.441,183.0,8.041,27.562,-10.786,yes,2026Q1,tile centroid within BCN commune polygon,7,18,9,23,57,4,0,3,4,4,11,3,0,1,0,0,0,4,3,1565,1524,97.3802,10.4269,reported
14,Los Ríos,142,Ranco,14202,Futrono,5763,5750,682,11.8609,2943,51.1826,5641,97.883,2299,39.8924,1947,33.7845,4796,83.2205,325,5.6394,2926,50.7722,2837,49.2278,5.6739,0.2619,33.206,14.3204,1.7879,14.928,40.4097,30.2725,24.9436,46.9189,4.5131,Sur,161.0,909.0,303.0,197.74,128.036,25.966,310.0,436.146,607.0,-38.247,-48.45,72.165,55.0,176.0,93.0,64.228,16.465,65.17,1742.671,1637.369,141.0,-40.28,-20.212,54.618,yes,2026Q1,tile centroid within BCN commune polygon,2,14,4,3,23,4,0,3,2,2,7,3,0,0,0,0,0,3,2,2776,2748,98.9914,47.6835,reported
14,Los Ríos,142,Ranco,14203,Lago Ranco,4090,4085,715,17.5031,2542,62.2277,3879,94.8411,1363,33.3252,678,16.577,3211,78.5086,198,4.8411,772,18.8753,3318,81.1247,5.9533,0.4182,27.335,8.9976,2.2983,12.3472,36.1369,34.3521,26.8704,45.868,4.4254,Sur,123.0,674.0,203.0,138.244,62.849,29.674,260.828,268.136,383.0,10.464,24.156,0.454,67.0,141.0,94.0,69.346,12.345,51.071,1810.201,1670.586,93.0,19.153,-45.18,29.701,yes,2026Q1,tile centroid within BCN commune polygon,5,12,4,8,29,4,0,2,2,2,6,3,0,0,0,0,0,1,1,632,618,97.7848,15.1100,reported
14,Los Ríos,142,Ranco,14204,Río Bueno,12942,12928,1915,14.8128,5999,46.4032,12603,97.3806,5090,39.3293,4792,37.0267,10293,79.5318,613,4.7365,6944,53.6548,5998,46.3452,5.0962,0.3117,34.8744,13.3591,2.5667,14.6347,34.6888,34.3951,27.2826,47.3753,4.5226,Sur,74.0,341.0,160.0,370.301,277.223,16.358,392.235,276.132,434.0,-17.976,-14.314,32.036,71.0,208.0,103.0,79.35,13.626,43.188,1548.005,1483.885,199.0,19.235,2.729,-8.726,yes,2026Q1,tile centroid within BCN commune polygon,7,27,7,11,52,4,0,3,4,2,9,3,1,0,0,211,1,2,2,991,962,97.0737,7.4332,reported
15,Arica y Parinacota,151,Arica,15101,Arica,80658,79180,4114,5.1958,18883,23.8482,77816,96.4765,42271,52.4077,55339,68.6094,68493,84.9178,3328,4.1261,74424,92.2711,6234,7.7289,7.868,0.8701,46.5401,26.309,3.3036,16.9503,43.1533,29.1424,22.9461,50.7058,6.5189,Norte,183.0,4919.0,1595.0,442.548,387.304,23.851,283.89,204.237,4121.0,18.976,18.602,0.901,161.0,1115.0,468.0,82.889,22.4,71.187,1686.695,1085.811,1071.0,-6.344,-3.643,11.908,yes,2026Q1,tile centroid within BCN commune polygon,23,96,48,54,221,4,0,9,6,13,28,3,2,0,0,310,2,6,4,704,694,98.5795,0.8604,reported
15,Arica y Parinacota,151,Arica,15102,Camarones,437,437,139,31.8078,272,62.2426,409,93.5927,56,12.8146,13,2.9748,294,67.2769,17,3.8902,0,0.0,437,100.0,8.6651,0.9368,38.4439,5.0343,9.8398,8.238,100.0,0.0,25.1716,45.7666,0.0,Norte,2.0,4.0,2.0,109.801,20.618,40.5,228.0,180.5,10.0,11.403,15.91,-7.323,3.0,3.0,3.0,248.696,32.204,40.0,1107.667,1320.333,4.0,509.773,1572.066,-46.128,yes,2026Q1,tile centroid within BCN commune polygon,1,2,2,0,5,3,0,0,2,0,2,1,0,0,0,0,0,0,0,1218,1205,98.9327,275.7437,reported
15,Arica y Parinacota,152,Parinacota,15201,Putre,621,618,148,23.9482,407,65.8576,564,90.8213,156,25.1208,35,5.6361,455,73.2689,31,4.9919,358,57.649,263,42.351,14.0652,2.0583,65.2666,27.4637,5.9774,11.7932,100.0,0.0,26.1712,46.5267,0.0,Norte,8.0,17.0,11.0,188.532,31.518,45.353,184.412,82.706,13.0,14.458,10.574,-47.122,19.0,52.0,28.0,32.118,4.982,95.5,1450.154,2981.942,18.0,-50.399,-43.871,3.492,yes,2026Q1,tile centroid within BCN commune polygon,1,1,2,2,6,4,0,1,1,0,2,2,0,0,0,0,0,2,1,459,444,96.732,71.4976,reported
15,Arica y Parinacota,152,Parinacota,15202,General Lagos,227,226,98,43.3628,119,52.6549,196,86.3436,14,6.1674,4,1.7621,124,54.6256,5,2.2026,0,0.0,227,100.0,26.7281,9.2166,48.6726,7.5221,1.7699,12.3894,100.0,0.0,32.7434,38.9381,0.0,Norte,5.0,8.0,5.0,171.907,30.204,44.375,82.5,71.5,3.0,1900.78,133.398,-89.273,8.0,53.0,9.0,5.348,2.111,97.434,1494.434,2800.075,4.0,-70.57,-44.345,13.626,yes,2026Q1,tile centroid within BCN commune polygon,0,0,0,0,0,0,0,0,0,0,0,0,0,0,0,0,0,0,0,652,636,97.546,280.1762,reported
16,Ñuble,161,Diguillín,16101,Chillán,70266,69901,4540,6.4949,18887,27.0196,68953,98.1314,38122,54.2538,45657,64.9774,60869,86.6265,2772,3.945,62724,89.2665,7542,10.7335,4.1065,0.2404,33.4871,22.6305,2.2856,16.8207,37.4955,30.9272,27.9788,52.1563,4.5498,Centro,286.0,4411.0,1725.0,447.683,395.561,9.079,213.435,224.422,4364.0,2.467,1.23,0.099,192.0,989.0,561.0,99.947,21.866,28.38,1767.186,1220.382,1156.0,10.165,0.547,-12.177,yes,2026Q1,tile centroid within BCN commune polygon,22,69,41,57,189,4,0,5,5,7,17,3,1,0,0,374,1,5,3,4859679,4595164,94.5569,6539.6693,reported
16,Ñuble,161,Diguillín,16102,Bulnes,8775,8761,1340,15.2951,4076,46.5244,8542,97.3447,3472,39.567,3126,35.6239,7016,79.9544,501,5.7094,5270,60.057,3505,39.943,4.7877,0.4384,28.161,11.7546,3.7852,14.9698,36.8145,34.8763,31.2279,47.9877,4.7999,Centro,71.0,360.0,133.0,295.939,218.668,20.45,300.058,368.553,305.0,-6.366,7.736,-8.098,68.0,193.0,93.0,81.745,13.164,40.953,2162.482,1633.596,151.0,-5.141,3.613,36.238,yes,2026Q1,tile centroid within BCN commune polygon,2,17,4,9,32,4,0,3,3,0,6,2,0,1,0,0,0,2,1,100615,96619,96.0284,1101.0712,reported
16,Ñuble,161,Diguillín,16103,Chillán Viejo,11764,11726,1245,10.6174,3708,31.622,11548,98.1639,5610,47.6879,6583,55.9589,9675,82.2424,673,5.7208,9749,82.8715,2015,17.1285,4.652,0.3211,32.4246,20.0716,1.8146,17.5839,41.1995,26.8785,30.84,53.1266,4.3789,Centro,58.0,603.0,275.0,442.297,373.688,11.541,207.733,172.063,648.0,0.356,-3.156,-16.935,61.0,146.0,104.0,115.977,20.099,26.425,1525.836,1281.538,185.0,25.053,21.768,-13.872,yes,2026Q1,tile centroid within BCN commune polygon,4,15,5,6,30,4,0,3,2,0,5,2,0,0,0,0,0,5,3,38312,37843,98.7758,321.6848,reported
16,Ñuble,161,Diguillín,16104,El Carmen,5014,5003,1008,20.1479,2674,53.4479,4856,96.8488,1646,32.8281,1274,25.4089,3811,76.0072,77,1.5357,2103,41.9426,2911,58.0574,3.2823,0.1812,29.5527,10.0439,3.4345,13.5184,35.4433,34.1853,33.2668,44.389,4.6126,Centro,31.0,159.0,66.0,282.961,202.258,18.132,281.34,252.101,124.0,15.278,12.51,45.522,62.0,104.0,73.0,52.502,11.689,41.279,2021.697,1956.885,56.0,-10.498,7.003,-41.314,yes,2026Q1,tile centroid within BCN commune polygon,3,12,3,13,31,4,0,2,2,1,5,3,1,0,0,827,1,2,1,59247,56751,95.7871,1131.8508,reported
16,Ñuble,161,Diguillín,16105,Pemuco,3245,3240,621,19.1667,1977,61.0185,3156,97.2573,1100,33.8983,590,18.1818,2526,77.8428,80,2.4653,1541,47.4884,1704,52.5116,5.145,0.2183,27.4746,9.9291,2.7752,14.4928,36.6944,35.3068,32.9325,45.8218,5.2112,Centro,32.0,97.0,53.0,258.089,167.972,22.062,407.66,274.292,90.0,-9.74,-24.722,16.934,36.0,109.0,50.0,96.624,15.331,38.055,1872.583,1645.426,92.0,24.829,0.849,-17.467,yes,2026Q1,tile centroid within BCN commune polygon,4,8,4,8,24,4,0,2,3,3,8,3,0,0,0,0,0,1,1,17846,17422,97.6241,536.8875,reported
16,Ñuble,161,Diguillín,16106,Pinto,4783,4769,808,16.9428,2698,56.5737,4633,96.8639,1870,39.0968,1133,23.6881,3799,79.4271,195,4.0769,2138,44.7,2645,55.3,5.0912,0.2546,32.1114,13.3431,1.5291,13.1336,34.4575,34.3527,27.2518,44.8261,4.5245,Centro,97.0,366.0,151.0,267.237,170.02,16.467,305.205,243.153,273.0,-1.659,1.36,-33.023,49.0,99.0,62.0,88.289,17.238,34.657,1812.516,1634.01,57.0,24.428,10.154,-15.361,yes,2026Q1,tile centroid within BCN commune polygon,4,18,7,7,36,4,0,3,4,2,9,3,2,0,0,805,2,2,1,3541,3511,99.1528,73.4058,reported
16,Ñuble,161,Diguillín,16107,Quillón,7533,7514,1213,16.1432,3802,50.5989,7355,97.6371,2635,34.9794,2359,31.3155,6002,79.6761,323,4.2878,4060,53.8962,3473,46.1038,4.6555,0.2826,29.7089,12.3887,1.861,13.359,31.7825,39.9043,32.3275,48.8635,4.5328,Centro,84.0,451.0,143.0,342.365,277.143,13.322,288.953,240.814,376.0,-5.614,-2.684,22.591,76.0,168.0,98.0,77.558,15.719,36.875,2113.138,1716.768,140.0,-20.192,-17.015,-29.067,yes,2026Q1,tile centroid within BCN commune polygon,3,13,8,9,33,4,0,3,4,4,11,3,4,0,2,1101,4,2,1,794,772,97.2292,10.2482,reported
16,Ñuble,161,Diguillín,16108,San Ignacio,6621,6612,1374,20.7804,3836,58.0157,6429,97.1001,2102,31.7475,1301,19.6496,4968,75.034,153,2.3108,2238,33.8015,4383,66.1985,4.6074,0.3061,30.0755,10.5891,3.3384,12.9456,34.139,36.0121,35.0453,44.7885,4.2447,Centro,39.0,137.0,58.0,251.296,169.609,26.92,425.883,479.029,82.0,-15.332,-18.737,24.925,54.0,108.0,74.0,62.927,13.038,38.676,2225.876,1444.657,136.0,-35.224,-27.068,19.762,yes,2026Q1,tile centroid within BCN commune polygon,1,14,5,4,24,4,0,3,3,3,9,3,1,1,1,317,1,2,1,997,983,98.5958,14.8467,reported
16,Ñuble,161,Diguillín,16109,Yungay,7316,7303,1156,15.8291,3541,48.4869,7129,97.444,2687,36.7277,2437,33.3106,5840,79.825,305,4.1689,5304,72.4986,2012,27.5014,3.7027,0.2349,32.9594,15.7477,3.5436,15.2552,34.5464,34.6012,33.0825,45.8613,3.7625,Centro,69.0,282.0,121.0,323.405,244.951,14.738,259.085,288.085,173.0,2.852,2.894,-27.545,40.0,154.0,72.0,73.881,16.224,32.584,2396.636,1838.922,109.0,-30.657,-16.099,-21.022,yes,2026Q1,tile centroid within BCN commune polygon,4,13,5,15,37,4,0,3,3,4,10,3,2,0,0,1044,2,2,1,878,867,98.7472,11.8507,reported
16,Ñuble,162,Itata,16201,Quirihue,4650,4640,942,20.3017,1724,37.1552,4518,97.1613,1670,35.914,1918,41.2473,3325,71.5054,212,4.5591,3651,78.5161,999,21.4839,4.4047,0.3271,29.1038,15.5106,4.0069,16.3938,34.2094,36.6221,35.1788,50.6894,4.1361,Centro,20.0,135.0,40.0,284.954,244.97,6.919,282.104,307.23,163.0,-37.018,-32.942,24.757,30.0,139.0,42.0,77.183,11.906,31.986,1571.362,1653.345,69.0,-5.464,-20.024,-3.581,yes,2026Q1,tile centroid within BCN commune polygon,2,7,6,7,22,4,0,3,4,4,11,3,0,1,0,0,0,3,2,4286,4229,98.6701,90.9462,reported
16,Ñuble,162,Itata,16202,Cobquecura,2312,2304,509,22.092,1412,61.2847,2232,96.5398,766,33.1315,351,15.1817,1756,75.9516,50,2.1626,721,31.1851,1591,68.8149,3.8664,0.3076,25.1193,10.7592,3.2538,13.3623,100.0,0.0,31.7137,45.0325,0.0,Centro,28.0,96.0,36.0,271.297,168.859,14.635,405.625,322.771,66.0,-13.351,-33.824,22.111,28.0,56.0,41.0,126.233,21.046,30.946,1536.889,1615.339,33.0,22.747,16.534,-8.082,yes,2026Q1,tile centroid within BCN commune polygon,3,11,4,7,25,4,0,4,4,5,13,3,1,0,0,197,1,1,1,8253,8165,98.9337,353.1574,reported
16,Ñuble,162,Itata,16203,Coelemu,5642,5635,813,14.4277,2499,44.3478,5513,97.7136,2297,40.7125,2270,40.234,4549,80.6274,111,1.9674,3802,67.3875,1840,32.6125,5.2385,0.252,35.5623,15.6793,4.6116,13.3203,37.5842,39.624,33.3984,47.375,6.2788,Centro,27.0,220.0,60.0,295.61,329.666,8.55,153.918,247.173,116.0,13.044,39.9,-14.053,27.0,105.0,46.0,79.971,15.211,34.352,1672.01,1450.21,72.0,13.758,13.88,18.738,yes,2026Q1,tile centroid within BCN commune polygon,4,15,7,11,37,4,0,4,4,5,13,3,1,0,0,565,1,1,1,1518,1473,97.0356,26.1078,reported
16,Ñuble,162,Itata,16204,Ninhue,2309,2308,576,24.9567,1337,57.9289,2248,97.3582,724,31.3556,336,14.5518,1678,72.6722,93,4.0277,628,27.1979,1681,72.8021,2.9181,0.1742,19.974,6.4991,2.1664,13.0849,100.0,0.0,40.6846,40.7279,0.0,Centro,14.0,36.0,16.0,136.473,94.767,23.333,299.0,437.417,21.0,-82.015,-77.824,322.393,9.0,13.0,9.0,50.589,6.66,28.462,1783.385,1265.308,20.0,-34.552,-68.491,1.288,yes,2026Q1,tile centroid within BCN commune polygon,2,5,4,4,15,4,0,3,3,1,7,3,2,0,0,557,2,2,1,45275,43253,95.534,1873.2352,reported
16,Ñuble,162,Itata,16205,Portezuelo,2047,2045,483,23.6186,1138,55.6479,1970,96.2384,629,30.7279,351,17.147,1504,73.4734,111,5.4226,751,36.6878,1296,63.3122,3.6157,0.1981,21.7604,6.1614,2.8851,12.3716,100.0,0.0,42.5917,41.467,0.0,Centro,19.0,47.0,24.0,159.809,94.184,43.085,554.617,960.638,45.0,-45.23,-56.837,163.42,21.0,62.0,27.0,141.858,22.523,36.484,775.323,1080.677,26.0,115.757,109.127,-5.802,yes,2026Q1,tile centroid within BCN commune polygon,1,2,2,4,9,4,0,1,2,1,4,3,1,0,0,360,1,0,0,465280,446647,95.9953,21819.5896,reported
16,Ñuble,162,Itata,16206,Ránquil,2618,2614,416,15.9143,1613,61.7062,2541,97.0588,848,32.3911,537,20.5118,2134,81.5126,66,2.521,682,26.0504,1936,73.9496,3.635,0.2707,25.7744,7.6482,3.8241,12.5048,31.1281,42.3709,35.7935,45.3537,5.2008,Centro,28.0,68.0,36.0,283.928,179.028,22.926,234.353,244.632,71.0,-11.411,-6.86,46.249,25.0,155.0,45.0,54.263,19.984,27.974,1780.013,1241.542,83.0,-35.359,12.44,-10.04,yes,2026Q1,tile centroid within BCN commune polygon,3,5,4,3,15,4,0,1,3,1,5,3,0,0,0,0,0,2,1,3010,2979,98.9701,113.7892,reported
16,Ñuble,162,Itata,16207,Trehuaco,2336,2336,476,20.3767,1181,50.5565,2257,96.6182,798,34.161,665,28.4675,1774,75.9418,34,1.4555,864,36.9863,1472,63.0137,3.5822,0.1295,23.1164,10.6164,2.911,14.2123,34.161,38.5702,32.363,46.1045,5.2654,Centro,9.0,34.0,13.0,337.346,244.534,7.618,424.5,273.059,14.0,-30.739,-36.696,40.321,8.0,23.0,8.0,22.414,11.634,27.087,2789.667,2176.609,16.0,-67.847,-0.573,18.088,yes,2026Q1,tile centroid within BCN commune polygon,3,8,4,3,18,4,0,2,4,1,7,3,2,0,2,488,2,0,0,280,256,91.4286,10.9589,reported
16,Ñuble,163,Punilla,16301,San Carlos,20691,20638,3002,14.546,8488,41.128,20200,97.627,8069,38.9976,8522,41.187,16305,78.8024,1215,5.8721,12736,61.5533,7955,38.4467,4.7927,0.2845,28.2798,14.1447,2.4623,16.1378,36.8276,34.4814,31.8353,48.3988,4.5134,Centro,146.0,1093.0,374.0,311.89,252.984,10.835,237.761,273.408,1078.0,15.114,22.43,-31.666,90.0,264.0,146.0,91.664,16.17,31.216,1891.092,1360.498,342.0,-2.848,-12.062,-8.978,yes,2026Q1,tile centroid within BCN commune polygon,4,31,8,20,63,4,0,3,3,0,6,2,3,0,0,553,3,5,3,3833,3792,98.9303,18.3268,reported
16,Ñuble,163,Punilla,16302,Coihueco,10473,10455,1458,13.9455,5882,56.2602,10233,97.7084,3915,37.3818,2689,25.6755,8571,81.839,635,6.0632,3223,30.7744,7250,69.2256,4.9758,0.2222,27.6462,10.3076,2.159,14.5778,41.6221,30.5789,29.2606,40.7623,4.9198,Centro,77.0,293.0,134.0,244.576,184.639,24.089,255.0,236.716,432.0,17.59,20.438,-4.283,53.0,105.0,73.0,46.758,11.803,35.705,2117.206,1318.619,118.0,-25.982,-24.033,-15.381,yes,2026Q1,tile centroid within BCN commune polygon,4,14,6,6,30,4,0,2,1,1,4,3,0,0,0,0,0,3,2,28548,27682,96.9665,264.3178,reported
16,Ñuble,163,Punilla,16303,Ñiquén,4921,4915,1124,22.8688,3222,65.5544,4721,95.9358,1401,28.4698,473,9.6119,3685,74.8832,172,3.4952,553,11.2376,4368,88.7624,5.0318,0.2054,23.9431,6.8496,3.2114,10.7927,31.8902,41.5244,33.5772,39.1463,4.5935,Centro,39.0,164.0,57.0,161.196,78.834,16.299,192.432,359.134,134.0,-9.988,-26.323,3.809,47.0,165.0,61.0,75.606,15.496,35.915,1954.372,1297.721,249.0,-33.875,-42.334,-15.0,yes,2026Q1,tile centroid within BCN commune polygon,4,11,3,5,23,4,0,2,2,1,5,3,0,0,0,0,0,1,1,456,410,89.9123,8.3316,reported
16,Ñuble,163,Punilla,16304,San Fabián,2023,2022,268,13.2542,1173,58.0119,1975,97.6273,865,42.7583,520,25.7044,1691,83.5887,109,5.388,776,38.3589,1247,61.6411,4.7833,0.2491,30.8111,14.9852,1.9782,15.2819,100.0,0.0,29.9703,45.3511,0.0,Centro,25.0,77.0,35.0,151.622,58.195,61.805,449.208,388.273,68.0,-34.677,-63.995,-31.328,30.0,72.0,34.0,25.716,7.039,40.583,1984.75,1664.583,25.0,-69.606,-61.976,-30.222,yes,2026Q1,tile centroid within BCN commune polygon,2,2,4,3,11,4,0,2,2,1,5,3,1,0,0,707,1,1,1,388,356,91.7526,17.5976,reported
16,Ñuble,163,Punilla,16305,San Nicolás,5445,5433,836,15.3874,2765,50.8927,5345,98.1635,2209,40.5693,1613,29.6235,4386,80.551,325,5.9688,1762,32.36,3683,67.64,5.2759,0.3169,25.1011,9.4818,2.5542,12.1279,37.8354,34.8585,34.5094,42.9989,5.09,Centro,68.0,283.0,99.0,138.767,103.916,20.88,485.375,578.753,114.0,-32.567,-32.078,29.649,46.0,161.0,72.0,82.909,13.863,26.019,2234.805,1818.547,139.0,17.785,19.995,-39.893,yes,2026Q1,tile centroid within BCN commune polygon,3,5,2,7,17,4,0,2,2,3,7,3,0,0,0,0,0,3,2,2722,2674,98.2366,49.1093,reported
